nn1 0 99999 461
nn1 100000 199999 600
nn1 200000 299999 448
nn1 300000 399999 128
nn1 400000 499999 144
nn1 500000 599999 261
nn1 600000 699999 174
nn1 700000 799999 150
nn1 800000 899999 25
nn1 900000 999999 0
nn1 1000000 1099999 102
nn1 1100000 1199999 400
nn1 1200000 1299999 498
nn1 1300000 1399999 461
nn1 1400000 1499999 210
nn1 1500000 1599999 150
nn1 1600000 1699999 353
nn1 1700000 1799999 518
nn1 1800000 1899999 197
nn1 1900000 1999999 332
nn1 2000000 2099999 439
nn1 2100000 2199999 224
nn1 2200000 2299999 292
nn1 2300000 2399999 226
nn1 2400000 2499999 360
nn1 2500000 2599999 778
nn1 2600000 2699999 1794
nn1 2700000 2799999 125
nn1 2800000 2899999 258
nn1 2900000 2999999 347
nn1 3000000 3099999 531
nn1 3100000 3199999 264
nn1 3200000 3299999 370
nn1 3300000 3399999 390
nn1 3400000 3499999 453
nn1 3500000 3599999 349
nn1 3600000 3699999 277
nn1 3700000 3799999 305
nn1 3800000 3899999 536
nn1 3900000 3999999 290
nn1 4000000 4099999 374
nn1 4100000 4199999 496
nn1 4200000 4299999 444
nn1 4300000 4399999 425
nn1 4400000 4499999 253
nn1 4500000 4599999 328
nn1 4600000 4699999 404
nn1 4700000 4799999 706
nn1 4800000 4899999 561
nn1 4900000 4999999 367
nn1 5000000 5099999 701
nn1 5100000 5199999 553
nn1 5200000 5299999 424
nn1 5300000 5399999 404
nn1 5400000 5499999 471
nn1 5500000 5599999 468
nn1 5600000 5699999 551
nn1 5700000 5799999 417
nn1 5800000 5899999 541
nn1 5900000 5999999 526
nn1 6000000 6099999 415
nn1 6100000 6199999 435
nn1 6200000 6299999 431
nn1 6300000 6399999 263
nn1 6400000 6499999 613
nn1 6500000 6599999 303
nn1 6600000 6699999 328
nn1 6700000 6799999 479
nn1 6800000 6899999 387
nn1 6900000 6999999 336
nn1 7000000 7099999 429
nn1 7100000 7199999 474
nn1 7200000 7299999 327
nn1 7300000 7399999 539
nn1 7400000 7499999 385
nn1 7500000 7599999 521
nn1 7600000 7699999 412
nn1 7700000 7799999 406
nn1 7800000 7899999 385
nn1 7900000 7999999 505
nn1 8000000 8099999 352
nn1 8100000 8199999 344
nn1 8200000 8299999 379
nn1 8300000 8399999 502
nn1 8400000 8499999 357
nn1 8500000 8599999 444
nn1 8600000 8699999 494
nn1 8700000 8799999 395
nn1 8800000 8899999 534
nn1 8900000 8999999 431
nn1 9000000 9099999 299
nn1 9100000 9199999 306
nn1 9200000 9299999 293
nn1 9300000 9399999 586
nn1 9400000 9499999 581
nn1 9500000 9599999 338
nn1 9600000 9699999 460
nn1 9700000 9799999 424
nn1 9800000 9899999 408
nn1 9900000 9999999 536
nn1 10000000 10099999 384
nn1 10100000 10199999 408
nn1 10200000 10299999 487
nn1 10300000 10399999 253
nn1 10400000 10499999 523
nn1 10500000 10599999 500
nn1 10600000 10699999 427
nn1 10700000 10799999 460
nn1 10800000 10899999 521
nn1 10900000 10999999 460
nn1 11000000 11099999 411
nn1 11100000 11199999 371
nn1 11200000 11299999 217
nn1 11300000 11399999 317
nn1 11400000 11499999 263
nn1 11500000 11599999 399
nn1 11600000 11699999 313
nn1 11700000 11799999 337
nn1 11800000 11899999 366
nn1 11900000 11999999 278
nn1 12000000 12099999 373
nn1 12100000 12199999 538
nn1 12200000 12299999 385
nn1 12300000 12399999 482
nn1 12400000 12499999 498
nn1 12500000 12599999 601
nn1 12600000 12699999 518
nn1 12700000 12799999 466
nn1 12800000 12899999 529
nn1 12900000 12999999 327
nn1 13000000 13099999 548
nn1 13100000 13199999 357
nn1 13200000 13299999 225
nn1 13300000 13399999 422
nn1 13400000 13499999 492
nn1 13500000 13599999 417
nn1 13600000 13699999 279
nn1 13700000 13799999 455
nn1 13800000 13899999 218
nn1 13900000 13999999 534
nn1 14000000 14099999 153
nn1 14100000 14199999 506
nn1 14200000 14299999 334
nn1 14300000 14399999 725
nn1 14400000 14499999 430
nn1 14500000 14599999 337
nn1 14600000 14699999 374
nn1 14700000 14799999 434
nn1 14800000 14899999 495
nn1 14900000 14999999 568
nn1 15000000 15099999 456
nn1 15100000 15199999 349
nn1 15200000 15299999 627
nn1 15300000 15399999 428
nn1 15400000 15499999 331
nn1 15500000 15599999 609
nn1 15600000 15699999 206
nn1 15700000 15799999 333
nn1 15800000 15899999 388
nn1 15900000 15999999 492
nn1 16000000 16099999 591
nn1 16100000 16199999 558
nn1 16200000 16299999 413
nn1 16300000 16399999 302
nn1 16400000 16499999 255
nn1 16500000 16599999 382
nn1 16600000 16699999 263
nn1 16700000 16799999 451
nn1 16800000 16899999 294
nn1 16900000 16999999 399
nn1 17000000 17099999 272
nn1 17100000 17199999 428
nn1 17200000 17299999 316
nn1 17300000 17399999 290
nn1 17400000 17499999 272
nn1 17500000 17599999 327
nn1 17600000 17699999 605
nn1 17700000 17799999 416
nn1 17800000 17899999 390
nn1 17900000 17999999 355
nn1 18000000 18099999 418
nn1 18100000 18199999 388
nn1 18200000 18299999 226
nn1 18300000 18399999 231
nn1 18400000 18499999 471
nn1 18500000 18599999 335
nn1 18600000 18699999 378
nn1 18700000 18799999 438
nn1 18800000 18899999 382
nn1 18900000 18999999 504
nn1 19000000 19099999 967
nn1 19100000 19199999 561
nn1 19200000 19299999 474
nn1 19300000 19399999 310
nn1 19400000 19499999 503
nn1 19500000 19599999 599
nn1 19600000 19699999 173
nn1 19700000 19799999 152
nn1 19800000 19899999 368
nn1 19900000 19999999 322
nn1 20000000 20099999 300
nn1 20100000 20199999 418
nn1 20200000 20299999 379
nn1 20300000 20399999 404
nn1 20400000 20499999 577
nn1 20500000 20599999 303
nn1 20600000 20699999 329
nn1 20700000 20799999 389
nn1 20800000 20899999 272
nn1 20900000 20999999 411
nn1 21000000 21099999 352
nn1 21100000 21199999 361
nn1 21200000 21299999 294
nn1 21300000 21399999 342
nn1 21400000 21499999 266
nn1 21500000 21599999 470
nn1 21600000 21699999 298
nn1 21700000 21799999 408
nn1 21800000 21899999 305
nn1 21900000 21999999 389
nn1 22000000 22099999 618
nn1 22100000 22199999 463
nn1 22200000 22299999 442
nn1 22300000 22399999 692
nn1 22400000 22499999 419
nn1 22500000 22599999 268
nn1 22600000 22699999 151
nn1 22700000 22799999 238
nn1 22800000 22899999 424
nn1 22900000 22999999 452
nn1 23000000 23099999 377
nn1 23100000 23199999 274
nn1 23200000 23299999 390
nn1 23300000 23399999 482
nn1 23400000 23499999 455
nn1 23500000 23599999 530
nn1 23600000 23699999 511
nn1 23700000 23799999 283
nn1 23800000 23899999 432
nn1 23900000 23999999 657
nn1 24000000 24099999 508
nn1 24100000 24199999 511
nn1 24200000 24299999 447
nn1 24300000 24399999 386
nn1 24400000 24499999 521
nn1 24500000 24599999 601
nn1 24600000 24699999 471
nn1 24700000 24799999 357
nn1 24800000 24899999 624
nn1 24900000 24999999 578
nn1 25000000 25099999 712
nn1 25100000 25199999 412
nn1 25200000 25299999 410
nn1 25300000 25399999 381
nn1 25400000 25499999 517
nn1 25500000 25599999 501
nn1 25600000 25699999 542
nn1 25700000 25799999 325
nn1 25800000 25899999 333
nn1 25900000 25999999 296
nn1 26000000 26099999 367
nn1 26100000 26199999 370
nn1 26200000 26299999 488
nn1 26300000 26399999 211
nn1 26400000 26499999 315
nn1 26500000 26599999 339
nn1 26600000 26699999 230
nn1 26700000 26799999 392
nn1 26800000 26899999 464
nn1 26900000 26999999 521
nn1 27000000 27099999 286
nn1 27100000 27199999 377
nn1 27200000 27299999 292
nn1 27300000 27399999 1189
nn1 27400000 27499999 204
nn1 27500000 27599999 430
nn1 27600000 27699999 219
nn1 27700000 27799999 255
nn1 27800000 27899999 607
nn1 27900000 27999999 299
nn1 28000000 28099999 417
nn1 28100000 28199999 411
nn1 28200000 28299999 365
nn1 28300000 28399999 351
nn1 28400000 28499999 288
nn1 28500000 28599999 389
nn1 28600000 28699999 379
nn1 28700000 28799999 384
nn1 28800000 28899999 347
nn1 28900000 28999999 495
nn1 29000000 29099999 602
nn1 29100000 29199999 439
nn1 29200000 29299999 267
nn1 29300000 29399999 340
nn1 29400000 29499999 397
nn1 29500000 29599999 440
nn1 29600000 29699999 296
nn1 29700000 29799999 356
nn1 29800000 29899999 547
nn1 29900000 29999999 323
nn1 30000000 30099999 436
nn1 30100000 30199999 414
nn1 30200000 30299999 456
nn1 30300000 30399999 425
nn1 30400000 30499999 391
nn1 30500000 30599999 603
nn1 30600000 30699999 731
nn1 30700000 30799999 413
nn1 30800000 30899999 511
nn1 30900000 30999999 337
nn1 31000000 31099999 314
nn1 31100000 31199999 301
nn1 31200000 31299999 442
nn1 31300000 31399999 524
nn1 31400000 31499999 307
nn1 31500000 31599999 376
nn1 31600000 31699999 323
nn1 31700000 31799999 762
nn1 31800000 31899999 461
nn1 31900000 31999999 314
nn1 32000000 32099999 407
nn1 32100000 32199999 591
nn1 32200000 32299999 614
nn1 32300000 32399999 363
nn1 32400000 32499999 345
nn1 32500000 32599999 339
nn1 32600000 32699999 458
nn1 32700000 32799999 361
nn1 32800000 32899999 333
nn1 32900000 32999999 265
nn1 33000000 33099999 408
nn1 33100000 33199999 401
nn1 33200000 33299999 642
nn1 33300000 33399999 439
nn1 33400000 33499999 540
nn1 33500000 33599999 374
nn1 33600000 33699999 570
nn1 33700000 33799999 500
nn1 33800000 33899999 367
nn1 33900000 33999999 458
nn1 34000000 34099999 637
nn1 34100000 34199999 514
nn1 34200000 34299999 370
nn1 34300000 34399999 370
nn1 34400000 34499999 470
nn1 34500000 34599999 390
nn1 34600000 34699999 593
nn1 34700000 34799999 524
nn1 34800000 34899999 376
nn1 34900000 34999999 353
nn1 35000000 35099999 308
nn1 35100000 35199999 509
nn1 35200000 35299999 420
nn1 35300000 35399999 563
nn1 35400000 35499999 459
nn1 35500000 35599999 251
nn1 35600000 35699999 314
nn1 35700000 35799999 378
nn1 35800000 35899999 325
nn1 35900000 35999999 385
nn1 36000000 36099999 467
nn1 36100000 36199999 359
nn1 36200000 36299999 352
nn1 36300000 36399999 458
nn1 36400000 36499999 327
nn1 36500000 36599999 328
nn1 36600000 36699999 528
nn1 36700000 36799999 479
nn1 36800000 36899999 261
nn1 36900000 36999999 454
nn1 37000000 37099999 310
nn1 37100000 37199999 379
nn1 37200000 37299999 509
nn1 37300000 37399999 317
nn1 37400000 37499999 511
nn1 37500000 37599999 514
nn1 37600000 37699999 358
nn1 37700000 37799999 515
nn1 37800000 37899999 429
nn1 37900000 37999999 422
nn1 38000000 38099999 385
nn1 38100000 38199999 330
nn1 38200000 38299999 407
nn1 38300000 38399999 421
nn1 38400000 38499999 559
nn1 38500000 38599999 482
nn1 38600000 38699999 324
nn1 38700000 38799999 508
nn1 38800000 38899999 538
nn1 38900000 38999999 339
nn1 39000000 39099999 329
nn1 39100000 39199999 622
nn1 39200000 39299999 231
nn1 39300000 39399999 443
nn1 39400000 39499999 385
nn1 39500000 39599999 256
nn1 39600000 39699999 297
nn1 39700000 39799999 394
nn1 39800000 39899999 326
nn1 39900000 39999999 516
nn1 40000000 40099999 356
nn1 40100000 40199999 381
nn1 40200000 40299999 382
nn1 40300000 40399999 373
nn1 40400000 40499999 409
nn1 40500000 40599999 288
nn1 40600000 40699999 347
nn1 40700000 40799999 477
nn1 40800000 40899999 321
nn1 40900000 40999999 307
nn1 41000000 41099999 312
nn1 41100000 41199999 286
nn1 41200000 41299999 405
nn1 41300000 41399999 162
nn1 41400000 41499999 386
nn1 41500000 41599999 464
nn1 41600000 41699999 344
nn1 41700000 41799999 175
nn1 41800000 41899999 322
nn1 41900000 41999999 373
nn1 42000000 42099999 389
nn1 42100000 42199999 516
nn1 42200000 42299999 420
nn1 42300000 42399999 558
nn1 42400000 42499999 305
nn1 42500000 42599999 408
nn1 42600000 42699999 524
nn1 42700000 42799999 527
nn1 42800000 42899999 255
nn1 42900000 42999999 413
nn1 43000000 43099999 445
nn1 43100000 43199999 411
nn1 43200000 43299999 497
nn1 43300000 43399999 425
nn1 43400000 43499999 270
nn1 43500000 43599999 416
nn1 43600000 43699999 600
nn1 43700000 43799999 250
nn1 43800000 43899999 578
nn1 43900000 43999999 588
nn1 44000000 44099999 446
nn1 44100000 44199999 746
nn1 44200000 44299999 440
nn1 44300000 44399999 377
nn1 44400000 44499999 497
nn1 44500000 44599999 316
nn1 44600000 44699999 406
nn1 44700000 44799999 333
nn1 44800000 44899999 348
nn1 44900000 44999999 400
nn1 45000000 45099999 301
nn1 45100000 45199999 330
nn1 45200000 45299999 427
nn1 45300000 45399999 451
nn1 45400000 45499999 432
nn1 45500000 45599999 386
nn1 45600000 45699999 752
nn1 45700000 45799999 385
nn1 45800000 45899999 514
nn1 45900000 45999999 412
nn1 46000000 46099999 315
nn1 46100000 46199999 446
nn1 46200000 46299999 299
nn1 46300000 46399999 538
nn1 46400000 46499999 671
nn1 46500000 46599999 328
nn1 46600000 46699999 479
nn1 46700000 46799999 584
nn1 46800000 46899999 428
nn1 46900000 46999999 476
nn1 47000000 47099999 469
nn1 47100000 47199999 591
nn1 47200000 47299999 325
nn1 47300000 47399999 503
nn1 47400000 47499999 341
nn1 47500000 47599999 330
nn1 47600000 47699999 415
nn1 47700000 47799999 360
nn1 47800000 47899999 390
nn1 47900000 47999999 456
nn1 48000000 48099999 424
nn1 48100000 48199999 306
nn1 48200000 48299999 552
nn1 48300000 48399999 358
nn1 48400000 48499999 354
nn1 48500000 48599999 525
nn1 48600000 48699999 294
nn1 48700000 48799999 546
nn1 48800000 48899999 615
nn1 48900000 48999999 360
nn1 49000000 49099999 496
nn1 49100000 49199999 538
nn1 49200000 49299999 381
nn1 49300000 49399999 555
nn1 49400000 49499999 486
nn1 49500000 49599999 336
nn1 49600000 49699999 562
nn1 49700000 49799999 278
nn1 49800000 49899999 482
nn1 49900000 49999999 377
nn1 50000000 50099999 556
nn1 50100000 50199999 528
nn1 50200000 50299999 471
nn1 50300000 50399999 381
nn1 50400000 50499999 473
nn1 50500000 50599999 248
nn1 50600000 50699999 469
nn1 50700000 50799999 581
nn1 50800000 50899999 433
nn1 50900000 50999999 444
nn1 51000000 51099999 435
nn1 51100000 51199999 257
nn1 51200000 51299999 345
nn1 51300000 51399999 455
nn1 51400000 51499999 430
nn1 51500000 51599999 520
nn1 51600000 51699999 407
nn1 51700000 51799999 387
nn1 51800000 51899999 666
nn1 51900000 51999999 308
nn1 52000000 52099999 352
nn1 52100000 52199999 406
nn1 52200000 52299999 654
nn1 52300000 52399999 303
nn1 52400000 52499999 304
nn1 52500000 52599999 454
nn1 52600000 52699999 345
nn1 52700000 52799999 467
nn1 52800000 52899999 296
nn1 52900000 52999999 384
nn1 53000000 53099999 288
nn1 53100000 53199999 209
nn1 53200000 53299999 390
nn1 53300000 53399999 368
nn1 53400000 53499999 308
nn1 53500000 53599999 617
nn1 53600000 53699999 359
nn1 53700000 53799999 502
nn1 53800000 53899999 451
nn1 53900000 53999999 512
nn1 54000000 54099999 624
nn1 54100000 54199999 446
nn1 54200000 54299999 607
nn1 54300000 54399999 405
nn1 54400000 54499999 375
nn1 54500000 54599999 528
nn1 54600000 54699999 476
nn1 54700000 54799999 500
nn1 54800000 54899999 451
nn1 54900000 54999999 470
nn1 55000000 55099999 630
nn1 55100000 55199999 629
nn1 55200000 55299999 363
nn1 55300000 55399999 360
nn1 55400000 55499999 440
nn1 55500000 55599999 430
nn1 55600000 55699999 608
nn1 55700000 55799999 538
nn1 55800000 55899999 349
nn1 55900000 55999999 618
nn1 56000000 56099999 277
nn1 56100000 56199999 549
nn1 56200000 56299999 572
nn1 56300000 56399999 492
nn1 56400000 56499999 660
nn1 56500000 56599999 543
nn1 56600000 56699999 352
nn1 56700000 56799999 244
nn1 56800000 56899999 331
nn1 56900000 56999999 428
nn1 57000000 57099999 486
nn1 57100000 57199999 593
nn1 57200000 57299999 410
nn1 57300000 57399999 383
nn1 57400000 57499999 480
nn1 57500000 57599999 349
nn1 57600000 57699999 444
nn1 57700000 57799999 584
nn1 57800000 57899999 219
nn1 57900000 57999999 305
nn1 58000000 58099999 330
nn1 58100000 58199999 471
nn1 58200000 58299999 301
nn1 58300000 58399999 465
nn1 58400000 58499999 601
nn1 58500000 58599999 451
nn1 58600000 58699999 411
nn1 58700000 58799999 298
nn1 58800000 58899999 395
nn1 58900000 58999999 374
nn1 59000000 59099999 530
nn1 59100000 59199999 364
nn1 59200000 59299999 417
nn1 59300000 59399999 425
nn1 59400000 59499999 490
nn1 59500000 59599999 300
nn1 59600000 59699999 360
nn1 59700000 59799999 460
nn1 59800000 59899999 472
nn1 59900000 59999999 507
nn1 60000000 60099999 430
nn1 60100000 60199999 374
nn1 60200000 60299999 342
nn1 60300000 60399999 169
nn1 60400000 60499999 498
nn1 60500000 60599999 500
nn1 60600000 60699999 277
nn1 60700000 60799999 646
nn1 60800000 60899999 447
nn1 60900000 60999999 398
nn1 61000000 61099999 355
nn1 61100000 61199999 489
nn1 61200000 61299999 316
nn1 61300000 61399999 272
nn1 61400000 61499999 485
nn1 61500000 61599999 486
nn1 61600000 61699999 423
nn1 61700000 61799999 434
nn1 61800000 61899999 327
nn1 61900000 61999999 461
nn1 62000000 62099999 368
nn1 62100000 62199999 346
nn1 62200000 62299999 400
nn1 62300000 62399999 485
nn1 62400000 62499999 479
nn1 62500000 62599999 367
nn1 62600000 62699999 478
nn1 62700000 62799999 614
nn1 62800000 62899999 456
nn1 62900000 62999999 260
nn1 63000000 63099999 323
nn1 63100000 63199999 527
nn1 63200000 63299999 340
nn1 63300000 63399999 479
nn1 63400000 63499999 408
nn1 63500000 63599999 287
nn1 63600000 63699999 376
nn1 63700000 63799999 237
nn1 63800000 63899999 492
nn1 63900000 63999999 320
nn1 64000000 64099999 404
nn1 64100000 64199999 452
nn1 64200000 64299999 323
nn1 64300000 64399999 477
nn1 64400000 64499999 574
nn1 64500000 64599999 273
nn1 64600000 64699999 417
nn1 64700000 64799999 527
nn1 64800000 64899999 330
nn1 64900000 64999999 404
nn1 65000000 65099999 263
nn1 65100000 65199999 437
nn1 65200000 65299999 454
nn1 65300000 65399999 407
nn1 65400000 65499999 436
nn1 65500000 65599999 675
nn1 65600000 65699999 590
nn1 65700000 65799999 508
nn1 65800000 65899999 642
nn1 65900000 65999999 589
nn1 66000000 66099999 387
nn1 66100000 66199999 395
nn1 66200000 66299999 408
nn1 66300000 66399999 482
nn1 66400000 66499999 178
nn1 66500000 66599999 456
nn1 66600000 66699999 347
nn1 66700000 66799999 456
nn1 66800000 66899999 524
nn1 66900000 66999999 476
nn1 67000000 67099999 506
nn1 67100000 67199999 419
nn1 67200000 67299999 535
nn1 67300000 67399999 348
nn1 67400000 67499999 406
nn1 67500000 67599999 342
nn1 67600000 67699999 355
nn1 67700000 67799999 310
nn1 67800000 67899999 347
nn1 67900000 67999999 281
nn1 68000000 68099999 605
nn1 68100000 68199999 318
nn1 68200000 68299999 593
nn1 68300000 68399999 352
nn1 68400000 68499999 397
nn1 68500000 68599999 339
nn1 68600000 68699999 370
nn1 68700000 68799999 546
nn1 68800000 68899999 484
nn1 68900000 68999999 499
nn1 69000000 69099999 415
nn1 69100000 69199999 461
nn1 69200000 69299999 574
nn1 69300000 69399999 427
nn1 69400000 69499999 348
nn1 69500000 69599999 562
nn1 69600000 69699999 585
nn1 69700000 69799999 566
nn1 69800000 69899999 432
nn1 69900000 69999999 424
nn1 70000000 70099999 459
nn1 70100000 70199999 330
nn1 70200000 70299999 519
nn1 70300000 70399999 779
nn1 70400000 70499999 636
nn1 70500000 70599999 508
nn1 70600000 70699999 469
nn1 70700000 70799999 303
nn1 70800000 70899999 552
nn1 70900000 70999999 436
nn1 71000000 71099999 448
nn1 71100000 71199999 286
nn1 71200000 71299999 412
nn1 71300000 71399999 511
nn1 71400000 71499999 343
nn1 71500000 71599999 382
nn1 71600000 71699999 654
nn1 71700000 71799999 403
nn1 71800000 71899999 520
nn1 71900000 71999999 692
nn1 72000000 72099999 623
nn1 72100000 72199999 481
nn1 72200000 72299999 476
nn1 72300000 72399999 506
nn1 72400000 72499999 276
nn1 72500000 72599999 377
nn1 72600000 72699999 441
nn1 72700000 72799999 459
nn1 72800000 72899999 453
nn1 72900000 72999999 716
nn1 73000000 73099999 731
nn1 73100000 73199999 284
nn1 73200000 73299999 508
nn1 73300000 73399999 203
nn1 73400000 73499999 157
nn1 73500000 73599999 393
nn1 73600000 73699999 425
nn1 73700000 73799999 643
nn1 73800000 73899999 426
nn1 73900000 73999999 566
nn1 74000000 74099999 394
nn1 74100000 74199999 524
nn1 74200000 74299999 426
nn1 74300000 74399999 587
nn1 74400000 74499999 436
nn1 74500000 74599999 309
nn1 74600000 74699999 346
nn1 74700000 74799999 455
nn1 74800000 74899999 306
nn1 74900000 74999999 485
nn1 75000000 75099999 396
nn1 75100000 75199999 351
nn1 75200000 75299999 372
nn1 75300000 75399999 361
nn1 75400000 75499999 255
nn1 75500000 75599999 382
nn1 75600000 75699999 281
nn1 75700000 75799999 391
nn1 75800000 75899999 440
nn1 75900000 75999999 746
nn1 76000000 76099999 525
nn1 76100000 76199999 360
nn1 76200000 76299999 389
nn1 76300000 76399999 438
nn1 76400000 76499999 568
nn1 76500000 76599999 334
nn1 76600000 76699999 326
nn1 76700000 76799999 413
nn1 76800000 76899999 396
nn1 76900000 76999999 578
nn1 77000000 77099999 425
nn1 77100000 77199999 569
nn1 77200000 77299999 352
nn1 77300000 77399999 502
nn1 77400000 77499999 443
nn1 77500000 77599999 491
nn1 77600000 77699999 463
nn1 77700000 77799999 591
nn1 77800000 77899999 295
nn1 77900000 77999999 225
nn1 78000000 78099999 177
nn1 78100000 78199999 355
nn1 78200000 78299999 481
nn1 78300000 78399999 527
nn1 78400000 78499999 534
nn1 78500000 78599999 479
nn1 78600000 78699999 326
nn1 78700000 78799999 432
nn1 78800000 78899999 786
nn1 78900000 78999999 374
nn1 79000000 79099999 647
nn1 79100000 79199999 334
nn1 79200000 79299999 452
nn1 79300000 79399999 510
nn1 79400000 79499999 659
nn1 79500000 79599999 410
nn1 79600000 79699999 487
nn1 79700000 79799999 719
nn1 79800000 79899999 556
nn1 79900000 79999999 552
nn1 80000000 80099999 409
nn1 80100000 80199999 414
nn1 80200000 80299999 505
nn1 80300000 80399999 408
nn1 80400000 80499999 435
nn1 80500000 80599999 323
nn1 80600000 80699999 493
nn1 80700000 80799999 420
nn1 80800000 80899999 206
nn1 80900000 80999999 357
nn1 81000000 81099999 524
nn1 81100000 81199999 277
nn1 81200000 81299999 490
nn1 81300000 81399999 435
nn1 81400000 81499999 559
nn1 81500000 81599999 391
nn1 81600000 81699999 496
nn1 81700000 81799999 254
nn1 81800000 81899999 296
nn1 81900000 81999999 366
nn1 82000000 82099999 402
nn1 82100000 82199999 425
nn1 82200000 82299999 273
nn1 82300000 82399999 322
nn1 82400000 82499999 528
nn1 82500000 82599999 477
nn1 82600000 82699999 800
nn1 82700000 82799999 283
nn1 82800000 82899999 202
nn1 82900000 82999999 393
nn1 83000000 83099999 531
nn1 83100000 83199999 423
nn1 83200000 83299999 335
nn1 83300000 83399999 179
nn1 83400000 83499999 473
nn1 83500000 83599999 269
nn1 83600000 83699999 296
nn1 83700000 83799999 154
nn1 83800000 83899999 348
nn1 83900000 83999999 427
nn1 84000000 84099999 357
nn1 84100000 84199999 321
nn1 84200000 84299999 779
nn1 84300000 84399999 412
nn1 84400000 84499999 458
nn1 84500000 84599999 591
nn1 84600000 84699999 575
nn1 84700000 84799999 508
nn1 84800000 84899999 389
nn1 84900000 84999999 425
nn1 85000000 85099999 510
nn1 85100000 85199999 498
nn1 85200000 85299999 601
nn1 85300000 85399999 366
nn1 85400000 85499999 241
nn1 85500000 85599999 563
nn1 85600000 85699999 401
nn1 85700000 85799999 340
nn1 85800000 85899999 459
nn1 85900000 85999999 345
nn1 86000000 86099999 409
nn1 86100000 86199999 311
nn1 86200000 86299999 423
nn1 86300000 86399999 221
nn1 86400000 86499999 270
nn1 86500000 86599999 229
nn1 86600000 86699999 410
nn1 86700000 86799999 407
nn1 86800000 86899999 284
nn1 86900000 86999999 396
nn1 87000000 87099999 360
nn1 87100000 87199999 327
nn1 87200000 87299999 459
nn1 87300000 87399999 531
nn1 87400000 87499999 390
nn1 87500000 87599999 466
nn1 87600000 87699999 522
nn1 87700000 87799999 269
nn1 87800000 87899999 379
nn1 87900000 87999999 477
nn1 88000000 88099999 438
nn1 88100000 88199999 370
nn1 88200000 88299999 362
nn1 88300000 88399999 441
nn1 88400000 88499999 537
nn1 88500000 88599999 481
nn1 88600000 88699999 388
nn1 88700000 88799999 634
nn1 88800000 88899999 549
nn1 88900000 88999999 399
nn1 89000000 89099999 459
nn1 89100000 89199999 507
nn1 89200000 89299999 439
nn1 89300000 89399999 396
nn1 89400000 89499999 410
nn1 89500000 89599999 349
nn1 89600000 89699999 635
nn1 89700000 89799999 314
nn1 89800000 89899999 379
nn1 89900000 89999999 387
nn1 90000000 90099999 392
nn1 90100000 90199999 325
nn1 90200000 90299999 673
nn1 90300000 90399999 363
nn1 90400000 90499999 399
nn1 90500000 90599999 660
nn1 90600000 90699999 366
nn1 90700000 90799999 327
nn1 90800000 90899999 294
nn1 90900000 90999999 519
nn1 91000000 91099999 581
nn1 91100000 91199999 439
nn1 91200000 91299999 284
nn1 91300000 91399999 314
nn1 91400000 91499999 332
nn1 91500000 91599999 234
nn1 91600000 91699999 391
nn1 91700000 91799999 505
nn1 91800000 91899999 576
nn1 91900000 91999999 200
nn1 92000000 92099999 523
nn1 92100000 92199999 470
nn1 92200000 92299999 390
nn1 92300000 92399999 452
nn1 92400000 92499999 418
nn1 92500000 92599999 590
nn1 92600000 92699999 359
nn1 92700000 92799999 279
nn1 92800000 92899999 647
nn1 92900000 92999999 404
nn1 93000000 93099999 518
nn1 93100000 93199999 318
nn1 93200000 93299999 364
nn1 93300000 93399999 357
nn1 93400000 93499999 281
nn1 93500000 93599999 372
nn1 93600000 93699999 321
nn1 93700000 93799999 541
nn1 93800000 93899999 553
nn1 93900000 93999999 341
nn1 94000000 94099999 546
nn1 94100000 94199999 585
nn1 94200000 94299999 409
nn1 94300000 94399999 444
nn1 94400000 94499999 810
nn1 94500000 94599999 473
nn1 94600000 94699999 404
nn1 94700000 94799999 443
nn1 94800000 94899999 305
nn1 94900000 94999999 397
nn1 95000000 95099999 472
nn1 95100000 95199999 521
nn1 95200000 95299999 698
nn1 95300000 95399999 508
nn1 95400000 95499999 420
nn1 95500000 95599999 482
nn1 95600000 95699999 448
nn1 95700000 95799999 651
nn1 95800000 95899999 428
nn1 95900000 95999999 601
nn1 96000000 96099999 481
nn1 96100000 96199999 394
nn1 96200000 96299999 533
nn1 96300000 96399999 581
nn1 96400000 96499999 474
nn1 96500000 96599999 363
nn1 96600000 96699999 378
nn1 96700000 96799999 234
nn1 96800000 96899999 566
nn1 96900000 96999999 577
nn1 97000000 97099999 588
nn1 97100000 97199999 563
nn1 97200000 97299999 588
nn1 97300000 97399999 423
nn1 97400000 97499999 526
nn1 97500000 97599999 554
nn1 97600000 97699999 430
nn1 97700000 97799999 404
nn1 97800000 97899999 398
nn1 97900000 97999999 382
nn1 98000000 98099999 475
nn1 98100000 98199999 298
nn1 98200000 98299999 618
nn1 98300000 98399999 438
nn1 98400000 98499999 444
nn1 98500000 98599999 236
nn1 98600000 98699999 404
nn1 98700000 98799999 536
nn1 98800000 98899999 472
nn1 98900000 98999999 428
nn1 99000000 99099999 391
nn1 99100000 99199999 319
nn1 99200000 99299999 478
nn1 99300000 99399999 628
nn1 99400000 99499999 310
nn1 99500000 99599999 404
nn1 99600000 99699999 333
nn1 99700000 99799999 449
nn1 99800000 99899999 410
nn1 99900000 99999999 325
nn1 100000000 100099999 517
nn1 100100000 100199999 589
nn1 100200000 100299999 441
nn1 100300000 100399999 519
nn1 100400000 100499999 654
nn1 100500000 100599999 403
nn1 100600000 100699999 506
nn1 100700000 100799999 347
nn1 100800000 100899999 436
nn1 100900000 100999999 568
nn1 101000000 101099999 563
nn1 101100000 101199999 623
nn1 101200000 101299999 541
nn1 101300000 101399999 377
nn1 101400000 101499999 421
nn1 101500000 101599999 471
nn1 101600000 101699999 787
nn1 101700000 101799999 624
nn1 101800000 101899999 583
nn1 101900000 101999999 773
nn1 102000000 102099999 525
nn1 102100000 102199999 511
nn1 102200000 102299999 476
nn1 102300000 102399999 398
nn1 102400000 102499999 538
nn1 102500000 102599999 704
nn1 102600000 102699999 497
nn1 102700000 102799999 608
nn1 102800000 102899999 376
nn1 102900000 102999999 436
nn1 103000000 103099999 231
nn1 103100000 103199999 372
nn1 103200000 103299999 439
nn1 103300000 103399999 200
nn1 103400000 103499999 328
nn1 103500000 103599999 219
nn1 103600000 103699999 220
nn1 103700000 103799999 222
nn1 103800000 103899999 287
nn1 103900000 103999999 230
nn1 104000000 104099999 398
nn1 104100000 104199999 550
nn1 104200000 104299999 296
nn1 104300000 104399999 564
nn1 104400000 104499999 591
nn1 104500000 104599999 396
nn1 104600000 104699999 461
nn1 104700000 104799999 659
nn1 104800000 104899999 580
nn1 104900000 104999999 470
nn1 105000000 105099999 426
nn1 105100000 105199999 513
nn1 105200000 105299999 534
nn1 105300000 105399999 473
nn1 105400000 105499999 617
nn1 105500000 105599999 782
nn1 105600000 105699999 360
nn1 105700000 105799999 470
nn1 105800000 105899999 330
nn1 105900000 105999999 302
nn1 106000000 106099999 462
nn1 106100000 106199999 334
nn1 106200000 106299999 510
nn1 106300000 106399999 561
nn1 106400000 106499999 346
nn1 106500000 106599999 289
nn1 106600000 106699999 516
nn1 106700000 106799999 573
nn1 106800000 106899999 446
nn1 106900000 106999999 401
nn1 107000000 107099999 354
nn1 107100000 107199999 418
nn1 107200000 107299999 447
nn1 107300000 107399999 206
nn1 107400000 107499999 435
nn1 107500000 107599999 404
nn1 107600000 107699999 523
nn1 107700000 107799999 510
nn1 107800000 107899999 455
nn1 107900000 107999999 404
nn1 108000000 108099999 641
nn1 108100000 108199999 415
nn1 108200000 108299999 410
nn1 108300000 108399999 248
nn1 108400000 108499999 339
nn1 108500000 108599999 198
nn1 108600000 108699999 532
nn1 108700000 108799999 536
nn1 108800000 108899999 285
nn1 108900000 108999999 506
nn1 109000000 109099999 478
nn1 109100000 109199999 626
nn1 109200000 109299999 604
nn1 109300000 109399999 451
nn1 109400000 109499999 457
nn1 109500000 109599999 435
nn1 109600000 109699999 350
nn1 109700000 109799999 401
nn1 109800000 109899999 389
nn1 109900000 109999999 545
nn1 110000000 110099999 646
nn1 110100000 110199999 311
nn1 110200000 110299999 410
nn1 110300000 110399999 299
nn1 110400000 110499999 423
nn1 110500000 110599999 524
nn1 110600000 110699999 266
nn1 110700000 110799999 415
nn1 110800000 110899999 252
nn1 110900000 110999999 337
nn1 111000000 111099999 469
nn1 111100000 111199999 415
nn1 111200000 111299999 546
nn1 111300000 111399999 406
nn1 111400000 111499999 562
nn1 111500000 111599999 494
nn1 111600000 111699999 283
nn1 111700000 111799999 361
nn1 111800000 111899999 404
nn1 111900000 111999999 73
nn1 112000000 112099999 246
nn1 112100000 112199999 624
nn1 112200000 112299999 377
nn1 112300000 112399999 408
nn1 112400000 112499999 303
nn1 112500000 112599999 200
nn1 112600000 112699999 416
nn1 112700000 112799999 350
nn1 112800000 112899999 322
nn1 112900000 112999999 506
nn1 113000000 113099999 432
nn1 113100000 113199999 500
nn1 113200000 113299999 419
nn1 113300000 113399999 299
nn1 113400000 113499999 207
nn1 113500000 113599999 274
nn1 113600000 113699999 253
nn1 113700000 113799999 381
nn1 113800000 113899999 473
nn1 113900000 113999999 248
nn1 114000000 114099999 401
nn1 114100000 114199999 401
nn1 114200000 114299999 271
nn1 114300000 114399999 325
nn1 114400000 114499999 306
nn1 114500000 114599999 307
nn1 114600000 114699999 350
nn1 114700000 114799999 321
nn1 114800000 114899999 378
nn1 114900000 114999999 189
nn1 115000000 115099999 314
nn1 115100000 115199999 224
nn1 115200000 115299999 303
nn1 115300000 115399999 252
nn1 115400000 115499999 228
nn1 115500000 115599999 407
nn1 115600000 115699999 342
nn1 115700000 115799999 461
nn1 115800000 115899999 229
nn1 115900000 115999999 329
nn1 116000000 116099999 356
nn1 116100000 116199999 487
nn1 116200000 116299999 697
nn1 116300000 116399999 332
nn1 116400000 116499999 353
nn1 116500000 116599999 272
nn1 116600000 116699999 335
nn1 116700000 116799999 546
nn1 116800000 116899999 339
nn1 116900000 116999999 783
nn1 117000000 117099999 490
nn1 117100000 117199999 427
nn1 117200000 117299999 233
nn1 117300000 117399999 270
nn1 117400000 117499999 324
nn1 117500000 117599999 238
nn1 117600000 117699999 495
nn1 117700000 117799999 318
nn1 117800000 117899999 246
nn1 117900000 117999999 176
nn1 118000000 118099999 395
nn1 118100000 118199999 451
nn1 118200000 118299999 453
nn1 118300000 118399999 508
nn1 118400000 118499999 154
nn1 118500000 118599999 322
nn1 118600000 118699999 380
nn1 118700000 118799999 276
nn1 118800000 118899999 344
nn1 118900000 118999999 316
nn1 119000000 119099999 346
nn1 119100000 119199999 312
nn1 119200000 119299999 455
nn1 119300000 119399999 28
nn1 119400000 119499999 122
nn1 119500000 119599999 562
nn1 119600000 119699999 210
nn1 119700000 119799999 434
nn1 119800000 119899999 287
nn1 119900000 119999999 372
nn1 120000000 120099999 265
nn1 120100000 120199999 446
nn1 120200000 120299999 263
nn1 120300000 120399999 375
nn1 120400000 120499999 281
nn1 120500000 120599999 299
nn1 120600000 120699999 442
nn1 120700000 120799999 1339
nn1 120800000 120899999 0
nn1 120900000 120999999 0
nn1 121000000 121099999 4056
nn1 121100000 121199999 2146
nn1 121200000 121299999 3414
nn1 121300000 121399999 2176
nn1 121400000 121499999 462
nn1 121500000 121599999 404
nn1 121600000 121699999 290
nn1 121700000 121799999 397
nn1 121800000 121899999 408
nn1 121900000 121999999 531
nn1 122000000 122099999 421
nn1 122100000 122199999 283
nn1 122200000 122299999 486
nn1 122300000 122399999 307
nn1 122400000 122499999 311
nn1 122500000 122599999 459
nn1 122600000 122699999 333
nn1 122700000 122799999 635
nn1 122800000 122899999 338
nn1 122900000 122999999 381
nn1 123000000 123099999 374
nn1 123100000 123199999 266
nn1 123200000 123299999 443
nn1 123300000 123399999 304
nn1 123400000 123499999 343
nn1 123500000 123599999 458
nn1 123600000 123699999 408
nn1 123700000 123799999 532
nn1 123800000 123899999 503
nn1 123900000 123999999 289
nn1 124000000 124099999 383
nn1 124100000 124199999 246
nn1 124200000 124299999 407
nn1 124300000 124399999 416
nn1 124400000 124499999 518
nn1 124500000 124599999 463
nn1 124600000 124699999 329
nn1 124700000 124799999 405
nn1 124800000 124899999 414
nn1 124900000 124999999 381
nn1 125000000 125099999 410
nn1 125100000 125199999 355
nn1 125200000 125299999 412
nn1 125300000 125399999 538
nn1 125400000 125499999 496
nn1 125500000 125599999 355
nn1 125600000 125699999 434
nn1 125700000 125799999 511
nn1 125800000 125899999 439
nn1 125900000 125999999 500
nn1 126000000 126099999 401
nn1 126100000 126199999 409
nn1 126200000 126299999 471
nn1 126300000 126399999 464
nn1 126400000 126499999 635
nn1 126500000 126599999 649
nn1 126600000 126699999 565
nn1 126700000 126799999 419
nn1 126800000 126899999 231
nn1 126900000 126999999 448
nn1 127000000 127099999 520
nn1 127100000 127199999 408
nn1 127200000 127299999 364
nn1 127300000 127399999 354
nn1 127400000 127499999 295
nn1 127500000 127599999 356
nn1 127600000 127699999 578
nn1 127700000 127799999 435
nn1 127800000 127899999 392
nn1 127900000 127999999 201
nn1 128000000 128099999 440
nn1 128100000 128199999 343
nn1 128200000 128299999 516
nn1 128300000 128399999 320
nn1 128400000 128499999 398
nn1 128500000 128599999 579
nn1 128600000 128699999 208
nn1 128700000 128799999 251
nn1 128800000 128899999 174
nn1 128900000 128999999 493
nn1 129000000 129099999 340
nn1 129100000 129199999 144
nn1 129200000 129299999 510
nn1 129300000 129399999 478
nn1 129400000 129499999 294
nn1 129500000 129599999 364
nn1 129600000 129699999 532
nn1 129700000 129799999 623
nn1 129800000 129899999 312
nn1 129900000 129999999 27
nn1 130000000 130099999 282
nn1 130100000 130199999 427
nn1 130200000 130299999 333
nn1 130300000 130399999 468
nn1 130400000 130499999 405
nn1 130500000 130599999 366
nn1 130600000 130699999 314
nn1 130700000 130799999 505
nn1 130800000 130899999 590
nn1 130900000 130999999 591
nn1 131000000 131099999 515
nn1 131100000 131199999 350
nn1 131200000 131299999 437
nn1 131300000 131399999 281
nn1 131400000 131499999 393
nn1 131500000 131599999 435
nn1 131600000 131699999 525
nn1 131700000 131799999 424
nn1 131800000 131899999 535
nn1 131900000 131999999 435
nn1 132000000 132099999 518
nn1 132100000 132199999 507
nn1 132200000 132299999 521
nn1 132300000 132399999 491
nn1 132400000 132499999 434
nn1 132500000 132599999 364
nn1 132600000 132699999 457
nn1 132700000 132799999 306
nn1 132800000 132899999 605
nn1 132900000 132999999 413
nn1 133000000 133099999 489
nn1 133100000 133199999 323
nn1 133200000 133299999 270
nn1 133300000 133399999 332
nn1 133400000 133499999 198
nn1 133500000 133599999 434
nn1 133600000 133699999 448
nn1 133700000 133799999 479
nn1 133800000 133899999 314
nn1 133900000 133999999 432
nn1 134000000 134099999 400
nn1 134100000 134199999 259
nn1 134200000 134299999 349
nn1 134300000 134399999 361
nn1 134400000 134499999 507
nn1 134500000 134599999 306
nn1 134600000 134699999 389
nn1 134700000 134799999 184
nn1 134800000 134899999 436
nn1 134900000 134999999 443
nn1 135000000 135099999 415
nn1 135100000 135199999 485
nn1 135200000 135299999 209
nn1 135300000 135399999 324
nn1 135400000 135499999 303
nn1 135500000 135599999 205
nn1 135600000 135699999 472
nn1 135700000 135799999 472
nn1 135800000 135899999 557
nn1 135900000 135999999 351
nn1 136000000 136099999 225
nn1 136100000 136199999 502
nn1 136200000 136299999 220
nn1 136300000 136399999 326
nn1 136400000 136499999 355
nn1 136500000 136599999 303
nn1 136600000 136699999 413
nn1 136700000 136799999 422
nn1 136800000 136899999 199
nn1 136900000 136999999 288
nn1 137000000 137099999 373
nn1 137100000 137199999 413
nn1 137200000 137299999 466
nn1 137300000 137399999 573
nn1 137400000 137499999 427
nn1 137500000 137599999 549
nn1 137600000 137699999 479
nn1 137700000 137799999 565
nn1 137800000 137899999 345
nn1 137900000 137999999 641
nn1 138000000 138099999 311
nn1 138100000 138199999 447
nn1 138200000 138299999 309
nn1 138300000 138399999 549
nn1 138400000 138499999 348
nn1 138500000 138599999 494
nn1 138600000 138699999 353
nn1 138700000 138799999 514
nn1 138800000 138899999 560
nn1 138900000 138999999 443
nn1 139000000 139099999 309
nn1 139100000 139199999 414
nn1 139200000 139299999 344
nn1 139300000 139399999 277
nn1 139400000 139499999 487
nn1 139500000 139599999 451
nn1 139600000 139699999 542
nn1 139700000 139799999 460
nn1 139800000 139899999 433
nn1 139900000 139999999 330
nn1 140000000 140099999 197
nn1 140100000 140199999 338
nn1 140200000 140299999 300
nn1 140300000 140399999 324
nn1 140400000 140499999 395
nn1 140500000 140599999 547
nn1 140600000 140699999 468
nn1 140700000 140799999 422
nn1 140800000 140899999 329
nn1 140900000 140999999 332
nn1 141000000 141099999 610
nn1 141100000 141199999 409
nn1 141200000 141299999 388
nn1 141300000 141399999 550
nn1 141400000 141499999 518
nn1 141500000 141599999 360
nn1 141600000 141699999 47
nn1 141700000 141799999 160
nn1 141800000 141899999 311
nn1 141900000 141999999 224
nn1 142000000 142099999 450
nn1 142100000 142199999 508
nn1 142200000 142299999 317
nn1 142300000 142399999 378
nn1 142400000 142499999 529
nn1 142500000 142599999 449
nn1 142600000 142699999 436
nn1 142700000 142799999 385
nn1 142800000 142899999 448
nn1 142900000 142999999 246
nn1 143000000 143099999 286
nn1 143100000 143199999 399
nn1 143200000 143299999 308
nn1 143300000 143399999 122
nn1 143400000 143499999 310
nn1 143500000 143599999 502
nn1 143600000 143699999 613
nn1 143700000 143799999 460
nn1 143800000 143899999 516
nn1 143900000 143999999 345
nn1 144000000 144099999 416
nn1 144100000 144199999 393
nn1 144200000 144299999 362
nn1 144300000 144399999 345
nn1 144400000 144499999 145
nn1 144500000 144599999 295
nn1 144600000 144699999 225
nn1 144700000 144799999 229
nn1 144800000 144899999 472
nn1 144900000 144999999 376
nn1 145000000 145099999 300
nn1 145100000 145199999 118
nn1 145200000 145299999 247
nn1 145300000 145399999 77
nn1 145400000 145499999 147
nn1 145500000 145599999 280
nn1 145600000 145699999 219
nn1 145700000 145799999 363
nn1 145800000 145899999 272
nn1 145900000 145999999 385
nn1 146000000 146099999 214
nn1 146100000 146199999 434
nn1 146200000 146299999 291
nn1 146300000 146399999 479
nn1 146400000 146499999 367
nn1 146500000 146599999 303
nn1 146600000 146699999 412
nn1 146700000 146799999 249
nn1 146800000 146899999 222
nn1 146900000 146999999 362
nn1 147000000 147099999 326
nn1 147100000 147199999 365
nn1 147200000 147299999 242
nn1 147300000 147399999 325
nn1 147400000 147499999 301
nn1 147500000 147599999 383
nn1 147600000 147699999 439
nn1 147700000 147799999 518
nn1 147800000 147899999 304
nn1 147900000 147999999 658
nn1 148000000 148099999 471
nn1 148100000 148199999 373
nn1 148200000 148299999 187
nn1 148300000 148399999 254
nn1 148400000 148499999 464
nn1 148500000 148599999 408
nn1 148600000 148699999 482
nn1 148700000 148799999 290
nn1 148800000 148899999 210
nn1 148900000 148999999 532
nn1 149000000 149099999 285
nn1 149100000 149199999 411
nn1 149200000 149299999 678
nn1 149300000 149399999 368
nn1 149400000 149499999 574
nn1 149500000 149599999 575
nn1 149600000 149699999 417
nn1 149700000 149799999 379
nn1 149800000 149899999 606
nn1 149900000 149999999 458
nn1 150000000 150099999 541
nn1 150100000 150199999 538
nn1 150200000 150299999 372
nn1 150300000 150399999 637
nn1 150400000 150499999 579
nn1 150500000 150599999 389
nn1 150600000 150699999 600
nn1 150700000 150799999 200
nn1 150800000 150899999 412
nn1 150900000 150999999 415
nn1 151000000 151099999 305
nn1 151100000 151199999 360
nn1 151200000 151299999 376
nn1 151300000 151399999 296
nn1 151400000 151499999 425
nn1 151500000 151599999 304
nn1 151600000 151699999 478
nn1 151700000 151799999 230
nn1 151800000 151899999 304
nn1 151900000 151999999 396
nn1 152000000 152099999 669
nn1 152100000 152199999 514
nn1 152200000 152299999 513
nn1 152300000 152399999 510
nn1 152400000 152499999 494
nn1 152500000 152599999 716
nn1 152600000 152699999 516
nn1 152700000 152799999 1026
nn1 152800000 152899999 414
nn1 152900000 152999999 557
nn1 153000000 153099999 211
nn1 153100000 153199999 201
nn1 153200000 153299999 466
nn1 153300000 153399999 376
nn1 153400000 153499999 362
nn1 153500000 153599999 436
nn1 153600000 153699999 186
nn1 153700000 153799999 690
nn1 153800000 153899999 349
nn1 153900000 153999999 314
nn1 154000000 154099999 610
nn1 154100000 154199999 197
nn1 154200000 154299999 510
nn1 154300000 154399999 423
nn1 154400000 154499999 660
nn1 154500000 154599999 250
nn1 154600000 154699999 517
nn1 154700000 154799999 467
nn1 154800000 154899999 804
nn1 154900000 154999999 355
nn1 155000000 155099999 567
nn1 155100000 155199999 676
nn1 155200000 155299999 473
nn1 155300000 155399999 456
nn1 155400000 155499999 425
nn1 155500000 155599999 274
nn1 155600000 155699999 423
nn1 155700000 155799999 489
nn1 155800000 155899999 653
nn1 155900000 155999999 562
nn1 156000000 156099999 462
nn1 156100000 156199999 545
nn1 156200000 156299999 407
nn1 156300000 156399999 270
nn1 156400000 156499999 435
nn1 156500000 156599999 544
nn1 156600000 156699999 481
nn1 156700000 156799999 406
nn1 156800000 156899999 464
nn1 156900000 156999999 609
nn1 157000000 157099999 381
nn1 157100000 157199999 485
nn1 157200000 157299999 205
nn1 157300000 157399999 647
nn1 157400000 157499999 749
nn1 157500000 157599999 324
nn1 157600000 157699999 298
nn1 157700000 157799999 371
nn1 157800000 157899999 258
nn1 157900000 157999999 331
nn1 158000000 158099999 378
nn1 158100000 158199999 475
nn1 158200000 158299999 465
nn1 158300000 158399999 236
nn1 158400000 158499999 345
nn1 158500000 158599999 309
nn1 158600000 158699999 498
nn1 158700000 158799999 315
nn1 158800000 158899999 487
nn1 158900000 158999999 483
nn1 159000000 159099999 466
nn1 159100000 159199999 518
nn1 159200000 159299999 666
nn1 159300000 159399999 392
nn1 159400000 159499999 386
nn1 159500000 159599999 427
nn1 159600000 159699999 403
nn1 159700000 159799999 339
nn1 159800000 159899999 446
nn1 159900000 159999999 311
nn1 160000000 160099999 469
nn1 160100000 160199999 397
nn1 160200000 160299999 388
nn1 160300000 160399999 538
nn1 160400000 160499999 528
nn1 160500000 160599999 327
nn1 160600000 160699999 464
nn1 160700000 160799999 334
nn1 160800000 160899999 333
nn1 160900000 160999999 400
nn1 161000000 161099999 261
nn1 161100000 161199999 322
nn1 161200000 161299999 466
nn1 161300000 161399999 329
nn1 161400000 161499999 322
nn1 161500000 161599999 443
nn1 161600000 161699999 295
nn1 161700000 161799999 244
nn1 161800000 161899999 361
nn1 161900000 161999999 585
nn1 162000000 162099999 562
nn1 162100000 162199999 454
nn1 162200000 162299999 221
nn1 162300000 162399999 332
nn1 162400000 162499999 356
nn1 162500000 162599999 540
nn1 162600000 162699999 400
nn1 162700000 162799999 280
nn1 162800000 162899999 383
nn1 162900000 162999999 346
nn1 163000000 163099999 541
nn1 163100000 163199999 228
nn1 163200000 163299999 440
nn1 163300000 163399999 309
nn1 163400000 163499999 470
nn1 163500000 163599999 430
nn1 163600000 163699999 604
nn1 163700000 163799999 345
nn1 163800000 163899999 750
nn1 163900000 163999999 742
nn1 164000000 164099999 425
nn1 164100000 164199999 369
nn1 164200000 164299999 587
nn1 164300000 164399999 507
nn1 164400000 164499999 519
nn1 164500000 164599999 398
nn1 164600000 164699999 481
nn1 164700000 164799999 554
nn1 164800000 164899999 380
nn1 164900000 164999999 519
nn1 165000000 165099999 575
nn1 165100000 165199999 409
nn1 165200000 165299999 357
nn1 165300000 165399999 526
nn1 165400000 165499999 371
nn1 165500000 165599999 424
nn1 165600000 165699999 431
nn1 165700000 165799999 294
nn1 165800000 165899999 485
nn1 165900000 165999999 462
nn1 166000000 166099999 449
nn1 166100000 166199999 285
nn1 166200000 166299999 475
nn1 166300000 166399999 605
nn1 166400000 166499999 377
nn1 166500000 166599999 363
nn1 166600000 166699999 322
nn1 166700000 166799999 517
nn1 166800000 166899999 439
nn1 166900000 166999999 482
nn1 167000000 167099999 389
nn1 167100000 167199999 283
nn1 167200000 167299999 236
nn1 167300000 167399999 367
nn1 167400000 167499999 402
nn1 167500000 167599999 459
nn1 167600000 167699999 370
nn1 167700000 167799999 390
nn1 167800000 167899999 399
nn1 167900000 167999999 421
nn1 168000000 168099999 580
nn1 168100000 168199999 124
nn1 168200000 168299999 722
nn1 168300000 168399999 672
nn1 168400000 168499999 865
nn1 168500000 168599999 474
nn1 168600000 168699999 517
nn1 168700000 168799999 712
nn1 168800000 168899999 460
nn1 168900000 168999999 645
nn1 169000000 169099999 356
nn1 169100000 169199999 268
nn1 169200000 169299999 635
nn1 169300000 169399999 369
nn1 169400000 169499999 283
nn1 169500000 169599999 301
nn1 169600000 169699999 548
nn1 169700000 169799999 724
nn1 169800000 169899999 590
nn1 169900000 169999999 592
nn1 170000000 170099999 383
nn1 170100000 170199999 389
nn1 170200000 170299999 410
nn1 170300000 170399999 558
nn1 170400000 170499999 530
nn1 170500000 170599999 445
nn1 170600000 170699999 398
nn1 170700000 170799999 328
nn1 170800000 170899999 391
nn1 170900000 170999999 464
nn1 171000000 171099999 618
nn1 171100000 171199999 558
nn1 171200000 171299999 385
nn1 171300000 171399999 282
nn1 171400000 171499999 357
nn1 171500000 171599999 358
nn1 171600000 171699999 437
nn1 171700000 171799999 539
nn1 171800000 171899999 383
nn1 171900000 171999999 486
nn1 172000000 172099999 464
nn1 172100000 172199999 436
nn1 172200000 172299999 624
nn1 172300000 172399999 358
nn1 172400000 172499999 317
nn1 172500000 172599999 423
nn1 172600000 172699999 438
nn1 172700000 172799999 529
nn1 172800000 172899999 424
nn1 172900000 172999999 236
nn1 173000000 173099999 463
nn1 173100000 173199999 501
nn1 173200000 173299999 299
nn1 173300000 173399999 449
nn1 173400000 173499999 416
nn1 173500000 173599999 531
nn1 173600000 173699999 518
nn1 173700000 173799999 339
nn1 173800000 173899999 316
nn1 173900000 173999999 511
nn1 174000000 174099999 283
nn1 174100000 174199999 506
nn1 174200000 174299999 258
nn1 174300000 174399999 345
nn1 174400000 174499999 733
nn1 174500000 174599999 511
nn1 174600000 174699999 414
nn1 174700000 174799999 563
nn1 174800000 174899999 631
nn1 174900000 174999999 604
nn1 175000000 175099999 436
nn1 175100000 175199999 557
nn1 175200000 175299999 654
nn1 175300000 175399999 526
nn1 175400000 175499999 450
nn1 175500000 175599999 500
nn1 175600000 175699999 652
nn1 175700000 175799999 438
nn1 175800000 175899999 450
nn1 175900000 175999999 337
nn1 176000000 176099999 570
nn1 176100000 176199999 349
nn1 176200000 176299999 505
nn1 176300000 176399999 506
nn1 176400000 176499999 569
nn1 176500000 176599999 439
nn1 176600000 176699999 564
nn1 176700000 176799999 483
nn1 176800000 176899999 463
nn1 176900000 176999999 497
nn1 177000000 177099999 398
nn1 177100000 177199999 545
nn1 177200000 177299999 442
nn1 177300000 177399999 419
nn1 177400000 177499999 417
nn1 177500000 177599999 439
nn1 177600000 177699999 594
nn1 177700000 177799999 567
nn1 177800000 177899999 404
nn1 177900000 177999999 353
nn1 178000000 178099999 393
nn1 178100000 178199999 427
nn1 178200000 178299999 390
nn1 178300000 178399999 556
nn1 178400000 178499999 231
nn1 178500000 178599999 392
nn1 178600000 178699999 467
nn1 178700000 178799999 425
nn1 178800000 178899999 472
nn1 178900000 178999999 473
nn1 179000000 179099999 472
nn1 179100000 179199999 164
nn1 179200000 179299999 396
nn1 179300000 179399999 424
nn1 179400000 179499999 312
nn1 179500000 179599999 545
nn1 179600000 179699999 389
nn1 179700000 179799999 430
nn1 179800000 179899999 415
nn1 179900000 179999999 499
nn1 180000000 180099999 481
nn1 180100000 180199999 464
nn1 180200000 180299999 270
nn1 180300000 180399999 321
nn1 180400000 180499999 448
nn1 180500000 180599999 341
nn1 180600000 180699999 324
nn1 180700000 180799999 319
nn1 180800000 180899999 590
nn1 180900000 180999999 294
nn1 181000000 181099999 440
nn1 181100000 181199999 410
nn1 181200000 181299999 389
nn1 181300000 181399999 483
nn1 181400000 181499999 235
nn1 181500000 181599999 244
nn1 181600000 181699999 475
nn1 181700000 181799999 392
nn1 181800000 181899999 471
nn1 181900000 181999999 354
nn1 182000000 182099999 422
nn1 182100000 182199999 372
nn1 182200000 182299999 551
nn1 182300000 182399999 499
nn1 182400000 182499999 575
nn1 182500000 182599999 355
nn1 182600000 182699999 328
nn1 182700000 182799999 483
nn1 182800000 182899999 422
nn1 182900000 182999999 567
nn1 183000000 183099999 285
nn1 183100000 183199999 281
nn1 183200000 183299999 307
nn1 183300000 183399999 573
nn1 183400000 183499999 449
nn1 183500000 183599999 261
nn1 183600000 183699999 512
nn1 183700000 183799999 372
nn1 183800000 183899999 336
nn1 183900000 183999999 415
nn1 184000000 184099999 672
nn1 184100000 184199999 394
nn1 184200000 184299999 556
nn1 184300000 184399999 340
nn1 184400000 184499999 604
nn1 184500000 184599999 343
nn1 184600000 184699999 306
nn1 184700000 184799999 539
nn1 184800000 184899999 325
nn1 184900000 184999999 485
nn1 185000000 185099999 321
nn1 185100000 185199999 447
nn1 185200000 185299999 517
nn1 185300000 185399999 355
nn1 185400000 185499999 424
nn1 185500000 185599999 223
nn1 185600000 185699999 417
nn1 185700000 185799999 589
nn1 185800000 185899999 484
nn1 185900000 185999999 563
nn1 186000000 186099999 457
nn1 186100000 186199999 392
nn1 186200000 186299999 572
nn1 186300000 186399999 450
nn1 186400000 186499999 375
nn1 186500000 186599999 405
nn1 186600000 186699999 280
nn1 186700000 186799999 504
nn1 186800000 186899999 660
nn1 186900000 186999999 329
nn1 187000000 187099999 454
nn1 187100000 187199999 455
nn1 187200000 187299999 375
nn1 187300000 187399999 391
nn1 187400000 187499999 498
nn1 187500000 187599999 529
nn1 187600000 187699999 567
nn1 187700000 187799999 509
nn1 187800000 187899999 51
nn1 187900000 187999999 51
nn1 188000000 188099999 529
nn1 188100000 188199999 521
nn1 188200000 188299999 640
nn1 188300000 188399999 576
nn1 188400000 188499999 498
nn1 188500000 188599999 442
nn1 188600000 188699999 437
nn1 188700000 188799999 201
nn1 188800000 188899999 451
nn1 188900000 188999999 405
nn1 189000000 189099999 358
nn1 189100000 189199999 365
nn1 189200000 189299999 223
nn1 189300000 189399999 339
nn1 189400000 189499999 241
nn1 189500000 189599999 349
nn1 189600000 189699999 460
nn1 189700000 189799999 454
nn1 189800000 189899999 284
nn1 189900000 189999999 256
nn1 190000000 190099999 360
nn1 190100000 190199999 554
nn1 190200000 190299999 317
nn1 190300000 190399999 674
nn1 190400000 190499999 422
nn1 190500000 190599999 533
nn1 190600000 190699999 672
nn1 190700000 190799999 334
nn1 190800000 190899999 696
nn1 190900000 190999999 269
nn1 191000000 191099999 499
nn1 191100000 191199999 387
nn1 191200000 191299999 586
nn1 191300000 191399999 210
nn1 191400000 191499999 690
nn1 191500000 191599999 379
nn1 191600000 191699999 371
nn1 191700000 191799999 534
nn1 191800000 191899999 386
nn1 191900000 191999999 428
nn1 192000000 192099999 444
nn1 192100000 192199999 212
nn1 192200000 192299999 362
nn1 192300000 192399999 504
nn1 192400000 192499999 695
nn1 192500000 192599999 459
nn1 192600000 192699999 452
nn1 192700000 192799999 353
nn1 192800000 192899999 284
nn1 192900000 192999999 409
nn1 193000000 193099999 178
nn1 193100000 193199999 412
nn1 193200000 193299999 432
nn1 193300000 193399999 382
nn1 193400000 193499999 137
nn1 193500000 193599999 377
nn1 193600000 193699999 346
nn1 193700000 193799999 283
nn1 193800000 193899999 469
nn1 193900000 193999999 637
nn1 194000000 194099999 415
nn1 194100000 194199999 289
nn1 194200000 194299999 0
nn1 194300000 194399999 0
nn1 194400000 194499999 428
nn1 194500000 194599999 616
nn1 194600000 194699999 531
nn1 194700000 194799999 349
nn1 194800000 194899999 138
nn1 194900000 194999999 264
nn1 195000000 195099999 297
nn1 195100000 195199999 375
nn1 195200000 195299999 364
nn1 195300000 195399999 195
nn1 195400000 195499999 310
nn1 195500000 195599999 736
nn1 195600000 195699999 48
nn1 195700000 195799999 374
nn1 195800000 195899999 1514
nn1 195900000 195999999 632
nn1 196000000 196099999 1352
nn1 196100000 196199999 175
nn1 196200000 196299999 201
nn1 196300000 196399999 461
nn1 196400000 196499999 340
nn1 196500000 196599999 1219
nn1 196600000 196699999 50
nn1 196700000 196799999 25
nn1 196800000 196899999 181
nn1 196900000 196999999 273
nn1 197000000 197099999 121
nn1 197100000 197199999 329
nn1 197200000 197299999 705
nn1 197300000 197399999 380
nn1 197400000 197499999 178
nn1 197500000 197518696 0
nn2 0 99999 274
nn2 100000 199999 488
nn2 200000 299999 275
nn2 300000 399999 0
nn2 400000 499999 0
nn2 500000 599999 0
nn2 600000 699999 0
nn2 700000 799999 0
nn2 800000 899999 1994
nn2 900000 999999 973
nn2 1000000 1099999 452
nn2 1100000 1199999 298
nn2 1200000 1299999 159
nn2 1300000 1399999 431
nn2 1400000 1499999 238
nn2 1500000 1599999 454
nn2 1600000 1699999 549
nn2 1700000 1799999 548
nn2 1800000 1899999 337
nn2 1900000 1999999 450
nn2 2000000 2099999 507
nn2 2100000 2199999 267
nn2 2200000 2299999 458
nn2 2300000 2399999 423
nn2 2400000 2499999 276
nn2 2500000 2599999 225
nn2 2600000 2699999 439
nn2 2700000 2799999 379
nn2 2800000 2899999 510
nn2 2900000 2999999 474
nn2 3000000 3099999 659
nn2 3100000 3199999 487
nn2 3200000 3299999 398
nn2 3300000 3399999 221
nn2 3400000 3499999 512
nn2 3500000 3599999 426
nn2 3600000 3699999 531
nn2 3700000 3799999 572
nn2 3800000 3899999 375
nn2 3900000 3999999 517
nn2 4000000 4099999 377
nn2 4100000 4199999 398
nn2 4200000 4299999 471
nn2 4300000 4399999 405
nn2 4400000 4499999 466
nn2 4500000 4599999 432
nn2 4600000 4699999 266
nn2 4700000 4799999 477
nn2 4800000 4899999 336
nn2 4900000 4999999 587
nn2 5000000 5099999 367
nn2 5100000 5199999 307
nn2 5200000 5299999 581
nn2 5300000 5399999 543
nn2 5400000 5499999 435
nn2 5500000 5599999 591
nn2 5600000 5699999 335
nn2 5700000 5799999 354
nn2 5800000 5899999 324
nn2 5900000 5999999 456
nn2 6000000 6099999 460
nn2 6100000 6199999 478
nn2 6200000 6299999 527
nn2 6300000 6399999 554
nn2 6400000 6499999 466
nn2 6500000 6599999 337
nn2 6600000 6699999 492
nn2 6700000 6799999 632
nn2 6800000 6899999 239
nn2 6900000 6999999 332
nn2 7000000 7099999 421
nn2 7100000 7199999 380
nn2 7200000 7299999 311
nn2 7300000 7399999 366
nn2 7400000 7499999 503
nn2 7500000 7599999 395
nn2 7600000 7699999 413
nn2 7700000 7799999 475
nn2 7800000 7899999 355
nn2 7900000 7999999 342
nn2 8000000 8099999 335
nn2 8100000 8199999 516
nn2 8200000 8299999 525
nn2 8300000 8399999 472
nn2 8400000 8499999 251
nn2 8500000 8599999 352
nn2 8600000 8699999 391
nn2 8700000 8799999 323
nn2 8800000 8899999 366
nn2 8900000 8999999 227
nn2 9000000 9099999 507
nn2 9100000 9199999 520
nn2 9200000 9299999 349
nn2 9300000 9399999 433
nn2 9400000 9499999 253
nn2 9500000 9599999 383
nn2 9600000 9699999 251
nn2 9700000 9799999 283
nn2 9800000 9899999 411
nn2 9900000 9999999 272
nn2 10000000 10099999 359
nn2 10100000 10199999 465
nn2 10200000 10299999 454
nn2 10300000 10399999 347
nn2 10400000 10499999 382
nn2 10500000 10599999 413
nn2 10600000 10699999 229
nn2 10700000 10799999 209
nn2 10800000 10899999 372
nn2 10900000 10999999 145
nn2 11000000 11099999 289
nn2 11100000 11199999 368
nn2 11200000 11299999 455
nn2 11300000 11399999 523
nn2 11400000 11499999 604
nn2 11500000 11599999 385
nn2 11600000 11699999 414
nn2 11700000 11799999 488
nn2 11800000 11899999 574
nn2 11900000 11999999 521
nn2 12000000 12099999 432
nn2 12100000 12199999 538
nn2 12200000 12299999 310
nn2 12300000 12399999 354
nn2 12400000 12499999 526
nn2 12500000 12599999 173
nn2 12600000 12699999 169
nn2 12700000 12799999 311
nn2 12800000 12899999 570
nn2 12900000 12999999 436
nn2 13000000 13099999 447
nn2 13100000 13199999 451
nn2 13200000 13299999 613
nn2 13300000 13399999 294
nn2 13400000 13499999 606
nn2 13500000 13599999 491
nn2 13600000 13699999 419
nn2 13700000 13799999 326
nn2 13800000 13899999 329
nn2 13900000 13999999 394
nn2 14000000 14099999 378
nn2 14100000 14199999 429
nn2 14200000 14299999 320
nn2 14300000 14399999 608
nn2 14400000 14499999 529
nn2 14500000 14599999 549
nn2 14600000 14699999 402
nn2 14700000 14799999 392
nn2 14800000 14899999 455
nn2 14900000 14999999 357
nn2 15000000 15099999 413
nn2 15100000 15199999 378
nn2 15200000 15299999 439
nn2 15300000 15399999 559
nn2 15400000 15499999 300
nn2 15500000 15599999 332
nn2 15600000 15699999 356
nn2 15700000 15799999 297
nn2 15800000 15899999 418
nn2 15900000 15999999 283
nn2 16000000 16099999 259
nn2 16100000 16199999 476
nn2 16200000 16299999 383
nn2 16300000 16399999 473
nn2 16400000 16499999 648
nn2 16500000 16599999 583
nn2 16600000 16699999 320
nn2 16700000 16799999 357
nn2 16800000 16899999 516
nn2 16900000 16999999 544
nn2 17000000 17099999 468
nn2 17100000 17199999 254
nn2 17200000 17299999 274
nn2 17300000 17399999 532
nn2 17400000 17499999 600
nn2 17500000 17599999 326
nn2 17600000 17699999 480
nn2 17700000 17799999 716
nn2 17800000 17899999 381
nn2 17900000 17999999 490
nn2 18000000 18099999 738
nn2 18100000 18199999 474
nn2 18200000 18299999 603
nn2 18300000 18399999 818
nn2 18400000 18499999 490
nn2 18500000 18599999 376
nn2 18600000 18699999 517
nn2 18700000 18799999 516
nn2 18800000 18899999 381
nn2 18900000 18999999 403
nn2 19000000 19099999 366
nn2 19100000 19199999 639
nn2 19200000 19299999 639
nn2 19300000 19399999 304
nn2 19400000 19499999 639
nn2 19500000 19599999 416
nn2 19600000 19699999 423
nn2 19700000 19799999 627
nn2 19800000 19899999 495
nn2 19900000 19999999 610
nn2 20000000 20099999 458
nn2 20100000 20199999 412
nn2 20200000 20299999 396
nn2 20300000 20399999 275
nn2 20400000 20499999 276
nn2 20500000 20599999 555
nn2 20600000 20699999 438
nn2 20700000 20799999 553
nn2 20800000 20899999 504
nn2 20900000 20999999 498
nn2 21000000 21099999 465
nn2 21100000 21199999 347
nn2 21200000 21299999 451
nn2 21300000 21399999 213
nn2 21400000 21499999 631
nn2 21500000 21599999 674
nn2 21600000 21699999 412
nn2 21700000 21799999 414
nn2 21800000 21899999 563
nn2 21900000 21999999 277
nn2 22000000 22099999 388
nn2 22100000 22199999 641
nn2 22200000 22299999 607
nn2 22300000 22399999 567
nn2 22400000 22499999 538
nn2 22500000 22599999 395
nn2 22600000 22699999 441
nn2 22700000 22799999 373
nn2 22800000 22899999 397
nn2 22900000 22999999 388
nn2 23000000 23099999 420
nn2 23100000 23199999 458
nn2 23200000 23299999 296
nn2 23300000 23399999 301
nn2 23400000 23499999 456
nn2 23500000 23599999 268
nn2 23600000 23699999 417
nn2 23700000 23799999 353
nn2 23800000 23899999 490
nn2 23900000 23999999 396
nn2 24000000 24099999 494
nn2 24100000 24199999 285
nn2 24200000 24299999 595
nn2 24300000 24399999 661
nn2 24400000 24499999 724
nn2 24500000 24599999 485
nn2 24600000 24699999 677
nn2 24700000 24799999 409
nn2 24800000 24899999 507
nn2 24900000 24999999 353
nn2 25000000 25099999 467
nn2 25100000 25199999 418
nn2 25200000 25299999 563
nn2 25300000 25399999 623
nn2 25400000 25499999 468
nn2 25500000 25599999 200
nn2 25600000 25699999 350
nn2 25700000 25799999 382
nn2 25800000 25899999 301
nn2 25900000 25999999 486
nn2 26000000 26099999 499
nn2 26100000 26199999 704
nn2 26200000 26299999 603
nn2 26300000 26399999 642
nn2 26400000 26499999 554
nn2 26500000 26599999 332
nn2 26600000 26699999 508
nn2 26700000 26799999 368
nn2 26800000 26899999 386
nn2 26900000 26999999 281
nn2 27000000 27099999 353
nn2 27100000 27199999 423
nn2 27200000 27299999 362
nn2 27300000 27399999 600
nn2 27400000 27499999 543
nn2 27500000 27599999 386
nn2 27600000 27699999 593
nn2 27700000 27799999 361
nn2 27800000 27899999 545
nn2 27900000 27999999 499
nn2 28000000 28099999 369
nn2 28100000 28199999 461
nn2 28200000 28299999 340
nn2 28300000 28399999 462
nn2 28400000 28499999 560
nn2 28500000 28599999 274
nn2 28600000 28699999 534
nn2 28700000 28799999 613
nn2 28800000 28899999 435
nn2 28900000 28999999 488
nn2 29000000 29099999 509
nn2 29100000 29199999 449
nn2 29200000 29299999 465
nn2 29300000 29399999 455
nn2 29400000 29499999 441
nn2 29500000 29599999 304
nn2 29600000 29699999 331
nn2 29700000 29799999 415
nn2 29800000 29899999 561
nn2 29900000 29999999 417
nn2 30000000 30099999 429
nn2 30100000 30199999 405
nn2 30200000 30299999 516
nn2 30300000 30399999 423
nn2 30400000 30499999 494
nn2 30500000 30599999 511
nn2 30600000 30699999 369
nn2 30700000 30799999 379
nn2 30800000 30899999 482
nn2 30900000 30999999 396
nn2 31000000 31099999 408
nn2 31100000 31199999 233
nn2 31200000 31299999 371
nn2 31300000 31399999 510
nn2 31400000 31499999 570
nn2 31500000 31599999 374
nn2 31600000 31699999 414
nn2 31700000 31799999 454
nn2 31800000 31899999 471
nn2 31900000 31999999 430
nn2 32000000 32099999 520
nn2 32100000 32199999 389
nn2 32200000 32299999 272
nn2 32300000 32399999 280
nn2 32400000 32499999 446
nn2 32500000 32599999 330
nn2 32600000 32699999 538
nn2 32700000 32799999 280
nn2 32800000 32899999 521
nn2 32900000 32999999 512
nn2 33000000 33099999 460
nn2 33100000 33199999 389
nn2 33200000 33299999 466
nn2 33300000 33399999 519
nn2 33400000 33499999 385
nn2 33500000 33599999 844
nn2 33600000 33699999 620
nn2 33700000 33799999 349
nn2 33800000 33899999 575
nn2 33900000 33999999 469
nn2 34000000 34099999 492
nn2 34100000 34199999 285
nn2 34200000 34299999 783
nn2 34300000 34399999 400
nn2 34400000 34499999 471
nn2 34500000 34599999 419
nn2 34600000 34699999 299
nn2 34700000 34799999 376
nn2 34800000 34899999 386
nn2 34900000 34999999 411
nn2 35000000 35099999 445
nn2 35100000 35199999 634
nn2 35200000 35299999 442
nn2 35300000 35399999 465
nn2 35400000 35499999 326
nn2 35500000 35599999 528
nn2 35600000 35699999 411
nn2 35700000 35799999 567
nn2 35800000 35899999 511
nn2 35900000 35999999 517
nn2 36000000 36099999 724
nn2 36100000 36199999 478
nn2 36200000 36299999 464
nn2 36300000 36399999 353
nn2 36400000 36499999 292
nn2 36500000 36599999 492
nn2 36600000 36699999 519
nn2 36700000 36799999 250
nn2 36800000 36899999 445
nn2 36900000 36999999 289
nn2 37000000 37099999 335
nn2 37100000 37199999 456
nn2 37200000 37299999 732
nn2 37300000 37399999 422
nn2 37400000 37499999 357
nn2 37500000 37599999 404
nn2 37600000 37699999 391
nn2 37700000 37799999 474
nn2 37800000 37899999 343
nn2 37900000 37999999 406
nn2 38000000 38099999 282
nn2 38100000 38199999 303
nn2 38200000 38299999 389
nn2 38300000 38399999 522
nn2 38400000 38499999 237
nn2 38500000 38599999 578
nn2 38600000 38699999 523
nn2 38700000 38799999 337
nn2 38800000 38899999 319
nn2 38900000 38999999 410
nn2 39000000 39099999 389
nn2 39100000 39199999 531
nn2 39200000 39299999 652
nn2 39300000 39399999 555
nn2 39400000 39499999 345
nn2 39500000 39599999 348
nn2 39600000 39699999 598
nn2 39700000 39799999 650
nn2 39800000 39899999 533
nn2 39900000 39999999 591
nn2 40000000 40099999 403
nn2 40100000 40199999 360
nn2 40200000 40299999 408
nn2 40300000 40399999 560
nn2 40400000 40499999 684
nn2 40500000 40599999 664
nn2 40600000 40699999 580
nn2 40700000 40799999 643
nn2 40800000 40899999 621
nn2 40900000 40999999 622
nn2 41000000 41099999 389
nn2 41100000 41199999 400
nn2 41200000 41299999 447
nn2 41300000 41399999 438
nn2 41400000 41499999 431
nn2 41500000 41599999 401
nn2 41600000 41699999 435
nn2 41700000 41799999 733
nn2 41800000 41899999 700
nn2 41900000 41999999 541
nn2 42000000 42099999 598
nn2 42100000 42199999 684
nn2 42200000 42299999 600
nn2 42300000 42399999 379
nn2 42400000 42499999 618
nn2 42500000 42599999 538
nn2 42600000 42699999 348
nn2 42700000 42799999 485
nn2 42800000 42899999 462
nn2 42900000 42999999 326
nn2 43000000 43099999 701
nn2 43100000 43199999 445
nn2 43200000 43299999 634
nn2 43300000 43399999 463
nn2 43400000 43499999 353
nn2 43500000 43599999 486
nn2 43600000 43699999 650
nn2 43700000 43799999 459
nn2 43800000 43899999 546
nn2 43900000 43999999 401
nn2 44000000 44099999 179
nn2 44100000 44199999 521
nn2 44200000 44299999 507
nn2 44300000 44399999 577
nn2 44400000 44499999 420
nn2 44500000 44599999 366
nn2 44600000 44699999 569
nn2 44700000 44799999 309
nn2 44800000 44899999 439
nn2 44900000 44999999 382
nn2 45000000 45099999 348
nn2 45100000 45199999 303
nn2 45200000 45299999 513
nn2 45300000 45399999 307
nn2 45400000 45499999 510
nn2 45500000 45599999 324
nn2 45600000 45699999 482
nn2 45700000 45799999 535
nn2 45800000 45899999 429
nn2 45900000 45999999 540
nn2 46000000 46099999 385
nn2 46100000 46199999 561
nn2 46200000 46299999 432
nn2 46300000 46399999 381
nn2 46400000 46499999 377
nn2 46500000 46599999 458
nn2 46600000 46699999 561
nn2 46700000 46799999 474
nn2 46800000 46899999 457
nn2 46900000 46999999 328
nn2 47000000 47099999 442
nn2 47100000 47199999 589
nn2 47200000 47299999 501
nn2 47300000 47399999 463
nn2 47400000 47499999 533
nn2 47500000 47599999 401
nn2 47600000 47699999 751
nn2 47700000 47799999 490
nn2 47800000 47899999 352
nn2 47900000 47999999 226
nn2 48000000 48099999 697
nn2 48100000 48199999 480
nn2 48200000 48299999 436
nn2 48300000 48399999 365
nn2 48400000 48499999 394
nn2 48500000 48599999 306
nn2 48600000 48699999 377
nn2 48700000 48799999 467
nn2 48800000 48899999 310
nn2 48900000 48999999 331
nn2 49000000 49099999 411
nn2 49100000 49199999 503
nn2 49200000 49299999 489
nn2 49300000 49399999 234
nn2 49400000 49499999 286
nn2 49500000 49599999 433
nn2 49600000 49699999 304
nn2 49700000 49799999 354
nn2 49800000 49899999 508
nn2 49900000 49999999 256
nn2 50000000 50099999 574
nn2 50100000 50199999 390
nn2 50200000 50299999 459
nn2 50300000 50399999 662
nn2 50400000 50499999 584
nn2 50500000 50599999 404
nn2 50600000 50699999 439
nn2 50700000 50799999 400
nn2 50800000 50899999 422
nn2 50900000 50999999 258
nn2 51000000 51099999 451
nn2 51100000 51199999 348
nn2 51200000 51299999 325
nn2 51300000 51399999 379
nn2 51400000 51499999 502
nn2 51500000 51599999 460
nn2 51600000 51699999 512
nn2 51700000 51799999 359
nn2 51800000 51899999 507
nn2 51900000 51999999 378
nn2 52000000 52099999 558
nn2 52100000 52199999 576
nn2 52200000 52299999 635
nn2 52300000 52399999 426
nn2 52400000 52499999 609
nn2 52500000 52599999 627
nn2 52600000 52699999 457
nn2 52700000 52799999 479
nn2 52800000 52899999 332
nn2 52900000 52999999 468
nn2 53000000 53099999 231
nn2 53100000 53199999 440
nn2 53200000 53299999 226
nn2 53300000 53399999 646
nn2 53400000 53499999 492
nn2 53500000 53599999 455
nn2 53600000 53699999 446
nn2 53700000 53799999 314
nn2 53800000 53899999 601
nn2 53900000 53999999 372
nn2 54000000 54099999 282
nn2 54100000 54199999 388
nn2 54200000 54299999 481
nn2 54300000 54399999 504
nn2 54400000 54499999 326
nn2 54500000 54599999 232
nn2 54600000 54699999 448
nn2 54700000 54799999 490
nn2 54800000 54899999 373
nn2 54900000 54999999 469
nn2 55000000 55099999 239
nn2 55100000 55199999 630
nn2 55200000 55299999 336
nn2 55300000 55399999 405
nn2 55400000 55499999 323
nn2 55500000 55599999 458
nn2 55600000 55699999 479
nn2 55700000 55799999 322
nn2 55800000 55899999 527
nn2 55900000 55999999 363
nn2 56000000 56099999 550
nn2 56100000 56199999 456
nn2 56200000 56299999 498
nn2 56300000 56399999 444
nn2 56400000 56499999 337
nn2 56500000 56599999 424
nn2 56600000 56699999 442
nn2 56700000 56799999 574
nn2 56800000 56899999 360
nn2 56900000 56999999 225
nn2 57000000 57099999 583
nn2 57100000 57199999 534
nn2 57200000 57299999 361
nn2 57300000 57399999 597
nn2 57400000 57499999 628
nn2 57500000 57599999 404
nn2 57600000 57699999 498
nn2 57700000 57799999 283
nn2 57800000 57899999 393
nn2 57900000 57999999 414
nn2 58000000 58099999 337
nn2 58100000 58199999 436
nn2 58200000 58299999 555
nn2 58300000 58399999 381
nn2 58400000 58499999 369
nn2 58500000 58599999 365
nn2 58600000 58699999 515
nn2 58700000 58799999 454
nn2 58800000 58899999 674
nn2 58900000 58999999 601
nn2 59000000 59099999 560
nn2 59100000 59199999 434
nn2 59200000 59299999 530
nn2 59300000 59399999 283
nn2 59400000 59499999 359
nn2 59500000 59599999 315
nn2 59600000 59699999 331
nn2 59700000 59799999 367
nn2 59800000 59899999 427
nn2 59900000 59999999 301
nn2 60000000 60099999 507
nn2 60100000 60199999 526
nn2 60200000 60299999 257
nn2 60300000 60399999 480
nn2 60400000 60499999 445
nn2 60500000 60599999 537
nn2 60600000 60699999 250
nn2 60700000 60799999 701
nn2 60800000 60899999 477
nn2 60900000 60999999 555
nn2 61000000 61099999 164
nn2 61100000 61199999 453
nn2 61200000 61299999 438
nn2 61300000 61399999 357
nn2 61400000 61499999 666
nn2 61500000 61599999 338
nn2 61600000 61699999 329
nn2 61700000 61799999 400
nn2 61800000 61899999 378
nn2 61900000 61999999 507
nn2 62000000 62099999 363
nn2 62100000 62199999 381
nn2 62200000 62299999 482
nn2 62300000 62399999 422
nn2 62400000 62499999 655
nn2 62500000 62599999 576
nn2 62600000 62699999 562
nn2 62700000 62799999 501
nn2 62800000 62899999 478
nn2 62900000 62999999 435
nn2 63000000 63099999 740
nn2 63100000 63199999 441
nn2 63200000 63299999 377
nn2 63300000 63399999 595
nn2 63400000 63499999 391
nn2 63500000 63599999 558
nn2 63600000 63699999 720
nn2 63700000 63799999 560
nn2 63800000 63899999 588
nn2 63900000 63999999 437
nn2 64000000 64099999 274
nn2 64100000 64199999 545
nn2 64200000 64299999 457
nn2 64300000 64399999 413
nn2 64400000 64499999 621
nn2 64500000 64599999 495
nn2 64600000 64699999 377
nn2 64700000 64799999 581
nn2 64800000 64899999 340
nn2 64900000 64999999 351
nn2 65000000 65099999 550
nn2 65100000 65199999 293
nn2 65200000 65299999 402
nn2 65300000 65399999 569
nn2 65400000 65499999 352
nn2 65500000 65599999 554
nn2 65600000 65699999 712
nn2 65700000 65799999 298
nn2 65800000 65899999 382
nn2 65900000 65999999 458
nn2 66000000 66099999 422
nn2 66100000 66199999 632
nn2 66200000 66299999 456
nn2 66300000 66399999 479
nn2 66400000 66499999 630
nn2 66500000 66599999 373
nn2 66600000 66699999 460
nn2 66700000 66799999 524
nn2 66800000 66899999 444
nn2 66900000 66999999 478
nn2 67000000 67099999 543
nn2 67100000 67199999 512
nn2 67200000 67299999 353
nn2 67300000 67399999 370
nn2 67400000 67499999 321
nn2 67500000 67599999 284
nn2 67600000 67699999 331
nn2 67700000 67799999 333
nn2 67800000 67899999 646
nn2 67900000 67999999 458
nn2 68000000 68099999 413
nn2 68100000 68199999 438
nn2 68200000 68299999 394
nn2 68300000 68399999 545
nn2 68400000 68499999 554
nn2 68500000 68599999 430
nn2 68600000 68699999 417
nn2 68700000 68799999 469
nn2 68800000 68899999 441
nn2 68900000 68999999 630
nn2 69000000 69099999 515
nn2 69100000 69199999 298
nn2 69200000 69299999 574
nn2 69300000 69399999 639
nn2 69400000 69499999 421
nn2 69500000 69599999 437
nn2 69600000 69699999 461
nn2 69700000 69799999 625
nn2 69800000 69899999 524
nn2 69900000 69999999 383
nn2 70000000 70099999 682
nn2 70100000 70199999 471
nn2 70200000 70299999 619
nn2 70300000 70399999 541
nn2 70400000 70499999 330
nn2 70500000 70599999 472
nn2 70600000 70699999 612
nn2 70700000 70799999 182
nn2 70800000 70899999 376
nn2 70900000 70999999 500
nn2 71000000 71099999 553
nn2 71100000 71199999 388
nn2 71200000 71299999 504
nn2 71300000 71399999 521
nn2 71400000 71499999 491
nn2 71500000 71599999 416
nn2 71600000 71699999 276
nn2 71700000 71799999 512
nn2 71800000 71899999 487
nn2 71900000 71999999 330
nn2 72000000 72099999 333
nn2 72100000 72199999 404
nn2 72200000 72299999 306
nn2 72300000 72399999 470
nn2 72400000 72499999 529
nn2 72500000 72599999 267
nn2 72600000 72699999 229
nn2 72700000 72799999 297
nn2 72800000 72899999 348
nn2 72900000 72999999 553
nn2 73000000 73099999 635
nn2 73100000 73199999 553
nn2 73200000 73299999 235
nn2 73300000 73399999 499
nn2 73400000 73499999 402
nn2 73500000 73599999 416
nn2 73600000 73699999 386
nn2 73700000 73799999 292
nn2 73800000 73899999 350
nn2 73900000 73999999 300
nn2 74000000 74099999 565
nn2 74100000 74199999 350
nn2 74200000 74299999 538
nn2 74300000 74399999 370
nn2 74400000 74499999 444
nn2 74500000 74599999 492
nn2 74600000 74699999 390
nn2 74700000 74799999 563
nn2 74800000 74899999 338
nn2 74900000 74999999 250
nn2 75000000 75099999 225
nn2 75100000 75199999 275
nn2 75200000 75299999 291
nn2 75300000 75399999 601
nn2 75400000 75499999 343
nn2 75500000 75599999 385
nn2 75600000 75699999 340
nn2 75700000 75799999 379
nn2 75800000 75899999 337
nn2 75900000 75999999 459
nn2 76000000 76099999 561
nn2 76100000 76199999 437
nn2 76200000 76299999 620
nn2 76300000 76399999 512
nn2 76400000 76499999 476
nn2 76500000 76599999 545
nn2 76600000 76699999 383
nn2 76700000 76799999 288
nn2 76800000 76899999 502
nn2 76900000 76999999 587
nn2 77000000 77099999 655
nn2 77100000 77199999 316
nn2 77200000 77299999 447
nn2 77300000 77399999 308
nn2 77400000 77499999 761
nn2 77500000 77599999 493
nn2 77600000 77699999 401
nn2 77700000 77799999 354
nn2 77800000 77899999 454
nn2 77900000 77999999 359
nn2 78000000 78099999 512
nn2 78100000 78199999 444
nn2 78200000 78299999 376
nn2 78300000 78399999 660
nn2 78400000 78499999 225
nn2 78500000 78599999 431
nn2 78600000 78699999 479
nn2 78700000 78799999 518
nn2 78800000 78899999 392
nn2 78900000 78999999 555
nn2 79000000 79099999 334
nn2 79100000 79199999 412
nn2 79200000 79299999 565
nn2 79300000 79399999 717
nn2 79400000 79499999 554
nn2 79500000 79599999 312
nn2 79600000 79699999 413
nn2 79700000 79799999 456
nn2 79800000 79899999 466
nn2 79900000 79999999 515
nn2 80000000 80099999 284
nn2 80100000 80199999 252
nn2 80200000 80299999 391
nn2 80300000 80399999 487
nn2 80400000 80499999 474
nn2 80500000 80599999 352
nn2 80600000 80699999 325
nn2 80700000 80799999 596
nn2 80800000 80899999 241
nn2 80900000 80999999 535
nn2 81000000 81099999 301
nn2 81100000 81199999 608
nn2 81200000 81299999 576
nn2 81300000 81399999 324
nn2 81400000 81499999 371
nn2 81500000 81599999 330
nn2 81600000 81699999 285
nn2 81700000 81799999 293
nn2 81800000 81899999 304
nn2 81900000 81999999 351
nn2 82000000 82099999 509
nn2 82100000 82199999 496
nn2 82200000 82299999 389
nn2 82300000 82399999 271
nn2 82400000 82499999 413
nn2 82500000 82599999 407
nn2 82600000 82699999 589
nn2 82700000 82799999 450
nn2 82800000 82899999 361
nn2 82900000 82999999 444
nn2 83000000 83099999 536
nn2 83100000 83199999 414
nn2 83200000 83299999 438
nn2 83300000 83399999 370
nn2 83400000 83499999 382
nn2 83500000 83599999 499
nn2 83600000 83699999 315
nn2 83700000 83799999 490
nn2 83800000 83899999 206
nn2 83900000 83999999 255
nn2 84000000 84099999 335
nn2 84100000 84199999 465
nn2 84200000 84299999 434
nn2 84300000 84399999 249
nn2 84400000 84499999 391
nn2 84500000 84599999 351
nn2 84600000 84699999 212
nn2 84700000 84799999 334
nn2 84800000 84899999 425
nn2 84900000 84999999 438
nn2 85000000 85099999 408
nn2 85100000 85199999 404
nn2 85200000 85299999 385
nn2 85300000 85399999 495
nn2 85400000 85499999 378
nn2 85500000 85599999 226
nn2 85600000 85699999 324
nn2 85700000 85799999 223
nn2 85800000 85899999 508
nn2 85900000 85999999 452
nn2 86000000 86099999 632
nn2 86100000 86199999 541
nn2 86200000 86299999 301
nn2 86300000 86399999 255
nn2 86400000 86499999 544
nn2 86500000 86599999 376
nn2 86600000 86699999 288
nn2 86700000 86799999 450
nn2 86800000 86899999 532
nn2 86900000 86999999 259
nn2 87000000 87099999 457
nn2 87100000 87199999 629
nn2 87200000 87299999 409
nn2 87300000 87399999 504
nn2 87400000 87499999 507
nn2 87500000 87599999 496
nn2 87600000 87699999 368
nn2 87700000 87799999 361
nn2 87800000 87899999 374
nn2 87900000 87999999 377
nn2 88000000 88099999 406
nn2 88100000 88199999 454
nn2 88200000 88299999 549
nn2 88300000 88399999 411
nn2 88400000 88499999 323
nn2 88500000 88599999 387
nn2 88600000 88699999 336
nn2 88700000 88799999 667
nn2 88800000 88899999 352
nn2 88900000 88999999 495
nn2 89000000 89099999 749
nn2 89100000 89199999 384
nn2 89200000 89299999 560
nn2 89300000 89399999 571
nn2 89400000 89499999 445
nn2 89500000 89599999 225
nn2 89600000 89699999 665
nn2 89700000 89799999 732
nn2 89800000 89899999 584
nn2 89900000 89999999 490
nn2 90000000 90099999 422
nn2 90100000 90199999 473
nn2 90200000 90299999 519
nn2 90300000 90399999 405
nn2 90400000 90499999 304
nn2 90500000 90599999 445
nn2 90600000 90699999 456
nn2 90700000 90799999 613
nn2 90800000 90899999 566
nn2 90900000 90999999 537
nn2 91000000 91099999 460
nn2 91100000 91199999 506
nn2 91200000 91299999 453
nn2 91300000 91399999 273
nn2 91400000 91499999 311
nn2 91500000 91599999 186
nn2 91600000 91699999 549
nn2 91700000 91799999 146
nn2 91800000 91899999 342
nn2 91900000 91999999 481
nn2 92000000 92099999 407
nn2 92100000 92199999 457
nn2 92200000 92299999 346
nn2 92300000 92399999 442
nn2 92400000 92499999 412
nn2 92500000 92599999 505
nn2 92600000 92699999 395
nn2 92700000 92799999 371
nn2 92800000 92899999 534
nn2 92900000 92999999 456
nn2 93000000 93099999 572
nn2 93100000 93199999 261
nn2 93200000 93299999 255
nn2 93300000 93399999 301
nn2 93400000 93499999 320
nn2 93500000 93599999 348
nn2 93600000 93699999 407
nn2 93700000 93799999 292
nn2 93800000 93899999 395
nn2 93900000 93999999 339
nn2 94000000 94099999 361
nn2 94100000 94199999 695
nn2 94200000 94299999 223
nn2 94300000 94399999 472
nn2 94400000 94499999 206
nn2 94500000 94599999 500
nn2 94600000 94699999 795
nn2 94700000 94799999 914
nn2 94800000 94899999 1366
nn2 94900000 94999999 207
nn2 95000000 95099999 234
nn2 95100000 95199999 249
nn2 95200000 95299999 153
nn2 95300000 95399999 1244
nn2 95400000 95499999 365
nn2 95500000 95599999 189
nn2 95600000 95699999 243
nn2 95700000 95799999 699
nn2 95800000 95899999 417
nn2 95900000 95999999 509
nn2 96000000 96099999 2817
nn2 96100000 96199999 460
nn2 96200000 96299999 558
nn2 96300000 96399999 689
nn2 96400000 96499999 478
nn2 96500000 96599999 377
nn2 96600000 96699999 182
nn2 96700000 96799999 206
nn2 96800000 96899999 327
nn2 96900000 96999999 446
nn2 97000000 97069654 303
nn2a 0 99999 223
nn2a 100000 199999 122
nn2a 200000 299999 135
nn2a 300000 399999 50
nn2a 400000 499999 98
nn2a 500000 599999 291
nn2a 600000 699999 132
nn2a 700000 799999 127
nn2a 800000 899999 382
nn2a 900000 999999 348
nn2a 1000000 1099999 254
nn2a 1100000 1199999 560
nn2a 1200000 1299999 318
nn2a 1300000 1399999 454
nn2a 1400000 1499999 218
nn2a 1500000 1599999 411
nn2a 1600000 1699999 295
nn2a 1700000 1799999 537
nn2a 1800000 1899999 325
nn2a 1900000 1999999 326
nn2a 2000000 2099999 219
nn2a 2100000 2199999 302
nn2a 2200000 2299999 522
nn2a 2300000 2399999 439
nn2a 2400000 2499999 173
nn2a 2500000 2599999 151
nn2a 2600000 2699999 459
nn2a 2700000 2799999 450
nn2a 2800000 2899999 353
nn2a 2900000 2999999 625
nn2a 3000000 3099999 264
nn2a 3100000 3199999 598
nn2a 3200000 3299999 541
nn2a 3300000 3399999 456
nn2a 3400000 3499999 418
nn2a 3500000 3599999 403
nn2a 3600000 3699999 420
nn2a 3700000 3799999 532
nn2a 3800000 3899999 465
nn2a 3900000 3999999 282
nn2a 4000000 4099999 405
nn2a 4100000 4199999 152
nn2a 4200000 4299999 279
nn2a 4300000 4399999 409
nn2a 4400000 4499999 205
nn2a 4500000 4599999 465
nn2a 4600000 4699999 236
nn2a 4700000 4799999 461
nn2a 4800000 4899999 363
nn2a 4900000 4999999 176
nn2a 5000000 5099999 261
nn2a 5100000 5199999 427
nn2a 5200000 5299999 522
nn2a 5300000 5399999 301
nn2a 5400000 5499999 386
nn2a 5500000 5599999 536
nn2a 5600000 5699999 378
nn2a 5700000 5799999 468
nn2a 5800000 5899999 351
nn2a 5900000 5999999 402
nn2a 6000000 6099999 168
nn2a 6100000 6199999 549
nn2a 6200000 6299999 322
nn2a 6300000 6399999 232
nn2a 6400000 6499999 433
nn2a 6500000 6599999 351
nn2a 6600000 6699999 310
nn2a 6700000 6799999 374
nn2a 6800000 6899999 354
nn2a 6900000 6999999 370
nn2a 7000000 7099999 365
nn2a 7100000 7199999 572
nn2a 7200000 7299999 249
nn2a 7300000 7399999 357
nn2a 7400000 7499999 335
nn2a 7500000 7599999 482
nn2a 7600000 7699999 420
nn2a 7700000 7799999 534
nn2a 7800000 7899999 413
nn2a 7900000 7999999 354
nn2a 8000000 8099999 524
nn2a 8100000 8199999 226
nn2a 8200000 8299999 335
nn2a 8300000 8399999 638
nn2a 8400000 8499999 484
nn2a 8500000 8599999 354
nn2a 8600000 8699999 452
nn2a 8700000 8799999 403
nn2a 8800000 8899999 383
nn2a 8900000 8999999 526
nn2a 9000000 9099999 561
nn2a 9100000 9199999 456
nn2a 9200000 9299999 322
nn2a 9300000 9399999 564
nn2a 9400000 9499999 446
nn2a 9500000 9599999 444
nn2a 9600000 9699999 500
nn2a 9700000 9799999 416
nn2a 9800000 9899999 444
nn2a 9900000 9999999 571
nn2a 10000000 10099999 569
nn2a 10100000 10199999 500
nn2a 10200000 10299999 252
nn2a 10300000 10399999 326
nn2a 10400000 10499999 487
nn2a 10500000 10599999 522
nn2a 10600000 10699999 426
nn2a 10700000 10799999 500
nn2a 10800000 10899999 640
nn2a 10900000 10999999 369
nn2a 11000000 11099999 573
nn2a 11100000 11199999 406
nn2a 11200000 11299999 494
nn2a 11300000 11399999 462
nn2a 11400000 11499999 497
nn2a 11500000 11599999 748
nn2a 11600000 11699999 405
nn2a 11700000 11799999 426
nn2a 11800000 11899999 326
nn2a 11900000 11999999 517
nn2a 12000000 12099999 322
nn2a 12100000 12199999 531
nn2a 12200000 12299999 483
nn2a 12300000 12399999 581
nn2a 12400000 12499999 658
nn2a 12500000 12599999 324
nn2a 12600000 12699999 810
nn2a 12700000 12799999 451
nn2a 12800000 12899999 499
nn2a 12900000 12999999 324
nn2a 13000000 13099999 262
nn2a 13100000 13199999 273
nn2a 13200000 13299999 390
nn2a 13300000 13399999 603
nn2a 13400000 13499999 344
nn2a 13500000 13599999 319
nn2a 13600000 13699999 459
nn2a 13700000 13799999 374
nn2a 13800000 13899999 543
nn2a 13900000 13999999 433
nn2a 14000000 14099999 449
nn2a 14100000 14199999 525
nn2a 14200000 14299999 355
nn2a 14300000 14399999 303
nn2a 14400000 14499999 175
nn2a 14500000 14599999 416
nn2a 14600000 14699999 301
nn2a 14700000 14799999 405
nn2a 14800000 14899999 363
nn2a 14900000 14999999 354
nn2a 15000000 15099999 471
nn2a 15100000 15199999 369
nn2a 15200000 15299999 700
nn2a 15300000 15399999 562
nn2a 15400000 15499999 615
nn2a 15500000 15599999 446
nn2a 15600000 15699999 292
nn2a 15700000 15799999 435
nn2a 15800000 15899999 361
nn2a 15900000 15999999 414
nn2a 16000000 16099999 482
nn2a 16100000 16199999 327
nn2a 16200000 16299999 611
nn2a 16300000 16399999 277
nn2a 16400000 16499999 487
nn2a 16500000 16599999 296
nn2a 16600000 16699999 337
nn2a 16700000 16799999 325
nn2a 16800000 16899999 489
nn2a 16900000 16999999 237
nn2a 17000000 17099999 233
nn2a 17100000 17199999 539
nn2a 17200000 17299999 295
nn2a 17300000 17399999 359
nn2a 17400000 17499999 512
nn2a 17500000 17599999 559
nn2a 17600000 17699999 308
nn2a 17700000 17799999 416
nn2a 17800000 17899999 548
nn2a 17900000 17999999 401
nn2a 18000000 18099999 526
nn2a 18100000 18199999 441
nn2a 18200000 18299999 362
nn2a 18300000 18399999 353
nn2a 18400000 18499999 422
nn2a 18500000 18599999 539
nn2a 18600000 18699999 406
nn2a 18700000 18799999 606
nn2a 18800000 18899999 559
nn2a 18900000 18999999 611
nn2a 19000000 19099999 206
nn2a 19100000 19199999 352
nn2a 19200000 19299999 564
nn2a 19300000 19399999 457
nn2a 19400000 19499999 532
nn2a 19500000 19599999 592
nn2a 19600000 19699999 401
nn2a 19700000 19799999 497
nn2a 19800000 19899999 610
nn2a 19900000 19999999 373
nn2a 20000000 20099999 428
nn2a 20100000 20199999 502
nn2a 20200000 20299999 363
nn2a 20300000 20399999 634
nn2a 20400000 20499999 288
nn2a 20500000 20599999 424
nn2a 20600000 20699999 454
nn2a 20700000 20799999 451
nn2a 20800000 20899999 644
nn2a 20900000 20999999 495
nn2a 21000000 21099999 348
nn2a 21100000 21199999 452
nn2a 21200000 21299999 396
nn2a 21300000 21399999 470
nn2a 21400000 21499999 410
nn2a 21500000 21599999 562
nn2a 21600000 21699999 312
nn2a 21700000 21799999 544
nn2a 21800000 21899999 642
nn2a 21900000 21999999 477
nn2a 22000000 22099999 476
nn2a 22100000 22199999 295
nn2a 22200000 22299999 516
nn2a 22300000 22399999 462
nn2a 22400000 22499999 468
nn2a 22500000 22599999 320
nn2a 22600000 22699999 599
nn2a 22700000 22799999 361
nn2a 22800000 22899999 419
nn2a 22900000 22999999 615
nn2a 23000000 23099999 335
nn2a 23100000 23199999 624
nn2a 23200000 23299999 378
nn2a 23300000 23399999 427
nn2a 23400000 23499999 478
nn2a 23500000 23599999 347
nn2a 23600000 23699999 334
nn2a 23700000 23799999 579
nn2a 23800000 23899999 431
nn2a 23900000 23999999 377
nn2a 24000000 24099999 344
nn2a 24100000 24199999 432
nn2a 24200000 24299999 442
nn2a 24300000 24399999 435
nn2a 24400000 24499999 534
nn2a 24500000 24599999 551
nn2a 24600000 24699999 275
nn2a 24700000 24799999 333
nn2a 24800000 24899999 456
nn2a 24900000 24999999 277
nn2a 25000000 25099999 485
nn2a 25100000 25199999 445
nn2a 25200000 25299999 518
nn2a 25300000 25399999 543
nn2a 25400000 25499999 394
nn2a 25500000 25599999 660
nn2a 25600000 25699999 640
nn2a 25700000 25799999 508
nn2a 25800000 25899999 334
nn2a 25900000 25999999 479
nn2a 26000000 26099999 444
nn2a 26100000 26199999 435
nn2a 26200000 26299999 300
nn2a 26300000 26399999 320
nn2a 26400000 26499999 599
nn2a 26500000 26599999 381
nn2a 26600000 26699999 465
nn2a 26700000 26799999 389
nn2a 26800000 26899999 694
nn2a 26900000 26999999 464
nn2a 27000000 27099999 405
nn2a 27100000 27199999 369
nn2a 27200000 27299999 523
nn2a 27300000 27399999 594
nn2a 27400000 27499999 623
nn2a 27500000 27599999 469
nn2a 27600000 27699999 378
nn2a 27700000 27799999 354
nn2a 27800000 27899999 416
nn2a 27900000 27999999 358
nn2a 28000000 28099999 543
nn2a 28100000 28199999 386
nn2a 28200000 28299999 558
nn2a 28300000 28399999 451
nn2a 28400000 28499999 476
nn2a 28500000 28599999 559
nn2a 28600000 28699999 443
nn2a 28700000 28799999 410
nn2a 28800000 28899999 343
nn2a 28900000 28999999 785
nn2a 29000000 29099999 495
nn2a 29100000 29199999 657
nn2a 29200000 29299999 752
nn2a 29300000 29399999 244
nn2a 29400000 29499999 425
nn2a 29500000 29599999 500
nn2a 29600000 29699999 314
nn2a 29700000 29799999 499
nn2a 29800000 29899999 380
nn2a 29900000 29999999 544
nn2a 30000000 30099999 450
nn2a 30100000 30199999 585
nn2a 30200000 30299999 535
nn2a 30300000 30399999 551
nn2a 30400000 30499999 361
nn2a 30500000 30599999 479
nn2a 30600000 30699999 383
nn2a 30700000 30799999 363
nn2a 30800000 30899999 372
nn2a 30900000 30999999 332
nn2a 31000000 31099999 446
nn2a 31100000 31199999 363
nn2a 31200000 31299999 354
nn2a 31300000 31399999 454
nn2a 31400000 31499999 410
nn2a 31500000 31599999 656
nn2a 31600000 31699999 485
nn2a 31700000 31799999 413
nn2a 31800000 31899999 471
nn2a 31900000 31999999 340
nn2a 32000000 32099999 371
nn2a 32100000 32199999 416
nn2a 32200000 32299999 600
nn2a 32300000 32399999 352
nn2a 32400000 32499999 278
nn2a 32500000 32599999 476
nn2a 32600000 32699999 266
nn2a 32700000 32799999 478
nn2a 32800000 32899999 579
nn2a 32900000 32999999 408
nn2a 33000000 33099999 227
nn2a 33100000 33199999 254
nn2a 33200000 33299999 452
nn2a 33300000 33399999 508
nn2a 33400000 33499999 411
nn2a 33500000 33599999 294
nn2a 33600000 33699999 275
nn2a 33700000 33799999 535
nn2a 33800000 33899999 350
nn2a 33900000 33999999 425
nn2a 34000000 34099999 317
nn2a 34100000 34199999 313
nn2a 34200000 34299999 360
nn2a 34300000 34399999 427
nn2a 34400000 34499999 402
nn2a 34500000 34599999 394
nn2a 34600000 34699999 528
nn2a 34700000 34799999 452
nn2a 34800000 34899999 675
nn2a 34900000 34999999 475
nn2a 35000000 35099999 551
nn2a 35100000 35199999 441
nn2a 35200000 35299999 513
nn2a 35300000 35399999 432
nn2a 35400000 35499999 357
nn2a 35500000 35599999 429
nn2a 35600000 35699999 608
nn2a 35700000 35799999 465
nn2a 35800000 35899999 531
nn2a 35900000 35999999 509
nn2a 36000000 36099999 530
nn2a 36100000 36199999 599
nn2a 36200000 36299999 558
nn2a 36300000 36399999 577
nn2a 36400000 36499999 533
nn2a 36500000 36599999 500
nn2a 36600000 36699999 309
nn2a 36700000 36799999 267
nn2a 36800000 36899999 363
nn2a 36900000 36999999 757
nn2a 37000000 37099999 433
nn2a 37100000 37199999 356
nn2a 37200000 37299999 498
nn2a 37300000 37399999 517
nn2a 37400000 37499999 495
nn2a 37500000 37599999 401
nn2a 37600000 37699999 443
nn2a 37700000 37799999 276
nn2a 37800000 37899999 517
nn2a 37900000 37999999 355
nn2a 38000000 38099999 150
nn2a 38100000 38199999 254
nn2a 38200000 38299999 558
nn2a 38300000 38399999 537
nn2a 38400000 38499999 401
nn2a 38500000 38599999 478
nn2a 38600000 38699999 472
nn2a 38700000 38799999 462
nn2a 38800000 38899999 442
nn2a 38900000 38999999 407
nn2a 39000000 39099999 502
nn2a 39100000 39199999 460
nn2a 39200000 39299999 394
nn2a 39300000 39399999 257
nn2a 39400000 39499999 324
nn2a 39500000 39599999 544
nn2a 39600000 39699999 570
nn2a 39700000 39799999 299
nn2a 39800000 39899999 527
nn2a 39900000 39999999 409
nn2a 40000000 40099999 579
nn2a 40100000 40199999 322
nn2a 40200000 40299999 308
nn2a 40300000 40399999 440
nn2a 40400000 40499999 274
nn2a 40500000 40599999 379
nn2a 40600000 40699999 196
nn2a 40700000 40799999 352
nn2a 40800000 40899999 420
nn2a 40900000 40999999 754
nn2a 41000000 41099999 487
nn2a 41100000 41199999 371
nn2a 41200000 41299999 496
nn2a 41300000 41399999 431
nn2a 41400000 41499999 530
nn2a 41500000 41599999 283
nn2a 41600000 41699999 334
nn2a 41700000 41799999 434
nn2a 41800000 41899999 601
nn2a 41900000 41999999 494
nn2a 42000000 42099999 223
nn2a 42100000 42199999 157
nn2a 42200000 42299999 404
nn2a 42300000 42399999 200
nn2a 42400000 42499999 181
nn2a 42500000 42599999 412
nn2a 42600000 42699999 306
nn2a 42700000 42799999 334
nn2a 42800000 42899999 266
nn2a 42900000 42999999 448
nn2a 43000000 43099999 509
nn2a 43100000 43199999 346
nn2a 43200000 43299999 441
nn2a 43300000 43399999 282
nn2a 43400000 43499999 386
nn2a 43500000 43599999 218
nn2a 43600000 43699999 350
nn2a 43700000 43799999 415
nn2a 43800000 43899999 406
nn2a 43900000 43999999 285
nn2a 44000000 44099999 318
nn2a 44100000 44199999 382
nn2a 44200000 44299999 372
nn2a 44300000 44399999 310
nn2a 44400000 44499999 533
nn2a 44500000 44599999 346
nn2a 44600000 44699999 382
nn2a 44700000 44799999 306
nn2a 44800000 44899999 389
nn2a 44900000 44999999 401
nn2a 45000000 45099999 443
nn2a 45100000 45199999 388
nn2a 45200000 45299999 420
nn2a 45300000 45399999 406
nn2a 45400000 45499999 440
nn2a 45500000 45599999 359
nn2a 45600000 45699999 556
nn2a 45700000 45799999 524
nn2a 45800000 45899999 433
nn2a 45900000 45999999 395
nn2a 46000000 46099999 510
nn2a 46100000 46199999 436
nn2a 46200000 46299999 402
nn2a 46300000 46399999 362
nn2a 46400000 46499999 565
nn2a 46500000 46599999 484
nn2a 46600000 46699999 258
nn2a 46700000 46799999 490
nn2a 46800000 46899999 295
nn2a 46900000 46999999 356
nn2a 47000000 47099999 420
nn2a 47100000 47199999 532
nn2a 47200000 47299999 594
nn2a 47300000 47399999 680
nn2a 47400000 47499999 243
nn2a 47500000 47599999 618
nn2a 47600000 47699999 420
nn2a 47700000 47799999 654
nn2a 47800000 47899999 422
nn2a 47900000 47999999 455
nn2a 48000000 48099999 424
nn2a 48100000 48199999 680
nn2a 48200000 48299999 422
nn2a 48300000 48399999 365
nn2a 48400000 48499999 437
nn2a 48500000 48599999 203
nn2a 48600000 48699999 390
nn2a 48700000 48799999 325
nn2a 48800000 48899999 533
nn2a 48900000 48999999 613
nn2a 49000000 49099999 460
nn2a 49100000 49199999 469
nn2a 49200000 49299999 432
nn2a 49300000 49399999 520
nn2a 49400000 49499999 379
nn2a 49500000 49599999 447
nn2a 49600000 49699999 496
nn2a 49700000 49799999 280
nn2a 49800000 49899999 393
nn2a 49900000 49999999 544
nn2a 50000000 50099999 435
nn2a 50100000 50199999 319
nn2a 50200000 50299999 504
nn2a 50300000 50399999 431
nn2a 50400000 50499999 276
nn2a 50500000 50599999 328
nn2a 50600000 50699999 288
nn2a 50700000 50799999 275
nn2a 50800000 50899999 457
nn2a 50900000 50999999 541
nn2a 51000000 51099999 274
nn2a 51100000 51199999 438
nn2a 51200000 51299999 386
nn2a 51300000 51399999 454
nn2a 51400000 51499999 262
nn2a 51500000 51599999 2021
nn2a 51600000 51699999 4277
nn2a 51700000 51799999 3345
nn2a 51800000 51899999 1640
nn2a 51900000 51999999 406
nn2a 52000000 52099999 304
nn2a 52100000 52199999 304
nn2a 52200000 52299999 105
nn2a 52300000 52355976 128
nn3 0 99999 144
nn3 100000 199999 471
nn3 200000 299999 350
nn3 300000 399999 442
nn3 400000 499999 319
nn3 500000 599999 317
nn3 600000 699999 287
nn3 700000 799999 419
nn3 800000 899999 358
nn3 900000 999999 370
nn3 1000000 1099999 125
nn3 1100000 1199999 433
nn3 1200000 1299999 399
nn3 1300000 1399999 363
nn3 1400000 1499999 392
nn3 1500000 1599999 541
nn3 1600000 1699999 489
nn3 1700000 1799999 442
nn3 1800000 1899999 477
nn3 1900000 1999999 304
nn3 2000000 2099999 224
nn3 2100000 2199999 291
nn3 2200000 2299999 414
nn3 2300000 2399999 408
nn3 2400000 2499999 383
nn3 2500000 2599999 450
nn3 2600000 2699999 481
nn3 2700000 2799999 521
nn3 2800000 2899999 500
nn3 2900000 2999999 420
nn3 3000000 3099999 433
nn3 3100000 3199999 371
nn3 3200000 3299999 475
nn3 3300000 3399999 203
nn3 3400000 3499999 248
nn3 3500000 3599999 426
nn3 3600000 3699999 408
nn3 3700000 3799999 322
nn3 3800000 3899999 176
nn3 3900000 3999999 372
nn3 4000000 4099999 499
nn3 4100000 4199999 241
nn3 4200000 4299999 449
nn3 4300000 4399999 541
nn3 4400000 4499999 173
nn3 4500000 4599999 487
nn3 4600000 4699999 524
nn3 4700000 4799999 243
nn3 4800000 4899999 277
nn3 4900000 4999999 222
nn3 5000000 5099999 269
nn3 5100000 5199999 341
nn3 5200000 5299999 204
nn3 5300000 5399999 479
nn3 5400000 5499999 250
nn3 5500000 5599999 196
nn3 5600000 5699999 195
nn3 5700000 5799999 125
nn3 5800000 5899999 227
nn3 5900000 5999999 155
nn3 6000000 6099999 231
nn3 6100000 6199999 251
nn3 6200000 6299999 158
nn3 6300000 6399999 315
nn3 6400000 6499999 123
nn3 6500000 6599999 73
nn3 6600000 6699999 204
nn3 6700000 6799999 485
nn3 6800000 6899999 397
nn3 6900000 6999999 398
nn3 7000000 7099999 382
nn3 7100000 7199999 614
nn3 7200000 7299999 374
nn3 7300000 7399999 340
nn3 7400000 7499999 362
nn3 7500000 7599999 400
nn3 7600000 7699999 541
nn3 7700000 7799999 210
nn3 7800000 7899999 393
nn3 7900000 7999999 778
nn3 8000000 8099999 322
nn3 8100000 8199999 397
nn3 8200000 8299999 408
nn3 8300000 8399999 370
nn3 8400000 8499999 389
nn3 8500000 8599999 568
nn3 8600000 8699999 459
nn3 8700000 8799999 304
nn3 8800000 8899999 362
nn3 8900000 8999999 519
nn3 9000000 9099999 411
nn3 9100000 9199999 299
nn3 9200000 9299999 491
nn3 9300000 9399999 0
nn3 9400000 9499999 225
nn3 9500000 9599999 349
nn3 9600000 9699999 433
nn3 9700000 9799999 614
nn3 9800000 9899999 492
nn3 9900000 9999999 563
nn3 10000000 10099999 557
nn3 10100000 10199999 383
nn3 10200000 10299999 421
nn3 10300000 10399999 320
nn3 10400000 10499999 451
nn3 10500000 10599999 445
nn3 10600000 10699999 389
nn3 10700000 10799999 657
nn3 10800000 10899999 370
nn3 10900000 10999999 462
nn3 11000000 11099999 398
nn3 11100000 11199999 436
nn3 11200000 11299999 599
nn3 11300000 11399999 574
nn3 11400000 11499999 346
nn3 11500000 11599999 588
nn3 11600000 11699999 434
nn3 11700000 11799999 509
nn3 11800000 11899999 276
nn3 11900000 11999999 437
nn3 12000000 12099999 485
nn3 12100000 12199999 552
nn3 12200000 12299999 376
nn3 12300000 12399999 635
nn3 12400000 12499999 557
nn3 12500000 12599999 320
nn3 12600000 12699999 640
nn3 12700000 12799999 363
nn3 12800000 12899999 275
nn3 12900000 12999999 472
nn3 13000000 13099999 453
nn3 13100000 13199999 400
nn3 13200000 13299999 497
nn3 13300000 13399999 455
nn3 13400000 13499999 359
nn3 13500000 13599999 453
nn3 13600000 13699999 424
nn3 13700000 13799999 528
nn3 13800000 13899999 329
nn3 13900000 13999999 433
nn3 14000000 14099999 420
nn3 14100000 14199999 381
nn3 14200000 14299999 483
nn3 14300000 14399999 101
nn3 14400000 14499999 354
nn3 14500000 14599999 349
nn3 14600000 14699999 235
nn3 14700000 14799999 280
nn3 14800000 14899999 453
nn3 14900000 14999999 358
nn3 15000000 15099999 428
nn3 15100000 15199999 319
nn3 15200000 15299999 282
nn3 15300000 15399999 389
nn3 15400000 15499999 485
nn3 15500000 15599999 489
nn3 15600000 15699999 468
nn3 15700000 15799999 535
nn3 15800000 15899999 573
nn3 15900000 15999999 625
nn3 16000000 16099999 432
nn3 16100000 16199999 425
nn3 16200000 16299999 302
nn3 16300000 16399999 428
nn3 16400000 16499999 535
nn3 16500000 16599999 427
nn3 16600000 16699999 446
nn3 16700000 16799999 324
nn3 16800000 16899999 307
nn3 16900000 16999999 497
nn3 17000000 17099999 531
nn3 17100000 17199999 562
nn3 17200000 17299999 582
nn3 17300000 17399999 449
nn3 17400000 17499999 248
nn3 17500000 17599999 313
nn3 17600000 17699999 541
nn3 17700000 17799999 278
nn3 17800000 17899999 329
nn3 17900000 17999999 859
nn3 18000000 18099999 519
nn3 18100000 18199999 510
nn3 18200000 18299999 308
nn3 18300000 18399999 645
nn3 18400000 18499999 402
nn3 18500000 18599999 462
nn3 18600000 18699999 505
nn3 18700000 18799999 410
nn3 18800000 18899999 454
nn3 18900000 18999999 597
nn3 19000000 19099999 291
nn3 19100000 19199999 479
nn3 19200000 19299999 470
nn3 19300000 19399999 384
nn3 19400000 19499999 327
nn3 19500000 19599999 510
nn3 19600000 19699999 471
nn3 19700000 19799999 312
nn3 19800000 19899999 394
nn3 19900000 19999999 615
nn3 20000000 20099999 441
nn3 20100000 20199999 544
nn3 20200000 20299999 462
nn3 20300000 20399999 531
nn3 20400000 20499999 459
nn3 20500000 20599999 481
nn3 20600000 20699999 324
nn3 20700000 20799999 464
nn3 20800000 20899999 431
nn3 20900000 20999999 486
nn3 21000000 21099999 582
nn3 21100000 21199999 252
nn3 21200000 21299999 534
nn3 21300000 21399999 514
nn3 21400000 21499999 276
nn3 21500000 21599999 554
nn3 21600000 21699999 464
nn3 21700000 21799999 354
nn3 21800000 21899999 669
nn3 21900000 21999999 351
nn3 22000000 22099999 295
nn3 22100000 22199999 652
nn3 22200000 22299999 411
nn3 22300000 22399999 711
nn3 22400000 22499999 314
nn3 22500000 22599999 488
nn3 22600000 22699999 468
nn3 22700000 22799999 502
nn3 22800000 22899999 334
nn3 22900000 22999999 162
nn3 23000000 23099999 211
nn3 23100000 23199999 347
nn3 23200000 23299999 396
nn3 23300000 23399999 360
nn3 23400000 23499999 427
nn3 23500000 23599999 600
nn3 23600000 23699999 624
nn3 23700000 23799999 604
nn3 23800000 23899999 489
nn3 23900000 23999999 600
nn3 24000000 24099999 463
nn3 24100000 24199999 491
nn3 24200000 24299999 235
nn3 24300000 24399999 298
nn3 24400000 24499999 466
nn3 24500000 24599999 436
nn3 24600000 24699999 376
nn3 24700000 24799999 553
nn3 24800000 24899999 354
nn3 24900000 24999999 554
nn3 25000000 25099999 495
nn3 25100000 25199999 545
nn3 25200000 25299999 448
nn3 25300000 25399999 513
nn3 25400000 25499999 672
nn3 25500000 25599999 525
nn3 25600000 25699999 731
nn3 25700000 25799999 393
nn3 25800000 25899999 573
nn3 25900000 25999999 345
nn3 26000000 26099999 489
nn3 26100000 26199999 306
nn3 26200000 26299999 362
nn3 26300000 26399999 448
nn3 26400000 26499999 381
nn3 26500000 26599999 366
nn3 26600000 26699999 339
nn3 26700000 26799999 452
nn3 26800000 26899999 550
nn3 26900000 26999999 413
nn3 27000000 27099999 620
nn3 27100000 27199999 502
nn3 27200000 27299999 718
nn3 27300000 27399999 466
nn3 27400000 27499999 567
nn3 27500000 27599999 542
nn3 27600000 27699999 357
nn3 27700000 27799999 509
nn3 27800000 27899999 434
nn3 27900000 27999999 397
nn3 28000000 28099999 368
nn3 28100000 28199999 538
nn3 28200000 28299999 427
nn3 28300000 28399999 474
nn3 28400000 28499999 354
nn3 28500000 28599999 407
nn3 28600000 28699999 494
nn3 28700000 28799999 368
nn3 28800000 28899999 333
nn3 28900000 28999999 659
nn3 29000000 29099999 562
nn3 29100000 29199999 197
nn3 29200000 29299999 685
nn3 29300000 29399999 242
nn3 29400000 29499999 358
nn3 29500000 29599999 463
nn3 29600000 29699999 540
nn3 29700000 29799999 328
nn3 29800000 29899999 867
nn3 29900000 29999999 598
nn3 30000000 30099999 718
nn3 30100000 30199999 335
nn3 30200000 30299999 501
nn3 30300000 30399999 542
nn3 30400000 30499999 337
nn3 30500000 30599999 384
nn3 30600000 30699999 583
nn3 30700000 30799999 698
nn3 30800000 30899999 384
nn3 30900000 30999999 541
nn3 31000000 31099999 341
nn3 31100000 31199999 587
nn3 31200000 31299999 277
nn3 31300000 31399999 207
nn3 31400000 31499999 535
nn3 31500000 31599999 469
nn3 31600000 31699999 625
nn3 31700000 31799999 376
nn3 31800000 31899999 395
nn3 31900000 31999999 471
nn3 32000000 32099999 357
nn3 32100000 32199999 374
nn3 32200000 32299999 365
nn3 32300000 32399999 581
nn3 32400000 32499999 359
nn3 32500000 32599999 659
nn3 32600000 32699999 648
nn3 32700000 32799999 516
nn3 32800000 32899999 537
nn3 32900000 32999999 338
nn3 33000000 33099999 295
nn3 33100000 33199999 259
nn3 33200000 33299999 428
nn3 33300000 33399999 329
nn3 33400000 33499999 498
nn3 33500000 33599999 417
nn3 33600000 33699999 240
nn3 33700000 33799999 526
nn3 33800000 33899999 561
nn3 33900000 33999999 448
nn3 34000000 34099999 410
nn3 34100000 34199999 508
nn3 34200000 34299999 325
nn3 34300000 34399999 500
nn3 34400000 34499999 439
nn3 34500000 34599999 377
nn3 34600000 34699999 341
nn3 34700000 34799999 495
nn3 34800000 34899999 346
nn3 34900000 34999999 260
nn3 35000000 35099999 336
nn3 35100000 35199999 361
nn3 35200000 35299999 482
nn3 35300000 35399999 475
nn3 35400000 35499999 583
nn3 35500000 35599999 404
nn3 35600000 35699999 393
nn3 35700000 35799999 404
nn3 35800000 35899999 439
nn3 35900000 35999999 336
nn3 36000000 36099999 325
nn3 36100000 36199999 392
nn3 36200000 36299999 377
nn3 36300000 36399999 400
nn3 36400000 36499999 468
nn3 36500000 36599999 329
nn3 36600000 36699999 305
nn3 36700000 36799999 526
nn3 36800000 36899999 599
nn3 36900000 36999999 352
nn3 37000000 37099999 468
nn3 37100000 37199999 515
nn3 37200000 37299999 432
nn3 37300000 37399999 348
nn3 37400000 37499999 511
nn3 37500000 37599999 512
nn3 37600000 37699999 471
nn3 37700000 37799999 490
nn3 37800000 37899999 454
nn3 37900000 37999999 515
nn3 38000000 38099999 485
nn3 38100000 38199999 538
nn3 38200000 38299999 405
nn3 38300000 38399999 568
nn3 38400000 38499999 332
nn3 38500000 38599999 271
nn3 38600000 38699999 575
nn3 38700000 38799999 440
nn3 38800000 38899999 382
nn3 38900000 38999999 557
nn3 39000000 39099999 575
nn3 39100000 39199999 403
nn3 39200000 39299999 518
nn3 39300000 39399999 317
nn3 39400000 39499999 403
nn3 39500000 39599999 454
nn3 39600000 39699999 419
nn3 39700000 39799999 455
nn3 39800000 39899999 433
nn3 39900000 39999999 505
nn3 40000000 40099999 318
nn3 40100000 40199999 374
nn3 40200000 40299999 332
nn3 40300000 40399999 418
nn3 40400000 40499999 569
nn3 40500000 40599999 405
nn3 40600000 40699999 380
nn3 40700000 40799999 539
nn3 40800000 40899999 422
nn3 40900000 40999999 523
nn3 41000000 41099999 558
nn3 41100000 41199999 542
nn3 41200000 41299999 448
nn3 41300000 41399999 532
nn3 41400000 41499999 520
nn3 41500000 41599999 460
nn3 41600000 41699999 404
nn3 41700000 41799999 507
nn3 41800000 41899999 427
nn3 41900000 41999999 337
nn3 42000000 42099999 456
nn3 42100000 42199999 376
nn3 42200000 42299999 398
nn3 42300000 42399999 460
nn3 42400000 42499999 180
nn3 42500000 42599999 439
nn3 42600000 42699999 354
nn3 42700000 42799999 455
nn3 42800000 42899999 250
nn3 42900000 42999999 638
nn3 43000000 43099999 352
nn3 43100000 43199999 566
nn3 43200000 43299999 254
nn3 43300000 43399999 693
nn3 43400000 43499999 512
nn3 43500000 43599999 388
nn3 43600000 43699999 379
nn3 43700000 43799999 539
nn3 43800000 43899999 662
nn3 43900000 43999999 321
nn3 44000000 44099999 276
nn3 44100000 44199999 410
nn3 44200000 44299999 523
nn3 44300000 44399999 490
nn3 44400000 44499999 357
nn3 44500000 44599999 378
nn3 44600000 44699999 352
nn3 44700000 44799999 384
nn3 44800000 44899999 421
nn3 44900000 44999999 368
nn3 45000000 45099999 414
nn3 45100000 45199999 318
nn3 45200000 45299999 445
nn3 45300000 45399999 595
nn3 45400000 45499999 465
nn3 45500000 45599999 375
nn3 45600000 45699999 639
nn3 45700000 45799999 399
nn3 45800000 45899999 264
nn3 45900000 45999999 345
nn3 46000000 46099999 353
nn3 46100000 46199999 522
nn3 46200000 46299999 550
nn3 46300000 46399999 309
nn3 46400000 46499999 640
nn3 46500000 46599999 591
nn3 46600000 46699999 414
nn3 46700000 46799999 436
nn3 46800000 46899999 388
nn3 46900000 46999999 464
nn3 47000000 47099999 506
nn3 47100000 47199999 336
nn3 47200000 47299999 274
nn3 47300000 47399999 454
nn3 47400000 47499999 328
nn3 47500000 47599999 471
nn3 47600000 47699999 597
nn3 47700000 47799999 466
nn3 47800000 47899999 339
nn3 47900000 47999999 399
nn3 48000000 48099999 599
nn3 48100000 48199999 398
nn3 48200000 48299999 490
nn3 48300000 48399999 435
nn3 48400000 48499999 423
nn3 48500000 48599999 493
nn3 48600000 48699999 358
nn3 48700000 48799999 640
nn3 48800000 48899999 615
nn3 48900000 48999999 506
nn3 49000000 49099999 592
nn3 49100000 49199999 445
nn3 49200000 49299999 634
nn3 49300000 49399999 228
nn3 49400000 49499999 465
nn3 49500000 49599999 435
nn3 49600000 49699999 663
nn3 49700000 49799999 662
nn3 49800000 49899999 559
nn3 49900000 49999999 731
nn3 50000000 50099999 651
nn3 50100000 50199999 480
nn3 50200000 50299999 399
nn3 50300000 50399999 686
nn3 50400000 50499999 569
nn3 50500000 50599999 480
nn3 50600000 50699999 467
nn3 50700000 50799999 498
nn3 50800000 50899999 485
nn3 50900000 50999999 383
nn3 51000000 51099999 511
nn3 51100000 51199999 261
nn3 51200000 51299999 305
nn3 51300000 51399999 501
nn3 51400000 51499999 457
nn3 51500000 51599999 573
nn3 51600000 51699999 602
nn3 51700000 51799999 240
nn3 51800000 51899999 573
nn3 51900000 51999999 464
nn3 52000000 52099999 667
nn3 52100000 52199999 400
nn3 52200000 52299999 271
nn3 52300000 52399999 387
nn3 52400000 52499999 500
nn3 52500000 52599999 567
nn3 52600000 52699999 368
nn3 52700000 52799999 490
nn3 52800000 52899999 476
nn3 52900000 52999999 442
nn3 53000000 53099999 334
nn3 53100000 53199999 237
nn3 53200000 53299999 494
nn3 53300000 53399999 441
nn3 53400000 53499999 481
nn3 53500000 53599999 630
nn3 53600000 53699999 298
nn3 53700000 53799999 549
nn3 53800000 53899999 641
nn3 53900000 53999999 434
nn3 54000000 54099999 283
nn3 54100000 54199999 363
nn3 54200000 54299999 339
nn3 54300000 54399999 352
nn3 54400000 54499999 340
nn3 54500000 54599999 317
nn3 54600000 54699999 586
nn3 54700000 54799999 176
nn3 54800000 54899999 517
nn3 54900000 54999999 595
nn3 55000000 55099999 271
nn3 55100000 55199999 366
nn3 55200000 55299999 554
nn3 55300000 55399999 552
nn3 55400000 55499999 454
nn3 55500000 55599999 499
nn3 55600000 55699999 408
nn3 55700000 55799999 454
nn3 55800000 55899999 400
nn3 55900000 55999999 392
nn3 56000000 56099999 331
nn3 56100000 56199999 541
nn3 56200000 56299999 105
nn3 56300000 56399999 311
nn3 56400000 56499999 321
nn3 56500000 56599999 432
nn3 56600000 56699999 362
nn3 56700000 56799999 354
nn3 56800000 56899999 337
nn3 56900000 56999999 303
nn3 57000000 57099999 428
nn3 57100000 57199999 373
nn3 57200000 57299999 704
nn3 57300000 57399999 416
nn3 57400000 57499999 487
nn3 57500000 57599999 502
nn3 57600000 57699999 507
nn3 57700000 57799999 726
nn3 57800000 57899999 546
nn3 57900000 57999999 668
nn3 58000000 58099999 509
nn3 58100000 58199999 516
nn3 58200000 58299999 509
nn3 58300000 58399999 396
nn3 58400000 58499999 473
nn3 58500000 58599999 415
nn3 58600000 58699999 369
nn3 58700000 58799999 494
nn3 58800000 58899999 375
nn3 58900000 58999999 356
nn3 59000000 59099999 480
nn3 59100000 59199999 532
nn3 59200000 59299999 364
nn3 59300000 59399999 580
nn3 59400000 59499999 515
nn3 59500000 59599999 388
nn3 59600000 59699999 594
nn3 59700000 59799999 283
nn3 59800000 59899999 447
nn3 59900000 59999999 331
nn3 60000000 60099999 416
nn3 60100000 60199999 532
nn3 60200000 60299999 593
nn3 60300000 60399999 452
nn3 60400000 60499999 473
nn3 60500000 60599999 290
nn3 60600000 60699999 279
nn3 60700000 60799999 606
nn3 60800000 60899999 489
nn3 60900000 60999999 376
nn3 61000000 61099999 366
nn3 61100000 61199999 565
nn3 61200000 61299999 423
nn3 61300000 61399999 378
nn3 61400000 61499999 785
nn3 61500000 61599999 601
nn3 61600000 61699999 485
nn3 61700000 61799999 401
nn3 61800000 61899999 236
nn3 61900000 61999999 414
nn3 62000000 62099999 501
nn3 62100000 62199999 559
nn3 62200000 62299999 181
nn3 62300000 62399999 566
nn3 62400000 62499999 279
nn3 62500000 62599999 672
nn3 62600000 62699999 345
nn3 62700000 62799999 208
nn3 62800000 62899999 202
nn3 62900000 62999999 358
nn3 63000000 63099999 343
nn3 63100000 63199999 471
nn3 63200000 63299999 519
nn3 63300000 63399999 453
nn3 63400000 63499999 383
nn3 63500000 63599999 401
nn3 63600000 63699999 636
nn3 63700000 63799999 455
nn3 63800000 63899999 504
nn3 63900000 63999999 476
nn3 64000000 64099999 512
nn3 64100000 64199999 533
nn3 64200000 64299999 710
nn3 64300000 64399999 435
nn3 64400000 64499999 467
nn3 64500000 64599999 516
nn3 64600000 64699999 404
nn3 64700000 64799999 237
nn3 64800000 64899999 510
nn3 64900000 64999999 460
nn3 65000000 65099999 479
nn3 65100000 65199999 225
nn3 65200000 65299999 409
nn3 65300000 65399999 332
nn3 65400000 65499999 314
nn3 65500000 65599999 405
nn3 65600000 65699999 516
nn3 65700000 65799999 428
nn3 65800000 65899999 424
nn3 65900000 65999999 350
nn3 66000000 66099999 412
nn3 66100000 66199999 496
nn3 66200000 66299999 335
nn3 66300000 66399999 613
nn3 66400000 66499999 654
nn3 66500000 66599999 422
nn3 66600000 66699999 443
nn3 66700000 66799999 509
nn3 66800000 66899999 598
nn3 66900000 66999999 505
nn3 67000000 67099999 393
nn3 67100000 67199999 322
nn3 67200000 67299999 376
nn3 67300000 67399999 444
nn3 67400000 67499999 549
nn3 67500000 67599999 351
nn3 67600000 67699999 305
nn3 67700000 67799999 835
nn3 67800000 67899999 613
nn3 67900000 67999999 341
nn3 68000000 68099999 212
nn3 68100000 68199999 510
nn3 68200000 68299999 388
nn3 68300000 68399999 534
nn3 68400000 68499999 478
nn3 68500000 68599999 594
nn3 68600000 68699999 484
nn3 68700000 68799999 360
nn3 68800000 68899999 441
nn3 68900000 68999999 450
nn3 69000000 69099999 357
nn3 69100000 69199999 370
nn3 69200000 69299999 456
nn3 69300000 69399999 544
nn3 69400000 69499999 558
nn3 69500000 69599999 452
nn3 69600000 69699999 431
nn3 69700000 69799999 426
nn3 69800000 69899999 457
nn3 69900000 69999999 396
nn3 70000000 70099999 227
nn3 70100000 70199999 302
nn3 70200000 70299999 423
nn3 70300000 70399999 434
nn3 70400000 70499999 346
nn3 70500000 70599999 382
nn3 70600000 70699999 271
nn3 70700000 70799999 514
nn3 70800000 70899999 313
nn3 70900000 70999999 397
nn3 71000000 71099999 557
nn3 71100000 71199999 311
nn3 71200000 71299999 321
nn3 71300000 71399999 205
nn3 71400000 71499999 151
nn3 71500000 71599999 579
nn3 71600000 71699999 491
nn3 71700000 71799999 378
nn3 71800000 71899999 585
nn3 71900000 71999999 355
nn3 72000000 72099999 384
nn3 72100000 72199999 384
nn3 72200000 72299999 457
nn3 72300000 72399999 417
nn3 72400000 72499999 529
nn3 72500000 72599999 487
nn3 72600000 72699999 528
nn3 72700000 72799999 349
nn3 72800000 72899999 169
nn3 72900000 72999999 465
nn3 73000000 73099999 275
nn3 73100000 73199999 396
nn3 73200000 73299999 324
nn3 73300000 73399999 336
nn3 73400000 73499999 489
nn3 73500000 73599999 482
nn3 73600000 73699999 511
nn3 73700000 73799999 569
nn3 73800000 73899999 402
nn3 73900000 73999999 484
nn3 74000000 74099999 613
nn3 74100000 74199999 410
nn3 74200000 74299999 618
nn3 74300000 74399999 407
nn3 74400000 74499999 458
nn3 74500000 74599999 530
nn3 74600000 74699999 565
nn3 74700000 74799999 526
nn3 74800000 74899999 492
nn3 74900000 74999999 434
nn3 75000000 75099999 512
nn3 75100000 75199999 621
nn3 75200000 75299999 438
nn3 75300000 75399999 488
nn3 75400000 75499999 432
nn3 75500000 75599999 386
nn3 75600000 75699999 321
nn3 75700000 75799999 414
nn3 75800000 75899999 370
nn3 75900000 75999999 248
nn3 76000000 76099999 529
nn3 76100000 76199999 308
nn3 76200000 76299999 472
nn3 76300000 76399999 440
nn3 76400000 76499999 251
nn3 76500000 76599999 329
nn3 76600000 76699999 308
nn3 76700000 76799999 497
nn3 76800000 76899999 630
nn3 76900000 76999999 417
nn3 77000000 77099999 280
nn3 77100000 77199999 619
nn3 77200000 77299999 487
nn3 77300000 77399999 402
nn3 77400000 77499999 366
nn3 77500000 77599999 202
nn3 77600000 77699999 623
nn3 77700000 77799999 454
nn3 77800000 77899999 478
nn3 77900000 77999999 401
nn3 78000000 78099999 729
nn3 78100000 78199999 486
nn3 78200000 78299999 274
nn3 78300000 78399999 630
nn3 78400000 78499999 308
nn3 78500000 78599999 500
nn3 78600000 78699999 714
nn3 78700000 78799999 331
nn3 78800000 78899999 426
nn3 78900000 78999999 579
nn3 79000000 79099999 387
nn3 79100000 79199999 370
nn3 79200000 79299999 544
nn3 79300000 79399999 452
nn3 79400000 79499999 569
nn3 79500000 79599999 361
nn3 79600000 79699999 693
nn3 79700000 79799999 728
nn3 79800000 79899999 354
nn3 79900000 79999999 368
nn3 80000000 80099999 463
nn3 80100000 80199999 357
nn3 80200000 80299999 414
nn3 80300000 80399999 304
nn3 80400000 80499999 464
nn3 80500000 80599999 201
nn3 80600000 80699999 211
nn3 80700000 80799999 103
nn3 80800000 80899999 181
nn3 80900000 80999999 206
nn3 81000000 81099999 304
nn3 81100000 81199999 401
nn3 81200000 81299999 560
nn3 81300000 81399999 362
nn3 81400000 81499999 531
nn3 81500000 81599999 511
nn3 81600000 81699999 456
nn3 81700000 81799999 333
nn3 81800000 81899999 430
nn3 81900000 81999999 546
nn3 82000000 82099999 636
nn3 82100000 82199999 507
nn3 82200000 82299999 514
nn3 82300000 82399999 381
nn3 82400000 82499999 681
nn3 82500000 82599999 401
nn3 82600000 82699999 515
nn3 82700000 82799999 531
nn3 82800000 82899999 323
nn3 82900000 82999999 390
nn3 83000000 83099999 281
nn3 83100000 83199999 442
nn3 83200000 83299999 525
nn3 83300000 83399999 248
nn3 83400000 83499999 458
nn3 83500000 83599999 348
nn3 83600000 83699999 520
nn3 83700000 83799999 364
nn3 83800000 83899999 370
nn3 83900000 83999999 374
nn3 84000000 84099999 483
nn3 84100000 84199999 353
nn3 84200000 84299999 664
nn3 84300000 84399999 511
nn3 84400000 84499999 517
nn3 84500000 84599999 622
nn3 84600000 84699999 671
nn3 84700000 84799999 636
nn3 84800000 84899999 370
nn3 84900000 84999999 653
nn3 85000000 85099999 438
nn3 85100000 85199999 621
nn3 85200000 85299999 355
nn3 85300000 85399999 605
nn3 85400000 85499999 656
nn3 85500000 85599999 590
nn3 85600000 85699999 701
nn3 85700000 85799999 559
nn3 85800000 85899999 583
nn3 85900000 85999999 377
nn3 86000000 86099999 492
nn3 86100000 86199999 322
nn3 86200000 86299999 388
nn3 86300000 86399999 303
nn3 86400000 86499999 571
nn3 86500000 86599999 434
nn3 86600000 86699999 632
nn3 86700000 86799999 410
nn3 86800000 86899999 446
nn3 86900000 86999999 685
nn3 87000000 87099999 614
nn3 87100000 87199999 424
nn3 87200000 87299999 459
nn3 87300000 87399999 326
nn3 87400000 87499999 588
nn3 87500000 87599999 523
nn3 87600000 87699999 421
nn3 87700000 87799999 463
nn3 87800000 87899999 512
nn3 87900000 87999999 254
nn3 88000000 88099999 380
nn3 88100000 88199999 389
nn3 88200000 88299999 597
nn3 88300000 88399999 405
nn3 88400000 88499999 468
nn3 88500000 88599999 310
nn3 88600000 88699999 357
nn3 88700000 88799999 460
nn3 88800000 88899999 271
nn3 88900000 88999999 440
nn3 89000000 89099999 388
nn3 89100000 89199999 312
nn3 89200000 89299999 472
nn3 89300000 89399999 291
nn3 89400000 89499999 572
nn3 89500000 89599999 432
nn3 89600000 89699999 615
nn3 89700000 89799999 427
nn3 89800000 89899999 462
nn3 89900000 89999999 418
nn3 90000000 90099999 403
nn3 90100000 90199999 348
nn3 90200000 90299999 556
nn3 90300000 90399999 235
nn3 90400000 90499999 369
nn3 90500000 90599999 482
nn3 90600000 90699999 585
nn3 90700000 90799999 589
nn3 90800000 90899999 459
nn3 90900000 90999999 462
nn3 91000000 91099999 693
nn3 91100000 91199999 408
nn3 91200000 91299999 491
nn3 91300000 91399999 519
nn3 91400000 91499999 521
nn3 91500000 91599999 443
nn3 91600000 91699999 416
nn3 91700000 91799999 424
nn3 91800000 91899999 627
nn3 91900000 91999999 327
nn3 92000000 92099999 278
nn3 92100000 92199999 380
nn3 92200000 92299999 539
nn3 92300000 92399999 159
nn3 92400000 92499999 307
nn3 92500000 92599999 677
nn3 92600000 92699999 377
nn3 92700000 92799999 202
nn3 92800000 92899999 451
nn3 92900000 92999999 444
nn3 93000000 93099999 516
nn3 93100000 93199999 519
nn3 93200000 93299999 378
nn3 93300000 93399999 459
nn3 93400000 93499999 387
nn3 93500000 93599999 267
nn3 93600000 93699999 599
nn3 93700000 93799999 321
nn3 93800000 93899999 457
nn3 93900000 93999999 256
nn3 94000000 94099999 336
nn3 94100000 94199999 376
nn3 94200000 94299999 461
nn3 94300000 94399999 314
nn3 94400000 94499999 309
nn3 94500000 94599999 237
nn3 94600000 94699999 281
nn3 94700000 94799999 449
nn3 94800000 94899999 277
nn3 94900000 94999999 392
nn3 95000000 95099999 336
nn3 95100000 95199999 298
nn3 95200000 95299999 259
nn3 95300000 95399999 284
nn3 95400000 95499999 462
nn3 95500000 95599999 326
nn3 95600000 95699999 271
nn3 95700000 95799999 314
nn3 95800000 95899999 442
nn3 95900000 95999999 279
nn3 96000000 96099999 486
nn3 96100000 96199999 388
nn3 96200000 96299999 379
nn3 96300000 96399999 551
nn3 96400000 96499999 372
nn3 96500000 96599999 296
nn3 96600000 96699999 466
nn3 96700000 96799999 435
nn3 96800000 96899999 496
nn3 96900000 96999999 604
nn3 97000000 97099999 530
nn3 97100000 97199999 474
nn3 97200000 97299999 302
nn3 97300000 97399999 388
nn3 97400000 97499999 374
nn3 97500000 97599999 553
nn3 97600000 97699999 546
nn3 97700000 97799999 468
nn3 97800000 97899999 585
nn3 97900000 97999999 461
nn3 98000000 98099999 413
nn3 98100000 98199999 452
nn3 98200000 98299999 389
nn3 98300000 98399999 449
nn3 98400000 98499999 425
nn3 98500000 98599999 405
nn3 98600000 98699999 279
nn3 98700000 98799999 264
nn3 98800000 98899999 358
nn3 98900000 98999999 361
nn3 99000000 99099999 580
nn3 99100000 99199999 434
nn3 99200000 99299999 372
nn3 99300000 99399999 649
nn3 99400000 99499999 414
nn3 99500000 99599999 430
nn3 99600000 99699999 512
nn3 99700000 99799999 404
nn3 99800000 99899999 604
nn3 99900000 99999999 454
nn3 100000000 100099999 684
nn3 100100000 100199999 410
nn3 100200000 100299999 536
nn3 100300000 100399999 422
nn3 100400000 100499999 412
nn3 100500000 100599999 606
nn3 100600000 100699999 554
nn3 100700000 100799999 183
nn3 100800000 100899999 590
nn3 100900000 100999999 282
nn3 101000000 101099999 534
nn3 101100000 101199999 417
nn3 101200000 101299999 253
nn3 101300000 101399999 450
nn3 101400000 101499999 556
nn3 101500000 101599999 558
nn3 101600000 101699999 343
nn3 101700000 101799999 317
nn3 101800000 101899999 329
nn3 101900000 101999999 529
nn3 102000000 102099999 228
nn3 102100000 102199999 224
nn3 102200000 102299999 570
nn3 102300000 102399999 510
nn3 102400000 102499999 250
nn3 102500000 102599999 434
nn3 102600000 102699999 571
nn3 102700000 102799999 175
nn3 102800000 102899999 576
nn3 102900000 102999999 347
nn3 103000000 103099999 274
nn3 103100000 103199999 232
nn3 103200000 103299999 286
nn3 103300000 103399999 301
nn3 103400000 103499999 607
nn3 103500000 103599999 507
nn3 103600000 103699999 417
nn3 103700000 103799999 338
nn3 103800000 103899999 521
nn3 103900000 103999999 668
nn3 104000000 104099999 200
nn3 104100000 104199999 287
nn3 104200000 104299999 261
nn3 104300000 104399999 394
nn3 104400000 104499999 584
nn3 104500000 104599999 464
nn3 104600000 104699999 317
nn3 104700000 104799999 477
nn3 104800000 104899999 549
nn3 104900000 104999999 377
nn3 105000000 105099999 338
nn3 105100000 105199999 327
nn3 105200000 105299999 273
nn3 105300000 105399999 591
nn3 105400000 105499999 347
nn3 105500000 105599999 430
nn3 105600000 105699999 272
nn3 105700000 105799999 421
nn3 105800000 105899999 446
nn3 105900000 105999999 552
nn3 106000000 106099999 100
nn3 106100000 106199999 198
nn3 106200000 106299999 249
nn3 106300000 106399999 535
nn3 106400000 106499999 437
nn3 106500000 106599999 397
nn3 106600000 106699999 409
nn3 106700000 106799999 508
nn3 106800000 106899999 320
nn3 106900000 106999999 402
nn3 107000000 107099999 464
nn3 107100000 107199999 333
nn3 107200000 107299999 316
nn3 107300000 107399999 147
nn3 107400000 107499999 428
nn3 107500000 107599999 355
nn3 107600000 107699999 177
nn3 107700000 107799999 537
nn3 107800000 107899999 616
nn3 107900000 107999999 355
nn3 108000000 108099999 357
nn3 108100000 108199999 461
nn3 108200000 108299999 374
nn3 108300000 108399999 320
nn3 108400000 108499999 570
nn3 108500000 108599999 249
nn3 108600000 108699999 454
nn3 108700000 108799999 306
nn3 108800000 108899999 340
nn3 108900000 108999999 409
nn3 109000000 109099999 369
nn3 109100000 109199999 444
nn3 109200000 109299999 426
nn3 109300000 109399999 303
nn3 109400000 109499999 457
nn3 109500000 109599999 363
nn3 109600000 109699999 414
nn3 109700000 109799999 431
nn3 109800000 109899999 359
nn3 109900000 109999999 339
nn3 110000000 110099999 546
nn3 110100000 110199999 459
nn3 110200000 110299999 528
nn3 110300000 110399999 259
nn3 110400000 110499999 2212
nn3 110500000 110599999 4831
nn3 110600000 110699999 3161
nn3 110700000 110799999 145
nn3 110800000 110899999 259
nn3 110900000 110999999 407
nn3 111000000 111099999 369
nn3 111100000 111199999 457
nn3 111200000 111299999 309
nn3 111300000 111382486 151
nn4 0 99999 328
nn4 100000 199999 226
nn4 200000 299999 71
nn4 300000 399999 125
nn4 400000 499999 97
nn4 500000 599999 625
nn4 600000 699999 197
nn4 700000 799999 278
nn4 800000 899999 387
nn4 900000 999999 392
nn4 1000000 1099999 429
nn4 1100000 1199999 257
nn4 1200000 1299999 277
nn4 1300000 1399999 461
nn4 1400000 1499999 363
nn4 1500000 1599999 281
nn4 1600000 1699999 152
nn4 1700000 1799999 314
nn4 1800000 1899999 531
nn4 1900000 1999999 458
nn4 2000000 2099999 182
nn4 2100000 2199999 351
nn4 2200000 2299999 265
nn4 2300000 2399999 282
nn4 2400000 2499999 381
nn4 2500000 2599999 448
nn4 2600000 2699999 366
nn4 2700000 2799999 333
nn4 2800000 2899999 358
nn4 2900000 2999999 201
nn4 3000000 3099999 504
nn4 3100000 3199999 480
nn4 3200000 3299999 738
nn4 3300000 3399999 411
nn4 3400000 3499999 666
nn4 3500000 3599999 557
nn4 3600000 3699999 454
nn4 3700000 3799999 355
nn4 3800000 3899999 661
nn4 3900000 3999999 310
nn4 4000000 4099999 583
nn4 4100000 4199999 479
nn4 4200000 4299999 334
nn4 4300000 4399999 660
nn4 4400000 4499999 674
nn4 4500000 4599999 280
nn4 4600000 4699999 603
nn4 4700000 4799999 576
nn4 4800000 4899999 514
nn4 4900000 4999999 433
nn4 5000000 5099999 403
nn4 5100000 5199999 339
nn4 5200000 5299999 337
nn4 5300000 5399999 362
nn4 5400000 5499999 379
nn4 5500000 5599999 439
nn4 5600000 5699999 294
nn4 5700000 5799999 294
nn4 5800000 5899999 202
nn4 5900000 5999999 307
nn4 6000000 6099999 428
nn4 6100000 6199999 319
nn4 6200000 6299999 512
nn4 6300000 6399999 260
nn4 6400000 6499999 579
nn4 6500000 6599999 343
nn4 6600000 6699999 384
nn4 6700000 6799999 239
nn4 6800000 6899999 419
nn4 6900000 6999999 423
nn4 7000000 7099999 673
nn4 7100000 7199999 428
nn4 7200000 7299999 565
nn4 7300000 7399999 259
nn4 7400000 7499999 387
nn4 7500000 7599999 671
nn4 7600000 7699999 459
nn4 7700000 7799999 357
nn4 7800000 7899999 388
nn4 7900000 7999999 438
nn4 8000000 8099999 449
nn4 8100000 8199999 414
nn4 8200000 8299999 404
nn4 8300000 8399999 383
nn4 8400000 8499999 353
nn4 8500000 8599999 380
nn4 8600000 8699999 297
nn4 8700000 8799999 522
nn4 8800000 8899999 513
nn4 8900000 8999999 532
nn4 9000000 9099999 833
nn4 9100000 9199999 480
nn4 9200000 9299999 307
nn4 9300000 9399999 319
nn4 9400000 9499999 588
nn4 9500000 9599999 592
nn4 9600000 9699999 324
nn4 9700000 9799999 386
nn4 9800000 9899999 541
nn4 9900000 9999999 586
nn4 10000000 10099999 555
nn4 10100000 10199999 296
nn4 10200000 10299999 459
nn4 10300000 10399999 456
nn4 10400000 10499999 461
nn4 10500000 10599999 444
nn4 10600000 10699999 384
nn4 10700000 10799999 450
nn4 10800000 10899999 432
nn4 10900000 10999999 615
nn4 11000000 11099999 437
nn4 11100000 11199999 508
nn4 11200000 11299999 401
nn4 11300000 11399999 328
nn4 11400000 11499999 451
nn4 11500000 11599999 232
nn4 11600000 11699999 509
nn4 11700000 11799999 516
nn4 11800000 11899999 514
nn4 11900000 11999999 346
nn4 12000000 12099999 514
nn4 12100000 12199999 431
nn4 12200000 12299999 538
nn4 12300000 12399999 628
nn4 12400000 12499999 669
nn4 12500000 12599999 574
nn4 12600000 12699999 492
nn4 12700000 12799999 495
nn4 12800000 12899999 348
nn4 12900000 12999999 453
nn4 13000000 13099999 460
nn4 13100000 13199999 562
nn4 13200000 13299999 388
nn4 13300000 13399999 460
nn4 13400000 13499999 806
nn4 13500000 13599999 339
nn4 13600000 13699999 417
nn4 13700000 13799999 449
nn4 13800000 13899999 563
nn4 13900000 13999999 509
nn4 14000000 14099999 497
nn4 14100000 14199999 541
nn4 14200000 14299999 559
nn4 14300000 14399999 418
nn4 14400000 14499999 381
nn4 14500000 14599999 474
nn4 14600000 14699999 600
nn4 14700000 14799999 345
nn4 14800000 14899999 363
nn4 14900000 14999999 476
nn4 15000000 15099999 728
nn4 15100000 15199999 429
nn4 15200000 15299999 531
nn4 15300000 15399999 363
nn4 15400000 15499999 487
nn4 15500000 15599999 714
nn4 15600000 15699999 516
nn4 15700000 15799999 468
nn4 15800000 15899999 382
nn4 15900000 15999999 461
nn4 16000000 16099999 392
nn4 16100000 16199999 432
nn4 16200000 16299999 543
nn4 16300000 16399999 741
nn4 16400000 16499999 583
nn4 16500000 16599999 375
nn4 16600000 16699999 501
nn4 16700000 16799999 498
nn4 16800000 16899999 596
nn4 16900000 16999999 463
nn4 17000000 17099999 674
nn4 17100000 17199999 363
nn4 17200000 17299999 383
nn4 17300000 17399999 495
nn4 17400000 17499999 382
nn4 17500000 17599999 413
nn4 17600000 17699999 301
nn4 17700000 17799999 368
nn4 17800000 17899999 387
nn4 17900000 17999999 471
nn4 18000000 18099999 312
nn4 18100000 18199999 330
nn4 18200000 18299999 397
nn4 18300000 18399999 486
nn4 18400000 18499999 551
nn4 18500000 18599999 411
nn4 18600000 18699999 485
nn4 18700000 18799999 453
nn4 18800000 18899999 340
nn4 18900000 18999999 540
nn4 19000000 19099999 391
nn4 19100000 19199999 367
nn4 19200000 19299999 352
nn4 19300000 19399999 485
nn4 19400000 19499999 378
nn4 19500000 19599999 525
nn4 19600000 19699999 447
nn4 19700000 19799999 295
nn4 19800000 19899999 569
nn4 19900000 19999999 380
nn4 20000000 20099999 770
nn4 20100000 20199999 445
nn4 20200000 20299999 377
nn4 20300000 20399999 575
nn4 20400000 20499999 714
nn4 20500000 20599999 443
nn4 20600000 20699999 301
nn4 20700000 20799999 391
nn4 20800000 20899999 523
nn4 20900000 20999999 435
nn4 21000000 21099999 302
nn4 21100000 21199999 508
nn4 21200000 21299999 530
nn4 21300000 21399999 350
nn4 21400000 21499999 250
nn4 21500000 21599999 357
nn4 21600000 21699999 544
nn4 21700000 21799999 387
nn4 21800000 21899999 436
nn4 21900000 21999999 160
nn4 22000000 22099999 526
nn4 22100000 22199999 515
nn4 22200000 22299999 501
nn4 22300000 22399999 380
nn4 22400000 22499999 350
nn4 22500000 22599999 457
nn4 22600000 22699999 311
nn4 22700000 22799999 276
nn4 22800000 22899999 484
nn4 22900000 22999999 412
nn4 23000000 23099999 516
nn4 23100000 23199999 435
nn4 23200000 23299999 429
nn4 23300000 23399999 422
nn4 23400000 23499999 369
nn4 23500000 23599999 429
nn4 23600000 23699999 571
nn4 23700000 23799999 436
nn4 23800000 23899999 601
nn4 23900000 23999999 472
nn4 24000000 24099999 451
nn4 24100000 24199999 384
nn4 24200000 24299999 395
nn4 24300000 24399999 494
nn4 24400000 24499999 411
nn4 24500000 24599999 306
nn4 24600000 24699999 547
nn4 24700000 24799999 482
nn4 24800000 24899999 446
nn4 24900000 24999999 531
nn4 25000000 25099999 454
nn4 25100000 25199999 470
nn4 25200000 25299999 436
nn4 25300000 25399999 426
nn4 25400000 25499999 387
nn4 25500000 25599999 228
nn4 25600000 25699999 447
nn4 25700000 25799999 546
nn4 25800000 25899999 424
nn4 25900000 25999999 482
nn4 26000000 26099999 495
nn4 26100000 26199999 348
nn4 26200000 26299999 377
nn4 26300000 26399999 341
nn4 26400000 26499999 375
nn4 26500000 26599999 462
nn4 26600000 26699999 410
nn4 26700000 26799999 354
nn4 26800000 26899999 528
nn4 26900000 26999999 683
nn4 27000000 27099999 500
nn4 27100000 27199999 457
nn4 27200000 27299999 622
nn4 27300000 27399999 524
nn4 27400000 27499999 520
nn4 27500000 27599999 457
nn4 27600000 27699999 514
nn4 27700000 27799999 557
nn4 27800000 27899999 489
nn4 27900000 27999999 569
nn4 28000000 28099999 379
nn4 28100000 28199999 281
nn4 28200000 28299999 508
nn4 28300000 28399999 288
nn4 28400000 28499999 326
nn4 28500000 28599999 293
nn4 28600000 28699999 710
nn4 28700000 28799999 345
nn4 28800000 28899999 401
nn4 28900000 28999999 829
nn4 29000000 29099999 570
nn4 29100000 29199999 687
nn4 29200000 29299999 574
nn4 29300000 29399999 577
nn4 29400000 29499999 502
nn4 29500000 29599999 557
nn4 29600000 29699999 529
nn4 29700000 29799999 442
nn4 29800000 29899999 382
nn4 29900000 29999999 344
nn4 30000000 30099999 370
nn4 30100000 30199999 376
nn4 30200000 30299999 445
nn4 30300000 30399999 589
nn4 30400000 30499999 389
nn4 30500000 30599999 280
nn4 30600000 30699999 499
nn4 30700000 30799999 451
nn4 30800000 30899999 331
nn4 30900000 30999999 436
nn4 31000000 31099999 454
nn4 31100000 31199999 384
nn4 31200000 31299999 196
nn4 31300000 31399999 481
nn4 31400000 31499999 332
nn4 31500000 31599999 356
nn4 31600000 31699999 360
nn4 31700000 31799999 451
nn4 31800000 31899999 397
nn4 31900000 31999999 429
nn4 32000000 32099999 373
nn4 32100000 32199999 401
nn4 32200000 32299999 413
nn4 32300000 32399999 397
nn4 32400000 32499999 330
nn4 32500000 32599999 513
nn4 32600000 32699999 354
nn4 32700000 32799999 349
nn4 32800000 32899999 536
nn4 32900000 32999999 429
nn4 33000000 33099999 667
nn4 33100000 33199999 512
nn4 33200000 33299999 415
nn4 33300000 33399999 478
nn4 33400000 33499999 503
nn4 33500000 33599999 323
nn4 33600000 33699999 435
nn4 33700000 33799999 624
nn4 33800000 33899999 486
nn4 33900000 33999999 501
nn4 34000000 34099999 525
nn4 34100000 34199999 518
nn4 34200000 34299999 470
nn4 34300000 34399999 370
nn4 34400000 34499999 337
nn4 34500000 34599999 331
nn4 34600000 34699999 399
nn4 34700000 34799999 598
nn4 34800000 34899999 257
nn4 34900000 34999999 501
nn4 35000000 35099999 514
nn4 35100000 35199999 534
nn4 35200000 35299999 491
nn4 35300000 35399999 298
nn4 35400000 35499999 660
nn4 35500000 35599999 254
nn4 35600000 35699999 495
nn4 35700000 35799999 537
nn4 35800000 35899999 453
nn4 35900000 35999999 534
nn4 36000000 36099999 498
nn4 36100000 36199999 452
nn4 36200000 36299999 534
nn4 36300000 36399999 382
nn4 36400000 36499999 353
nn4 36500000 36599999 545
nn4 36600000 36699999 469
nn4 36700000 36799999 778
nn4 36800000 36899999 728
nn4 36900000 36999999 336
nn4 37000000 37099999 224
nn4 37100000 37199999 505
nn4 37200000 37299999 404
nn4 37300000 37399999 392
nn4 37400000 37499999 475
nn4 37500000 37599999 583
nn4 37600000 37699999 394
nn4 37700000 37799999 299
nn4 37800000 37899999 376
nn4 37900000 37999999 323
nn4 38000000 38099999 396
nn4 38100000 38199999 399
nn4 38200000 38299999 424
nn4 38300000 38399999 542
nn4 38400000 38499999 292
nn4 38500000 38599999 520
nn4 38600000 38699999 484
nn4 38700000 38799999 567
nn4 38800000 38899999 475
nn4 38900000 38999999 633
nn4 39000000 39099999 425
nn4 39100000 39199999 412
nn4 39200000 39299999 510
nn4 39300000 39399999 639
nn4 39400000 39499999 613
nn4 39500000 39599999 308
nn4 39600000 39699999 374
nn4 39700000 39799999 751
nn4 39800000 39899999 369
nn4 39900000 39999999 554
nn4 40000000 40099999 512
nn4 40100000 40199999 532
nn4 40200000 40299999 345
nn4 40300000 40399999 427
nn4 40400000 40499999 395
nn4 40500000 40599999 349
nn4 40600000 40699999 542
nn4 40700000 40799999 525
nn4 40800000 40899999 346
nn4 40900000 40999999 367
nn4 41000000 41099999 118
nn4 41100000 41199999 331
nn4 41200000 41299999 303
nn4 41300000 41399999 386
nn4 41400000 41499999 361
nn4 41500000 41599999 326
nn4 41600000 41699999 255
nn4 41700000 41799999 246
nn4 41800000 41899999 254
nn4 41900000 41999999 522
nn4 42000000 42099999 242
nn4 42100000 42199999 248
nn4 42200000 42299999 271
nn4 42300000 42399999 485
nn4 42400000 42499999 590
nn4 42500000 42599999 464
nn4 42600000 42699999 343
nn4 42700000 42799999 273
nn4 42800000 42899999 388
nn4 42900000 42999999 235
nn4 43000000 43099999 403
nn4 43100000 43199999 446
nn4 43200000 43299999 331
nn4 43300000 43399999 387
nn4 43400000 43499999 250
nn4 43500000 43599999 393
nn4 43600000 43699999 642
nn4 43700000 43799999 499
nn4 43800000 43899999 475
nn4 43900000 43999999 388
nn4 44000000 44099999 395
nn4 44100000 44199999 436
nn4 44200000 44299999 433
nn4 44300000 44399999 434
nn4 44400000 44499999 512
nn4 44500000 44599999 278
nn4 44600000 44699999 406
nn4 44700000 44799999 421
nn4 44800000 44899999 380
nn4 44900000 44999999 357
nn4 45000000 45099999 421
nn4 45100000 45199999 261
nn4 45200000 45299999 329
nn4 45300000 45399999 513
nn4 45400000 45499999 511
nn4 45500000 45599999 421
nn4 45600000 45699999 261
nn4 45700000 45799999 387
nn4 45800000 45899999 470
nn4 45900000 45999999 252
nn4 46000000 46099999 385
nn4 46100000 46199999 350
nn4 46200000 46299999 344
nn4 46300000 46399999 379
nn4 46400000 46499999 439
nn4 46500000 46599999 278
nn4 46600000 46699999 702
nn4 46700000 46799999 616
nn4 46800000 46899999 349
nn4 46900000 46999999 327
nn4 47000000 47099999 539
nn4 47100000 47199999 632
nn4 47200000 47299999 623
nn4 47300000 47399999 346
nn4 47400000 47499999 474
nn4 47500000 47599999 597
nn4 47600000 47699999 704
nn4 47700000 47799999 609
nn4 47800000 47899999 381
nn4 47900000 47999999 1004
nn4 48000000 48099999 271
nn4 48100000 48199999 341
nn4 48200000 48299999 469
nn4 48300000 48399999 253
nn4 48400000 48499999 475
nn4 48500000 48599999 409
nn4 48600000 48699999 395
nn4 48700000 48799999 329
nn4 48800000 48899999 512
nn4 48900000 48999999 638
nn4 49000000 49099999 306
nn4 49100000 49199999 392
nn4 49200000 49299999 410
nn4 49300000 49399999 439
nn4 49400000 49499999 498
nn4 49500000 49599999 563
nn4 49600000 49699999 515
nn4 49700000 49799999 550
nn4 49800000 49899999 549
nn4 49900000 49999999 759
nn4 50000000 50099999 426
nn4 50100000 50199999 480
nn4 50200000 50299999 605
nn4 50300000 50399999 517
nn4 50400000 50499999 426
nn4 50500000 50599999 584
nn4 50600000 50699999 567
nn4 50700000 50799999 416
nn4 50800000 50899999 306
nn4 50900000 50999999 353
nn4 51000000 51099999 536
nn4 51100000 51199999 358
nn4 51200000 51299999 488
nn4 51300000 51399999 509
nn4 51400000 51499999 385
nn4 51500000 51599999 380
nn4 51600000 51699999 488
nn4 51700000 51799999 408
nn4 51800000 51899999 460
nn4 51900000 51999999 435
nn4 52000000 52099999 608
nn4 52100000 52199999 404
nn4 52200000 52299999 301
nn4 52300000 52399999 413
nn4 52400000 52499999 300
nn4 52500000 52599999 432
nn4 52600000 52699999 429
nn4 52700000 52799999 526
nn4 52800000 52899999 374
nn4 52900000 52999999 451
nn4 53000000 53099999 388
nn4 53100000 53199999 574
nn4 53200000 53299999 432
nn4 53300000 53399999 612
nn4 53400000 53499999 497
nn4 53500000 53599999 227
nn4 53600000 53699999 367
nn4 53700000 53799999 551
nn4 53800000 53899999 355
nn4 53900000 53999999 462
nn4 54000000 54099999 418
nn4 54100000 54199999 609
nn4 54200000 54299999 369
nn4 54300000 54399999 280
nn4 54400000 54499999 331
nn4 54500000 54599999 596
nn4 54600000 54699999 570
nn4 54700000 54799999 328
nn4 54800000 54899999 457
nn4 54900000 54999999 322
nn4 55000000 55099999 482
nn4 55100000 55199999 556
nn4 55200000 55299999 435
nn4 55300000 55399999 474
nn4 55400000 55499999 368
nn4 55500000 55599999 523
nn4 55600000 55699999 381
nn4 55700000 55799999 415
nn4 55800000 55899999 322
nn4 55900000 55999999 278
nn4 56000000 56099999 300
nn4 56100000 56199999 335
nn4 56200000 56299999 462
nn4 56300000 56399999 412
nn4 56400000 56499999 424
nn4 56500000 56599999 286
nn4 56600000 56699999 501
nn4 56700000 56799999 379
nn4 56800000 56899999 420
nn4 56900000 56999999 301
nn4 57000000 57099999 411
nn4 57100000 57199999 486
nn4 57200000 57299999 412
nn4 57300000 57399999 213
nn4 57400000 57499999 473
nn4 57500000 57599999 258
nn4 57600000 57699999 417
nn4 57700000 57799999 408
nn4 57800000 57899999 648
nn4 57900000 57999999 354
nn4 58000000 58099999 505
nn4 58100000 58199999 426
nn4 58200000 58299999 485
nn4 58300000 58399999 430
nn4 58400000 58499999 557
nn4 58500000 58599999 441
nn4 58600000 58699999 511
nn4 58700000 58799999 597
nn4 58800000 58899999 340
nn4 58900000 58999999 663
nn4 59000000 59099999 650
nn4 59100000 59199999 515
nn4 59200000 59299999 487
nn4 59300000 59399999 481
nn4 59400000 59499999 459
nn4 59500000 59599999 643
nn4 59600000 59699999 475
nn4 59700000 59799999 473
nn4 59800000 59899999 315
nn4 59900000 59999999 407
nn4 60000000 60099999 493
nn4 60100000 60199999 295
nn4 60200000 60299999 440
nn4 60300000 60399999 404
nn4 60400000 60499999 736
nn4 60500000 60599999 363
nn4 60600000 60699999 240
nn4 60700000 60799999 289
nn4 60800000 60899999 498
nn4 60900000 60999999 622
nn4 61000000 61099999 401
nn4 61100000 61199999 496
nn4 61200000 61299999 544
nn4 61300000 61399999 487
nn4 61400000 61499999 517
nn4 61500000 61599999 328
nn4 61600000 61699999 311
nn4 61700000 61799999 574
nn4 61800000 61899999 333
nn4 61900000 61999999 179
nn4 62000000 62099999 354
nn4 62100000 62199999 280
nn4 62200000 62299999 209
nn4 62300000 62399999 254
nn4 62400000 62499999 426
nn4 62500000 62599999 228
nn4 62600000 62699999 329
nn4 62700000 62799999 277
nn4 62800000 62899999 384
nn4 62900000 62999999 602
nn4 63000000 63099999 629
nn4 63100000 63199999 379
nn4 63200000 63299999 499
nn4 63300000 63399999 516
nn4 63400000 63499999 485
nn4 63500000 63599999 402
nn4 63600000 63699999 589
nn4 63700000 63799999 547
nn4 63800000 63899999 527
nn4 63900000 63999999 497
nn4 64000000 64099999 662
nn4 64100000 64199999 665
nn4 64200000 64299999 675
nn4 64300000 64399999 462
nn4 64400000 64499999 423
nn4 64500000 64599999 361
nn4 64600000 64699999 647
nn4 64700000 64799999 581
nn4 64800000 64899999 453
nn4 64900000 64999999 528
nn4 65000000 65099999 562
nn4 65100000 65199999 591
nn4 65200000 65299999 251
nn4 65300000 65399999 379
nn4 65400000 65499999 450
nn4 65500000 65599999 518
nn4 65600000 65699999 470
nn4 65700000 65799999 583
nn4 65800000 65899999 349
nn4 65900000 65999999 325
nn4 66000000 66099999 522
nn4 66100000 66199999 569
nn4 66200000 66299999 196
nn4 66300000 66399999 363
nn4 66400000 66499999 385
nn4 66500000 66599999 377
nn4 66600000 66699999 674
nn4 66700000 66799999 24
nn4 66800000 66899999 324
nn4 66900000 66999999 362
nn4 67000000 67099999 372
nn4 67100000 67199999 464
nn4 67200000 67299999 305
nn4 67300000 67399999 308
nn4 67400000 67499999 502
nn4 67500000 67599999 478
nn4 67600000 67699999 392
nn4 67700000 67799999 410
nn4 67800000 67899999 666
nn4 67900000 67999999 493
nn4 68000000 68099999 532
nn4 68100000 68199999 437
nn4 68200000 68299999 322
nn4 68300000 68399999 546
nn4 68400000 68499999 675
nn4 68500000 68599999 494
nn4 68600000 68699999 515
nn4 68700000 68799999 541
nn4 68800000 68899999 451
nn4 68900000 68999999 254
nn4 69000000 69099999 263
nn4 69100000 69199999 358
nn4 69200000 69299999 455
nn4 69300000 69399999 348
nn4 69400000 69499999 582
nn4 69500000 69599999 419
nn4 69600000 69699999 216
nn4 69700000 69799999 511
nn4 69800000 69899999 342
nn4 69900000 69999999 596
nn4 70000000 70099999 454
nn4 70100000 70199999 418
nn4 70200000 70299999 299
nn4 70300000 70399999 289
nn4 70400000 70499999 287
nn4 70500000 70599999 223
nn4 70600000 70699999 408
nn4 70700000 70799999 291
nn4 70800000 70899999 546
nn4 70900000 70999999 599
nn4 71000000 71099999 632
nn4 71100000 71199999 282
nn4 71200000 71299999 281
nn4 71300000 71399999 2238
nn4 71400000 71499999 842
nn4 71500000 71599999 504
nn4 71600000 71699999 277
nn4 71700000 71799999 392
nn4 71800000 71899999 380
nn4 71900000 71999999 312
nn4 72000000 72099999 366
nn4 72100000 72199999 4909
nn4 72200000 72274758 3095
nn4a 0 99999 370
nn4a 100000 199999 331
nn4a 200000 299999 409
nn4a 300000 399999 223
nn4a 400000 499999 479
nn4a 500000 599999 175
nn4a 600000 699999 265
nn4a 700000 799999 272
nn4a 800000 899999 153
nn4a 900000 999999 174
nn4a 1000000 1099999 248
nn4a 1100000 1199999 176
nn4a 1200000 1299999 302
nn4a 1300000 1399999 277
nn4a 1400000 1499999 311
nn4a 1500000 1599999 149
nn4a 1600000 1699999 26
nn4a 1700000 1799999 136
nn4a 1800000 1899999 243
nn4a 1900000 1999999 243
nn4a 2000000 2099999 135
nn4a 2100000 2199999 234
nn4a 2200000 2299999 245
nn4a 2300000 2399999 195
nn4a 2400000 2499999 153
nn4a 2500000 2599999 177
nn4a 2600000 2699999 316
nn4a 2700000 2799999 540
nn4a 2800000 2899999 424
nn4a 2900000 2999999 439
nn4a 3000000 3099999 178
nn4a 3100000 3199999 341
nn4a 3200000 3299999 339
nn4a 3300000 3399999 569
nn4a 3400000 3499999 495
nn4a 3500000 3599999 325
nn4a 3600000 3699999 294
nn4a 3700000 3799999 365
nn4a 3800000 3899999 247
nn4a 3900000 3999999 400
nn4a 4000000 4099999 521
nn4a 4100000 4199999 356
nn4a 4200000 4299999 342
nn4a 4300000 4399999 417
nn4a 4400000 4499999 369
nn4a 4500000 4599999 407
nn4a 4600000 4699999 456
nn4a 4700000 4799999 385
nn4a 4800000 4899999 354
nn4a 4900000 4999999 292
nn4a 5000000 5099999 354
nn4a 5100000 5199999 273
nn4a 5200000 5299999 442
nn4a 5300000 5399999 687
nn4a 5400000 5499999 291
nn4a 5500000 5599999 550
nn4a 5600000 5699999 315
nn4a 5700000 5799999 598
nn4a 5800000 5899999 396
nn4a 5900000 5999999 360
nn4a 6000000 6099999 653
nn4a 6100000 6199999 559
nn4a 6200000 6299999 149
nn4a 6300000 6399999 727
nn4a 6400000 6499999 464
nn4a 6500000 6599999 509
nn4a 6600000 6699999 445
nn4a 6700000 6799999 549
nn4a 6800000 6899999 491
nn4a 6900000 6999999 453
nn4a 7000000 7099999 518
nn4a 7100000 7199999 391
nn4a 7200000 7299999 523
nn4a 7300000 7399999 439
nn4a 7400000 7499999 427
nn4a 7500000 7599999 449
nn4a 7600000 7699999 344
nn4a 7700000 7799999 651
nn4a 7800000 7899999 590
nn4a 7900000 7999999 404
nn4a 8000000 8099999 698
nn4a 8100000 8199999 570
nn4a 8200000 8299999 475
nn4a 8300000 8399999 455
nn4a 8400000 8499999 559
nn4a 8500000 8599999 693
nn4a 8600000 8699999 504
nn4a 8700000 8799999 380
nn4a 8800000 8899999 281
nn4a 8900000 8999999 252
nn4a 9000000 9099999 364
nn4a 9100000 9199999 329
nn4a 9200000 9299999 280
nn4a 9300000 9399999 405
nn4a 9400000 9499999 354
nn4a 9500000 9599999 431
nn4a 9600000 9699999 586
nn4a 9700000 9799999 466
nn4a 9800000 9899999 279
nn4a 9900000 9999999 615
nn4a 10000000 10099999 453
nn4a 10100000 10199999 379
nn4a 10200000 10299999 491
nn4a 10300000 10399999 631
nn4a 10400000 10499999 157
nn4a 10500000 10599999 485
nn4a 10600000 10699999 204
nn4a 10700000 10799999 257
nn4a 10800000 10899999 247
nn4a 10900000 10999999 303
nn4a 11000000 11099999 195
nn4a 11100000 11199999 466
nn4a 11200000 11299999 439
nn4a 11300000 11399999 291
nn4a 11400000 11499999 476
nn4a 11500000 11599999 395
nn4a 11600000 11699999 321
nn4a 11700000 11799999 274
nn4a 11800000 11899999 401
nn4a 11900000 11999999 427
nn4a 12000000 12099999 464
nn4a 12100000 12199999 316
nn4a 12200000 12299999 440
nn4a 12300000 12399999 247
nn4a 12400000 12499999 350
nn4a 12500000 12599999 400
nn4a 12600000 12699999 546
nn4a 12700000 12799999 466
nn4a 12800000 12899999 402
nn4a 12900000 12999999 359
nn4a 13000000 13099999 423
nn4a 13100000 13199999 395
nn4a 13200000 13299999 389
nn4a 13300000 13399999 281
nn4a 13400000 13499999 328
nn4a 13500000 13599999 340
nn4a 13600000 13699999 388
nn4a 13700000 13799999 336
nn4a 13800000 13899999 354
nn4a 13900000 13999999 244
nn4a 14000000 14099999 300
nn4a 14100000 14199999 428
nn4a 14200000 14299999 396
nn4a 14300000 14399999 525
nn4a 14400000 14499999 409
nn4a 14500000 14599999 360
nn4a 14600000 14699999 402
nn4a 14700000 14799999 562
nn4a 14800000 14899999 430
nn4a 14900000 14999999 459
nn4a 15000000 15099999 433
nn4a 15100000 15199999 504
nn4a 15200000 15299999 401
nn4a 15300000 15399999 302
nn4a 15400000 15499999 429
nn4a 15500000 15599999 417
nn4a 15600000 15699999 563
nn4a 15700000 15799999 503
nn4a 15800000 15899999 222
nn4a 15900000 15999999 501
nn4a 16000000 16099999 452
nn4a 16100000 16199999 413
nn4a 16200000 16299999 392
nn4a 16300000 16399999 377
nn4a 16400000 16499999 226
nn4a 16500000 16599999 625
nn4a 16600000 16699999 381
nn4a 16700000 16799999 400
nn4a 16800000 16899999 298
nn4a 16900000 16999999 392
nn4a 17000000 17099999 334
nn4a 17100000 17199999 298
nn4a 17200000 17299999 276
nn4a 17300000 17399999 407
nn4a 17400000 17499999 441
nn4a 17500000 17599999 283
nn4a 17600000 17699999 380
nn4a 17700000 17799999 453
nn4a 17800000 17899999 320
nn4a 17900000 17999999 594
nn4a 18000000 18099999 408
nn4a 18100000 18199999 322
nn4a 18200000 18299999 399
nn4a 18300000 18399999 521
nn4a 18400000 18499999 429
nn4a 18500000 18599999 481
nn4a 18600000 18699999 403
nn4a 18700000 18799999 470
nn4a 18800000 18899999 301
nn4a 18900000 18999999 474
nn4a 19000000 19099999 484
nn4a 19100000 19199999 384
nn4a 19200000 19299999 1676
nn4a 19300000 19399999 2519
nn4a 19400000 19499999 7121
nn4a 19500000 19599999 4904
nn4a 19600000 19699999 4196
nn4a 19700000 19703776 0
nn5 0 99999 241
nn5 100000 199999 264
nn5 200000 299999 483
nn5 300000 399999 486
nn5 400000 499999 558
nn5 500000 599999 357
nn5 600000 699999 395
nn5 700000 799999 252
nn5 800000 899999 323
nn5 900000 999999 421
nn5 1000000 1099999 456
nn5 1100000 1199999 292
nn5 1200000 1299999 225
nn5 1300000 1399999 381
nn5 1400000 1499999 366
nn5 1500000 1599999 305
nn5 1600000 1699999 349
nn5 1700000 1799999 388
nn5 1800000 1899999 328
nn5 1900000 1999999 424
nn5 2000000 2099999 429
nn5 2100000 2199999 440
nn5 2200000 2299999 542
nn5 2300000 2399999 390
nn5 2400000 2499999 635
nn5 2500000 2599999 360
nn5 2600000 2699999 385
nn5 2700000 2799999 321
nn5 2800000 2899999 435
nn5 2900000 2999999 503
nn5 3000000 3099999 457
nn5 3100000 3199999 410
nn5 3200000 3299999 353
nn5 3300000 3399999 546
nn5 3400000 3499999 356
nn5 3500000 3599999 487
nn5 3600000 3699999 643
nn5 3700000 3799999 444
nn5 3800000 3899999 719
nn5 3900000 3999999 268
nn5 4000000 4099999 405
nn5 4100000 4199999 234
nn5 4200000 4299999 398
nn5 4300000 4399999 319
nn5 4400000 4499999 523
nn5 4500000 4599999 398
nn5 4600000 4699999 306
nn5 4700000 4799999 523
nn5 4800000 4899999 2476
nn5 4900000 4999999 3992
nn5 5000000 5099999 3237
nn5 5100000 5199999 3239
nn5 5200000 5299999 712
nn5 5300000 5399999 301
nn5 5400000 5499999 495
nn5 5500000 5599999 463
nn5 5600000 5699999 320
nn5 5700000 5799999 374
nn5 5800000 5899999 501
nn5 5900000 5999999 536
nn5 6000000 6099999 447
nn5 6100000 6199999 369
nn5 6200000 6299999 180
nn5 6300000 6399999 484
nn5 6400000 6499999 403
nn5 6500000 6599999 75
nn5 6600000 6699999 296
nn5 6700000 6799999 195
nn5 6800000 6899999 199
nn5 6900000 6999999 133
nn5 7000000 7099999 75
nn5 7100000 7199999 306
nn5 7200000 7299999 471
nn5 7300000 7399999 417
nn5 7400000 7499999 367
nn5 7500000 7599999 478
nn5 7600000 7699999 348
nn5 7700000 7799999 425
nn5 7800000 7899999 282
nn5 7900000 7999999 356
nn5 8000000 8099999 451
nn5 8100000 8199999 520
nn5 8200000 8299999 384
nn5 8300000 8399999 473
nn5 8400000 8499999 291
nn5 8500000 8599999 640
nn5 8600000 8699999 512
nn5 8700000 8799999 560
nn5 8800000 8899999 456
nn5 8900000 8999999 490
nn5 9000000 9099999 339
nn5 9100000 9199999 462
nn5 9200000 9299999 434
nn5 9300000 9399999 409
nn5 9400000 9499999 622
nn5 9500000 9599999 378
nn5 9600000 9699999 466
nn5 9700000 9799999 420
nn5 9800000 9899999 298
nn5 9900000 9999999 597
nn5 10000000 10099999 548
nn5 10100000 10199999 300
nn5 10200000 10299999 333
nn5 10300000 10399999 379
nn5 10400000 10499999 198
nn5 10500000 10599999 233
nn5 10600000 10699999 508
nn5 10700000 10799999 600
nn5 10800000 10899999 657
nn5 10900000 10999999 657
nn5 11000000 11099999 669
nn5 11100000 11199999 592
nn5 11200000 11299999 602
nn5 11300000 11399999 181
nn5 11400000 11499999 495
nn5 11500000 11599999 551
nn5 11600000 11699999 505
nn5 11700000 11799999 300
nn5 11800000 11899999 561
nn5 11900000 11999999 452
nn5 12000000 12099999 333
nn5 12100000 12199999 576
nn5 12200000 12299999 387
nn5 12300000 12399999 454
nn5 12400000 12499999 369
nn5 12500000 12599999 314
nn5 12600000 12699999 255
nn5 12700000 12799999 556
nn5 12800000 12899999 399
nn5 12900000 12999999 441
nn5 13000000 13099999 444
nn5 13100000 13199999 363
nn5 13200000 13299999 234
nn5 13300000 13399999 619
nn5 13400000 13499999 465
nn5 13500000 13599999 476
nn5 13600000 13699999 511
nn5 13700000 13799999 172
nn5 13800000 13899999 288
nn5 13900000 13999999 364
nn5 14000000 14099999 640
nn5 14100000 14199999 300
nn5 14200000 14299999 274
nn5 14300000 14399999 386
nn5 14400000 14499999 336
nn5 14500000 14599999 248
nn5 14600000 14699999 416
nn5 14700000 14799999 516
nn5 14800000 14899999 378
nn5 14900000 14999999 395
nn5 15000000 15099999 491
nn5 15100000 15199999 491
nn5 15200000 15299999 381
nn5 15300000 15399999 622
nn5 15400000 15499999 254
nn5 15500000 15599999 396
nn5 15600000 15699999 352
nn5 15700000 15799999 300
nn5 15800000 15899999 226
nn5 15900000 15999999 272
nn5 16000000 16099999 399
nn5 16100000 16199999 178
nn5 16200000 16299999 449
nn5 16300000 16399999 349
nn5 16400000 16499999 194
nn5 16500000 16599999 404
nn5 16600000 16699999 444
nn5 16700000 16799999 480
nn5 16800000 16899999 230
nn5 16900000 16999999 80
nn5 17000000 17099999 51
nn5 17100000 17199999 257
nn5 17200000 17299999 583
nn5 17300000 17399999 458
nn5 17400000 17499999 364
nn5 17500000 17599999 397
nn5 17600000 17699999 301
nn5 17700000 17799999 410
nn5 17800000 17899999 285
nn5 17900000 17999999 471
nn5 18000000 18099999 453
nn5 18100000 18199999 494
nn5 18200000 18299999 402
nn5 18300000 18399999 558
nn5 18400000 18499999 404
nn5 18500000 18599999 391
nn5 18600000 18699999 318
nn5 18700000 18799999 335
nn5 18800000 18899999 355
nn5 18900000 18999999 382
nn5 19000000 19099999 567
nn5 19100000 19199999 555
nn5 19200000 19299999 204
nn5 19300000 19399999 536
nn5 19400000 19499999 435
nn5 19500000 19599999 278
nn5 19600000 19699999 358
nn5 19700000 19799999 437
nn5 19800000 19899999 757
nn5 19900000 19999999 472
nn5 20000000 20099999 496
nn5 20100000 20199999 807
nn5 20200000 20299999 522
nn5 20300000 20399999 404
nn5 20400000 20499999 400
nn5 20500000 20599999 529
nn5 20600000 20699999 650
nn5 20700000 20799999 448
nn5 20800000 20899999 635
nn5 20900000 20999999 577
nn5 21000000 21099999 431
nn5 21100000 21199999 570
nn5 21200000 21299999 696
nn5 21300000 21399999 426
nn5 21400000 21499999 579
nn5 21500000 21599999 354
nn5 21600000 21699999 278
nn5 21700000 21799999 96
nn5 21800000 21899999 365
nn5 21900000 21999999 413
nn5 22000000 22099999 403
nn5 22100000 22199999 452
nn5 22200000 22299999 326
nn5 22300000 22399999 314
nn5 22400000 22499999 381
nn5 22500000 22599999 474
nn5 22600000 22699999 317
nn5 22700000 22799999 385
nn5 22800000 22899999 301
nn5 22900000 22999999 358
nn5 23000000 23099999 362
nn5 23100000 23199999 587
nn5 23200000 23299999 269
nn5 23300000 23399999 281
nn5 23400000 23499999 377
nn5 23500000 23599999 482
nn5 23600000 23699999 350
nn5 23700000 23799999 231
nn5 23800000 23899999 242
nn5 23900000 23999999 513
nn5 24000000 24099999 256
nn5 24100000 24199999 224
nn5 24200000 24299999 197
nn5 24300000 24399999 448
nn5 24400000 24499999 362
nn5 24500000 24599999 228
nn5 24600000 24699999 409
nn5 24700000 24799999 537
nn5 24800000 24899999 212
nn5 24900000 24999999 506
nn5 25000000 25099999 456
nn5 25100000 25199999 305
nn5 25200000 25299999 250
nn5 25300000 25399999 502
nn5 25400000 25499999 423
nn5 25500000 25599999 540
nn5 25600000 25699999 482
nn5 25700000 25799999 408
nn5 25800000 25899999 374
nn5 25900000 25999999 692
nn5 26000000 26099999 438
nn5 26100000 26199999 591
nn5 26200000 26299999 442
nn5 26300000 26399999 562
nn5 26400000 26499999 402
nn5 26500000 26599999 593
nn5 26600000 26699999 425
nn5 26700000 26799999 373
nn5 26800000 26899999 303
nn5 26900000 26999999 327
nn5 27000000 27099999 577
nn5 27100000 27199999 686
nn5 27200000 27299999 430
nn5 27300000 27399999 226
nn5 27400000 27499999 545
nn5 27500000 27599999 401
nn5 27600000 27699999 337
nn5 27700000 27799999 243
nn5 27800000 27899999 378
nn5 27900000 27999999 302
nn5 28000000 28099999 406
nn5 28100000 28199999 283
nn5 28200000 28299999 193
nn5 28300000 28399999 196
nn5 28400000 28499999 418
nn5 28500000 28599999 427
nn5 28600000 28699999 409
nn5 28700000 28799999 398
nn5 28800000 28899999 603
nn5 28900000 28999999 241
nn5 29000000 29099999 214
nn5 29100000 29199999 551
nn5 29200000 29299999 414
nn5 29300000 29399999 491
nn5 29400000 29499999 515
nn5 29500000 29599999 532
nn5 29600000 29699999 272
nn5 29700000 29799999 474
nn5 29800000 29899999 432
nn5 29900000 29999999 641
nn5 30000000 30099999 535
nn5 30100000 30199999 516
nn5 30200000 30299999 452
nn5 30300000 30399999 514
nn5 30400000 30499999 401
nn5 30500000 30599999 522
nn5 30600000 30699999 470
nn5 30700000 30799999 471
nn5 30800000 30899999 448
nn5 30900000 30999999 451
nn5 31000000 31099999 526
nn5 31100000 31199999 452
nn5 31200000 31299999 362
nn5 31300000 31399999 555
nn5 31400000 31499999 333
nn5 31500000 31599999 553
nn5 31600000 31699999 427
nn5 31700000 31799999 588
nn5 31800000 31899999 577
nn5 31900000 31999999 678
nn5 32000000 32099999 385
nn5 32100000 32199999 415
nn5 32200000 32299999 464
nn5 32300000 32399999 622
nn5 32400000 32499999 452
nn5 32500000 32599999 405
nn5 32600000 32699999 411
nn5 32700000 32799999 411
nn5 32800000 32899999 329
nn5 32900000 32999999 476
nn5 33000000 33099999 682
nn5 33100000 33199999 495
nn5 33200000 33299999 445
nn5 33300000 33399999 591
nn5 33400000 33499999 561
nn5 33500000 33599999 631
nn5 33600000 33699999 626
nn5 33700000 33799999 425
nn5 33800000 33899999 385
nn5 33900000 33999999 516
nn5 34000000 34099999 296
nn5 34100000 34199999 491
nn5 34200000 34299999 555
nn5 34300000 34399999 707
nn5 34400000 34499999 497
nn5 34500000 34599999 483
nn5 34600000 34699999 589
nn5 34700000 34799999 379
nn5 34800000 34899999 377
nn5 34900000 34999999 412
nn5 35000000 35099999 533
nn5 35100000 35199999 617
nn5 35200000 35299999 496
nn5 35300000 35399999 663
nn5 35400000 35499999 425
nn5 35500000 35599999 732
nn5 35600000 35699999 397
nn5 35700000 35799999 384
nn5 35800000 35899999 491
nn5 35900000 35999999 252
nn5 36000000 36099999 442
nn5 36100000 36199999 474
nn5 36200000 36299999 299
nn5 36300000 36399999 468
nn5 36400000 36499999 343
nn5 36500000 36599999 612
nn5 36600000 36699999 498
nn5 36700000 36799999 426
nn5 36800000 36899999 650
nn5 36900000 36999999 248
nn5 37000000 37099999 652
nn5 37100000 37199999 589
nn5 37200000 37299999 478
nn5 37300000 37399999 451
nn5 37400000 37499999 259
nn5 37500000 37599999 621
nn5 37600000 37699999 372
nn5 37700000 37799999 556
nn5 37800000 37899999 686
nn5 37900000 37999999 556
nn5 38000000 38099999 432
nn5 38100000 38199999 196
nn5 38200000 38299999 290
nn5 38300000 38399999 252
nn5 38400000 38499999 358
nn5 38500000 38599999 253
nn5 38600000 38699999 409
nn5 38700000 38799999 348
nn5 38800000 38899999 425
nn5 38900000 38999999 402
nn5 39000000 39099999 307
nn5 39100000 39199999 475
nn5 39200000 39299999 234
nn5 39300000 39399999 335
nn5 39400000 39499999 159
nn5 39500000 39599999 320
nn5 39600000 39699999 386
nn5 39700000 39799999 297
nn5 39800000 39899999 435
nn5 39900000 39999999 437
nn5 40000000 40099999 569
nn5 40100000 40199999 422
nn5 40200000 40299999 434
nn5 40300000 40399999 285
nn5 40400000 40499999 400
nn5 40500000 40599999 408
nn5 40600000 40699999 702
nn5 40700000 40799999 487
nn5 40800000 40899999 444
nn5 40900000 40999999 576
nn5 41000000 41099999 407
nn5 41100000 41199999 423
nn5 41200000 41299999 430
nn5 41300000 41399999 518
nn5 41400000 41499999 717
nn5 41500000 41599999 545
nn5 41600000 41699999 500
nn5 41700000 41799999 445
nn5 41800000 41899999 380
nn5 41900000 41999999 359
nn5 42000000 42099999 473
nn5 42100000 42199999 357
nn5 42200000 42299999 510
nn5 42300000 42399999 689
nn5 42400000 42499999 551
nn5 42500000 42599999 561
nn5 42600000 42699999 699
nn5 42700000 42799999 419
nn5 42800000 42899999 257
nn5 42900000 42999999 385
nn5 43000000 43099999 614
nn5 43100000 43199999 676
nn5 43200000 43299999 442
nn5 43300000 43399999 444
nn5 43400000 43499999 535
nn5 43500000 43599999 668
nn5 43600000 43699999 461
nn5 43700000 43799999 425
nn5 43800000 43899999 299
nn5 43900000 43999999 490
nn5 44000000 44099999 483
nn5 44100000 44199999 286
nn5 44200000 44299999 543
nn5 44300000 44399999 640
nn5 44400000 44499999 422
nn5 44500000 44599999 456
nn5 44600000 44699999 599
nn5 44700000 44799999 378
nn5 44800000 44899999 529
nn5 44900000 44999999 212
nn5 45000000 45099999 496
nn5 45100000 45199999 485
nn5 45200000 45299999 428
nn5 45300000 45399999 308
nn5 45400000 45499999 181
nn5 45500000 45599999 516
nn5 45600000 45699999 340
nn5 45700000 45799999 215
nn5 45800000 45899999 543
nn5 45900000 45999999 376
nn5 46000000 46099999 552
nn5 46100000 46199999 548
nn5 46200000 46299999 474
nn5 46300000 46399999 210
nn5 46400000 46499999 346
nn5 46500000 46599999 448
nn5 46600000 46699999 521
nn5 46700000 46799999 498
nn5 46800000 46899999 903
nn5 46900000 46999999 553
nn5 47000000 47099999 541
nn5 47100000 47199999 393
nn5 47200000 47299999 494
nn5 47300000 47399999 641
nn5 47400000 47499999 370
nn5 47500000 47599999 618
nn5 47600000 47699999 509
nn5 47700000 47799999 459
nn5 47800000 47899999 573
nn5 47900000 47999999 506
nn5 48000000 48099999 508
nn5 48100000 48199999 288
nn5 48200000 48299999 363
nn5 48300000 48399999 401
nn5 48400000 48499999 209
nn5 48500000 48599999 442
nn5 48600000 48699999 255
nn5 48700000 48799999 207
nn5 48800000 48899999 312
nn5 48900000 48999999 534
nn5 49000000 49099999 574
nn5 49100000 49199999 397
nn5 49200000 49299999 529
nn5 49300000 49399999 445
nn5 49400000 49499999 682
nn5 49500000 49599999 513
nn5 49600000 49699999 503
nn5 49700000 49799999 412
nn5 49800000 49899999 537
nn5 49900000 49999999 483
nn5 50000000 50099999 310
nn5 50100000 50199999 350
nn5 50200000 50299999 349
nn5 50300000 50399999 334
nn5 50400000 50499999 452
nn5 50500000 50599999 342
nn5 50600000 50699999 478
nn5 50700000 50799999 352
nn5 50800000 50899999 513
nn5 50900000 50999999 371
nn5 51000000 51099999 448
nn5 51100000 51199999 503
nn5 51200000 51299999 320
nn5 51300000 51399999 432
nn5 51400000 51499999 444
nn5 51500000 51599999 538
nn5 51600000 51699999 434
nn5 51700000 51799999 526
nn5 51800000 51899999 296
nn5 51900000 51999999 605
nn5 52000000 52099999 326
nn5 52100000 52199999 303
nn5 52200000 52299999 248
nn5 52300000 52399999 393
nn5 52400000 52499999 334
nn5 52500000 52599999 295
nn5 52600000 52699999 537
nn5 52700000 52799999 439
nn5 52800000 52899999 453
nn5 52900000 52999999 359
nn5 53000000 53099999 384
nn5 53100000 53199999 273
nn5 53200000 53299999 230
nn5 53300000 53399999 326
nn5 53400000 53499999 326
nn5 53500000 53599999 411
nn5 53600000 53699999 442
nn5 53700000 53799999 405
nn5 53800000 53899999 318
nn5 53900000 53999999 460
nn5 54000000 54099999 270
nn5 54100000 54199999 276
nn5 54200000 54299999 432
nn5 54300000 54399999 590
nn5 54400000 54499999 379
nn5 54500000 54599999 390
nn5 54600000 54699999 430
nn5 54700000 54799999 385
nn5 54800000 54899999 594
nn5 54900000 54999999 406
nn5 55000000 55099999 391
nn5 55100000 55199999 251
nn5 55200000 55299999 252
nn5 55300000 55399999 350
nn5 55400000 55499999 303
nn5 55500000 55599999 433
nn5 55600000 55699999 283
nn5 55700000 55799999 491
nn5 55800000 55899999 482
nn5 55900000 55999999 363
nn5 56000000 56099999 495
nn5 56100000 56199999 325
nn5 56200000 56299999 236
nn5 56300000 56399999 311
nn5 56400000 56499999 425
nn5 56500000 56599999 334
nn5 56600000 56699999 373
nn5 56700000 56799999 149
nn5 56800000 56899999 205
nn5 56900000 56999999 311
nn5 57000000 57099999 366
nn5 57100000 57199999 344
nn5 57200000 57299999 375
nn5 57300000 57399999 446
nn5 57400000 57499999 260
nn5 57500000 57599999 598
nn5 57600000 57699999 610
nn5 57700000 57799999 264
nn5 57800000 57899999 350
nn5 57900000 57999999 123
nn5 58000000 58099999 296
nn5 58100000 58199999 481
nn5 58200000 58299999 260
nn5 58300000 58399999 198
nn5 58400000 58499999 373
nn5 58500000 58599999 165
nn5 58600000 58699999 322
nn5 58700000 58799999 214
nn5 58800000 58899999 322
nn5 58900000 58999999 295
nn5 59000000 59099999 442
nn5 59100000 59199999 297
nn5 59200000 59299999 465
nn5 59300000 59399999 421
nn5 59400000 59499999 335
nn5 59500000 59599999 673
nn5 59600000 59699999 252
nn5 59700000 59799999 202
nn5 59800000 59899999 201
nn5 59900000 59999999 399
nn5 60000000 60045830 152
nn6 0 99999 169
nn6 100000 199999 265
nn6 200000 299999 276
nn6 300000 399999 366
nn6 400000 499999 412
nn6 500000 599999 259
nn6 600000 699999 320
nn6 700000 799999 221
nn6 800000 899999 299
nn6 900000 999999 364
nn6 1000000 1099999 331
nn6 1100000 1199999 490
nn6 1200000 1299999 225
nn6 1300000 1399999 341
nn6 1400000 1499999 358
nn6 1500000 1599999 439
nn6 1600000 1699999 360
nn6 1700000 1799999 303
nn6 1800000 1899999 418
nn6 1900000 1999999 436
nn6 2000000 2099999 585
nn6 2100000 2199999 276
nn6 2200000 2299999 266
nn6 2300000 2399999 311
nn6 2400000 2499999 430
nn6 2500000 2599999 240
nn6 2600000 2699999 502
nn6 2700000 2799999 482
nn6 2800000 2899999 415
nn6 2900000 2999999 323
nn6 3000000 3099999 451
nn6 3100000 3199999 385
nn6 3200000 3299999 335
nn6 3300000 3399999 293
nn6 3400000 3499999 357
nn6 3500000 3599999 433
nn6 3600000 3699999 417
nn6 3700000 3799999 345
nn6 3800000 3899999 188
nn6 3900000 3999999 353
nn6 4000000 4099999 239
nn6 4100000 4199999 289
nn6 4200000 4299999 391
nn6 4300000 4399999 453
nn6 4400000 4499999 520
nn6 4500000 4599999 758
nn6 4600000 4699999 424
nn6 4700000 4799999 354
nn6 4800000 4899999 548
nn6 4900000 4999999 464
nn6 5000000 5099999 405
nn6 5100000 5199999 435
nn6 5200000 5299999 624
nn6 5300000 5399999 295
nn6 5400000 5499999 380
nn6 5500000 5599999 542
nn6 5600000 5699999 422
nn6 5700000 5799999 372
nn6 5800000 5899999 411
nn6 5900000 5999999 369
nn6 6000000 6099999 276
nn6 6100000 6199999 417
nn6 6200000 6299999 419
nn6 6300000 6399999 414
nn6 6400000 6499999 340
nn6 6500000 6599999 281
nn6 6600000 6699999 391
nn6 6700000 6799999 450
nn6 6800000 6899999 318
nn6 6900000 6999999 473
nn6 7000000 7099999 462
nn6 7100000 7199999 425
nn6 7200000 7299999 633
nn6 7300000 7399999 485
nn6 7400000 7499999 293
nn6 7500000 7599999 363
nn6 7600000 7699999 380
nn6 7700000 7799999 321
nn6 7800000 7899999 489
nn6 7900000 7999999 354
nn6 8000000 8099999 442
nn6 8100000 8199999 265
nn6 8200000 8299999 563
nn6 8300000 8399999 252
nn6 8400000 8499999 174
nn6 8500000 8599999 390
nn6 8600000 8699999 257
nn6 8700000 8799999 359
nn6 8800000 8899999 539
nn6 8900000 8999999 561
nn6 9000000 9099999 451
nn6 9100000 9199999 276
nn6 9200000 9299999 563
nn6 9300000 9399999 345
nn6 9400000 9499999 276
nn6 9500000 9599999 373
nn6 9600000 9699999 332
nn6 9700000 9799999 180
nn6 9800000 9899999 290
nn6 9900000 9999999 198
nn6 10000000 10099999 420
nn6 10100000 10199999 404
nn6 10200000 10299999 308
nn6 10300000 10399999 473
nn6 10400000 10499999 768
nn6 10500000 10599999 574
nn6 10600000 10699999 556
nn6 10700000 10799999 502
nn6 10800000 10899999 386
nn6 10900000 10999999 376
nn6 11000000 11099999 627
nn6 11100000 11199999 274
nn6 11200000 11299999 436
nn6 11300000 11399999 352
nn6 11400000 11499999 577
nn6 11500000 11599999 484
nn6 11600000 11699999 382
nn6 11700000 11799999 376
nn6 11800000 11899999 402
nn6 11900000 11999999 303
nn6 12000000 12099999 319
nn6 12100000 12199999 163
nn6 12200000 12299999 352
nn6 12300000 12399999 389
nn6 12400000 12499999 335
nn6 12500000 12599999 285
nn6 12600000 12699999 225
nn6 12700000 12799999 297
nn6 12800000 12899999 171
nn6 12900000 12999999 200
nn6 13000000 13099999 330
nn6 13100000 13199999 568
nn6 13200000 13299999 219
nn6 13300000 13399999 125
nn6 13400000 13499999 150
nn6 13500000 13599999 256
nn6 13600000 13699999 459
nn6 13700000 13799999 445
nn6 13800000 13899999 475
nn6 13900000 13999999 320
nn6 14000000 14099999 394
nn6 14100000 14199999 429
nn6 14200000 14299999 820
nn6 14300000 14399999 587
nn6 14400000 14499999 354
nn6 14500000 14599999 475
nn6 14600000 14699999 478
nn6 14700000 14799999 375
nn6 14800000 14899999 383
nn6 14900000 14999999 515
nn6 15000000 15099999 392
nn6 15100000 15199999 699
nn6 15200000 15299999 719
nn6 15300000 15399999 607
nn6 15400000 15499999 482
nn6 15500000 15599999 492
nn6 15600000 15699999 257
nn6 15700000 15799999 476
nn6 15800000 15899999 438
nn6 15900000 15999999 398
nn6 16000000 16099999 685
nn6 16100000 16199999 435
nn6 16200000 16299999 426
nn6 16300000 16399999 279
nn6 16400000 16499999 234
nn6 16500000 16599999 510
nn6 16600000 16699999 433
nn6 16700000 16799999 229
nn6 16800000 16899999 387
nn6 16900000 16999999 420
nn6 17000000 17099999 346
nn6 17100000 17199999 381
nn6 17200000 17299999 335
nn6 17300000 17399999 504
nn6 17400000 17499999 480
nn6 17500000 17599999 403
nn6 17600000 17699999 481
nn6 17700000 17799999 434
nn6 17800000 17899999 387
nn6 17900000 17999999 149
nn6 18000000 18099999 312
nn6 18100000 18199999 205
nn6 18200000 18299999 347
nn6 18300000 18399999 319
nn6 18400000 18499999 288
nn6 18500000 18599999 422
nn6 18600000 18699999 148
nn6 18700000 18799999 291
nn6 18800000 18899999 327
nn6 18900000 18999999 410
nn6 19000000 19099999 226
nn6 19100000 19199999 246
nn6 19200000 19299999 211
nn6 19300000 19399999 403
nn6 19400000 19499999 538
nn6 19500000 19599999 437
nn6 19600000 19699999 357
nn6 19700000 19799999 348
nn6 19800000 19899999 379
nn6 19900000 19999999 249
nn6 20000000 20099999 311
nn6 20100000 20199999 395
nn6 20200000 20299999 299
nn6 20300000 20399999 575
nn6 20400000 20499999 359
nn6 20500000 20599999 299
nn6 20600000 20699999 382
nn6 20700000 20799999 277
nn6 20800000 20899999 391
nn6 20900000 20999999 304
nn6 21000000 21099999 456
nn6 21100000 21199999 526
nn6 21200000 21299999 360
nn6 21300000 21399999 550
nn6 21400000 21499999 566
nn6 21500000 21599999 379
nn6 21600000 21699999 590
nn6 21700000 21799999 537
nn6 21800000 21899999 399
nn6 21900000 21999999 563
nn6 22000000 22099999 677
nn6 22100000 22199999 379
nn6 22200000 22299999 430
nn6 22300000 22399999 321
nn6 22400000 22499999 342
nn6 22500000 22599999 221
nn6 22600000 22699999 534
nn6 22700000 22799999 492
nn6 22800000 22899999 453
nn6 22900000 22999999 385
nn6 23000000 23099999 378
nn6 23100000 23199999 402
nn6 23200000 23299999 385
nn6 23300000 23399999 367
nn6 23400000 23499999 474
nn6 23500000 23599999 510
nn6 23600000 23699999 304
nn6 23700000 23799999 393
nn6 23800000 23899999 202
nn6 23900000 23999999 299
nn6 24000000 24099999 343
nn6 24100000 24199999 203
nn6 24200000 24299999 321
nn6 24300000 24399999 123
nn6 24400000 24499999 225
nn6 24500000 24599999 326
nn6 24600000 24699999 388
nn6 24700000 24799999 466
nn6 24800000 24899999 539
nn6 24900000 24999999 477
nn6 25000000 25099999 469
nn6 25100000 25199999 432
nn6 25200000 25299999 436
nn6 25300000 25399999 436
nn6 25400000 25499999 536
nn6 25500000 25599999 557
nn6 25600000 25699999 357
nn6 25700000 25799999 431
nn6 25800000 25899999 507
nn6 25900000 25999999 389
nn6 26000000 26099999 473
nn6 26100000 26199999 547
nn6 26200000 26299999 470
nn6 26300000 26399999 294
nn6 26400000 26499999 399
nn6 26500000 26599999 432
nn6 26600000 26699999 476
nn6 26700000 26799999 260
nn6 26800000 26899999 480
nn6 26900000 26999999 538
nn6 27000000 27099999 388
nn6 27100000 27199999 461
nn6 27200000 27299999 427
nn6 27300000 27399999 452
nn6 27400000 27499999 293
nn6 27500000 27599999 298
nn6 27600000 27699999 262
nn6 27700000 27799999 383
nn6 27800000 27899999 545
nn6 27900000 27999999 352
nn6 28000000 28099999 330
nn6 28100000 28199999 359
nn6 28200000 28299999 346
nn6 28300000 28399999 301
nn6 28400000 28499999 373
nn6 28500000 28599999 250
nn6 28600000 28699999 402
nn6 28700000 28799999 251
nn6 28800000 28899999 649
nn6 28900000 28999999 445
nn6 29000000 29099999 605
nn6 29100000 29199999 491
nn6 29200000 29299999 509
nn6 29300000 29399999 352
nn6 29400000 29499999 405
nn6 29500000 29599999 449
nn6 29600000 29699999 440
nn6 29700000 29799999 603
nn6 29800000 29899999 350
nn6 29900000 29999999 272
nn6 30000000 30099999 478
nn6 30100000 30199999 301
nn6 30200000 30299999 314
nn6 30300000 30399999 104
nn6 30400000 30499999 56
nn6 30500000 30599999 25
nn6 30600000 30699999 25
nn6 30700000 30799999 273
nn6 30800000 30899999 358
nn6 30900000 30999999 438
nn6 31000000 31099999 331
nn6 31100000 31199999 299
nn6 31200000 31299999 396
nn6 31300000 31399999 455
nn6 31400000 31499999 503
nn6 31500000 31599999 351
nn6 31600000 31699999 376
nn6 31700000 31799999 447
nn6 31800000 31899999 259
nn6 31900000 31999999 408
nn6 32000000 32099999 284
nn6 32100000 32199999 686
nn6 32200000 32299999 487
nn6 32300000 32399999 367
nn6 32400000 32499999 384
nn6 32500000 32599999 335
nn6 32600000 32699999 393
nn6 32700000 32799999 346
nn6 32800000 32899999 314
nn6 32900000 32999999 476
nn6 33000000 33099999 311
nn6 33100000 33199999 626
nn6 33200000 33299999 499
nn6 33300000 33399999 492
nn6 33400000 33499999 536
nn6 33500000 33599999 310
nn6 33600000 33699999 337
nn6 33700000 33799999 368
nn6 33800000 33899999 451
nn6 33900000 33999999 390
nn6 34000000 34099999 439
nn6 34100000 34199999 372
nn6 34200000 34299999 591
nn6 34300000 34399999 384
nn6 34400000 34499999 519
nn6 34500000 34599999 501
nn6 34600000 34699999 443
nn6 34700000 34799999 345
nn6 34800000 34899999 322
nn6 34900000 34999999 280
nn6 35000000 35099999 460
nn6 35100000 35199999 321
nn6 35200000 35299999 270
nn6 35300000 35399999 379
nn6 35400000 35499999 109
nn6 35500000 35599999 52
nn6 35600000 35699999 24
nn6 35700000 35799999 720
nn6 35800000 35899999 7674
nn6 35900000 35999999 4431
nn6 36000000 36099999 4184
nn6 36100000 36199999 3984
nn6 36200000 36299999 2911
nn6 36300000 36399999 357
nn6 36400000 36499999 351
nn6 36500000 36599999 255
nn6 36600000 36699999 257
nn6 36700000 36750195 73
nn7 0 99999 548
nn7 100000 199999 400
nn7 200000 299999 434
nn7 300000 399999 476
nn7 400000 499999 434
nn7 500000 599999 383
nn7 600000 699999 413
nn7 700000 799999 359
nn7 800000 899999 310
nn7 900000 999999 463
nn7 1000000 1099999 291
nn7 1100000 1199999 299
nn7 1200000 1299999 279
nn7 1300000 1399999 409
nn7 1400000 1499999 256
nn7 1500000 1599999 330
nn7 1600000 1699999 472
nn7 1700000 1799999 211
nn7 1800000 1899999 284
nn7 1900000 1999999 280
nn7 2000000 2099999 337
nn7 2100000 2199999 385
nn7 2200000 2299999 301
nn7 2300000 2399999 309
nn7 2400000 2499999 531
nn7 2500000 2599999 251
nn7 2600000 2699999 400
nn7 2700000 2799999 490
nn7 2800000 2899999 364
nn7 2900000 2999999 243
nn7 3000000 3099999 594
nn7 3100000 3199999 519
nn7 3200000 3299999 560
nn7 3300000 3399999 435
nn7 3400000 3499999 329
nn7 3500000 3599999 487
nn7 3600000 3699999 487
nn7 3700000 3799999 457
nn7 3800000 3899999 343
nn7 3900000 3999999 294
nn7 4000000 4099999 419
nn7 4100000 4199999 435
nn7 4200000 4299999 363
nn7 4300000 4399999 499
nn7 4400000 4499999 425
nn7 4500000 4599999 466
nn7 4600000 4699999 464
nn7 4700000 4799999 322
nn7 4800000 4899999 456
nn7 4900000 4999999 513
nn7 5000000 5099999 359
nn7 5100000 5199999 484
nn7 5200000 5299999 504
nn7 5300000 5399999 591
nn7 5400000 5499999 342
nn7 5500000 5599999 418
nn7 5600000 5699999 327
nn7 5700000 5799999 468
nn7 5800000 5899999 542
nn7 5900000 5999999 423
nn7 6000000 6099999 468
nn7 6100000 6199999 424
nn7 6200000 6299999 357
nn7 6300000 6399999 592
nn7 6400000 6499999 578
nn7 6500000 6599999 527
nn7 6600000 6699999 427
nn7 6700000 6799999 554
nn7 6800000 6899999 449
nn7 6900000 6999999 423
nn7 7000000 7099999 476
nn7 7100000 7199999 485
nn7 7200000 7299999 661
nn7 7300000 7399999 472
nn7 7400000 7499999 428
nn7 7500000 7599999 571
nn7 7600000 7699999 437
nn7 7700000 7799999 617
nn7 7800000 7899999 408
nn7 7900000 7999999 513
nn7 8000000 8099999 744
nn7 8100000 8199999 559
nn7 8200000 8299999 665
nn7 8300000 8399999 540
nn7 8400000 8499999 287
nn7 8500000 8599999 458
nn7 8600000 8699999 533
nn7 8700000 8799999 302
nn7 8800000 8899999 322
nn7 8900000 8999999 225
nn7 9000000 9099999 368
nn7 9100000 9199999 290
nn7 9200000 9299999 317
nn7 9300000 9399999 469
nn7 9400000 9499999 494
nn7 9500000 9599999 175
nn7 9600000 9699999 199
nn7 9700000 9799999 278
nn7 9800000 9899999 377
nn7 9900000 9999999 345
nn7 10000000 10099999 431
nn7 10100000 10199999 504
nn7 10200000 10299999 568
nn7 10300000 10399999 474
nn7 10400000 10499999 308
nn7 10500000 10599999 469
nn7 10600000 10699999 465
nn7 10700000 10799999 403
nn7 10800000 10899999 380
nn7 10900000 10999999 566
nn7 11000000 11099999 378
nn7 11100000 11199999 520
nn7 11200000 11299999 248
nn7 11300000 11399999 377
nn7 11400000 11499999 323
nn7 11500000 11599999 416
nn7 11600000 11699999 384
nn7 11700000 11799999 381
nn7 11800000 11899999 555
nn7 11900000 11999999 302
nn7 12000000 12099999 636
nn7 12100000 12199999 304
nn7 12200000 12299999 371
nn7 12300000 12399999 456
nn7 12400000 12499999 692
nn7 12500000 12599999 435
nn7 12600000 12699999 530
nn7 12700000 12799999 546
nn7 12800000 12899999 338
nn7 12900000 12999999 277
nn7 13000000 13099999 375
nn7 13100000 13199999 383
nn7 13200000 13299999 354
nn7 13300000 13399999 356
nn7 13400000 13499999 492
nn7 13500000 13599999 470
nn7 13600000 13699999 456
nn7 13700000 13799999 261
nn7 13800000 13899999 504
nn7 13900000 13999999 475
nn7 14000000 14099999 271
nn7 14100000 14199999 353
nn7 14200000 14299999 332
nn7 14300000 14399999 362
nn7 14400000 14499999 417
nn7 14500000 14599999 534
nn7 14600000 14699999 582
nn7 14700000 14799999 492
nn7 14800000 14899999 200
nn7 14900000 14999999 123
nn7 15000000 15099999 154
nn7 15100000 15199999 51
nn7 15200000 15299999 249
nn7 15300000 15399999 50
nn7 15400000 15499999 74
nn7 15500000 15599999 186
nn7 15600000 15699999 417
nn7 15700000 15799999 457
nn7 15800000 15899999 355
nn7 15900000 15999999 528
nn7 16000000 16099999 401
nn7 16100000 16199999 584
nn7 16200000 16299999 283
nn7 16300000 16399999 609
nn7 16400000 16499999 352
nn7 16500000 16599999 400
nn7 16600000 16699999 419
nn7 16700000 16799999 362
nn7 16800000 16899999 314
nn7 16900000 16999999 455
nn7 17000000 17099999 460
nn7 17100000 17199999 484
nn7 17200000 17299999 363
nn7 17300000 17399999 481
nn7 17400000 17499999 463
nn7 17500000 17599999 521
nn7 17600000 17699999 570
nn7 17700000 17799999 358
nn7 17800000 17899999 435
nn7 17900000 17999999 614
nn7 18000000 18099999 491
nn7 18100000 18199999 384
nn7 18200000 18299999 477
nn7 18300000 18399999 653
nn7 18400000 18499999 436
nn7 18500000 18599999 434
nn7 18600000 18699999 348
nn7 18700000 18799999 670
nn7 18800000 18899999 329
nn7 18900000 18999999 394
nn7 19000000 19099999 579
nn7 19100000 19199999 466
nn7 19200000 19299999 535
nn7 19300000 19399999 451
nn7 19400000 19499999 443
nn7 19500000 19599999 421
nn7 19600000 19699999 373
nn7 19700000 19799999 288
nn7 19800000 19899999 234
nn7 19900000 19999999 486
nn7 20000000 20099999 505
nn7 20100000 20199999 295
nn7 20200000 20299999 494
nn7 20300000 20399999 170
nn7 20400000 20499999 408
nn7 20500000 20599999 574
nn7 20600000 20699999 402
nn7 20700000 20799999 308
nn7 20800000 20899999 326
nn7 20900000 20999999 416
nn7 21000000 21099999 241
nn7 21100000 21199999 372
nn7 21200000 21299999 436
nn7 21300000 21399999 405
nn7 21400000 21499999 469
nn7 21500000 21599999 446
nn7 21600000 21699999 268
nn7 21700000 21799999 407
nn7 21800000 21899999 472
nn7 21900000 21999999 510
nn7 22000000 22099999 318
nn7 22100000 22199999 482
nn7 22200000 22299999 310
nn7 22300000 22399999 427
nn7 22400000 22499999 359
nn7 22500000 22599999 278
nn7 22600000 22699999 290
nn7 22700000 22799999 349
nn7 22800000 22899999 437
nn7 22900000 22999999 486
nn7 23000000 23099999 326
nn7 23100000 23199999 410
nn7 23200000 23299999 454
nn7 23300000 23399999 419
nn7 23400000 23499999 369
nn7 23500000 23599999 549
nn7 23600000 23699999 512
nn7 23700000 23799999 303
nn7 23800000 23899999 461
nn7 23900000 23999999 460
nn7 24000000 24099999 350
nn7 24100000 24199999 404
nn7 24200000 24299999 458
nn7 24300000 24399999 380
nn7 24400000 24499999 317
nn7 24500000 24599999 308
nn7 24600000 24699999 507
nn7 24700000 24799999 351
nn7 24800000 24899999 426
nn7 24900000 24999999 387
nn7 25000000 25099999 351
nn7 25100000 25199999 578
nn7 25200000 25299999 392
nn7 25300000 25399999 221
nn7 25400000 25499999 413
nn7 25500000 25599999 274
nn7 25600000 25699999 348
nn7 25700000 25799999 592
nn7 25800000 25899999 543
nn7 25900000 25999999 405
nn7 26000000 26099999 263
nn7 26100000 26199999 338
nn7 26200000 26299999 409
nn7 26300000 26399999 383
nn7 26400000 26499999 519
nn7 26500000 26599999 401
nn7 26600000 26699999 448
nn7 26700000 26799999 399
nn7 26800000 26899999 516
nn7 26900000 26999999 359
nn7 27000000 27099999 283
nn7 27100000 27199999 300
nn7 27200000 27299999 415
nn7 27300000 27399999 307
nn7 27400000 27499999 317
nn7 27500000 27599999 403
nn7 27600000 27699999 533
nn7 27700000 27799999 445
nn7 27800000 27899999 272
nn7 27900000 27999999 463
nn7 28000000 28099999 532
nn7 28100000 28199999 470
nn7 28200000 28299999 263
nn7 28300000 28399999 525
nn7 28400000 28499999 531
nn7 28500000 28599999 572
nn7 28600000 28699999 412
nn7 28700000 28799999 480
nn7 28800000 28899999 822
nn7 28900000 28999999 626
nn7 29000000 29099999 298
nn7 29100000 29199999 358
nn7 29200000 29299999 126
nn7 29300000 29399999 353
nn7 29400000 29499999 281
nn7 29500000 29599999 213
nn7 29600000 29699999 372
nn7 29700000 29799999 357
nn7 29800000 29899999 415
nn7 29900000 29999999 405
nn7 30000000 30099999 455
nn7 30100000 30199999 388
nn7 30200000 30299999 452
nn7 30300000 30399999 396
nn7 30400000 30499999 461
nn7 30500000 30599999 446
nn7 30600000 30699999 424
nn7 30700000 30799999 314
nn7 30800000 30899999 521
nn7 30900000 30999999 368
nn7 31000000 31099999 481
nn7 31100000 31199999 364
nn7 31200000 31299999 544
nn7 31300000 31399999 477
nn7 31400000 31499999 506
nn7 31500000 31599999 234
nn7 31600000 31699999 466
nn7 31700000 31799999 441
nn7 31800000 31899999 423
nn7 31900000 31999999 596
nn7 32000000 32099999 786
nn7 32100000 32199999 599
nn7 32200000 32299999 202
nn7 32300000 32399999 322
nn7 32400000 32499999 253
nn7 32500000 32599999 293
nn7 32600000 32699999 509
nn7 32700000 32799999 374
nn7 32800000 32899999 8722
nn7 32900000 32999999 351
nn7 33000000 33099999 534
nn7 33100000 33199999 309
nn7 33200000 33299999 302
nn7 33300000 33399999 413
nn7 33400000 33499999 268
nn7 33500000 33599999 255
nn7 33600000 33699999 610
nn7 33700000 33799999 588
nn7 33800000 33899999 291
nn7 33900000 33999999 306
nn7 34000000 34099999 582
nn7 34100000 34199999 344
nn7 34200000 34299999 314
nn7 34300000 34399999 350
nn7 34400000 34499999 476
nn7 34500000 34599999 264
nn7 34600000 34699999 279
nn7 34700000 34799999 371
nn7 34800000 34899999 349
nn7 34900000 34999999 193
nn7 35000000 35099999 187
nn7 35100000 35199999 459
nn7 35200000 35299999 448
nn7 35300000 35399999 291
nn7 35400000 35499999 307
nn7 35500000 35599999 362
nn7 35600000 35699999 201
nn7 35700000 35799999 534
nn7 35800000 35899999 357
nn7 35900000 35999999 264
nn7 36000000 36099999 580
nn7 36100000 36199999 311
nn7 36200000 36299999 324
nn7 36300000 36399999 251
nn7 36400000 36499999 133
nn7 36500000 36599999 217
nn7 36600000 36699999 201
nn7 36700000 36799999 228
nn7 36800000 36899999 186
nn7 36900000 36999999 496
nn7 37000000 37099999 356
nn7 37100000 37199999 272
nn7 37200000 37299999 2678
nn7 37300000 37399999 4642
nn7 37400000 37499999 5753
nn7 37500000 37599999 639
nn7 37600000 37699999 0
nn7 37700000 37799999 515
nn7 37800000 37899999 525
nn7 37900000 37999999 424
nn7 38000000 38099999 261
nn7 38100000 38130504 48
nn8 0 99999 2637
nn8 100000 199999 248
nn8 200000 299999 337
nn8 300000 399999 370
nn8 400000 499999 452
nn8 500000 599999 281
nn8 600000 699999 574
nn8 700000 799999 359
nn8 800000 899999 270
nn8 900000 999999 356
nn8 1000000 1099999 436
nn8 1100000 1199999 252
nn8 1200000 1299999 244
nn8 1300000 1399999 608
nn8 1400000 1499999 618
nn8 1500000 1599999 477
nn8 1600000 1699999 449
nn8 1700000 1799999 399
nn8 1800000 1899999 335
nn8 1900000 1999999 516
nn8 2000000 2099999 446
nn8 2100000 2199999 519
nn8 2200000 2299999 410
nn8 2300000 2399999 307
nn8 2400000 2499999 307
nn8 2500000 2599999 225
nn8 2600000 2699999 195
nn8 2700000 2799999 175
nn8 2800000 2899999 161
nn8 2900000 2999999 421
nn8 3000000 3099999 171
nn8 3100000 3199999 413
nn8 3200000 3299999 558
nn8 3300000 3399999 533
nn8 3400000 3499999 553
nn8 3500000 3599999 255
nn8 3600000 3699999 405
nn8 3700000 3799999 320
nn8 3800000 3899999 306
nn8 3900000 3999999 176
nn8 4000000 4099999 360
nn8 4100000 4199999 363
nn8 4200000 4299999 349
nn8 4300000 4399999 231
nn8 4400000 4499999 389
nn8 4500000 4599999 332
nn8 4600000 4699999 348
nn8 4700000 4799999 240
nn8 4800000 4899999 51
nn8 4900000 4999999 294
nn8 5000000 5099999 180
nn8 5100000 5199999 135
nn8 5200000 5299999 283
nn8 5300000 5399999 302
nn8 5400000 5499999 353
nn8 5500000 5599999 403
nn8 5600000 5699999 392
nn8 5700000 5799999 427
nn8 5800000 5899999 545
nn8 5900000 5999999 199
nn8 6000000 6099999 517
nn8 6100000 6199999 460
nn8 6200000 6299999 491
nn8 6300000 6399999 206
nn8 6400000 6499999 170
nn8 6500000 6599999 249
nn8 6600000 6699999 252
nn8 6700000 6799999 328
nn8 6800000 6899999 126
nn8 6900000 6999999 296
nn8 7000000 7099999 325
nn8 7100000 7199999 444
nn8 7200000 7299999 660
nn8 7300000 7399999 412
nn8 7400000 7499999 448
nn8 7500000 7599999 647
nn8 7600000 7699999 492
nn8 7700000 7799999 446
nn8 7800000 7899999 469
nn8 7900000 7999999 497
nn8 8000000 8099999 526
nn8 8100000 8199999 236
nn8 8200000 8299999 608
nn8 8300000 8399999 680
nn8 8400000 8499999 333
nn8 8500000 8599999 320
nn8 8600000 8699999 291
nn8 8700000 8799999 414
nn8 8800000 8899999 432
nn8 8900000 8999999 469
nn8 9000000 9099999 517
nn8 9100000 9199999 412
nn8 9200000 9299999 309
nn8 9300000 9399999 397
nn8 9400000 9499999 505
nn8 9500000 9599999 358
nn8 9600000 9699999 475
nn8 9700000 9799999 191
nn8 9800000 9899999 586
nn8 9900000 9999999 460
nn8 10000000 10099999 337
nn8 10100000 10199999 466
nn8 10200000 10299999 329
nn8 10300000 10399999 481
nn8 10400000 10499999 499
nn8 10500000 10599999 532
nn8 10600000 10699999 435
nn8 10700000 10799999 566
nn8 10800000 10899999 331
nn8 10900000 10999999 312
nn8 11000000 11099999 554
nn8 11100000 11199999 286
nn8 11200000 11299999 441
nn8 11300000 11399999 522
nn8 11400000 11499999 394
nn8 11500000 11599999 394
nn8 11600000 11699999 382
nn8 11700000 11799999 380
nn8 11800000 11899999 301
nn8 11900000 11999999 252
nn8 12000000 12099999 281
nn8 12100000 12199999 427
nn8 12200000 12299999 324
nn8 12300000 12399999 704
nn8 12400000 12499999 524
nn8 12500000 12599999 571
nn8 12600000 12699999 303
nn8 12700000 12799999 564
nn8 12800000 12899999 379
nn8 12900000 12999999 371
nn8 13000000 13099999 456
nn8 13100000 13199999 451
nn8 13200000 13299999 591
nn8 13300000 13399999 468
nn8 13400000 13499999 344
nn8 13500000 13599999 506
nn8 13600000 13699999 279
nn8 13700000 13799999 520
nn8 13800000 13899999 368
nn8 13900000 13999999 538
nn8 14000000 14099999 257
nn8 14100000 14199999 507
nn8 14200000 14299999 438
nn8 14300000 14399999 427
nn8 14400000 14499999 546
nn8 14500000 14599999 530
nn8 14600000 14699999 317
nn8 14700000 14799999 366
nn8 14800000 14899999 516
nn8 14900000 14999999 535
nn8 15000000 15099999 677
nn8 15100000 15199999 467
nn8 15200000 15299999 450
nn8 15300000 15399999 495
nn8 15400000 15499999 385
nn8 15500000 15599999 423
nn8 15600000 15699999 328
nn8 15700000 15799999 568
nn8 15800000 15899999 559
nn8 15900000 15999999 379
nn8 16000000 16099999 202
nn8 16100000 16199999 202
nn8 16200000 16299999 416
nn8 16300000 16399999 481
nn8 16400000 16499999 414
nn8 16500000 16599999 382
nn8 16600000 16699999 445
nn8 16700000 16799999 645
nn8 16800000 16899999 459
nn8 16900000 16999999 553
nn8 17000000 17099999 468
nn8 17100000 17199999 564
nn8 17200000 17299999 539
nn8 17300000 17399999 381
nn8 17400000 17499999 319
nn8 17500000 17599999 412
nn8 17600000 17699999 631
nn8 17700000 17799999 561
nn8 17800000 17899999 790
nn8 17900000 17999999 502
nn8 18000000 18099999 406
nn8 18100000 18199999 754
nn8 18200000 18299999 356
nn8 18300000 18399999 441
nn8 18400000 18499999 508
nn8 18500000 18599999 402
nn8 18600000 18699999 734
nn8 18700000 18799999 458
nn8 18800000 18899999 390
nn8 18900000 18999999 335
nn8 19000000 19099999 902
nn8 19100000 19199999 307
nn8 19200000 19299999 403
nn8 19300000 19399999 356
nn8 19400000 19499999 253
nn8 19500000 19599999 482
nn8 19600000 19699999 246
nn8 19700000 19799999 147
nn8 19800000 19899999 309
nn8 19900000 19999999 300
nn8 20000000 20099999 184
nn8 20100000 20199999 191
nn8 20200000 20299999 238
nn8 20300000 20399999 314
nn8 20400000 20499999 266
nn8 20500000 20599999 278
nn8 20600000 20699999 194
nn8 20700000 20799999 312
nn8 20800000 20899999 276
nn8 20900000 20999999 547
nn8 21000000 21099999 505
nn8 21100000 21199999 224
nn8 21200000 21299999 98
nn8 21300000 21399999 360
nn8 21400000 21499999 172
nn8 21500000 21599999 178
nn8 21600000 21699999 371
nn8 21700000 21799999 407
nn8 21800000 21899999 482
nn8 21900000 21999999 451
nn8 22000000 22099999 524
nn8 22100000 22199999 499
nn8 22200000 22299999 421
nn8 22300000 22399999 378
nn8 22400000 22499999 288
nn8 22500000 22599999 404
nn8 22600000 22699999 380
nn8 22700000 22799999 431
nn8 22800000 22899999 508
nn8 22900000 22999999 748
nn8 23000000 23099999 484
nn8 23100000 23199999 656
nn8 23200000 23299999 392
nn8 23300000 23399999 175
nn8 23400000 23499999 467
nn8 23500000 23599999 535
nn8 23600000 23699999 352
nn8 23700000 23799999 481
nn8 23800000 23899999 448
nn8 23900000 23999999 309
nn8 24000000 24099999 276
nn8 24100000 24199999 388
nn8 24200000 24299999 384
nn8 24300000 24399999 337
nn8 24400000 24499999 415
nn8 24500000 24599999 325
nn8 24600000 24699999 204
nn8 24700000 24799999 537
nn8 24800000 24899999 249
nn8 24900000 24999999 276
nn8 25000000 25099999 366
nn8 25100000 25199999 253
nn8 25200000 25299999 465
nn8 25300000 25399999 477
nn8 25400000 25499999 250
nn8 25500000 25599999 397
nn8 25600000 25699999 436
nn8 25700000 25799999 436
nn8 25800000 25899999 320
nn8 25900000 25999999 556
nn8 26000000 26099999 513
nn8 26100000 26199999 587
nn8 26200000 26299999 335
nn8 26300000 26399999 473
nn8 26400000 26499999 404
nn8 26500000 26599999 575
nn8 26600000 26699999 448
nn8 26700000 26799999 513
nn8 26800000 26899999 429
nn8 26900000 26999999 303
nn8 27000000 27099999 367
nn8 27100000 27199999 450
nn8 27200000 27299999 199
nn8 27300000 27399999 336
nn8 27400000 27499999 497
nn8 27500000 27599999 437
nn8 27600000 27699999 404
nn8 27700000 27799999 543
nn8 27800000 27899999 410
nn8 27900000 27999999 458
nn8 28000000 28099999 407
nn8 28100000 28199999 504
nn8 28200000 28299999 322
nn8 28300000 28399999 272
nn8 28400000 28499999 257
nn8 28500000 28599999 169
nn8 28600000 28699999 411
nn8 28700000 28799999 414
nn8 28800000 28899999 395
nn8 28900000 28999999 289
nn8 29000000 29099999 273
nn8 29100000 29199999 268
nn8 29200000 29299999 197
nn8 29300000 29399999 370
nn8 29400000 29499999 542
nn8 29500000 29599999 396
nn8 29600000 29699999 411
nn8 29700000 29734179 96
nn9 0 99999 220
nn9 100000 199999 310
nn9 200000 299999 432
nn9 300000 399999 315
nn9 400000 499999 204
nn9 500000 599999 387
nn9 600000 699999 268
nn9 700000 799999 220
nn9 800000 899999 337
nn9 900000 999999 438
nn9 1000000 1099999 569
nn9 1100000 1199999 337
nn9 1200000 1299999 258
nn9 1300000 1399999 487
nn9 1400000 1499999 419
nn9 1500000 1599999 323
nn9 1600000 1699999 347
nn9 1700000 1799999 325
nn9 1800000 1899999 360
nn9 1900000 1999999 430
nn9 2000000 2099999 294
nn9 2100000 2199999 354
nn9 2200000 2299999 452
nn9 2300000 2399999 497
nn9 2400000 2499999 317
nn9 2500000 2599999 570
nn9 2600000 2699999 519
nn9 2700000 2799999 312
nn9 2800000 2899999 443
nn9 2900000 2999999 722
nn9 3000000 3099999 387
nn9 3100000 3199999 585
nn9 3200000 3299999 346
nn9 3300000 3399999 640
nn9 3400000 3499999 474
nn9 3500000 3599999 551
nn9 3600000 3699999 315
nn9 3700000 3799999 557
nn9 3800000 3899999 314
nn9 3900000 3999999 379
nn9 4000000 4099999 348
nn9 4100000 4199999 402
nn9 4200000 4299999 312
nn9 4300000 4399999 311
nn9 4400000 4499999 410
nn9 4500000 4599999 340
nn9 4600000 4699999 198
nn9 4700000 4799999 439
nn9 4800000 4899999 364
nn9 4900000 4999999 533
nn9 5000000 5099999 480
nn9 5100000 5199999 514
nn9 5200000 5299999 437
nn9 5300000 5399999 543
nn9 5400000 5499999 337
nn9 5500000 5599999 280
nn9 5600000 5699999 462
nn9 5700000 5799999 442
nn9 5800000 5899999 656
nn9 5900000 5999999 351
nn9 6000000 6099999 443
nn9 6100000 6199999 210
nn9 6200000 6299999 346
nn9 6300000 6399999 331
nn9 6400000 6499999 416
nn9 6500000 6599999 410
nn9 6600000 6699999 331
nn9 6700000 6799999 374
nn9 6800000 6899999 625
nn9 6900000 6999999 464
nn9 7000000 7099999 429
nn9 7100000 7199999 492
nn9 7200000 7299999 458
nn9 7300000 7399999 393
nn9 7400000 7499999 585
nn9 7500000 7599999 504
nn9 7600000 7699999 506
nn9 7700000 7799999 459
nn9 7800000 7899999 588
nn9 7900000 7999999 323
nn9 8000000 8099999 336
nn9 8100000 8199999 360
nn9 8200000 8299999 74
nn9 8300000 8399999 223
nn9 8400000 8499999 337
nn9 8500000 8599999 263
nn9 8600000 8699999 226
nn9 8700000 8799999 329
nn9 8800000 8899999 368
nn9 8900000 8999999 368
nn9 9000000 9099999 258
nn9 9100000 9199999 342
nn9 9200000 9299999 165
nn9 9300000 9399999 368
nn9 9400000 9499999 351
nn9 9500000 9599999 274
nn9 9600000 9699999 368
nn9 9700000 9799999 368
nn9 9800000 9899999 281
nn9 9900000 9999999 518
nn9 10000000 10099999 398
nn9 10100000 10199999 357
nn9 10200000 10299999 524
nn9 10300000 10399999 366
nn9 10400000 10499999 445
nn9 10500000 10599999 376
nn9 10600000 10699999 222
nn9 10700000 10799999 152
nn9 10800000 10899999 334
nn9 10900000 10999999 211
nn9 11000000 11099999 295
nn9 11100000 11199999 324
nn9 11200000 11299999 236
nn9 11300000 11399999 419
nn9 11400000 11499999 576
nn9 11500000 11599999 338
nn9 11600000 11699999 775
nn9 11700000 11799999 573
nn9 11800000 11899999 286
nn9 11900000 11999999 557
nn9 12000000 12099999 520
nn9 12100000 12199999 717
nn9 12200000 12299999 415
nn9 12300000 12399999 246
nn9 12400000 12499999 548
nn9 12500000 12599999 638
nn9 12600000 12699999 448
nn9 12700000 12799999 591
nn9 12800000 12899999 406
nn9 12900000 12999999 418
nn9 13000000 13099999 356
nn9 13100000 13199999 684
nn9 13200000 13299999 458
nn9 13300000 13399999 375
nn9 13400000 13499999 682
nn9 13500000 13599999 205
nn9 13600000 13699999 497
nn9 13700000 13799999 488
nn9 13800000 13899999 403
nn9 13900000 13999999 563
nn9 14000000 14099999 395
nn9 14100000 14199999 445
nn9 14200000 14299999 559
nn9 14300000 14399999 451
nn9 14400000 14499999 676
nn9 14500000 14599999 433
nn9 14600000 14699999 305
nn9 14700000 14799999 455
nn9 14800000 14899999 640
nn9 14900000 14999999 392
nn9 15000000 15099999 438
nn9 15100000 15199999 400
nn9 15200000 15299999 373
nn9 15300000 15399999 489
nn9 15400000 15499999 453
nn9 15500000 15599999 427
nn9 15600000 15699999 405
nn9 15700000 15799999 525
nn9 15800000 15899999 177
nn9 15900000 15999999 493
nn9 16000000 16099999 331
nn9 16100000 16199999 285
nn9 16200000 16299999 456
nn9 16300000 16399999 405
nn9 16400000 16499999 302
nn9 16500000 16599999 335
nn9 16600000 16699999 570
nn9 16700000 16799999 450
nn9 16800000 16899999 282
nn9 16900000 16999999 354
nn9 17000000 17099999 443
nn9 17100000 17199999 621
nn9 17200000 17299999 448
nn9 17300000 17399999 510
nn9 17400000 17499999 434
nn9 17500000 17599999 344
nn9 17600000 17699999 439
nn9 17700000 17799999 351
nn9 17800000 17899999 583
nn9 17900000 17999999 650
nn9 18000000 18099999 408
nn9 18100000 18199999 449
nn9 18200000 18299999 468
nn9 18300000 18399999 536
nn9 18400000 18499999 425
nn9 18500000 18599999 260
nn9 18600000 18699999 365
nn9 18700000 18799999 399
nn9 18800000 18899999 403
nn9 18900000 18999999 269
nn9 19000000 19099999 122
nn9 19100000 19199999 304
nn9 19200000 19299999 375
nn9 19300000 19399999 312
nn9 19400000 19499999 271
nn9 19500000 19599999 354
nn9 19600000 19699999 221
nn9 19700000 19799999 320
nn9 19800000 19899999 220
nn9 19900000 19999999 343
nn9 20000000 20099999 424
nn9 20100000 20199999 433
nn9 20200000 20299999 329
nn9 20300000 20399999 412
nn9 20400000 20499999 160
nn9 20500000 20599999 185
nn9 20600000 20699999 317
nn9 20700000 20799999 557
nn9 20800000 20899999 220
nn9 20900000 20999999 325
nn9 21000000 21099999 492
nn9 21100000 21199999 274
nn9 21200000 21299999 376
nn9 21300000 21399999 277
nn9 21400000 21499999 375
nn9 21500000 21599999 355
nn9 21600000 21699999 378
nn9 21700000 21799999 381
nn9 21800000 21899999 270
nn9 21900000 21999999 177
nn9 22000000 22099999 317
nn9 22100000 22199999 502
nn9 22200000 22299999 397
nn9 22300000 22399999 421
nn9 22400000 22499999 438
nn9 22500000 22599999 172
nn9 22600000 22699999 316
nn9 22700000 22799999 396
nn9 22800000 22899999 381
nn9 22900000 22999999 268
nn9 23000000 23099999 330
nn9 23100000 23199999 388
nn9 23200000 23299999 474
nn9 23300000 23399999 281
nn9 23400000 23499999 316
nn9 23500000 23599999 152
nn9 23600000 23699999 4139
nn9 23700000 23799999 5751
nn9 23800000 23899999 6651
nn9 23900000 23999999 5917
nn9 24000000 24099999 4034
nn9 24100000 24199999 4320
nn9 24200000 24299999 6308
nn9 24300000 24360532 3261
nn10 0 99999 308
nn10 100000 199999 397
nn10 200000 299999 455
nn10 300000 399999 105
nn10 400000 499999 65
nn10 500000 599999 278
nn10 600000 699999 392
nn10 700000 799999 390
nn10 800000 899999 336
nn10 900000 999999 150
nn10 1000000 1099999 125
nn10 1100000 1199999 219
nn10 1200000 1299999 526
nn10 1300000 1399999 333
nn10 1400000 1499999 323
nn10 1500000 1599999 488
nn10 1600000 1699999 251
nn10 1700000 1799999 407
nn10 1800000 1899999 184
nn10 1900000 1999999 439
nn10 2000000 2099999 360
nn10 2100000 2199999 470
nn10 2200000 2299999 221
nn10 2300000 2399999 337
nn10 2400000 2499999 422
nn10 2500000 2599999 152
nn10 2600000 2699999 278
nn10 2700000 2799999 446
nn10 2800000 2899999 334
nn10 2900000 2999999 481
nn10 3000000 3099999 253
nn10 3100000 3199999 420
nn10 3200000 3299999 368
nn10 3300000 3399999 412
nn10 3400000 3499999 436
nn10 3500000 3599999 279
nn10 3600000 3699999 215
nn10 3700000 3799999 621
nn10 3800000 3899999 275
nn10 3900000 3999999 484
nn10 4000000 4099999 383
nn10 4100000 4199999 274
nn10 4200000 4299999 413
nn10 4300000 4399999 654
nn10 4400000 4499999 597
nn10 4500000 4599999 293
nn10 4600000 4699999 399
nn10 4700000 4799999 534
nn10 4800000 4899999 436
nn10 4900000 4999999 732
nn10 5000000 5099999 620
nn10 5100000 5199999 652
nn10 5200000 5299999 431
nn10 5300000 5399999 302
nn10 5400000 5499999 595
nn10 5500000 5599999 288
nn10 5600000 5699999 333
nn10 5700000 5799999 345
nn10 5800000 5899999 268
nn10 5900000 5999999 228
nn10 6000000 6099999 380
nn10 6100000 6199999 531
nn10 6200000 6299999 445
nn10 6300000 6399999 391
nn10 6400000 6499999 416
nn10 6500000 6599999 326
nn10 6600000 6699999 387
nn10 6700000 6799999 340
nn10 6800000 6899999 386
nn10 6900000 6999999 495
nn10 7000000 7099999 336
nn10 7100000 7199999 212
nn10 7200000 7299999 355
nn10 7300000 7399999 253
nn10 7400000 7499999 334
nn10 7500000 7599999 50
nn10 7600000 7699999 268
nn10 7700000 7799999 390
nn10 7800000 7899999 207
nn10 7900000 7999999 675
nn10 8000000 8099999 494
nn10 8100000 8199999 449
nn10 8200000 8299999 310
nn10 8300000 8399999 519
nn10 8400000 8499999 598
nn10 8500000 8599999 325
nn10 8600000 8699999 551
nn10 8700000 8799999 380
nn10 8800000 8899999 840
nn10 8900000 8999999 492
nn10 9000000 9099999 613
nn10 9100000 9199999 347
nn10 9200000 9299999 270
nn10 9300000 9399999 103
nn10 9400000 9499999 415
nn10 9500000 9599999 333
nn10 9600000 9699999 579
nn10 9700000 9799999 417
nn10 9800000 9899999 360
nn10 9900000 9999999 481
nn10 10000000 10099999 439
nn10 10100000 10199999 623
nn10 10200000 10299999 343
nn10 10300000 10399999 277
nn10 10400000 10499999 577
nn10 10500000 10599999 359
nn10 10600000 10699999 570
nn10 10700000 10799999 407
nn10 10800000 10899999 453
nn10 10900000 10999999 378
nn10 11000000 11099999 394
nn10 11100000 11199999 435
nn10 11200000 11299999 243
nn10 11300000 11399999 274
nn10 11400000 11499999 372
nn10 11500000 11599999 345
nn10 11600000 11699999 280
nn10 11700000 11799999 466
nn10 11800000 11899999 309
nn10 11900000 11999999 391
nn10 12000000 12099999 506
nn10 12100000 12199999 373
nn10 12200000 12299999 429
nn10 12300000 12399999 363
nn10 12400000 12499999 358
nn10 12500000 12599999 307
nn10 12600000 12699999 454
nn10 12700000 12799999 220
nn10 12800000 12899999 333
nn10 12900000 12999999 308
nn10 13000000 13099999 296
nn10 13100000 13199999 372
nn10 13200000 13299999 175
nn10 13300000 13399999 334
nn10 13400000 13499999 553
nn10 13500000 13599999 374
nn10 13600000 13699999 478
nn10 13700000 13799999 355
nn10 13800000 13899999 480
nn10 13900000 13999999 429
nn10 14000000 14099999 628
nn10 14100000 14199999 495
nn10 14200000 14299999 212
nn10 14300000 14399999 299
nn10 14400000 14499999 331
nn10 14500000 14599999 542
nn10 14600000 14699999 327
nn10 14700000 14799999 350
nn10 14800000 14899999 482
nn10 14900000 14999999 532
nn10 15000000 15099999 346
nn10 15100000 15199999 444
nn10 15200000 15299999 309
nn10 15300000 15399999 317
nn10 15400000 15499999 400
nn10 15500000 15599999 502
nn10 15600000 15699999 464
nn10 15700000 15799999 331
nn10 15800000 15899999 351
nn10 15900000 15999999 540
nn10 16000000 16099999 423
nn10 16100000 16199999 501
nn10 16200000 16299999 403
nn10 16300000 16399999 263
nn10 16400000 16499999 682
nn10 16500000 16599999 380
nn10 16600000 16699999 434
nn10 16700000 16799999 595
nn10 16800000 16899999 459
nn10 16900000 16999999 498
nn10 17000000 17099999 438
nn10 17100000 17199999 308
nn10 17200000 17299999 278
nn10 17300000 17399999 388
nn10 17400000 17499999 350
nn10 17500000 17599999 369
nn10 17600000 17699999 203
nn10 17700000 17799999 295
nn10 17800000 17899999 203
nn10 17900000 17999999 208
nn10 18000000 18099999 70
nn10 18100000 18199999 124
nn10 18200000 18299999 344
nn10 18300000 18399999 358
nn10 18400000 18499999 395
nn10 18500000 18599999 312
nn10 18600000 18699999 285
nn10 18700000 18799999 419
nn10 18800000 18899999 241
nn10 18900000 18999999 184
nn10 19000000 19099999 393
nn10 19100000 19199999 170
nn10 19200000 19299999 254
nn10 19300000 19399999 256
nn10 19400000 19499999 327
nn10 19500000 19599999 378
nn10 19600000 19699999 203
nn10 19700000 19799999 286
nn10 19800000 19899999 375
nn10 19900000 19999999 399
nn10 20000000 20098048 2856
nn11 0 99999 467
nn11 100000 199999 394
nn11 200000 299999 309
nn11 300000 399999 204
nn11 400000 499999 419
nn11 500000 599999 404
nn11 600000 699999 175
nn11 700000 799999 286
nn11 800000 899999 472
nn11 900000 999999 321
nn11 1000000 1099999 355
nn11 1100000 1199999 99
nn11 1200000 1299999 158
nn11 1300000 1399999 200
nn11 1400000 1499999 248
nn11 1500000 1599999 148
nn11 1600000 1699999 112
nn11 1700000 1799999 410
nn11 1800000 1899999 397
nn11 1900000 1999999 377
nn11 2000000 2099999 141
nn11 2100000 2199999 255
nn11 2200000 2299999 259
nn11 2300000 2399999 123
nn11 2400000 2499999 302
nn11 2500000 2599999 356
nn11 2600000 2699999 487
nn11 2700000 2799999 561
nn11 2800000 2899999 436
nn11 2900000 2999999 802
nn11 3000000 3099999 302
nn11 3100000 3199999 512
nn11 3200000 3299999 229
nn11 3300000 3399999 366
nn11 3400000 3499999 407
nn11 3500000 3599999 448
nn11 3600000 3699999 477
nn11 3700000 3799999 453
nn11 3800000 3899999 693
nn11 3900000 3999999 662
nn11 4000000 4099999 487
nn11 4100000 4199999 451
nn11 4200000 4299999 415
nn11 4300000 4399999 615
nn11 4400000 4499999 404
nn11 4500000 4599999 399
nn11 4600000 4699999 321
nn11 4700000 4799999 428
nn11 4800000 4899999 533
nn11 4900000 4999999 538
nn11 5000000 5099999 272
nn11 5100000 5199999 532
nn11 5200000 5299999 328
nn11 5300000 5399999 369
nn11 5400000 5499999 273
nn11 5500000 5599999 299
nn11 5600000 5699999 411
nn11 5700000 5799999 390
nn11 5800000 5899999 512
nn11 5900000 5999999 555
nn11 6000000 6099999 404
nn11 6100000 6199999 409
nn11 6200000 6299999 473
nn11 6300000 6399999 443
nn11 6400000 6499999 513
nn11 6500000 6599999 579
nn11 6600000 6699999 735
nn11 6700000 6799999 615
nn11 6800000 6899999 419
nn11 6900000 6999999 528
nn11 7000000 7099999 454
nn11 7100000 7199999 385
nn11 7200000 7299999 409
nn11 7300000 7399999 608
nn11 7400000 7499999 621
nn11 7500000 7599999 493
nn11 7600000 7699999 431
nn11 7700000 7799999 650
nn11 7800000 7899999 348
nn11 7900000 7999999 503
nn11 8000000 8099999 334
nn11 8100000 8199999 613
nn11 8200000 8299999 437
nn11 8300000 8399999 499
nn11 8400000 8499999 347
nn11 8500000 8599999 594
nn11 8600000 8699999 490
nn11 8700000 8799999 566
nn11 8800000 8899999 436
nn11 8900000 8999999 252
nn11 9000000 9099999 482
nn11 9100000 9199999 385
nn11 9200000 9299999 520
nn11 9300000 9399999 325
nn11 9400000 9499999 472
nn11 9500000 9599999 369
nn11 9600000 9699999 403
nn11 9700000 9799999 235
nn11 9800000 9899999 285
nn11 9900000 9999999 182
nn11 10000000 10099999 305
nn11 10100000 10199999 297
nn11 10200000 10299999 292
nn11 10300000 10399999 452
nn11 10400000 10499999 520
nn11 10500000 10599999 565
nn11 10600000 10699999 597
nn11 10700000 10799999 393
nn11 10800000 10899999 407
nn11 10900000 10999999 618
nn11 11000000 11099999 380
nn11 11100000 11199999 362
nn11 11200000 11299999 450
nn11 11300000 11399999 594
nn11 11400000 11499999 703
nn11 11500000 11599999 292
nn11 11600000 11699999 376
nn11 11700000 11799999 538
nn11 11800000 11899999 498
nn11 11900000 11999999 426
nn11 12000000 12099999 511
nn11 12100000 12199999 580
nn11 12200000 12299999 269
nn11 12300000 12399999 549
nn11 12400000 12499999 449
nn11 12500000 12599999 389
nn11 12600000 12699999 735
nn11 12700000 12799999 447
nn11 12800000 12899999 380
nn11 12900000 12999999 341
nn11 13000000 13099999 533
nn11 13100000 13199999 466
nn11 13200000 13299999 509
nn11 13300000 13399999 354
nn11 13400000 13499999 252
nn11 13500000 13599999 488
nn11 13600000 13699999 360
nn11 13700000 13799999 365
nn11 13800000 13899999 678
nn11 13900000 13999999 419
nn11 14000000 14099999 380
nn11 14100000 14199999 570
nn11 14200000 14299999 349
nn11 14300000 14399999 534
nn11 14400000 14499999 456
nn11 14500000 14599999 872
nn11 14600000 14699999 499
nn11 14700000 14799999 411
nn11 14800000 14899999 392
nn11 14900000 14999999 465
nn11 15000000 15099999 584
nn11 15100000 15199999 430
nn11 15200000 15299999 549
nn11 15300000 15399999 445
nn11 15400000 15499999 427
nn11 15500000 15599999 341
nn11 15600000 15699999 223
nn11 15700000 15799999 379
nn11 15800000 15899999 363
nn11 15900000 15999999 280
nn11 16000000 16099999 450
nn11 16100000 16199999 375
nn11 16200000 16299999 475
nn11 16300000 16399999 346
nn11 16400000 16499999 313
nn11 16500000 16599999 383
nn11 16600000 16699999 309
nn11 16700000 16799999 497
nn11 16800000 16899999 434
nn11 16900000 16999999 343
nn11 17000000 17099999 231
nn11 17100000 17199999 363
nn11 17200000 17299999 226
nn11 17300000 17399999 238
nn11 17400000 17499999 144
nn11 17500000 17599999 223
nn11 17600000 17699999 181
nn11 17700000 17799999 157
nn11 17800000 17899999 130
nn11 17900000 17999999 143
nn11 18000000 18099999 243
nn11 18100000 18199999 224
nn11 18200000 18299999 282
nn11 18300000 18399999 326
nn11 18400000 18499999 226
nn11 18500000 18599999 205
nn11 18600000 18699999 174
nn11 18700000 18799999 251
nn11 18800000 18899999 256
nn11 18900000 18999999 182
nn11 19000000 19099999 302
nn11 19100000 19199999 256
nn11 19200000 19299999 225
nn11 19300000 19399999 315
nn11 19400000 19499999 538
nn11 19500000 19599999 461
nn11 19600000 19699999 238
nn11 19700000 19799999 3548
nn11 19800000 19899999 4405
nn11 19900000 19999999 4502
nn11 20000000 20099999 5197
nn11 20100000 20148113 691
nn12 0 99999 290
nn12 100000 199999 379
nn12 200000 299999 479
nn12 300000 399999 413
nn12 400000 499999 197
nn12 500000 599999 173
nn12 600000 699999 258
nn12 700000 799999 226
nn12 800000 899999 527
nn12 900000 999999 223
nn12 1000000 1099999 570
nn12 1100000 1199999 329
nn12 1200000 1299999 539
nn12 1300000 1399999 228
nn12 1400000 1499999 297
nn12 1500000 1599999 334
nn12 1600000 1699999 232
nn12 1700000 1799999 214
nn12 1800000 1899999 440
nn12 1900000 1999999 380
nn12 2000000 2099999 341
nn12 2100000 2199999 177
nn12 2200000 2299999 355
nn12 2300000 2399999 491
nn12 2400000 2499999 402
nn12 2500000 2599999 247
nn12 2600000 2699999 466
nn12 2700000 2799999 552
nn12 2800000 2899999 476
nn12 2900000 2999999 483
nn12 3000000 3099999 424
nn12 3100000 3199999 526
nn12 3200000 3299999 557
nn12 3300000 3399999 523
nn12 3400000 3499999 309
nn12 3500000 3599999 331
nn12 3600000 3699999 327
nn12 3700000 3799999 187
nn12 3800000 3899999 464
nn12 3900000 3999999 260
nn12 4000000 4099999 252
nn12 4100000 4199999 439
nn12 4200000 4299999 627
nn12 4300000 4399999 483
nn12 4400000 4499999 315
nn12 4500000 4599999 204
nn12 4600000 4699999 325
nn12 4700000 4799999 521
nn12 4800000 4899999 265
nn12 4900000 4999999 499
nn12 5000000 5099999 302
nn12 5100000 5199999 470
nn12 5200000 5299999 433
nn12 5300000 5399999 358
nn12 5400000 5499999 551
nn12 5500000 5599999 357
nn12 5600000 5699999 259
nn12 5700000 5799999 421
nn12 5800000 5899999 458
nn12 5900000 5999999 313
nn12 6000000 6099999 521
nn12 6100000 6199999 368
nn12 6200000 6299999 283
nn12 6300000 6399999 399
nn12 6400000 6499999 364
nn12 6500000 6599999 456
nn12 6600000 6699999 371
nn12 6700000 6799999 525
nn12 6800000 6899999 428
nn12 6900000 6999999 463
nn12 7000000 7099999 570
nn12 7100000 7199999 422
nn12 7200000 7299999 378
nn12 7300000 7399999 531
nn12 7400000 7499999 461
nn12 7500000 7599999 284
nn12 7600000 7699999 433
nn12 7700000 7799999 473
nn12 7800000 7899999 415
nn12 7900000 7999999 381
nn12 8000000 8099999 522
nn12 8100000 8199999 178
nn12 8200000 8299999 346
nn12 8300000 8399999 272
nn12 8400000 8499999 123
nn12 8500000 8599999 150
nn12 8600000 8699999 403
nn12 8700000 8799999 307
nn12 8800000 8899999 137
nn12 8900000 8999999 520
nn12 9000000 9099999 463
nn12 9100000 9199999 248
nn12 9200000 9299999 276
nn12 9300000 9399999 388
nn12 9400000 9499999 230
nn12 9500000 9599999 432
nn12 9600000 9699999 201
nn12 9700000 9799999 347
nn12 9800000 9899999 486
nn12 9900000 9999999 563
nn12 10000000 10099999 198
nn12 10100000 10199999 256
nn12 10200000 10299999 179
nn12 10300000 10399999 486
nn12 10400000 10499999 308
nn12 10500000 10599999 346
nn12 10600000 10699999 476
nn12 10700000 10799999 220
nn12 10800000 10899999 198
nn12 10900000 10999999 136
nn12 11000000 11099999 186
nn12 11100000 11199999 240
nn12 11200000 11299999 435
nn12 11300000 11399999 637
nn12 11400000 11499999 400
nn12 11500000 11599999 444
nn12 11600000 11699999 450
nn12 11700000 11799999 385
nn12 11800000 11899999 330
nn12 11900000 11999999 348
nn12 12000000 12099999 378
nn12 12100000 12199999 490
nn12 12200000 12299999 318
nn12 12300000 12399999 430
nn12 12400000 12499999 688
nn12 12500000 12599999 400
nn12 12600000 12699999 324
nn12 12700000 12799999 450
nn12 12800000 12899999 449
nn12 12900000 12999999 342
nn12 13000000 13099999 473
nn12 13100000 13199999 327
nn12 13200000 13299999 470
nn12 13300000 13399999 251
nn12 13400000 13499999 332
nn12 13500000 13599999 126
nn12 13600000 13699999 618
nn12 13700000 13799999 386
nn12 13800000 13899999 334
nn12 13900000 13999999 349
nn12 14000000 14099999 537
nn12 14100000 14199999 475
nn12 14200000 14299999 374
nn12 14300000 14399999 497
nn12 14400000 14499999 509
nn12 14500000 14599999 684
nn12 14600000 14699999 529
nn12 14700000 14799999 489
nn12 14800000 14899999 537
nn12 14900000 14999999 624
nn12 15000000 15099999 359
nn12 15100000 15199999 454
nn12 15200000 15299999 455
nn12 15300000 15399999 538
nn12 15400000 15499999 488
nn12 15500000 15599999 569
nn12 15600000 15699999 223
nn12 15700000 15799999 366
nn12 15800000 15899999 568
nn12 15900000 15999999 556
nn12 16000000 16099999 670
nn12 16100000 16199999 255
nn12 16200000 16299999 306
nn12 16300000 16399999 381
nn12 16400000 16499999 455
nn12 16500000 16599999 263
nn12 16600000 16699999 506
nn12 16700000 16799999 407
nn12 16800000 16899999 181
nn12 16900000 16999999 76
nn12 17000000 17099999 295
nn12 17100000 17199999 132
nn12 17200000 17299999 124
nn12 17300000 17399999 25
nn12 17400000 17499999 303
nn12 17500000 17599999 365
nn12 17600000 17699999 123
nn12 17700000 17799999 122
nn12 17800000 17899999 374
nn12 17900000 17999999 483
nn12 18000000 18099999 351
nn12 18100000 18199999 208
nn12 18200000 18299999 254
nn12 18300000 18399999 323
nn12 18400000 18499999 337
nn12 18500000 18599999 452
nn12 18600000 18699999 499
nn12 18700000 18799999 234
nn12 18800000 18899999 234
nn12 18900000 18999999 374
nn12 19000000 19099999 315
nn12 19100000 19199999 150
nn12 19200000 19299999 139
nn12 19300000 19399999 381
nn12 19400000 19499999 190
nn12 19500000 19599999 385
nn12 19600000 19699999 274
nn12 19700000 19799999 550
nn12 19800000 19899999 434
nn12 19900000 19999999 193
nn12 20000000 20099999 2016
nn12 20100000 20199999 3429
nn12 20200000 20299999 3226
nn12 20300000 20399999 2674
nn12 20400000 20499999 4634
nn12 20500000 20554282 3310
nn13 0 99999 323
nn13 100000 199999 885
nn13 200000 299999 322
nn13 300000 399999 328
nn13 400000 499999 149
nn13 500000 599999 309
nn13 600000 699999 388
nn13 700000 799999 201
nn13 800000 899999 274
nn13 900000 999999 298
nn13 1000000 1099999 301
nn13 1100000 1199999 229
nn13 1200000 1299999 318
nn13 1300000 1399999 242
nn13 1400000 1499999 410
nn13 1500000 1599999 403
nn13 1600000 1699999 395
nn13 1700000 1799999 347
nn13 1800000 1899999 248
nn13 1900000 1999999 433
nn13 2000000 2099999 299
nn13 2100000 2199999 398
nn13 2200000 2299999 324
nn13 2300000 2399999 398
nn13 2400000 2499999 304
nn13 2500000 2599999 249
nn13 2600000 2699999 310
nn13 2700000 2799999 485
nn13 2800000 2899999 345
nn13 2900000 2999999 449
nn13 3000000 3099999 369
nn13 3100000 3199999 301
nn13 3200000 3299999 338
nn13 3300000 3399999 469
nn13 3400000 3499999 522
nn13 3500000 3599999 546
nn13 3600000 3699999 546
nn13 3700000 3799999 426
nn13 3800000 3899999 336
nn13 3900000 3999999 595
nn13 4000000 4099999 368
nn13 4100000 4199999 410
nn13 4200000 4299999 519
nn13 4300000 4399999 398
nn13 4400000 4499999 504
nn13 4500000 4599999 370
nn13 4600000 4699999 418
nn13 4700000 4799999 346
nn13 4800000 4899999 322
nn13 4900000 4999999 79
nn13 5000000 5099999 225
nn13 5100000 5199999 223
nn13 5200000 5299999 286
nn13 5300000 5399999 221
nn13 5400000 5499999 326
nn13 5500000 5599999 453
nn13 5600000 5699999 479
nn13 5700000 5799999 374
nn13 5800000 5899999 328
nn13 5900000 5999999 205
nn13 6000000 6099999 327
nn13 6100000 6199999 273
nn13 6200000 6299999 266
nn13 6300000 6399999 489
nn13 6400000 6499999 502
nn13 6500000 6599999 277
nn13 6600000 6699999 434
nn13 6700000 6799999 451
nn13 6800000 6899999 299
nn13 6900000 6999999 487
nn13 7000000 7099999 387
nn13 7100000 7199999 479
nn13 7200000 7299999 301
nn13 7300000 7399999 346
nn13 7400000 7499999 434
nn13 7500000 7599999 227
nn13 7600000 7699999 446
nn13 7700000 7799999 325
nn13 7800000 7899999 302
nn13 7900000 7999999 191
nn13 8000000 8099999 236
nn13 8100000 8199999 145
nn13 8200000 8299999 225
nn13 8300000 8399999 385
nn13 8400000 8499999 341
nn13 8500000 8599999 536
nn13 8600000 8699999 249
nn13 8700000 8799999 290
nn13 8800000 8899999 396
nn13 8900000 8999999 521
nn13 9000000 9099999 309
nn13 9100000 9199999 260
nn13 9200000 9299999 222
nn13 9300000 9399999 145
nn13 9400000 9499999 385
nn13 9500000 9599999 451
nn13 9600000 9699999 306
nn13 9700000 9799999 99
nn13 9800000 9899999 199
nn13 9900000 9999999 126
nn13 10000000 10099999 405
nn13 10100000 10199999 609
nn13 10200000 10299999 466
nn13 10300000 10399999 434
nn13 10400000 10499999 545
nn13 10500000 10599999 373
nn13 10600000 10699999 508
nn13 10700000 10799999 603
nn13 10800000 10899999 514
nn13 10900000 10999999 506
nn13 11000000 11099999 333
nn13 11100000 11199999 450
nn13 11200000 11299999 326
nn13 11300000 11399999 539
nn13 11400000 11499999 325
nn13 11500000 11599999 383
nn13 11600000 11699999 394
nn13 11700000 11799999 430
nn13 11800000 11899999 335
nn13 11900000 11999999 439
nn13 12000000 12099999 519
nn13 12100000 12199999 462
nn13 12200000 12299999 540
nn13 12300000 12399999 378
nn13 12400000 12499999 762
nn13 12500000 12599999 346
nn13 12600000 12699999 383
nn13 12700000 12799999 378
nn13 12800000 12899999 319
nn13 12900000 12999999 567
nn13 13000000 13099999 495
nn13 13100000 13199999 360
nn13 13200000 13299999 324
nn13 13300000 13399999 404
nn13 13400000 13499999 411
nn13 13500000 13599999 305
nn13 13600000 13699999 381
nn13 13700000 13799999 247
nn13 13800000 13899999 581
nn13 13900000 13999999 431
nn13 14000000 14099999 274
nn13 14100000 14199999 340
nn13 14200000 14299999 495
nn13 14300000 14399999 508
nn13 14400000 14499999 499
nn13 14500000 14599999 470
nn13 14600000 14699999 360
nn13 14700000 14799999 273
nn13 14800000 14899999 390
nn13 14900000 14999999 383
nn13 15000000 15099999 209
nn13 15100000 15199999 379
nn13 15200000 15299999 386
nn13 15300000 15399999 557
nn13 15400000 15499999 308
nn13 15500000 15599999 278
nn13 15600000 15699999 411
nn13 15700000 15799999 152
nn13 15800000 15899999 223
nn13 15900000 15999999 266
nn13 16000000 16099999 247
nn13 16100000 16199999 337
nn13 16200000 16299999 176
nn13 16300000 16399999 176
nn13 16400000 16499999 152
nn13 16500000 16599999 221
nn13 16600000 16699999 200
nn13 16700000 16799999 212
nn13 16800000 16899999 398
nn13 16900000 16999999 282
nn13 17000000 17099999 226
nn13 17100000 17199999 196
nn13 17200000 17299999 246
nn13 17300000 17399999 97
nn13 17400000 17499999 253
nn13 17500000 17599999 177
nn13 17600000 17699999 222
nn13 17700000 17799999 74
nn13 17800000 17899999 303
nn13 17900000 17999999 1544
nn13 18000000 18099999 3851
nn13 18100000 18199999 1872
nn13 18200000 18299999 5059
nn13 18300000 18371304 2276
nn14 0 99999 276
nn14 100000 199999 473
nn14 200000 299999 550
nn14 300000 399999 392
nn14 400000 499999 283
nn14 500000 599999 283
nn14 600000 699999 234
nn14 700000 799999 474
nn14 800000 899999 262
nn14 900000 999999 333
nn14 1000000 1099999 309
nn14 1100000 1199999 411
nn14 1200000 1299999 286
nn14 1300000 1399999 431
nn14 1400000 1499999 307
nn14 1500000 1599999 275
nn14 1600000 1699999 332
nn14 1700000 1799999 306
nn14 1800000 1899999 412
nn14 1900000 1999999 596
nn14 2000000 2099999 288
nn14 2100000 2199999 458
nn14 2200000 2299999 250
nn14 2300000 2399999 647
nn14 2400000 2499999 360
nn14 2500000 2599999 292
nn14 2600000 2699999 232
nn14 2700000 2799999 221
nn14 2800000 2899999 234
nn14 2900000 2999999 377
nn14 3000000 3099999 406
nn14 3100000 3199999 169
nn14 3200000 3299999 352
nn14 3300000 3399999 269
nn14 3400000 3499999 513
nn14 3500000 3599999 456
nn14 3600000 3699999 666
nn14 3700000 3799999 360
nn14 3800000 3899999 504
nn14 3900000 3999999 312
nn14 4000000 4099999 328
nn14 4100000 4199999 368
nn14 4200000 4299999 177
nn14 4300000 4399999 229
nn14 4400000 4499999 304
nn14 4500000 4599999 225
nn14 4600000 4699999 412
nn14 4700000 4799999 318
nn14 4800000 4899999 189
nn14 4900000 4999999 249
nn14 5000000 5099999 202
nn14 5100000 5199999 270
nn14 5200000 5299999 417
nn14 5300000 5399999 375
nn14 5400000 5499999 181
nn14 5500000 5599999 513
nn14 5600000 5699999 589
nn14 5700000 5799999 277
nn14 5800000 5899999 310
nn14 5900000 5999999 406
nn14 6000000 6099999 248
nn14 6100000 6199999 219
nn14 6200000 6299999 360
nn14 6300000 6399999 381
nn14 6400000 6499999 211
nn14 6500000 6599999 271
nn14 6600000 6699999 161
nn14 6700000 6799999 348
nn14 6800000 6899999 302
nn14 6900000 6999999 257
nn14 7000000 7099999 246
nn14 7100000 7199999 122
nn14 7200000 7299999 160
nn14 7300000 7399999 261
nn14 7400000 7499999 355
nn14 7500000 7599999 480
nn14 7600000 7699999 513
nn14 7700000 7799999 379
nn14 7800000 7899999 378
nn14 7900000 7999999 384
nn14 8000000 8099999 486
nn14 8100000 8199999 280
nn14 8200000 8299999 207
nn14 8300000 8399999 507
nn14 8400000 8499999 555
nn14 8500000 8599999 346
nn14 8600000 8699999 488
nn14 8700000 8799999 360
nn14 8800000 8899999 598
nn14 8900000 8999999 457
nn14 9000000 9099999 358
nn14 9100000 9199999 219
nn14 9200000 9299999 324
nn14 9300000 9399999 228
nn14 9400000 9499999 525
nn14 9500000 9599999 283
nn14 9600000 9699999 406
nn14 9700000 9799999 362
nn14 9800000 9899999 376
nn14 9900000 9999999 522
nn14 10000000 10099999 275
nn14 10100000 10199999 414
nn14 10200000 10299999 544
nn14 10300000 10399999 211
nn14 10400000 10499999 408
nn14 10500000 10599999 470
nn14 10600000 10699999 520
nn14 10700000 10799999 408
nn14 10800000 10899999 357
nn14 10900000 10999999 552
nn14 11000000 11099999 236
nn14 11100000 11199999 350
nn14 11200000 11299999 384
nn14 11300000 11399999 618
nn14 11400000 11499999 524
nn14 11500000 11599999 493
nn14 11600000 11699999 611
nn14 11700000 11799999 611
nn14 11800000 11899999 420
nn14 11900000 11999999 396
nn14 12000000 12099999 256
nn14 12100000 12199999 295
nn14 12200000 12299999 276
nn14 12300000 12399999 109
nn14 12400000 12499999 159
nn14 12500000 12599999 207
nn14 12600000 12699999 329
nn14 12700000 12799999 175
nn14 12800000 12899999 275
nn14 12900000 12999999 224
nn14 13000000 13099999 229
nn14 13100000 13199999 277
nn14 13200000 13299999 150
nn14 13300000 13399999 120
nn14 13400000 13499999 285
nn14 13500000 13599999 319
nn14 13600000 13699999 135
nn14 13700000 13799999 197
nn14 13800000 13899999 124
nn14 13900000 13999999 152
nn14 14000000 14099999 276
nn14 14100000 14199999 378
nn14 14200000 14299999 254
nn14 14300000 14399999 372
nn14 14400000 14499999 293
nn14 14500000 14599999 504
nn14 14600000 14699999 201
nn14 14700000 14799999 283
nn14 14800000 14899999 367
nn14 14900000 14999999 410
nn14 15000000 15099999 77
nn14 15100000 15199999 228
nn14 15200000 15299999 727
nn14 15300000 15399999 3072
nn14 15400000 15499999 2380
nn14 15500000 15599999 1854
nn14 15600000 15699999 2266
nn14 15700000 15799999 5538
nn14 15800000 15813833 371
nn15 0 99999 326
nn15 100000 199999 406
nn15 200000 299999 375
nn15 300000 399999 434
nn15 400000 499999 407
nn15 500000 599999 317
nn15 600000 699999 341
nn15 700000 799999 433
nn15 800000 899999 310
nn15 900000 999999 336
nn15 1000000 1099999 451
nn15 1100000 1199999 446
nn15 1200000 1299999 420
nn15 1300000 1399999 358
nn15 1400000 1499999 367
nn15 1500000 1599999 339
nn15 1600000 1699999 277
nn15 1700000 1799999 309
nn15 1800000 1899999 222
nn15 1900000 1999999 273
nn15 2000000 2099999 319
nn15 2100000 2199999 178
nn15 2200000 2299999 287
nn15 2300000 2399999 503
nn15 2400000 2499999 465
nn15 2500000 2599999 405
nn15 2600000 2699999 549
nn15 2700000 2799999 285
nn15 2800000 2899999 423
nn15 2900000 2999999 451
nn15 3000000 3099999 760
nn15 3100000 3199999 391
nn15 3200000 3299999 450
nn15 3300000 3399999 435
nn15 3400000 3499999 460
nn15 3500000 3599999 294
nn15 3600000 3699999 619
nn15 3700000 3799999 304
nn15 3800000 3899999 607
nn15 3900000 3999999 510
nn15 4000000 4099999 584
nn15 4100000 4199999 475
nn15 4200000 4299999 675
nn15 4300000 4399999 395
nn15 4400000 4499999 289
nn15 4500000 4599999 394
nn15 4600000 4699999 172
nn15 4700000 4799999 191
nn15 4800000 4899999 423
nn15 4900000 4999999 252
nn15 5000000 5099999 547
nn15 5100000 5199999 335
nn15 5200000 5299999 294
nn15 5300000 5399999 323
nn15 5400000 5499999 386
nn15 5500000 5599999 502
nn15 5600000 5699999 431
nn15 5700000 5799999 289
nn15 5800000 5899999 459
nn15 5900000 5999999 434
nn15 6000000 6099999 330
nn15 6100000 6199999 147
nn15 6200000 6299999 363
nn15 6300000 6399999 311
nn15 6400000 6499999 397
nn15 6500000 6599999 230
nn15 6600000 6699999 326
nn15 6700000 6799999 249
nn15 6800000 6899999 301
nn15 6900000 6999999 352
nn15 7000000 7099999 314
nn15 7100000 7199999 331
nn15 7200000 7299999 198
nn15 7300000 7399999 162
nn15 7400000 7499999 263
nn15 7500000 7599999 303
nn15 7600000 7699999 350
nn15 7700000 7799999 580
nn15 7800000 7899999 386
nn15 7900000 7999999 316
nn15 8000000 8099999 73
nn15 8100000 8199999 385
nn15 8200000 8299999 439
nn15 8300000 8399999 381
nn15 8400000 8499999 306
nn15 8500000 8599999 251
nn15 8600000 8699999 358
nn15 8700000 8799999 654
nn15 8800000 8899999 566
nn15 8900000 8999999 287
nn15 9000000 9099999 505
nn15 9100000 9199999 410
nn15 9200000 9299999 304
nn15 9300000 9399999 246
nn15 9400000 9499999 191
nn15 9500000 9599999 382
nn15 9600000 9699999 321
nn15 9700000 9799999 321
nn15 9800000 9899999 520
nn15 9900000 9999999 269
nn15 10000000 10099999 254
nn15 10100000 10199999 190
nn15 10200000 10299999 49
nn15 10300000 10399999 270
nn15 10400000 10499999 237
nn15 10500000 10599999 429
nn15 10600000 10699999 481
nn15 10700000 10799999 450
nn15 10800000 10899999 277
nn15 10900000 10999999 120
nn15 11000000 11099999 517
nn15 11100000 11199999 129
nn15 11200000 11299999 148
nn15 11300000 11399999 98
nn15 11400000 11499999 199
nn15 11500000 11599999 361
nn15 11600000 11699999 463
nn15 11700000 11799999 342
nn15 11800000 11899999 385
nn15 11900000 11999999 378
nn15 12000000 12099999 413
nn15 12100000 12199999 282
nn15 12200000 12299999 562
nn15 12300000 12399999 313
nn15 12400000 12499999 360
nn15 12500000 12599999 278
nn15 12600000 12699999 215
nn15 12700000 12799999 247
nn15 12800000 12880243 3134
nn16 0 99999 74
nn16 100000 199999 679
nn16 200000 299999 796
nn16 300000 399999 553
nn16 400000 499999 659
nn16 500000 599999 1342
nn16 600000 699999 1253
nn16 700000 799999 1928
nn16 800000 899999 1697
nn16 900000 999999 2262
nn16 1000000 1099999 2979
nn16 1100000 1199999 2792
nn16 1200000 1299999 15190
nn16 1300000 1399999 4588
nn16 1400000 1499999 9618
nn16 1500000 1599999 7680
nn16 1600000 1699999 1348
nn16 1700000 1799999 645
nn16 1800000 1899999 181
nn16 1900000 1999999 4466
nn16 2000000 2099999 12314
nn16 2100000 2199999 478
nn16 2200000 2299999 180
nn16 2300000 2399999 53
nn16 2400000 2499999 241
nn16 2500000 2599999 74
nn16 2600000 2699999 128
nn16 2700000 2799999 200
nn16 2800000 2899999 186
nn16 2900000 2999999 187
nn16 3000000 3099999 185
nn16 3100000 3199999 76
nn16 3200000 3299999 170
nn16 3300000 3399999 156
nn16 3400000 3499999 49
nn16 3500000 3599999 193
nn16 3600000 3699999 123
nn16 3700000 3799999 98
nn16 3800000 3899999 0
nn16 3900000 3999999 49
nn16 4000000 4099999 134
nn16 4100000 4199999 109
nn16 4200000 4299999 87
nn16 4300000 4399999 177
nn16 4400000 4499999 127
nn16 4500000 4599999 3295
nn16 4600000 4635106 3358
nn17 0 99999 299
nn17 100000 199999 337
nn17 200000 299999 447
nn17 300000 399999 458
nn17 400000 499999 304
nn17 500000 599999 318
nn17 600000 699999 155
nn17 700000 799999 435
nn17 800000 899999 287
nn17 900000 999999 345
nn17 1000000 1099999 273
nn17 1100000 1199999 295
nn17 1200000 1299999 340
nn17 1300000 1399999 218
nn17 1400000 1499999 465
nn17 1500000 1599999 433
nn17 1600000 1699999 366
nn17 1700000 1799999 408
nn17 1800000 1899999 364
nn17 1900000 1999999 285
nn17 2000000 2099999 306
nn17 2100000 2199999 348
nn17 2200000 2299999 251
nn17 2300000 2399999 472
nn17 2400000 2499999 274
nn17 2500000 2599999 201
nn17 2600000 2699999 351
nn17 2700000 2799999 260
nn17 2800000 2899999 291
nn17 2900000 2999999 284
nn17 3000000 3099999 234
nn17 3100000 3199999 345
nn17 3200000 3299999 199
nn17 3300000 3399999 422
nn17 3400000 3499999 337
nn17 3500000 3599999 225
nn17 3600000 3699999 455
nn17 3700000 3799999 335
nn17 3800000 3899999 388
nn17 3900000 3999999 304
nn17 4000000 4099999 327
nn17 4100000 4199999 234
nn17 4200000 4299999 304
nn17 4300000 4399999 272
nn17 4400000 4499999 294
nn17 4500000 4599999 198
nn17 4600000 4699999 251
nn17 4700000 4799999 309
nn17 4800000 4899999 292
nn17 4900000 4999999 197
nn17 5000000 5099999 297
nn17 5100000 5199999 528
nn17 5200000 5299999 456
nn17 5300000 5399999 312
nn17 5400000 5499999 172
nn17 5500000 5599999 354
nn17 5600000 5699999 160
nn17 5700000 5799999 333
nn17 5800000 5899999 332
nn17 5900000 5999999 447
nn17 6000000 6099999 311
nn17 6100000 6199999 381
nn17 6200000 6299999 305
nn17 6300000 6399999 277
nn17 6400000 6499999 256
nn17 6500000 6599999 324
nn17 6600000 6699999 282
nn17 6700000 6799999 254
nn17 6800000 6899999 376
nn17 6900000 6999999 397
nn17 7000000 7099999 123
nn17 7100000 7199999 296
nn17 7200000 7299999 176
nn17 7300000 7399999 448
nn17 7400000 7499999 421
nn17 7500000 7599999 382
nn17 7600000 7699999 177
nn17 7700000 7799999 561
nn17 7800000 7899999 372
nn17 7900000 7999999 241
nn17 8000000 8099999 299
nn17 8100000 8199999 373
nn17 8200000 8299999 125
nn17 8300000 8399999 311
nn17 8400000 8499999 125
nn17 8500000 8599999 264
nn17 8600000 8699999 354
nn17 8700000 8799999 356
nn17 8800000 8899999 281
nn17 8900000 8999999 203
nn17 9000000 9099999 126
nn17 9100000 9199999 395
nn17 9200000 9299999 405
nn17 9300000 9399999 401
nn17 9400000 9499999 154
nn17 9500000 9599999 354
nn17 9600000 9699999 248
nn17 9700000 9799999 129
nn17 9800000 9899999 164
nn17 9900000 9999999 24
nn17 10000000 10099999 175
nn17 10100000 10199999 292
nn17 10200000 10299999 392
nn17 10300000 10399999 1494
nn17 10400000 10499999 672
nn17 10500000 10599999 3138
nn17 10600000 10683667 3555
nn18 0 99999 244
nn18 100000 199999 151
nn18 200000 299999 360
nn18 300000 399999 278
nn18 400000 499999 204
nn18 500000 599999 244
nn18 600000 699999 181
nn18 700000 799999 347
nn18 800000 899999 227
nn18 900000 999999 260
nn18 1000000 1099999 357
nn18 1100000 1199999 352
nn18 1200000 1299999 529
nn18 1300000 1399999 540
nn18 1400000 1499999 533
nn18 1500000 1599999 489
nn18 1600000 1699999 577
nn18 1700000 1799999 449
nn18 1800000 1899999 394
nn18 1900000 1999999 310
nn18 2000000 2099999 637
nn18 2100000 2199999 394
nn18 2200000 2299999 291
nn18 2300000 2399999 250
nn18 2400000 2499999 327
nn18 2500000 2599999 569
nn18 2600000 2699999 427
nn18 2700000 2799999 426
nn18 2800000 2899999 349
nn18 2900000 2999999 421
nn18 3000000 3099999 489
nn18 3100000 3199999 521
nn18 3200000 3299999 275
nn18 3300000 3399999 404
nn18 3400000 3499999 315
nn18 3500000 3599999 336
nn18 3600000 3699999 391
nn18 3700000 3799999 279
nn18 3800000 3899999 280
nn18 3900000 3999999 372
nn18 4000000 4099999 175
nn18 4100000 4199999 586
nn18 4200000 4299999 492
nn18 4300000 4399999 607
nn18 4400000 4499999 361
nn18 4500000 4599999 335
nn18 4600000 4699999 328
nn18 4700000 4799999 354
nn18 4800000 4899999 194
nn18 4900000 4999999 72
nn18 5000000 5099999 177
nn18 5100000 5199999 74
nn18 5200000 5299999 102
nn18 5300000 5399999 320
nn18 5400000 5499999 278
nn18 5500000 5599999 225
nn18 5600000 5699999 138
nn18 5700000 5799999 52
nn18 5800000 5899999 125
nn18 5900000 5999999 277
nn18 6000000 6099999 264
nn18 6100000 6199999 410
nn18 6200000 6299999 417
nn18 6300000 6399999 181
nn18 6400000 6499999 203
nn18 6500000 6599999 184
nn18 6600000 6699999 563
nn18 6700000 6799999 250
nn18 6800000 6899999 214
nn18 6900000 6999999 414
nn18 7000000 7099999 527
nn18 7100000 7199999 272
nn18 7200000 7299999 434
nn18 7300000 7399999 334
nn18 7400000 7499999 438
nn18 7500000 7599999 668
nn18 7600000 7699999 486
nn18 7700000 7799999 329
nn18 7800000 7899999 225
nn18 7900000 7999999 380
nn18 8000000 8099999 294
nn18 8100000 8199999 384
nn18 8200000 8299999 197
nn18 8300000 8399999 346
nn18 8400000 8499999 359
nn18 8500000 8599999 376
nn18 8600000 8699999 222
nn18 8700000 8799999 201
nn18 8800000 8899999 276
nn18 8900000 8999999 182
nn18 9000000 9099999 224
nn18 9100000 9199999 345
nn18 9200000 9299999 234
nn18 9300000 9399999 212
nn18 9400000 9499999 486
nn18 9500000 9599999 301
nn18 9600000 9699999 360
nn18 9700000 9799999 340
nn18 9800000 9899999 197
nn18 9900000 9999999 307
nn18 10000000 10099999 273
nn18 10100000 10199999 259
nn18 10200000 10299999 347
nn18 10300000 10399999 324
nn18 10400000 10499999 378
nn18 10500000 10599999 356
nn18 10600000 10699999 170
nn18 10700000 10799999 476
nn18 10800000 10899999 2758
nn18 10900000 10999999 5372
nn18 11000000 11099999 4711
nn18 11100000 11165485 3286
nn19 0 99999 1237
nn19 100000 199999 206
nn19 200000 299999 216
nn19 300000 399999 198
nn19 400000 499999 127
nn19 500000 599999 270
nn19 600000 699999 236
nn19 700000 799999 268
nn19 800000 899999 75
nn19 900000 999999 334
nn19 1000000 1099999 252
nn19 1100000 1199999 297
nn19 1200000 1299999 217
nn19 1300000 1399999 411
nn19 1400000 1499999 462
nn19 1500000 1599999 344
nn19 1600000 1699999 352
nn19 1700000 1799999 302
nn19 1800000 1899999 560
nn19 1900000 1999999 315
nn19 2000000 2099999 149
nn19 2100000 2199999 361
nn19 2200000 2299999 279
nn19 2300000 2399999 346
nn19 2400000 2499999 374
nn19 2500000 2599999 677
nn19 2600000 2699999 360
nn19 2700000 2799999 365
nn19 2800000 2899999 242
nn19 2900000 2999999 95
nn19 3000000 3099999 397
nn19 3100000 3199999 407
nn19 3200000 3299999 349
nn19 3300000 3399999 407
nn19 3400000 3499999 356
nn19 3500000 3599999 378
nn19 3600000 3699999 393
nn19 3700000 3799999 127
nn19 3800000 3899999 352
nn19 3900000 3999999 455
nn19 4000000 4099999 461
nn19 4100000 4199999 450
nn19 4200000 4299999 465
nn19 4300000 4399999 199
nn19 4400000 4499999 154
nn19 4500000 4599999 174
nn19 4600000 4699999 260
nn19 4700000 4799999 148
nn19 4800000 4899999 323
nn19 4900000 4999999 435
nn19 5000000 5099999 520
nn19 5100000 5199999 446
nn19 5200000 5299999 538
nn19 5300000 5399999 447
nn19 5400000 5499999 302
nn19 5500000 5599999 210
nn19 5600000 5699999 249
nn19 5700000 5799999 74
nn19 5800000 5899999 242
nn19 5900000 5999999 252
nn19 6000000 6099999 49
nn19 6100000 6199999 182
nn19 6200000 6299999 231
nn19 6300000 6399999 345
nn19 6400000 6499999 360
nn19 6500000 6599999 275
nn19 6600000 6699999 370
nn19 6700000 6799999 407
nn19 6800000 6899999 484
nn19 6900000 6999999 558
nn19 7000000 7099999 445
nn19 7100000 7199999 489
nn19 7200000 7299999 356
nn19 7300000 7399999 278
nn19 7400000 7499999 293
nn19 7500000 7599999 236
nn19 7600000 7699999 318
nn19 7700000 7799999 531
nn19 7800000 7899999 353
nn19 7900000 7999999 590
nn19 8000000 8099999 528
nn19 8100000 8199999 399
nn19 8200000 8299999 286
nn19 8300000 8399999 398
nn19 8400000 8499999 357
nn19 8500000 8599999 441
nn19 8600000 8699999 274
nn19 8700000 8799999 311
nn19 8800000 8899999 345
nn19 8900000 8999999 205
nn19 9000000 9099999 294
nn19 9100000 9199999 198
nn19 9200000 9299999 313
nn19 9300000 9399999 186
nn19 9400000 9499999 403
nn19 9500000 9599999 325
nn19 9600000 9699999 334
nn19 9700000 9799999 128
nn19 9800000 9899999 299
nn19 9900000 9999999 313
nn19 10000000 10099999 320
nn19 10100000 10199999 450
nn19 10200000 10254927 89
nn20 0 99999 146
nn20 100000 199999 347
nn20 200000 299999 330
nn20 300000 399999 399
nn20 400000 499999 511
nn20 500000 599999 416
nn20 600000 699999 533
nn20 700000 799999 271
nn20 800000 899999 234
nn20 900000 999999 463
nn20 1000000 1099999 465
nn20 1100000 1199999 269
nn20 1200000 1299999 362
nn20 1300000 1399999 372
nn20 1400000 1499999 223
nn20 1500000 1599999 411
nn20 1600000 1699999 450
nn20 1700000 1799999 485
nn20 1800000 1899999 441
nn20 1900000 1999999 310
nn20 2000000 2099999 208
nn20 2100000 2199999 595
nn20 2200000 2299999 389
nn20 2300000 2399999 500
nn20 2400000 2499999 522
nn20 2500000 2599999 290
nn20 2600000 2699999 486
nn20 2700000 2799999 395
nn20 2800000 2899999 362
nn20 2900000 2999999 493
nn20 3000000 3099999 511
nn20 3100000 3199999 371
nn20 3200000 3299999 428
nn20 3300000 3399999 281
nn20 3400000 3499999 152
nn20 3500000 3599999 255
nn20 3600000 3699999 50
nn20 3700000 3799999 262
nn20 3800000 3899999 477
nn20 3900000 3999999 173
nn20 4000000 4099999 123
nn20 4100000 4199999 51
nn20 4200000 4299999 196
nn20 4300000 4399999 224
nn20 4400000 4499999 281
nn20 4500000 4599999 274
nn20 4600000 4699999 319
nn20 4700000 4799999 254
nn20 4800000 4899999 409
nn20 4900000 4999999 287
nn20 5000000 5099999 301
nn20 5100000 5199999 201
nn20 5200000 5299999 230
nn20 5300000 5399999 402
nn20 5400000 5499999 418
nn20 5500000 5599999 373
nn20 5600000 5699999 303
nn20 5700000 5799999 483
nn20 5800000 5899999 460
nn20 5900000 5999999 176
nn20 6000000 6099999 317
nn20 6100000 6199999 260
nn20 6200000 6299999 321
nn20 6300000 6399999 263
nn20 6400000 6499999 411
nn20 6500000 6599999 470
nn20 6600000 6699999 402
nn20 6700000 6799999 318
nn20 6800000 6899999 665
nn20 6900000 6999999 460
nn20 7000000 7099999 658
nn20 7100000 7199999 491
nn20 7200000 7299999 353
nn20 7300000 7399999 369
nn20 7400000 7499999 315
nn20 7500000 7599999 503
nn20 7600000 7699999 336
nn20 7700000 7799999 275
nn20 7800000 7899999 402
nn20 7900000 7999999 608
nn20 8000000 8099999 387
nn20 8100000 8199999 429
nn20 8200000 8299999 362
nn20 8300000 8399999 595
nn20 8400000 8499999 321
nn20 8500000 8599999 363
nn20 8600000 8699999 158
nn20 8700000 8799999 200
nn20 8800000 8899999 157
nn20 8900000 8999999 99
nn20 9000000 9099999 263
nn20 9100000 9199999 198
nn20 9200000 9299999 200
nn20 9300000 9399999 340
nn20 9400000 9499999 313
nn20 9500000 9599999 362
nn20 9600000 9699999 345
nn20 9700000 9799999 506
nn20 9800000 9899999 150
nn20 9900000 9999999 395
nn20 10000000 10099999 244
nn20 10100000 10199999 319
nn20 10200000 10299999 150
nn20 10300000 10399999 315
nn20 10400000 10499999 220
nn20 10500000 10599999 352
nn20 10600000 10699999 205
nn20 10700000 10799999 338
nn20 10800000 10899999 361
nn20 10900000 10999999 383
nn20 11000000 11099999 369
nn20 11100000 11199999 388
nn20 11200000 11299999 258
nn20 11300000 11399999 201
nn20 11400000 11499999 223
nn20 11500000 11599999 417
nn20 11600000 11699999 424
nn20 11700000 11799999 107
nn20 11800000 11899999 154
nn20 11900000 11999999 470
nn20 12000000 12099999 24
nn20 12100000 12199999 0
nn20 12200000 12299999 476
nn20 12300000 12399999 323
nn20 12400000 12499999 291
nn20 12500000 12599999 553
nn20 12600000 12699999 200
nn20 12700000 12799999 382
nn20 12800000 12899999 379
nn20 12900000 12999999 352
nn20 13000000 13099999 179
nn20 13100000 13199999 353
nn20 13200000 13299999 279
nn20 13300000 13399999 375
nn20 13400000 13499999 275
nn20 13500000 13599999 229
nn20 13600000 13699999 255
nn20 13700000 13799999 181
nn20 13800000 13899999 171
nn20 13900000 13999999 266
nn20 14000000 14099999 240
nn20 14100000 14199999 933
nn20 14200000 14299999 3496
nn20 14300000 14399999 3226
nn20 14400000 14499999 2390
nn20 14500000 14599999 6042
nn20 14600000 14699999 8850
nn20 14700000 14769858 3883
nn21 0 99999 459
nn21 100000 199999 349
nn21 200000 299999 479
nn21 300000 399999 338
nn21 400000 499999 174
nn21 500000 599999 334
nn21 600000 699999 126
nn21 700000 799999 270
nn21 800000 899999 591
nn21 900000 999999 307
nn21 1000000 1099999 199
nn21 1100000 1199999 394
nn21 1200000 1299999 457
nn21 1300000 1399999 303
nn21 1400000 1499999 748
nn21 1500000 1599999 252
nn21 1600000 1699999 440
nn21 1700000 1799999 460
nn21 1800000 1899999 381
nn21 1900000 1999999 365
nn21 2000000 2099999 445
nn21 2100000 2199999 254
nn21 2200000 2299999 355
nn21 2300000 2399999 323
nn21 2400000 2499999 405
nn21 2500000 2599999 499
nn21 2600000 2699999 353
nn21 2700000 2799999 253
nn21 2800000 2899999 246
nn21 2900000 2999999 317
nn21 3000000 3099999 124
nn21 3100000 3199999 201
nn21 3200000 3299999 198
nn21 3300000 3399999 250
nn21 3400000 3499999 335
nn21 3500000 3599999 386
nn21 3600000 3699999 582
nn21 3700000 3799999 257
nn21 3800000 3899999 205
nn21 3900000 3999999 152
nn21 4000000 4099999 252
nn21 4100000 4199999 350
nn21 4200000 4299999 252
nn21 4300000 4399999 393
nn21 4400000 4499999 393
nn21 4500000 4599999 130
nn21 4600000 4699999 399
nn21 4700000 4799999 201
nn21 4800000 4899999 322
nn21 4900000 4999999 787
nn21 5000000 5099999 575
nn21 5100000 5199999 421
nn21 5200000 5299999 507
nn21 5300000 5399999 378
nn21 5400000 5499999 380
nn21 5500000 5599999 465
nn21 5600000 5699999 121
nn21 5700000 5799999 317
nn21 5800000 5899999 520
nn21 5900000 5999999 285
nn21 6000000 6099999 171
nn21 6100000 6199999 283
nn21 6200000 6299999 169
nn21 6300000 6399999 189
nn21 6400000 6499999 230
nn21 6500000 6599999 124
nn21 6600000 6699999 148
nn21 6700000 6799999 289
nn21 6800000 6899999 4227
nn21 6900000 6999999 7760
nn21 7000000 7099999 4376
nn21 7100000 7199999 2533
nn21 7200000 7299999 1138
nn21 7300000 7395262 3921
nn22 0 99999 462
nn22 100000 199999 298
nn22 200000 299999 577
nn22 300000 399999 277
nn22 400000 499999 480
nn22 500000 599999 437
nn22 600000 699999 380
nn22 700000 799999 410
nn22 800000 899999 452
nn22 900000 999999 329
nn22 1000000 1099999 472
nn22 1100000 1199999 624
nn22 1200000 1299999 268
nn22 1300000 1399999 360
nn22 1400000 1499999 411
nn22 1500000 1599999 477
nn22 1600000 1699999 335
nn22 1700000 1799999 311
nn22 1800000 1899999 559
nn22 1900000 1999999 716
nn22 2000000 2099999 385
nn22 2100000 2199999 518
nn22 2200000 2299999 347
nn22 2300000 2399999 220
nn22 2400000 2499999 118
nn22 2500000 2599999 136
nn22 2600000 2699999 185
nn22 2700000 2799999 299
nn22 2800000 2899999 172
nn22 2900000 2999999 302
nn22 3000000 3099999 182
nn22 3100000 3199999 373
nn22 3200000 3299999 306
nn22 3300000 3399999 121
nn22 3400000 3499999 550
nn22 3500000 3599999 117
nn22 3600000 3699999 373
nn22 3700000 3799999 468
nn22 3800000 3899999 371
nn22 3900000 3999999 334
nn22 4000000 4099999 408
nn22 4100000 4199999 735
nn22 4200000 4299999 480
nn22 4300000 4399999 495
nn22 4400000 4499999 334
nn22 4500000 4599999 340
nn22 4600000 4699999 317
nn22 4700000 4799999 494
nn22 4800000 4899999 1874
nn22 4900000 4999999 3692
nn22 5000000 5099999 3244
nn22 5100000 5199999 4567
nn22 5200000 5238597 1370
nn23 0 99999 172
nn23 100000 199999 317
nn23 200000 299999 83
nn23 300000 399999 347
nn23 400000 499999 178
nn23 500000 599999 100
nn23 600000 699999 199
nn23 700000 799999 257
nn23 800000 899999 173
nn23 900000 999999 264
nn23 1000000 1099999 205
nn23 1100000 1199999 249
nn23 1200000 1299999 288
nn23 1300000 1399999 563
nn23 1400000 1499999 124
nn23 1500000 1599999 355
nn23 1600000 1699999 186
nn23 1700000 1799999 293
nn23 1800000 1899999 305
nn23 1900000 1999999 252
nn23 2000000 2099999 356
nn23 2100000 2199999 279
nn23 2200000 2299999 428
nn23 2300000 2399999 277
nn23 2400000 2499999 446
nn23 2500000 2599999 333
nn23 2600000 2699999 285
nn23 2700000 2799999 452
nn23 2800000 2899999 396
nn23 2900000 2999999 486
nn23 3000000 3099999 308
nn23 3100000 3199999 475
nn23 3200000 3299999 266
nn23 3300000 3399999 308
nn23 3400000 3499999 228
nn23 3500000 3599999 180
nn23 3600000 3699999 104
nn23 3700000 3799999 125
nn23 3800000 3899999 144
nn23 3900000 3999999 243
nn23 4000000 4099999 420
nn23 4100000 4199999 167
nn23 4200000 4299999 378
nn23 4300000 4399999 276
nn23 4400000 4499999 165
nn23 4500000 4599999 294
nn23 4600000 4699999 74
nn23 4700000 4799999 229
nn23 4800000 4899999 302
nn23 4900000 4999999 281
nn23 5000000 5099999 370
nn23 5100000 5199999 338
nn23 5200000 5299999 189
nn23 5300000 5399999 426
nn23 5400000 5499999 348
nn23 5500000 5599999 175
nn23 5600000 5699999 201
nn23 5700000 5799999 332
nn23 5800000 5899999 78
nn23 5900000 5999999 3071
nn23 6000000 6099999 3874
nn23 6100000 6199999 5652
nn23 6200000 6299999 4806
nn23 6300000 6329449 271
nn24 0 99999 300
nn24 100000 199999 595
nn24 200000 299999 515
nn24 300000 399999 280
nn24 400000 499999 309
nn24 500000 599999 382
nn24 600000 699999 310
nn24 700000 799999 418
nn24 800000 899999 437
nn24 900000 999999 273
nn24 1000000 1099999 468
nn24 1100000 1199999 379
nn24 1200000 1299999 407
nn24 1300000 1399999 371
nn24 1400000 1499999 210
nn24 1500000 1599999 262
nn24 1600000 1699999 280
nn24 1700000 1799999 371
nn24 1800000 1899999 244
nn24 1900000 1999999 249
nn24 2000000 2099999 403
nn24 2100000 2199999 134
nn24 2200000 2299999 127
nn24 2300000 2399999 200
nn24 2400000 2499999 150
nn24 2500000 2599999 195
nn24 2600000 2699999 325
nn24 2700000 2799999 360
nn24 2800000 2899999 551
nn24 2900000 2999999 375
nn24 3000000 3099999 432
nn24 3100000 3199999 425
nn24 3200000 3299999 333
nn24 3300000 3399999 530
nn24 3400000 3499999 573
nn24 3500000 3599999 327
nn24 3600000 3699999 349
nn24 3700000 3799999 326
nn24 3800000 3899999 470
nn24 3900000 3999999 249
nn24 4000000 4099999 202
nn24 4100000 4199999 303
nn24 4200000 4299999 183
nn24 4300000 4399999 225
nn24 4400000 4499999 281
nn24 4500000 4599999 187
nn24 4600000 4699999 386
nn24 4700000 4799999 248
nn24 4800000 4899999 409
nn24 4900000 4999999 386
nn24 5000000 5099999 227
nn24 5100000 5199999 180
nn24 5200000 5299999 243
nn24 5300000 5399999 252
nn24 5400000 5499999 147
nn24 5500000 5599999 249
nn24 5600000 5699999 172
nn24 5700000 5799999 238
nn24 5800000 5899999 352
nn24 5900000 5999999 349
nn24 6000000 6099999 210
nn24 6100000 6199999 369
nn24 6200000 6299999 216
nn24 6300000 6399999 292
nn24 6400000 6499999 6738
nn24 6500000 6599999 7855
nn24 6600000 6699999 5621
nn24 6700000 6799999 7646
nn24 6800000 6899999 6158
nn24 6900000 6998170 4038
nn25 0 99999 1555
nn25 100000 199999 275
nn25 200000 299999 141
nn25 300000 399999 413
nn25 400000 499999 0
nn25 500000 599999 6807
nn25 600000 699999 23224
nn25 700000 799999 14902
nn25 800000 899999 190
nn25 900000 999999 21914
nn25 1000000 1099999 1256
nn25 1100000 1199999 193
nn25 1200000 1299999 1615
nn25 1300000 1399999 503
nn25 1400000 1499999 101
nn25 1500000 1599999 348
nn25 1600000 1699999 237
nn25 1700000 1799999 994
nn25 1800000 1899999 249
nn25 1900000 1999999 189
nn25 2000000 2099999 690
nn25 2100000 2199999 374
nn25 2200000 2299999 50
nn25 2300000 2399999 155
nn25 2400000 2499999 105
nn25 2500000 2599999 208
nn25 2600000 2699999 496
nn25 2700000 2799999 326
nn25 2800000 2899999 333
nn25 2900000 2999999 76
nn25 3000000 3099999 442
nn25 3100000 3199999 150
nn25 3200000 3299999 175
nn25 3300000 3399999 73
nn25 3400000 3499999 382
nn25 3500000 3599999 298
nn25 3600000 3699999 74
nn25 3700000 3799999 173
nn25 3800000 3899999 262
nn25 3900000 3999999 550
nn25 4000000 4099999 3296
nn25 4100000 4199999 2962
nn25 4200000 4299999 5247
nn25 4300000 4333314 1288
nn26 0 99999 255
nn26 100000 199999 286
nn26 200000 299999 352
nn26 300000 399999 75
nn26 400000 499999 74
nn26 500000 599999 277
nn26 600000 699999 123
nn26 700000 799999 275
nn26 800000 899999 260
nn26 900000 999999 253
nn26 1000000 1099999 338
nn26 1100000 1199999 241
nn26 1200000 1299999 127
nn26 1300000 1399999 147
nn26 1400000 1499999 330
nn26 1500000 1599999 120
nn26 1600000 1699999 100
nn26 1700000 1799999 210
nn26 1800000 1899999 124
nn26 1900000 1999999 333
nn26 2000000 2099999 268
nn26 2100000 2199999 147
nn26 2200000 2299999 226
nn26 2300000 2399999 224
nn26 2400000 2499999 295
nn26 2500000 2599999 70
nn26 2600000 2699999 205
nn26 2700000 2799999 447
nn26 2800000 2899999 217
nn26 2900000 2999999 252
nn26 3000000 3099999 359
nn26 3100000 3199999 222
nn26 3200000 3299999 371
nn26 3300000 3399999 298
nn26 3400000 3499999 301
nn26 3500000 3599999 237
nn26 3600000 3699999 277
nn26 3700000 3799999 399
nn26 3800000 3899999 226
nn26 3900000 3999999 405
nn26 4000000 4099999 278
nn26 4100000 4199999 300
nn26 4200000 4299999 219
nn26 4300000 4399999 293
nn26 4400000 4499999 225
nn26 4500000 4599999 282
nn26 4600000 4699999 287
nn26 4700000 4799999 284
nn26 4800000 4899999 218
nn26 4900000 4999999 120
nn26 5000000 5099999 99
nn26 5100000 5199999 158
nn26 5200000 5299999 202
nn26 5300000 5399999 2098
nn26 5400000 5499999 4834
nn26 5500000 5599999 9437
nn26 5600000 5699999 3656
nn26 5700000 5799999 3276
nn26 5800000 5899999 6272
nn26 5900000 5993406 5863
nn27 0 99999 811
nn27 100000 199999 271
nn27 200000 299999 218
nn27 300000 399999 186
nn27 400000 499999 74
nn27 500000 599999 146
nn27 600000 699999 223
nn27 700000 799999 279
nn27 800000 899999 98
nn27 900000 999999 104
nn27 1000000 1099999 174
nn27 1100000 1199999 146
nn27 1200000 1299999 447
nn27 1300000 1399999 52
nn27 1400000 1499999 267
nn27 1500000 1599999 125
nn27 1600000 1699999 362
nn27 1700000 1799999 283
nn27 1800000 1899999 587
nn27 1900000 1999999 298
nn27 2000000 2099999 291
nn27 2100000 2199999 491
nn27 2200000 2299999 316
nn27 2300000 2399999 245
nn27 2400000 2499999 220
nn27 2500000 2599999 203
nn27 2600000 2699999 80
nn27 2700000 2799999 263
nn27 2800000 2899999 279
nn27 2900000 2999999 214
nn27 3000000 3099999 172
nn27 3100000 3199999 294
nn27 3200000 3299999 262
nn27 3300000 3399999 331
nn27 3400000 3499999 365
nn27 3500000 3599999 395
nn27 3600000 3699999 348
nn27 3700000 3799999 233
nn27 3800000 3899999 197
nn27 3900000 3999999 285
nn27 4000000 4099999 375
nn27 4100000 4199999 180
nn27 4200000 4299999 115
nn27 4300000 4399999 271
nn27 4400000 4499999 266
nn27 4500000 4599999 359
nn27 4600000 4699999 369
nn27 4700000 4799999 313
nn27 4800000 4899999 128
nn27 4900000 4999999 102
nn27 5000000 5099999 152
nn27 5100000 5199999 330
nn27 5200000 5299999 359
nn27 5300000 5399999 202
nn27 5400000 5499999 361
nn27 5500000 5599999 364
nn27 5600000 5699999 372
nn27 5700000 5799999 4090
nn27 5800000 5899999 8789
nn27 5900000 5999999 3574
nn27 6000000 6099999 3195
nn27 6100000 6199999 6975
nn27 6200000 6242314 2511
nn28 0 99999 336
nn28 100000 199999 313
nn28 200000 299999 270
nn28 300000 399999 365
nn28 400000 499999 392
nn28 500000 599999 431
nn28 600000 699999 373
nn28 700000 799999 471
nn28 800000 899999 233
nn28 900000 999999 173
nn28 1000000 1099999 224
nn28 1100000 1199999 122
nn28 1200000 1299999 238
nn28 1300000 1399999 205
nn28 1400000 1499999 175
nn28 1500000 1599999 111
nn28 1600000 1699999 408
nn28 1700000 1799999 100
nn28 1800000 1899999 179
nn28 1900000 1999999 146
nn28 2000000 2099999 258
nn28 2100000 2199999 245
nn28 2200000 2299999 126
nn28 2300000 2399999 331
nn28 2400000 2499999 122
nn28 2500000 2599999 348
nn28 2600000 2699999 413
nn28 2700000 2799999 436
nn28 2800000 2899999 171
nn28 2900000 2999999 296
nn28 3000000 3099999 102
nn28 3100000 3199999 128
nn28 3200000 3299999 357
nn28 3300000 3399999 613
nn28 3400000 3499999 218
nn28 3500000 3599999 183
nn28 3600000 3699999 147
nn28 3700000 3799999 177
nn28 3800000 3899999 192
nn28 3900000 3999999 85
nn28 4000000 4099999 245
nn28 4100000 4199999 153
nn28 4200000 4299999 376
nn28 4300000 4399999 358
nn28 4400000 4499999 253
nn28 4500000 4599999 276
nn28 4600000 4699999 458
nn28 4700000 4799999 215
nn28 4800000 4899999 320
nn28 4900000 4999999 342
nn28 5000000 5099999 3135
nn28 5100000 5199999 5238
nn28 5200000 5299999 2780
nn28 5300000 5399999 4264
nn28 5400000 5499999 6755
nn28 5500000 5598070 4923
nn29 0 99999 243
nn29 100000 199999 4235
nn29 200000 299999 3435
nn29 300000 399999 656
nn29 400000 499999 2061
nn29 500000 599999 8770
nn29 600000 699999 2677
nn29 700000 799999 156
nn29 800000 899999 220
nn29 900000 999999 176
nn29 1000000 1099999 251
nn29 1100000 1199999 77
nn29 1200000 1299999 344
nn29 1300000 1399999 249
nn29 1400000 1499999 254
nn29 1500000 1599999 286
nn29 1600000 1699999 257
nn29 1700000 1799999 100
nn29 1800000 1899999 154
nn29 1900000 1999999 176
nn29 2000000 2099999 154
nn29 2100000 2199999 203
nn29 2200000 2299999 256
nn29 2300000 2399999 213
nn29 2400000 2499999 128
nn29 2500000 2599999 387
nn29 2600000 2699999 179
nn29 2700000 2799999 202
nn29 2800000 2899999 128
nn29 2900000 2999999 283
nn29 3000000 3099999 226
nn29 3100000 3199999 176
nn29 3200000 3299999 329
nn29 3300000 3399999 309
nn29 3400000 3499999 1310
nn29 3500000 3502936 121
nn30 0 99999 241
nn30 100000 199999 927
nn30 200000 299999 1584
nn30 300000 399999 1163
nn30 400000 499999 361
nn30 500000 599999 524
nn30 600000 699999 1060
nn30 700000 799999 641
nn30 800000 899999 2113
nn30 900000 999999 1799
nn30 1000000 1099999 817
nn30 1100000 1199999 669
nn30 1200000 1299999 445
nn30 1300000 1399999 209
nn30 1400000 1499999 165
nn30 1500000 1599999 635
nn30 1600000 1699999 409
nn30 1700000 1799999 487
nn30 1800000 1899999 4306
nn30 1900000 1999999 3201
nn30 2000000 2072913 3938
nn31 0 99999 827
nn31 100000 199999 1196
nn31 200000 299999 465
nn31 300000 399999 3484
nn31 400000 499999 99
nn31 500000 599999 100
nn31 600000 699999 223
nn31 700000 799999 126
nn31 800000 899999 151
nn31 900000 999999 148
nn31 1000000 1099999 150
nn31 1100000 1199999 130
nn31 1200000 1299999 345
nn31 1300000 1399999 134
nn31 1400000 1499999 306
nn31 1500000 1599999 228
nn31 1600000 1699999 229
nn31 1700000 1799999 51
nn31 1800000 1899999 24
nn31 1900000 1999999 2001
nn31 2000000 2099999 1622
nn31 2100000 2199999 3089
nn31 2200000 2299999 0
nn31 2300000 2399999 5333
nn31 2400000 2403615 168
nn32 0 99999 787
nn32 100000 199999 2597
nn32 200000 299999 494
nn32 300000 399999 448
nn32 400000 499999 844
nn32 500000 599999 1804
nn32 600000 699999 1902
nn32 700000 799999 2761
nn32 800000 899999 894
nn32 900000 999999 254
nn32 1000000 1099999 3262
nn32 1100000 1199999 673
nn32 1200000 1299999 366
nn32 1300000 1399999 244
nn32 1400000 1499999 129
nn32 1500000 1599999 2267
nn32 1600000 1699999 0
nn32 1700000 1799999 203
nn32 1800000 1899999 267
nn32 1900000 1999999 275
nn32 2000000 2099999 275
nn32 2100000 2199999 275
nn32 2200000 2299999 275
nn32 2300000 2399999 325
nn32 2400000 2499999 1182
nn32 2500000 2599999 1913
nn32 2600000 2699999 2936
nn32 2700000 2799999 5500
nn32 2800000 2803647 0
nn33 0 99999 130
nn33 100000 199999 47
nn33 200000 299999 135
nn33 300000 399999 201
nn33 400000 499999 0
nn33 500000 599999 251
nn33 600000 699999 273
nn33 700000 799999 313
nn33 800000 899999 276
nn33 900000 999999 222
nn33 1000000 1099999 168
nn33 1100000 1199999 75
nn33 1200000 1299999 1047
nn33 1300000 1399999 574
nn33 1400000 1499999 818
nn33 1500000 1599999 208
nn33 1600000 1699999 562
nn33 1700000 1799999 570
nn33 1800000 1899999 271
nn33 1900000 1999999 662
nn33 2000000 2099999 288
nn33 2100000 2199999 410
nn33 2200000 2299999 381
nn33 2300000 2399999 125
nn33 2400000 2499999 177
nn33 2500000 2599999 196
nn33 2600000 2699999 119
nn33 2700000 2799999 726
nn33 2800000 2899999 1409
nn33 2900000 2999999 1215
nn33 3000000 3099999 5128
nn33 3100000 3199999 256
nn33 3200000 3299999 836
nn33 3300000 3399999 5998
nn33 3400000 3483575 3963
nn34 0 99999 3694
nn34 100000 199999 3706
nn34 200000 299999 7007
nn34 300000 399999 6649
nn34 400000 499999 8752
nn34 500000 599999 8838
nn34 600000 699999 5456
nn34 700000 799999 18892
nn34 800000 899999 11705
nn34 900000 999999 3620
nn34 1000000 1099999 5198
nn34 1100000 1199999 9140
nn34 1200000 1299999 99
nn34 1300000 1399999 126
nn34 1400000 1499999 125
nn34 1500000 1599999 949
nn34 1600000 1699999 2817
nn34 1700000 1799999 5534
nn34 1800000 1899999 7678
nn34 1900000 1999999 7276
nn34 2000000 2037436 1599
nn35 0 99999 1083
nn35 100000 199999 537
nn35 200000 299999 5137
nn35 300000 399999 1508
nn35 400000 499999 3404
nn35 500000 599999 3611
nn35 600000 699999 2045
nn35 700000 799999 927
nn35 800000 899999 3523
nn35 900000 999999 2323
nn35 1000000 1099999 2808
nn35 1100000 1199999 791
nn35 1200000 1299999 461
nn35 1300000 1399999 175
nn35 1400000 1499999 201
nn35 1500000 1599999 568
nn35 1600000 1699999 3722
nn35 1700000 1799999 6491
nn35 1800000 1899999 6461
nn35 1900000 1948696 1132
nn36 0 99999 686
nn36 100000 199999 2203
nn36 200000 299999 7962
nn36 300000 399999 7781
nn36 400000 499999 187
nn36 500000 599999 3305
nn36 600000 699999 2903
nn36 700000 799999 1498
nn36 800000 899999 101
nn36 900000 999999 50
nn36 1000000 1099999 25
nn36 1100000 1199999 25
nn36 1200000 1299999 25
nn36 1300000 1399999 50
nn36 1400000 1499999 50
nn36 1500000 1599999 3880
nn36 1600000 1648179 1693
nn37 0 99999 3567
nn37 100000 199999 5327
nn37 200000 299999 330
nn37 300000 399999 248
nn37 400000 499999 5859
nn37 500000 599999 4511
nn37 600000 699999 1945
nn37 700000 799999 788
nn37 800000 899999 6818
nn37 900000 999999 20141
nn37 1000000 1099999 11260
nn37 1100000 1199999 916
nn37 1200000 1299999 1166
nn37 1300000 1399999 1062
nn37 1400000 1499999 1729
nn37 1500000 1599999 7988
nn37 1600000 1699999 3843
nn37 1700000 1799999 600
nn37 1800000 1899999 1492
nn37 1900000 1903433 0
nn38 0 99999 939
nn38 100000 199999 6164
nn38 200000 299999 2057
nn38 300000 399999 4231
nn38 400000 499999 4247
nn38 500000 599999 3103
nn38 600000 699999 5774
nn38 700000 799999 2703
nn38 800000 899999 19687
nn38 900000 999999 27038
nn38 1000000 1099999 25198
nn38 1100000 1199999 26381
nn38 1200000 1299999 25714
nn38 1300000 1399999 22177
nn38 1400000 1499999 3096
nn38 1500000 1599999 178
nn38 1600000 1699999 917
nn38 1700000 1799999 5100
nn38 1800000 1899999 2816
nn38 1900000 1999999 5928
nn38 2000000 2099999 6685
nn38 2100000 2199999 7032
nn38 2200000 2229092 613
nnZ 0 99999 234
nnZ 100000 199999 282
nnZ 200000 299999 564
nnZ 300000 399999 311
nnZ 400000 499999 255
nnZ 500000 599999 170
nnZ 600000 699999 282
nnZ 700000 799999 358
nnZ 800000 899999 238
nnZ 900000 999999 273
nnZ 1000000 1099999 377
nnZ 1100000 1199999 473
nnZ 1200000 1299999 246
nnZ 1300000 1399999 229
nnZ 1400000 1499999 106
nnZ 1500000 1599999 352
nnZ 1600000 1699999 170
nnZ 1700000 1799999 363
nnZ 1800000 1899999 292
nnZ 1900000 1999999 232
nnZ 2000000 2099999 359
nnZ 2100000 2199999 168
nnZ 2200000 2299999 143
nnZ 2300000 2399999 123
nnZ 2400000 2499999 401
nnZ 2500000 2599999 370
nnZ 2600000 2699999 269
nnZ 2700000 2799999 302
nnZ 2800000 2899999 158
nnZ 2900000 2999999 452
nnZ 3000000 3099999 133
nnZ 3100000 3199999 234
nnZ 3200000 3299999 289
nnZ 3300000 3399999 318
nnZ 3400000 3499999 303
nnZ 3500000 3599999 289
nnZ 3600000 3699999 221
nnZ 3700000 3799999 240
nnZ 3800000 3899999 220
nnZ 3900000 3999999 270
nnZ 4000000 4099999 503
nnZ 4100000 4199999 294
nnZ 4200000 4299999 422
nnZ 4300000 4399999 585
nnZ 4400000 4499999 594
nnZ 4500000 4599999 241
nnZ 4600000 4699999 278
nnZ 4700000 4799999 475
nnZ 4800000 4899999 523
nnZ 4900000 4999999 335
nnZ 5000000 5099999 491
nnZ 5100000 5199999 484
nnZ 5200000 5299999 283
nnZ 5300000 5399999 327
nnZ 5400000 5499999 445
nnZ 5500000 5599999 292
nnZ 5600000 5699999 360
nnZ 5700000 5799999 201
nnZ 5800000 5899999 453
nnZ 5900000 5999999 481
nnZ 6000000 6099999 330
nnZ 6100000 6199999 403
nnZ 6200000 6299999 511
nnZ 6300000 6399999 421
nnZ 6400000 6499999 431
nnZ 6500000 6599999 343
nnZ 6600000 6699999 332
nnZ 6700000 6799999 529
nnZ 6800000 6899999 458
nnZ 6900000 6999999 378
nnZ 7000000 7099999 399
nnZ 7100000 7199999 400
nnZ 7200000 7299999 416
nnZ 7300000 7399999 302
nnZ 7400000 7499999 501
nnZ 7500000 7599999 409
nnZ 7600000 7699999 532
nnZ 7700000 7799999 525
nnZ 7800000 7899999 199
nnZ 7900000 7999999 438
nnZ 8000000 8099999 326
nnZ 8100000 8199999 634
nnZ 8200000 8299999 327
nnZ 8300000 8399999 343
nnZ 8400000 8499999 554
nnZ 8500000 8599999 252
nnZ 8600000 8699999 333
nnZ 8700000 8799999 445
nnZ 8800000 8899999 307
nnZ 8900000 8999999 480
nnZ 9000000 9099999 295
nnZ 9100000 9199999 332
nnZ 9200000 9299999 394
nnZ 9300000 9399999 553
nnZ 9400000 9499999 512
nnZ 9500000 9599999 673
nnZ 9600000 9699999 393
nnZ 9700000 9799999 397
nnZ 9800000 9899999 458
nnZ 9900000 9999999 457
nnZ 10000000 10099999 482
nnZ 10100000 10199999 643
nnZ 10200000 10299999 395
nnZ 10300000 10399999 582
nnZ 10400000 10499999 511
nnZ 10500000 10599999 153
nnZ 10600000 10699999 924
nnZ 10700000 10799999 324
nnZ 10800000 10899999 499
nnZ 10900000 10999999 350
nnZ 11000000 11099999 364
nnZ 11100000 11199999 459
nnZ 11200000 11299999 350
nnZ 11300000 11399999 381
nnZ 11400000 11499999 467
nnZ 11500000 11599999 278
nnZ 11600000 11699999 337
nnZ 11700000 11799999 383
nnZ 11800000 11899999 399
nnZ 11900000 11999999 270
nnZ 12000000 12099999 424
nnZ 12100000 12199999 294
nnZ 12200000 12299999 456
nnZ 12300000 12399999 290
nnZ 12400000 12499999 503
nnZ 12500000 12599999 202
nnZ 12600000 12699999 349
nnZ 12700000 12799999 401
nnZ 12800000 12899999 390
nnZ 12900000 12999999 404
nnZ 13000000 13099999 386
nnZ 13100000 13199999 591
nnZ 13200000 13299999 436
nnZ 13300000 13399999 644
nnZ 13400000 13499999 400
nnZ 13500000 13599999 425
nnZ 13600000 13699999 360
nnZ 13700000 13799999 363
nnZ 13800000 13899999 275
nnZ 13900000 13999999 606
nnZ 14000000 14099999 371
nnZ 14100000 14199999 497
nnZ 14200000 14299999 477
nnZ 14300000 14399999 427
nnZ 14400000 14499999 222
nnZ 14500000 14599999 502
nnZ 14600000 14699999 559
nnZ 14700000 14799999 520
nnZ 14800000 14899999 394
nnZ 14900000 14999999 498
nnZ 15000000 15099999 539
nnZ 15100000 15199999 341
nnZ 15200000 15299999 404
nnZ 15300000 15399999 582
nnZ 15400000 15499999 323
nnZ 15500000 15599999 378
nnZ 15600000 15699999 355
nnZ 15700000 15799999 450
nnZ 15800000 15899999 527
nnZ 15900000 15999999 347
nnZ 16000000 16099999 481
nnZ 16100000 16199999 422
nnZ 16200000 16299999 411
nnZ 16300000 16399999 279
nnZ 16400000 16499999 516
nnZ 16500000 16599999 274
nnZ 16600000 16699999 372
nnZ 16700000 16799999 488
nnZ 16800000 16899999 310
nnZ 16900000 16999999 543
nnZ 17000000 17099999 487
nnZ 17100000 17199999 384
nnZ 17200000 17299999 575
nnZ 17300000 17399999 340
nnZ 17400000 17499999 381
nnZ 17500000 17599999 558
nnZ 17600000 17699999 582
nnZ 17700000 17799999 472
nnZ 17800000 17899999 683
nnZ 17900000 17999999 387
nnZ 18000000 18099999 329
nnZ 18100000 18199999 368
nnZ 18200000 18299999 430
nnZ 18300000 18399999 292
nnZ 18400000 18499999 520
nnZ 18500000 18599999 404
nnZ 18600000 18699999 489
nnZ 18700000 18799999 257
nnZ 18800000 18899999 478
nnZ 18900000 18999999 427
nnZ 19000000 19099999 227
nnZ 19100000 19199999 344
nnZ 19200000 19299999 528
nnZ 19300000 19399999 523
nnZ 19400000 19499999 280
nnZ 19500000 19599999 514
nnZ 19600000 19699999 418
nnZ 19700000 19799999 625
nnZ 19800000 19899999 0
nnZ 19900000 19999999 0
nnZ 20000000 20099999 355
nnZ 20100000 20199999 424
nnZ 20200000 20299999 370
nnZ 20300000 20399999 450
nnZ 20400000 20499999 337
nnZ 20500000 20599999 585
nnZ 20600000 20699999 304
nnZ 20700000 20799999 266
nnZ 20800000 20899999 463
nnZ 20900000 20999999 477
nnZ 21000000 21099999 415
nnZ 21100000 21199999 414
nnZ 21200000 21299999 389
nnZ 21300000 21399999 374
nnZ 21400000 21499999 518
nnZ 21500000 21599999 402
nnZ 21600000 21699999 599
nnZ 21700000 21799999 520
nnZ 21800000 21899999 217
nnZ 21900000 21999999 440
nnZ 22000000 22099999 389
nnZ 22100000 22199999 460
nnZ 22200000 22299999 352
nnZ 22300000 22399999 398
nnZ 22400000 22499999 403
nnZ 22500000 22599999 424
nnZ 22600000 22699999 311
nnZ 22700000 22799999 330
nnZ 22800000 22899999 412
nnZ 22900000 22999999 419
nnZ 23000000 23099999 474
nnZ 23100000 23199999 326
nnZ 23200000 23299999 241
nnZ 23300000 23399999 268
nnZ 23400000 23499999 423
nnZ 23500000 23599999 609
nnZ 23600000 23699999 592
nnZ 23700000 23799999 73
nnZ 23800000 23899999 203
nnZ 23900000 23999999 503
nnZ 24000000 24099999 425
nnZ 24100000 24199999 359
nnZ 24200000 24299999 377
nnZ 24300000 24399999 260
nnZ 24400000 24499999 489
nnZ 24500000 24599999 543
nnZ 24600000 24699999 345
nnZ 24700000 24799999 448
nnZ 24800000 24899999 477
nnZ 24900000 24999999 420
nnZ 25000000 25099999 377
nnZ 25100000 25199999 373
nnZ 25200000 25299999 0
nnZ 25300000 25399999 207
nnZ 25400000 25499999 531
nnZ 25500000 25599999 531
nnZ 25600000 25699999 420
nnZ 25700000 25799999 446
nnZ 25800000 25899999 615
nnZ 25900000 25999999 483
nnZ 26000000 26099999 307
nnZ 26100000 26199999 339
nnZ 26200000 26299999 604
nnZ 26300000 26399999 504
nnZ 26400000 26499999 395
nnZ 26500000 26599999 447
nnZ 26600000 26699999 513
nnZ 26700000 26799999 425
nnZ 26800000 26899999 406
nnZ 26900000 26999999 140
nnZ 27000000 27099999 111
nnZ 27100000 27199999 562
nnZ 27200000 27299999 479
nnZ 27300000 27399999 473
nnZ 27400000 27499999 341
nnZ 27500000 27599999 340
nnZ 27600000 27699999 594
nnZ 27700000 27799999 400
nnZ 27800000 27899999 506
nnZ 27900000 27999999 360
nnZ 28000000 28099999 460
nnZ 28100000 28199999 708
nnZ 28200000 28299999 544
nnZ 28300000 28399999 420
nnZ 28400000 28499999 432
nnZ 28500000 28599999 202
nnZ 28600000 28699999 598
nnZ 28700000 28799999 478
nnZ 28800000 28899999 556
nnZ 28900000 28999999 712
nnZ 29000000 29099999 492
nnZ 29100000 29199999 461
nnZ 29200000 29299999 401
nnZ 29300000 29399999 354
nnZ 29400000 29499999 364
nnZ 29500000 29599999 469
nnZ 29600000 29699999 494
nnZ 29700000 29799999 531
nnZ 29800000 29899999 499
nnZ 29900000 29999999 376
nnZ 30000000 30099999 359
nnZ 30100000 30199999 495
nnZ 30200000 30299999 538
nnZ 30300000 30399999 346
nnZ 30400000 30499999 451
nnZ 30500000 30599999 403
nnZ 30600000 30699999 573
nnZ 30700000 30799999 455
nnZ 30800000 30899999 445
nnZ 30900000 30999999 644
nnZ 31000000 31099999 447
nnZ 31100000 31199999 424
nnZ 31200000 31299999 489
nnZ 31300000 31399999 347
nnZ 31400000 31499999 237
nnZ 31500000 31599999 414
nnZ 31600000 31699999 321
nnZ 31700000 31799999 252
nnZ 31800000 31899999 577
nnZ 31900000 31999999 381
nnZ 32000000 32099999 24
nnZ 32100000 32199999 0
nnZ 32200000 32299999 505
nnZ 32300000 32399999 604
nnZ 32400000 32499999 392
nnZ 32500000 32599999 245
nnZ 32600000 32699999 410
nnZ 32700000 32799999 335
nnZ 32800000 32899999 290
nnZ 32900000 32999999 668
nnZ 33000000 33099999 376
nnZ 33100000 33199999 423
nnZ 33200000 33299999 705
nnZ 33300000 33399999 433
nnZ 33400000 33499999 421
nnZ 33500000 33599999 452
nnZ 33600000 33699999 504
nnZ 33700000 33799999 494
nnZ 33800000 33899999 468
nnZ 33900000 33999999 382
nnZ 34000000 34099999 445
nnZ 34100000 34199999 371
nnZ 34200000 34299999 248
nnZ 34300000 34399999 365
nnZ 34400000 34499999 401
nnZ 34500000 34599999 277
nnZ 34600000 34699999 448
nnZ 34700000 34799999 223
nnZ 34800000 34899999 411
nnZ 34900000 34999999 408
nnZ 35000000 35099999 323
nnZ 35100000 35199999 417
nnZ 35200000 35299999 381
nnZ 35300000 35399999 434
nnZ 35400000 35499999 461
nnZ 35500000 35599999 265
nnZ 35600000 35699999 251
nnZ 35700000 35799999 463
nnZ 35800000 35899999 514
nnZ 35900000 35999999 426
nnZ 36000000 36099999 330
nnZ 36100000 36199999 379
nnZ 36200000 36299999 439
nnZ 36300000 36399999 267
nnZ 36400000 36499999 488
nnZ 36500000 36599999 336
nnZ 36600000 36699999 393
nnZ 36700000 36799999 662
nnZ 36800000 36899999 337
nnZ 36900000 36999999 464
nnZ 37000000 37099999 199
nnZ 37100000 37199999 437
nnZ 37200000 37299999 640
nnZ 37300000 37399999 336
nnZ 37400000 37499999 463
nnZ 37500000 37599999 423
nnZ 37600000 37699999 400
nnZ 37700000 37799999 440
nnZ 37800000 37899999 537
nnZ 37900000 37999999 461
nnZ 38000000 38099999 567
nnZ 38100000 38199999 585
nnZ 38200000 38299999 528
nnZ 38300000 38399999 243
nnZ 38400000 38499999 472
nnZ 38500000 38599999 368
nnZ 38600000 38699999 312
nnZ 38700000 38799999 214
nnZ 38800000 38899999 489
nnZ 38900000 38999999 548
nnZ 39000000 39099999 230
nnZ 39100000 39199999 306
nnZ 39200000 39299999 589
nnZ 39300000 39399999 496
nnZ 39400000 39499999 548
nnZ 39500000 39599999 522
nnZ 39600000 39699999 240
nnZ 39700000 39799999 403
nnZ 39800000 39899999 349
nnZ 39900000 39999999 523
nnZ 40000000 40099999 434
nnZ 40100000 40199999 704
nnZ 40200000 40299999 361
nnZ 40300000 40399999 592
nnZ 40400000 40499999 352
nnZ 40500000 40599999 510
nnZ 40600000 40699999 351
nnZ 40700000 40799999 542
nnZ 40800000 40899999 249
nnZ 40900000 40999999 344
nnZ 41000000 41099999 550
nnZ 41100000 41199999 778
nnZ 41200000 41299999 538
nnZ 41300000 41399999 414
nnZ 41400000 41499999 379
nnZ 41500000 41599999 746
nnZ 41600000 41699999 421
nnZ 41700000 41799999 406
nnZ 41800000 41899999 545
nnZ 41900000 41999999 707
nnZ 42000000 42099999 415
nnZ 42100000 42199999 496
nnZ 42200000 42299999 401
nnZ 42300000 42399999 535
nnZ 42400000 42499999 595
nnZ 42500000 42599999 448
nnZ 42600000 42699999 368
nnZ 42700000 42799999 383
nnZ 42800000 42899999 385
nnZ 42900000 42999999 412
nnZ 43000000 43099999 497
nnZ 43100000 43199999 448
nnZ 43200000 43299999 398
nnZ 43300000 43399999 412
nnZ 43400000 43499999 431
nnZ 43500000 43599999 556
nnZ 43600000 43699999 509
nnZ 43700000 43799999 395
nnZ 43800000 43899999 423
nnZ 43900000 43999999 510
nnZ 44000000 44099999 312
nnZ 44100000 44199999 380
nnZ 44200000 44299999 454
nnZ 44300000 44399999 485
nnZ 44400000 44499999 514
nnZ 44500000 44599999 151
nnZ 44600000 44699999 463
nnZ 44700000 44799999 584
nnZ 44800000 44899999 356
nnZ 44900000 44999999 397
nnZ 45000000 45099999 527
nnZ 45100000 45199999 394
nnZ 45200000 45299999 470
nnZ 45300000 45399999 349
nnZ 45400000 45499999 447
nnZ 45500000 45599999 437
nnZ 45600000 45699999 547
nnZ 45700000 45799999 461
nnZ 45800000 45899999 440
nnZ 45900000 45999999 531
nnZ 46000000 46099999 331
nnZ 46100000 46199999 460
nnZ 46200000 46299999 444
nnZ 46300000 46399999 743
nnZ 46400000 46499999 321
nnZ 46500000 46599999 416
nnZ 46600000 46699999 475
nnZ 46700000 46799999 395
nnZ 46800000 46899999 264
nnZ 46900000 46999999 474
nnZ 47000000 47099999 509
nnZ 47100000 47199999 506
nnZ 47200000 47299999 461
nnZ 47300000 47399999 591
nnZ 47400000 47499999 300
nnZ 47500000 47599999 412
nnZ 47600000 47699999 279
nnZ 47700000 47799999 404
nnZ 47800000 47899999 543
nnZ 47900000 47999999 516
nnZ 48000000 48099999 505
nnZ 48100000 48199999 604
nnZ 48200000 48299999 384
nnZ 48300000 48399999 399
nnZ 48400000 48499999 402
nnZ 48500000 48599999 307
nnZ 48600000 48699999 366
nnZ 48700000 48799999 486
nnZ 48800000 48899999 483
nnZ 48900000 48999999 382
nnZ 49000000 49099999 367
nnZ 49100000 49199999 534
nnZ 49200000 49299999 512
nnZ 49300000 49399999 440
nnZ 49400000 49499999 289
nnZ 49500000 49599999 293
nnZ 49600000 49699999 419
nnZ 49700000 49799999 396
nnZ 49800000 49899999 618
nnZ 49900000 49999999 412
nnZ 50000000 50099999 653
nnZ 50100000 50199999 460
nnZ 50200000 50299999 454
nnZ 50300000 50399999 387
nnZ 50400000 50499999 454
nnZ 50500000 50599999 485
nnZ 50600000 50699999 419
nnZ 50700000 50799999 541
nnZ 50800000 50899999 433
nnZ 50900000 50999999 594
nnZ 51000000 51099999 506
nnZ 51100000 51199999 260
nnZ 51200000 51299999 376
nnZ 51300000 51399999 387
nnZ 51400000 51499999 482
nnZ 51500000 51599999 445
nnZ 51600000 51699999 609
nnZ 51700000 51799999 363
nnZ 51800000 51899999 522
nnZ 51900000 51999999 283
nnZ 52000000 52099999 0
nnZ 52100000 52199999 25
nnZ 52200000 52299999 0
nnZ 52300000 52399999 364
nnZ 52400000 52499999 314
nnZ 52500000 52599999 481
nnZ 52600000 52699999 433
nnZ 52700000 52799999 328
nnZ 52800000 52899999 217
nnZ 52900000 52999999 283
nnZ 53000000 53099999 411
nnZ 53100000 53199999 700
nnZ 53200000 53299999 275
nnZ 53300000 53399999 555
nnZ 53400000 53499999 360
nnZ 53500000 53599999 151
nnZ 53600000 53699999 250
nnZ 53700000 53799999 363
nnZ 53800000 53899999 96
nnZ 53900000 53999999 438
nnZ 54000000 54099999 497
nnZ 54100000 54199999 493
nnZ 54200000 54299999 532
nnZ 54300000 54399999 385
nnZ 54400000 54499999 477
nnZ 54500000 54599999 567
nnZ 54600000 54699999 418
nnZ 54700000 54799999 485
nnZ 54800000 54899999 326
nnZ 54900000 54999999 530
nnZ 55000000 55099999 385
nnZ 55100000 55199999 386
nnZ 55200000 55299999 438
nnZ 55300000 55399999 464
nnZ 55400000 55499999 389
nnZ 55500000 55599999 318
nnZ 55600000 55699999 626
nnZ 55700000 55799999 638
nnZ 55800000 55899999 489
nnZ 55900000 55999999 428
nnZ 56000000 56099999 602
nnZ 56100000 56199999 552
nnZ 56200000 56299999 425
nnZ 56300000 56399999 352
nnZ 56400000 56499999 280
nnZ 56500000 56599999 423
nnZ 56600000 56699999 473
nnZ 56700000 56799999 461
nnZ 56800000 56899999 319
nnZ 56900000 56999999 444
nnZ 57000000 57099999 577
nnZ 57100000 57199999 399
nnZ 57200000 57299999 312
nnZ 57300000 57399999 608
nnZ 57400000 57499999 452
nnZ 57500000 57599999 463
nnZ 57600000 57699999 365
nnZ 57700000 57799999 202
nnZ 57800000 57899999 285
nnZ 57900000 57999999 419
nnZ 58000000 58099999 592
nnZ 58100000 58199999 392
nnZ 58200000 58299999 435
nnZ 58300000 58399999 349
nnZ 58400000 58499999 341
nnZ 58500000 58599999 338
nnZ 58600000 58699999 342
nnZ 58700000 58799999 524
nnZ 58800000 58899999 348
nnZ 58900000 58999999 390
nnZ 59000000 59099999 454
nnZ 59100000 59199999 474
nnZ 59200000 59299999 557
nnZ 59300000 59399999 468
nnZ 59400000 59499999 627
nnZ 59500000 59599999 522
nnZ 59600000 59699999 359
nnZ 59700000 59799999 441
nnZ 59800000 59899999 568
nnZ 59900000 59999999 522
nnZ 60000000 60099999 571
nnZ 60100000 60199999 377
nnZ 60200000 60299999 565
nnZ 60300000 60399999 421
nnZ 60400000 60499999 405
nnZ 60500000 60599999 461
nnZ 60600000 60699999 472
nnZ 60700000 60799999 472
nnZ 60800000 60899999 482
nnZ 60900000 60999999 444
nnZ 61000000 61099999 584
nnZ 61100000 61199999 278
nnZ 61200000 61299999 577
nnZ 61300000 61399999 487
nnZ 61400000 61499999 404
nnZ 61500000 61599999 412
nnZ 61600000 61699999 203
nnZ 61700000 61799999 382
nnZ 61800000 61899999 529
nnZ 61900000 61999999 508
nnZ 62000000 62099999 368
nnZ 62100000 62199999 500
nnZ 62200000 62299999 361
nnZ 62300000 62399999 398
nnZ 62400000 62499999 274
nnZ 62500000 62599999 331
nnZ 62600000 62699999 354
nnZ 62700000 62799999 276
nnZ 62800000 62899999 168
nnZ 62900000 62999999 350
nnZ 63000000 63099999 330
nnZ 63100000 63199999 326
nnZ 63200000 63299999 276
nnZ 63300000 63399999 382
nnZ 63400000 63499999 397
nnZ 63500000 63599999 474
nnZ 63600000 63699999 172
nnZ 63700000 63799999 452
nnZ 63800000 63899999 413
nnZ 63900000 63999999 590
nnZ 64000000 64099999 391
nnZ 64100000 64199999 506
nnZ 64200000 64299999 501
nnZ 64300000 64399999 548
nnZ 64400000 64499999 543
nnZ 64500000 64599999 573
nnZ 64600000 64699999 612
nnZ 64700000 64799999 765
nnZ 64800000 64899999 429
nnZ 64900000 64999999 158
nnZ 65000000 65099999 446
nnZ 65100000 65199999 484
nnZ 65200000 65299999 388
nnZ 65300000 65399999 521
nnZ 65400000 65499999 461
nnZ 65500000 65599999 322
nnZ 65600000 65699999 482
nnZ 65700000 65799999 502
nnZ 65800000 65899999 399
nnZ 65900000 65999999 580
nnZ 66000000 66099999 475
nnZ 66100000 66199999 475
nnZ 66200000 66299999 463
nnZ 66300000 66399999 384
nnZ 66400000 66499999 321
nnZ 66500000 66599999 242
nnZ 66600000 66699999 381
nnZ 66700000 66799999 544
nnZ 66800000 66899999 625
nnZ 66900000 66999999 319
nnZ 67000000 67099999 298
nnZ 67100000 67199999 410
nnZ 67200000 67299999 455
nnZ 67300000 67399999 467
nnZ 67400000 67499999 442
nnZ 67500000 67599999 343
nnZ 67600000 67699999 377
nnZ 67700000 67799999 570
nnZ 67800000 67899999 334
nnZ 67900000 67999999 367
nnZ 68000000 68099999 444
nnZ 68100000 68199999 549
nnZ 68200000 68299999 336
nnZ 68300000 68399999 507
nnZ 68400000 68499999 638
nnZ 68500000 68599999 475
nnZ 68600000 68699999 323
nnZ 68700000 68799999 250
nnZ 68800000 68899999 455
nnZ 68900000 68999999 345
nnZ 69000000 69099999 212
nnZ 69100000 69199999 329
nnZ 69200000 69299999 323
nnZ 69300000 69399999 418
nnZ 69400000 69499999 405
nnZ 69500000 69599999 578
nnZ 69600000 69699999 470
nnZ 69700000 69799999 581
nnZ 69800000 69899999 363
nnZ 69900000 69999999 240
nnZ 70000000 70099999 586
nnZ 70100000 70199999 387
nnZ 70200000 70299999 443
nnZ 70300000 70399999 385
nnZ 70400000 70499999 476
nnZ 70500000 70599999 134
nnZ 70600000 70699999 175
nnZ 70700000 70799999 204
nnZ 70800000 70899999 634
nnZ 70900000 70999999 515
nnZ 71000000 71099999 392
nnZ 71100000 71199999 155
nnZ 71200000 71299999 148
nnZ 71300000 71399999 416
nnZ 71400000 71499999 199
nnZ 71500000 71599999 279
nnZ 71600000 71699999 284
nnZ 71700000 71799999 270
nnZ 71800000 71899999 363
nnZ 71900000 71999999 383
nnZ 72000000 72099999 325
nnZ 72100000 72199999 455
nnZ 72200000 72299999 495
nnZ 72300000 72399999 312
nnZ 72400000 72499999 344
nnZ 72500000 72599999 365
nnZ 72600000 72699999 386
nnZ 72700000 72799999 436
nnZ 72800000 72899999 511
nnZ 72900000 72999999 336
nnZ 73000000 73099999 434
nnZ 73100000 73199999 363
nnZ 73200000 73299999 381
nnZ 73300000 73399999 431
nnZ 73400000 73499999 237
nnZ 73500000 73599999 554
nnZ 73600000 73699999 520
nnZ 73700000 73799999 636
nnZ 73800000 73899999 446
nnZ 73900000 73999999 395
nnZ 74000000 74099999 537
nnZ 74100000 74199999 500
nnZ 74200000 74299999 340
nnZ 74300000 74399999 439
nnZ 74400000 74499999 590
nnZ 74500000 74599999 385
nnZ 74600000 74699999 282
nnZ 74700000 74799999 370
nnZ 74800000 74899999 487
nnZ 74900000 74999999 293
nnZ 75000000 75099999 592
nnZ 75100000 75199999 417
nnZ 75200000 75299999 487
nnZ 75300000 75399999 639
nnZ 75400000 75499999 437
nnZ 75500000 75599999 425
nnZ 75600000 75699999 455
nnZ 75700000 75799999 483
nnZ 75800000 75899999 529
nnZ 75900000 75999999 425
nnZ 76000000 76099999 335
nnZ 76100000 76199999 412
nnZ 76200000 76299999 498
nnZ 76300000 76399999 399
nnZ 76400000 76499999 490
nnZ 76500000 76599999 416
nnZ 76600000 76699999 352
nnZ 76700000 76799999 817
nnZ 76800000 76899999 515
nnZ 76900000 76999999 428
nnZ 77000000 77099999 446
nnZ 77100000 77199999 520
nnZ 77200000 77299999 668
nnZ 77300000 77399999 544
nnZ 77400000 77499999 463
nnZ 77500000 77599999 572
nnZ 77600000 77699999 466
nnZ 77700000 77799999 373
nnZ 77800000 77899999 398
nnZ 77900000 77999999 400
nnZ 78000000 78099999 284
nnZ 78100000 78199999 405
nnZ 78200000 78299999 389
nnZ 78300000 78399999 426
nnZ 78400000 78499999 320
nnZ 78500000 78599999 225
nnZ 78600000 78699999 411
nnZ 78700000 78799999 281
nnZ 78800000 78899999 253
nnZ 78900000 78999999 397
nnZ 79000000 79099999 419
nnZ 79100000 79199999 353
nnZ 79200000 79299999 469
nnZ 79300000 79399999 546
nnZ 79400000 79499999 264
nnZ 79500000 79599999 250
nnZ 79600000 79699999 368
nnZ 79700000 79799999 322
nnZ 79800000 79899999 338
nnZ 79900000 79999999 10481
nnZ 80000000 80099999 7657
nnZ 80100000 80199999 4505
nnZ 80200000 80299999 740
nnZ 80300000 80399999 643
nnZ 80400000 80499999 1412
nnZ 80500000 80599999 339
nnZ 80600000 80699999 277
nnZ 80700000 80799999 1054
nnZ 80800000 80899999 303
nnZ 80900000 80999999 557
nnZ 81000000 81099999 702
nnZ 81100000 81199999 249
nnZ 81200000 81201839 0
nnW 0 99999 450
nnW 100000 199999 3546
nnW 200000 299999 6996
nnW 300000 399999 11869
nnW 400000 499999 453
nnW 500000 599999 183
nnW 600000 699999 280
nnW 700000 799999 242
nnW 800000 899999 499
nnW 900000 999999 3236
nnW 1000000 1099999 2825
nnW 1100000 1199999 341
nnW 1200000 1299999 347
nnW 1300000 1399999 343
nnW 1400000 1499999 487
nnW 1500000 1599999 286
nnW 1600000 1699999 382
nnW 1700000 1799999 118
nnW 1800000 1899999 124
nnW 1900000 1999999 229
nnW 2000000 2099999 129
nnW 2100000 2199999 100
nnW 2200000 2299999 194
nnW 2300000 2399999 291
nnW 2400000 2499999 183
nnW 2500000 2599999 50
nnW 2600000 2699999 48
nnW 2700000 2799999 177
nnW 2800000 2899999 154
nnW 2900000 2999999 460
nnW 3000000 3099999 172
nnW 3100000 3199999 152
nnW 3200000 3299999 315
nnW 3300000 3399999 317
nnW 3400000 3499999 393
nnW 3500000 3599999 251
nnW 3600000 3699999 327
nnW 3700000 3799999 639
nnW 3800000 3899999 193
nnW 3900000 3999999 271
nnW 4000000 4099999 120
nnW 4100000 4199999 247
nnW 4200000 4299999 349
nnW 4300000 4399999 202
nnW 4400000 4499999 197
nnW 4500000 4599999 270
nnW 4600000 4699999 198
nnW 4700000 4799999 408
nnW 4800000 4899999 298
nnW 4900000 4999999 123
nnW 5000000 5099999 274
nnW 5100000 5199999 252
nnW 5200000 5299999 373
nnW 5300000 5399999 130
nnW 5400000 5499999 0
nnW 5500000 5599999 0
nnW 5600000 5699999 0
nnW 5700000 5799999 0
nnW 5800000 5899999 0
nnW 5900000 5999999 0
nnW 6000000 6099999 0
nnW 6100000 6199999 0
nnW 6200000 6299999 0
nnW 6300000 6399999 0
nnW 6400000 6499999 126
nnW 6500000 6599999 0
nnW 6600000 6699999 0
nnW 6700000 6799999 0
nnW 6800000 6899999 0
nnW 6900000 6999999 0
nnW 7000000 7099999 192
nnW 7100000 7199999 0
nnW 7200000 7299999 0
nnW 7300000 7399999 0
nnW 7400000 7499999 0
nnW 7500000 7599999 0
nnW 7600000 7699999 0
nnW 7700000 7799999 0
nnW 7800000 7899999 0
nnW 7900000 7999999 0
nnW 8000000 8099999 0
nnW 8100000 8199999 0
nnW 8200000 8299999 161
nnW 8300000 8399999 275
nnW 8400000 8499999 171
nnW 8500000 8599999 248
nnW 8600000 8699999 238
nnW 8700000 8799999 301
nnW 8800000 8899999 100
nnW 8900000 8999999 334
nnW 9000000 9099999 343
nnW 9100000 9199999 207
nnW 9200000 9299999 194
nnW 9300000 9399999 124
nnW 9400000 9499999 205
nnW 9500000 9599999 332
nnW 9600000 9699999 301
nnW 9700000 9799999 3306
nnW 9800000 9899999 5841
nnW 9900000 9999999 5674
nnW 10000000 10099999 2243
nnW 10100000 10199999 2595
nnW 10200000 10299999 3262
nnW 10300000 10399999 3324
nnW 10400000 10499999 6031
nnW 10500000 10599999 4633
nnW 10600000 10699999 3724
nnW 10700000 10799999 1873
nnW 10800000 10899999 2472
nnW 10900000 10999999 876
nnW 11000000 11099999 2015
nnW 11100000 11199999 2403
nnW 11200000 11299999 1283
nnW 11300000 11399999 1128
nnW 11400000 11499999 1344
nnW 11500000 11599999 237
nnW 11600000 11699999 5024
nnW 11700000 11799999 4713
nnW 11800000 11899999 4195
nnW 11900000 11999999 3423
nnW 12000000 12099999 3166
nnW 12100000 12199999 2395
nnW 12200000 12299999 1936
nnW 12300000 12399999 4420
nnW 12400000 12499999 6546
nnW 12500000 12599999 5820
nnW 12600000 12699999 5737
nnW 12700000 12799999 5324
nnW 12800000 12857327 2770
