nn1 0 99999 1147
nn1 100000 199999 694
nn1 200000 299999 559
nn1 300000 399999 878
nn1 400000 499999 2888
nn1 500000 599999 1940
nn1 600000 699999 1247
nn1 700000 799999 3104
nn1 800000 899999 1673
nn1 900000 999999 1510
nn1 1000000 1099999 1321
nn1 1100000 1199999 2330
nn1 1200000 1299999 320
nn1 1300000 1399999 1712
nn1 1400000 1499999 2516
nn1 1500000 1599999 2540
nn1 1600000 1699999 4289
nn1 1700000 1799999 5382
nn1 1800000 1899999 1635
nn1 1900000 1999999 871
nn1 2000000 2099999 1019
nn1 2100000 2199999 2107
nn1 2200000 2299999 2343
nn1 2300000 2399999 5257
nn1 2400000 2499999 20002
nn1 2500000 2599999 33848
nn1 2600000 2699999 32264
nn1 2700000 2799999 13706
nn1 2800000 2899999 1602
nn1 2900000 2999999 1076
nn1 3000000 3099999 1773
nn1 3100000 3199999 2490
nn1 3200000 3299999 726
nn1 3300000 3399999 827
nn1 3400000 3499999 803
nn1 3500000 3599999 1214
nn1 3600000 3699999 548
nn1 3700000 3799999 671
nn1 3800000 3899999 1032
nn1 3900000 3999999 1034
nn1 4000000 4099999 547
nn1 4100000 4199999 1041
nn1 4200000 4299999 1265
nn1 4300000 4399999 553
nn1 4400000 4499999 1231
nn1 4500000 4599999 569
nn1 4600000 4699999 608
nn1 4700000 4799999 1683
nn1 4800000 4899999 1447
nn1 4900000 4999999 924
nn1 5000000 5099999 1624
nn1 5100000 5199999 955
nn1 5200000 5299999 1412
nn1 5300000 5399999 1380
nn1 5400000 5499999 1299
nn1 5500000 5599999 1785
nn1 5600000 5699999 2521
nn1 5700000 5799999 1996
nn1 5800000 5899999 1560
nn1 5900000 5999999 2103
nn1 6000000 6099999 953
nn1 6100000 6199999 1060
nn1 6200000 6299999 968
nn1 6300000 6399999 438
nn1 6400000 6499999 663
nn1 6500000 6599999 506
nn1 6600000 6699999 442
nn1 6700000 6799999 477
nn1 6800000 6899999 1116
nn1 6900000 6999999 1047
nn1 7000000 7099999 1266
nn1 7100000 7199999 999
nn1 7200000 7299999 1273
nn1 7300000 7399999 1452
nn1 7400000 7499999 702
nn1 7500000 7599999 568
nn1 7600000 7699999 575
nn1 7700000 7799999 467
nn1 7800000 7899999 826
nn1 7900000 7999999 638
nn1 8000000 8099999 618
nn1 8100000 8199999 646
nn1 8200000 8299999 1399
nn1 8300000 8399999 619
nn1 8400000 8499999 828
nn1 8500000 8599999 908
nn1 8600000 8699999 957
nn1 8700000 8799999 1237
nn1 8800000 8899999 721
nn1 8900000 8999999 1572
nn1 9000000 9099999 1675
nn1 9100000 9199999 772
nn1 9200000 9299999 639
nn1 9300000 9399999 518
nn1 9400000 9499999 909
nn1 9500000 9599999 951
nn1 9600000 9699999 1362
nn1 9700000 9799999 1199
nn1 9800000 9899999 1616
nn1 9900000 9999999 1152
nn1 10000000 10099999 2116
nn1 10100000 10199999 601
nn1 10200000 10299999 643
nn1 10300000 10399999 537
nn1 10400000 10499999 765
nn1 10500000 10599999 550
nn1 10600000 10699999 1090
nn1 10700000 10799999 599
nn1 10800000 10899999 658
nn1 10900000 10999999 510
nn1 11000000 11099999 524
nn1 11100000 11199999 1034
nn1 11200000 11299999 689
nn1 11300000 11399999 703
nn1 11400000 11499999 916
nn1 11500000 11599999 506
nn1 11600000 11699999 1044
nn1 11700000 11799999 675
nn1 11800000 11899999 993
nn1 11900000 11999999 1042
nn1 12000000 12099999 1713
nn1 12100000 12199999 1361
nn1 12200000 12299999 896
nn1 12300000 12399999 1221
nn1 12400000 12499999 1458
nn1 12500000 12599999 2104
nn1 12600000 12699999 1349
nn1 12700000 12799999 1245
nn1 12800000 12899999 1399
nn1 12900000 12999999 1628
nn1 13000000 13099999 1021
nn1 13100000 13199999 1412
nn1 13200000 13299999 1417
nn1 13300000 13399999 1556
nn1 13400000 13499999 1193
nn1 13500000 13599999 763
nn1 13600000 13699999 836
nn1 13700000 13799999 1628
nn1 13800000 13899999 713
nn1 13900000 13999999 1076
nn1 14000000 14099999 684
nn1 14100000 14199999 742
nn1 14200000 14299999 476
nn1 14300000 14399999 807
nn1 14400000 14499999 619
nn1 14500000 14599999 863
nn1 14600000 14699999 839
nn1 14700000 14799999 884
nn1 14800000 14899999 650
nn1 14900000 14999999 467
nn1 15000000 15099999 684
nn1 15100000 15199999 909
nn1 15200000 15299999 982
nn1 15300000 15399999 562
nn1 15400000 15499999 2317
nn1 15500000 15599999 1161
nn1 15600000 15699999 1667
nn1 15700000 15799999 1242
nn1 15800000 15899999 1115
nn1 15900000 15999999 1186
nn1 16000000 16099999 981
nn1 16100000 16199999 1202
nn1 16200000 16299999 438
nn1 16300000 16399999 666
nn1 16400000 16499999 1019
nn1 16500000 16599999 438
nn1 16600000 16699999 639
nn1 16700000 16799999 443
nn1 16800000 16899999 548
nn1 16900000 16999999 812
nn1 17000000 17099999 732
nn1 17100000 17199999 2155
nn1 17200000 17299999 857
nn1 17300000 17399999 1160
nn1 17400000 17499999 502
nn1 17500000 17599999 501
nn1 17600000 17699999 801
nn1 17700000 17799999 531
nn1 17800000 17899999 941
nn1 17900000 17999999 861
nn1 18000000 18099999 609
nn1 18100000 18199999 655
nn1 18200000 18299999 679
nn1 18300000 18399999 751
nn1 18400000 18499999 641
nn1 18500000 18599999 1024
nn1 18600000 18699999 1140
nn1 18700000 18799999 1844
nn1 18800000 18899999 2436
nn1 18900000 18999999 716
nn1 19000000 19099999 1810
nn1 19100000 19199999 780
nn1 19200000 19299999 787
nn1 19300000 19399999 437
nn1 19400000 19499999 711
nn1 19500000 19599999 682
nn1 19600000 19699999 798
nn1 19700000 19799999 777
nn1 19800000 19899999 543
nn1 19900000 19999999 492
nn1 20000000 20099999 681
nn1 20100000 20199999 482
nn1 20200000 20299999 572
nn1 20300000 20399999 1073
nn1 20400000 20499999 688
nn1 20500000 20599999 964
nn1 20600000 20699999 1021
nn1 20700000 20799999 720
nn1 20800000 20899999 2137
nn1 20900000 20999999 1152
nn1 21000000 21099999 687
nn1 21100000 21199999 856
nn1 21200000 21299999 384
nn1 21300000 21399999 751
nn1 21400000 21499999 927
nn1 21500000 21599999 793
nn1 21600000 21699999 811
nn1 21700000 21799999 393
nn1 21800000 21899999 1211
nn1 21900000 21999999 474
nn1 22000000 22099999 1095
nn1 22100000 22199999 746
nn1 22200000 22299999 551
nn1 22300000 22399999 739
nn1 22400000 22499999 852
nn1 22500000 22599999 616
nn1 22600000 22699999 692
nn1 22700000 22799999 454
nn1 22800000 22899999 655
nn1 22900000 22999999 736
nn1 23000000 23099999 674
nn1 23100000 23199999 1173
nn1 23200000 23299999 754
nn1 23300000 23399999 856
nn1 23400000 23499999 1109
nn1 23500000 23599999 692
nn1 23600000 23699999 1080
nn1 23700000 23799999 1386
nn1 23800000 23899999 1397
nn1 23900000 23999999 1278
nn1 24000000 24099999 716
nn1 24100000 24199999 403
nn1 24200000 24299999 773
nn1 24300000 24399999 994
nn1 24400000 24499999 652
nn1 24500000 24599999 825
nn1 24600000 24699999 693
nn1 24700000 24799999 1225
nn1 24800000 24899999 1985
nn1 24900000 24999999 1159
nn1 25000000 25099999 901
nn1 25100000 25199999 1463
nn1 25200000 25299999 2148
nn1 25300000 25399999 713
nn1 25400000 25499999 444
nn1 25500000 25599999 581
nn1 25600000 25699999 1687
nn1 25700000 25799999 596
nn1 25800000 25899999 899
nn1 25900000 25999999 1120
nn1 26000000 26099999 1886
nn1 26100000 26199999 1150
nn1 26200000 26299999 859
nn1 26300000 26399999 593
nn1 26400000 26499999 746
nn1 26500000 26599999 776
nn1 26600000 26699999 696
nn1 26700000 26799999 376
nn1 26800000 26899999 530
nn1 26900000 26999999 1222
nn1 27000000 27099999 5689
nn1 27100000 27199999 2266
nn1 27200000 27299999 1990
nn1 27300000 27399999 2534
nn1 27400000 27499999 2403
nn1 27500000 27599999 665
nn1 27600000 27699999 486
nn1 27700000 27799999 467
nn1 27800000 27899999 610
nn1 27900000 27999999 929
nn1 28000000 28099999 783
nn1 28100000 28199999 734
nn1 28200000 28299999 744
nn1 28300000 28399999 1135
nn1 28400000 28499999 1098
nn1 28500000 28599999 790
nn1 28600000 28699999 696
nn1 28700000 28799999 752
nn1 28800000 28899999 623
nn1 28900000 28999999 1817
nn1 29000000 29099999 768
nn1 29100000 29199999 755
nn1 29200000 29299999 537
nn1 29300000 29399999 541
nn1 29400000 29499999 375
nn1 29500000 29599999 819
nn1 29600000 29699999 740
nn1 29700000 29799999 1061
nn1 29800000 29899999 945
nn1 29900000 29999999 1124
nn1 30000000 30099999 1330
nn1 30100000 30199999 882
nn1 30200000 30299999 469
nn1 30300000 30399999 1367
nn1 30400000 30499999 1091
nn1 30500000 30599999 768
nn1 30600000 30699999 592
nn1 30700000 30799999 785
nn1 30800000 30899999 550
nn1 30900000 30999999 419
nn1 31000000 31099999 685
nn1 31100000 31199999 1304
nn1 31200000 31299999 853
nn1 31300000 31399999 893
nn1 31400000 31499999 1807
nn1 31500000 31599999 2219
nn1 31600000 31699999 2146
nn1 31700000 31799999 1294
nn1 31800000 31899999 1852
nn1 31900000 31999999 3400
nn1 32000000 32099999 1516
nn1 32100000 32199999 2600
nn1 32200000 32299999 3003
nn1 32300000 32399999 2555
nn1 32400000 32499999 2091
nn1 32500000 32599999 1995
nn1 32600000 32699999 2165
nn1 32700000 32799999 1969
nn1 32800000 32899999 1962
nn1 32900000 32999999 1730
nn1 33000000 33099999 1662
nn1 33100000 33199999 2771
nn1 33200000 33299999 1767
nn1 33300000 33399999 1939
nn1 33400000 33499999 2820
nn1 33500000 33599999 2234
nn1 33600000 33699999 2486
nn1 33700000 33799999 2773
nn1 33800000 33899999 1356
nn1 33900000 33999999 2536
nn1 34000000 34099999 1839
nn1 34100000 34199999 1644
nn1 34200000 34299999 1010
nn1 34300000 34399999 909
nn1 34400000 34499999 860
nn1 34500000 34599999 1103
nn1 34600000 34699999 738
nn1 34700000 34799999 1190
nn1 34800000 34899999 992
nn1 34900000 34999999 1300
nn1 35000000 35099999 1376
nn1 35100000 35199999 1942
nn1 35200000 35299999 2369
nn1 35300000 35399999 3773
nn1 35400000 35499999 2314
nn1 35500000 35599999 2345
nn1 35600000 35699999 2542
nn1 35700000 35799999 2655
nn1 35800000 35899999 1688
nn1 35900000 35999999 1694
nn1 36000000 36099999 2103
nn1 36100000 36199999 2183
nn1 36200000 36299999 2453
nn1 36300000 36399999 2136
nn1 36400000 36499999 2226
nn1 36500000 36599999 2383
nn1 36600000 36699999 1400
nn1 36700000 36799999 2403
nn1 36800000 36899999 1735
nn1 36900000 36999999 2018
nn1 37000000 37099999 2590
nn1 37100000 37199999 1704
nn1 37200000 37299999 1819
nn1 37300000 37399999 1923
nn1 37400000 37499999 1676
nn1 37500000 37599999 2021
nn1 37600000 37699999 1711
nn1 37700000 37799999 1972
nn1 37800000 37899999 1489
nn1 37900000 37999999 1123
nn1 38000000 38099999 2005
nn1 38100000 38199999 2179
nn1 38200000 38299999 1718
nn1 38300000 38399999 2323
nn1 38400000 38499999 1563
nn1 38500000 38599999 4285
nn1 38600000 38699999 1341
nn1 38700000 38799999 2157
nn1 38800000 38899999 1002
nn1 38900000 38999999 1164
nn1 39000000 39099999 3697
nn1 39100000 39199999 1285
nn1 39200000 39299999 1501
nn1 39300000 39399999 1039
nn1 39400000 39499999 2397
nn1 39500000 39599999 1807
nn1 39600000 39699999 1024
nn1 39700000 39799999 1161
nn1 39800000 39899999 982
nn1 39900000 39999999 1311
nn1 40000000 40099999 1232
nn1 40100000 40199999 1024
nn1 40200000 40299999 545
nn1 40300000 40399999 696
nn1 40400000 40499999 1315
nn1 40500000 40599999 664
nn1 40600000 40699999 632
nn1 40700000 40799999 447
nn1 40800000 40899999 1063
nn1 40900000 40999999 1387
nn1 41000000 41099999 625
nn1 41100000 41199999 1064
nn1 41200000 41299999 652
nn1 41300000 41399999 722
nn1 41400000 41499999 927
nn1 41500000 41599999 600
nn1 41600000 41699999 1387
nn1 41700000 41799999 659
nn1 41800000 41899999 658
nn1 41900000 41999999 672
nn1 42000000 42099999 687
nn1 42100000 42199999 886
nn1 42200000 42299999 1504
nn1 42300000 42399999 1552
nn1 42400000 42499999 480
nn1 42500000 42599999 702
nn1 42600000 42699999 947
nn1 42700000 42799999 926
nn1 42800000 42899999 480
nn1 42900000 42999999 1840
nn1 43000000 43099999 1309
nn1 43100000 43199999 526
nn1 43200000 43299999 919
nn1 43300000 43399999 1112
nn1 43400000 43499999 1894
nn1 43500000 43599999 956
nn1 43600000 43699999 1311
nn1 43700000 43799999 2479
nn1 43800000 43899999 672
nn1 43900000 43999999 1202
nn1 44000000 44099999 1618
nn1 44100000 44199999 2306
nn1 44200000 44299999 1559
nn1 44300000 44399999 1696
nn1 44400000 44499999 1402
nn1 44500000 44599999 1768
nn1 44600000 44699999 1681
nn1 44700000 44799999 2204
nn1 44800000 44899999 2264
nn1 44900000 44999999 2161
nn1 45000000 45099999 2195
nn1 45100000 45199999 2200
nn1 45200000 45299999 2906
nn1 45300000 45399999 3340
nn1 45400000 45499999 2359
nn1 45500000 45599999 1948
nn1 45600000 45699999 2565
nn1 45700000 45799999 2669
nn1 45800000 45899999 1587
nn1 45900000 45999999 2485
nn1 46000000 46099999 2123
nn1 46100000 46199999 2217
nn1 46200000 46299999 2763
nn1 46300000 46399999 2017
nn1 46400000 46499999 2534
nn1 46500000 46599999 1743
nn1 46600000 46699999 1972
nn1 46700000 46799999 2108
nn1 46800000 46899999 1843
nn1 46900000 46999999 1545
nn1 47000000 47099999 1798
nn1 47100000 47199999 3383
nn1 47200000 47299999 1926
nn1 47300000 47399999 1819
nn1 47400000 47499999 1725
nn1 47500000 47599999 3442
nn1 47600000 47699999 2655
nn1 47700000 47799999 2338
nn1 47800000 47899999 2207
nn1 47900000 47999999 1837
nn1 48000000 48099999 1588
nn1 48100000 48199999 2019
nn1 48200000 48299999 1872
nn1 48300000 48399999 1366
nn1 48400000 48499999 1273
nn1 48500000 48599999 958
nn1 48600000 48699999 2206
nn1 48700000 48799999 1410
nn1 48800000 48899999 1188
nn1 48900000 48999999 900
nn1 49000000 49099999 1510
nn1 49100000 49199999 1495
nn1 49200000 49299999 1674
nn1 49300000 49399999 1389
nn1 49400000 49499999 1817
nn1 49500000 49599999 1657
nn1 49600000 49699999 1210
nn1 49700000 49799999 1355
nn1 49800000 49899999 1400
nn1 49900000 49999999 1176
nn1 50000000 50099999 1932
nn1 50100000 50199999 1370
nn1 50200000 50299999 992
nn1 50300000 50399999 875
nn1 50400000 50499999 721
nn1 50500000 50599999 1028
nn1 50600000 50699999 855
nn1 50700000 50799999 467
nn1 50800000 50899999 422
nn1 50900000 50999999 718
nn1 51000000 51099999 507
nn1 51100000 51199999 567
nn1 51200000 51299999 678
nn1 51300000 51399999 1334
nn1 51400000 51499999 841
nn1 51500000 51599999 1205
nn1 51600000 51699999 564
nn1 51700000 51799999 1149
nn1 51800000 51899999 510
nn1 51900000 51999999 544
nn1 52000000 52099999 481
nn1 52100000 52199999 723
nn1 52200000 52299999 383
nn1 52300000 52399999 781
nn1 52400000 52499999 1323
nn1 52500000 52599999 724
nn1 52600000 52699999 1856
nn1 52700000 52799999 543
nn1 52800000 52899999 562
nn1 52900000 52999999 1623
nn1 53000000 53099999 788
nn1 53100000 53199999 583
nn1 53200000 53299999 569
nn1 53300000 53399999 482
nn1 53400000 53499999 716
nn1 53500000 53599999 2497
nn1 53600000 53699999 651
nn1 53700000 53799999 2240
nn1 53800000 53899999 935
nn1 53900000 53999999 1063
nn1 54000000 54099999 1281
nn1 54100000 54199999 1089
nn1 54200000 54299999 625
nn1 54300000 54399999 850
nn1 54400000 54499999 799
nn1 54500000 54599999 1205
nn1 54600000 54699999 1441
nn1 54700000 54799999 1352
nn1 54800000 54899999 2605
nn1 54900000 54999999 1448
nn1 55000000 55099999 1969
nn1 55100000 55199999 2801
nn1 55200000 55299999 1788
nn1 55300000 55399999 1790
nn1 55400000 55499999 2111
nn1 55500000 55599999 1497
nn1 55600000 55699999 1596
nn1 55700000 55799999 2093
nn1 55800000 55899999 1133
nn1 55900000 55999999 2020
nn1 56000000 56099999 2417
nn1 56100000 56199999 1606
nn1 56200000 56299999 2048
nn1 56300000 56399999 847
nn1 56400000 56499999 962
nn1 56500000 56599999 2229
nn1 56600000 56699999 1840
nn1 56700000 56799999 693
nn1 56800000 56899999 1709
nn1 56900000 56999999 1367
nn1 57000000 57099999 881
nn1 57100000 57199999 2085
nn1 57200000 57299999 592
nn1 57300000 57399999 415
nn1 57400000 57499999 1097
nn1 57500000 57599999 671
nn1 57600000 57699999 775
nn1 57700000 57799999 530
nn1 57800000 57899999 1131
nn1 57900000 57999999 799
nn1 58000000 58099999 903
nn1 58100000 58199999 1055
nn1 58200000 58299999 945
nn1 58300000 58399999 1174
nn1 58400000 58499999 1023
nn1 58500000 58599999 842
nn1 58600000 58699999 481
nn1 58700000 58799999 855
nn1 58800000 58899999 572
nn1 58900000 58999999 471
nn1 59000000 59099999 572
nn1 59100000 59199999 586
nn1 59200000 59299999 592
nn1 59300000 59399999 474
nn1 59400000 59499999 1004
nn1 59500000 59599999 619
nn1 59600000 59699999 418
nn1 59700000 59799999 629
nn1 59800000 59899999 807
nn1 59900000 59999999 593
nn1 60000000 60099999 554
nn1 60100000 60199999 429
nn1 60200000 60299999 714
nn1 60300000 60399999 667
nn1 60400000 60499999 484
nn1 60500000 60599999 1024
nn1 60600000 60699999 1125
nn1 60700000 60799999 1508
nn1 60800000 60899999 965
nn1 60900000 60999999 484
nn1 61000000 61099999 817
nn1 61100000 61199999 654
nn1 61200000 61299999 586
nn1 61300000 61399999 857
nn1 61400000 61499999 649
nn1 61500000 61599999 993
nn1 61600000 61699999 2567
nn1 61700000 61799999 1763
nn1 61800000 61899999 1360
nn1 61900000 61999999 2213
nn1 62000000 62099999 1902
nn1 62100000 62199999 1193
nn1 62200000 62299999 1288
nn1 62300000 62399999 1179
nn1 62400000 62499999 1010
nn1 62500000 62599999 742
nn1 62600000 62699999 1391
nn1 62700000 62799999 688
nn1 62800000 62899999 848
nn1 62900000 62999999 681
nn1 63000000 63099999 866
nn1 63100000 63199999 717
nn1 63200000 63299999 783
nn1 63300000 63399999 1291
nn1 63400000 63499999 759
nn1 63500000 63599999 459
nn1 63600000 63699999 343
nn1 63700000 63799999 631
nn1 63800000 63899999 624
nn1 63900000 63999999 632
nn1 64000000 64099999 803
nn1 64100000 64199999 598
nn1 64200000 64299999 605
nn1 64300000 64399999 371
nn1 64400000 64499999 455
nn1 64500000 64599999 716
nn1 64600000 64699999 723
nn1 64700000 64799999 1216
nn1 64800000 64899999 704
nn1 64900000 64999999 648
nn1 65000000 65099999 1357
nn1 65100000 65199999 630
nn1 65200000 65299999 891
nn1 65300000 65399999 874
nn1 65400000 65499999 512
nn1 65500000 65599999 941
nn1 65600000 65699999 573
nn1 65700000 65799999 1001
nn1 65800000 65899999 689
nn1 65900000 65999999 674
nn1 66000000 66099999 425
nn1 66100000 66199999 483
nn1 66200000 66299999 838
nn1 66300000 66399999 903
nn1 66400000 66499999 604
nn1 66500000 66599999 663
nn1 66600000 66699999 336
nn1 66700000 66799999 801
nn1 66800000 66899999 2430
nn1 66900000 66999999 1677
nn1 67000000 67099999 1804
nn1 67100000 67199999 1801
nn1 67200000 67299999 2630
nn1 67300000 67399999 890
nn1 67400000 67499999 735
nn1 67500000 67599999 1876
nn1 67600000 67699999 788
nn1 67700000 67799999 792
nn1 67800000 67899999 868
nn1 67900000 67999999 849
nn1 68000000 68099999 1007
nn1 68100000 68199999 512
nn1 68200000 68299999 716
nn1 68300000 68399999 986
nn1 68400000 68499999 1289
nn1 68500000 68599999 1473
nn1 68600000 68699999 1043
nn1 68700000 68799999 1991
nn1 68800000 68899999 2114
nn1 68900000 68999999 1860
nn1 69000000 69099999 1438
nn1 69100000 69199999 1325
nn1 69200000 69299999 1703
nn1 69300000 69399999 1459
nn1 69400000 69499999 1359
nn1 69500000 69599999 2253
nn1 69600000 69699999 1413
nn1 69700000 69799999 2031
nn1 69800000 69899999 1707
nn1 69900000 69999999 2177
nn1 70000000 70099999 1168
nn1 70100000 70199999 1436
nn1 70200000 70299999 1016
nn1 70300000 70399999 1209
nn1 70400000 70499999 1484
nn1 70500000 70599999 1153
nn1 70600000 70699999 1368
nn1 70700000 70799999 646
nn1 70800000 70899999 830
nn1 70900000 70999999 859
nn1 71000000 71099999 1179
nn1 71100000 71199999 1155
nn1 71200000 71299999 688
nn1 71300000 71399999 1160
nn1 71400000 71499999 798
nn1 71500000 71599999 802
nn1 71600000 71699999 917
nn1 71700000 71799999 674
nn1 71800000 71899999 995
nn1 71900000 71999999 839
nn1 72000000 72099999 959
nn1 72100000 72199999 1625
nn1 72200000 72299999 996
nn1 72300000 72399999 902
nn1 72400000 72499999 1537
nn1 72500000 72599999 2035
nn1 72600000 72699999 824
nn1 72700000 72799999 619
nn1 72800000 72899999 1043
nn1 72900000 72999999 585
nn1 73000000 73099999 2162
nn1 73100000 73199999 1096
nn1 73200000 73299999 1317
nn1 73300000 73399999 506
nn1 73400000 73499999 1325
nn1 73500000 73599999 753
nn1 73600000 73699999 494
nn1 73700000 73799999 810
nn1 73800000 73899999 2543
nn1 73900000 73999999 1291
nn1 74000000 74099999 735
nn1 74100000 74199999 1117
nn1 74200000 74299999 1826
nn1 74300000 74399999 3676
nn1 74400000 74499999 662
nn1 74500000 74599999 627
nn1 74600000 74699999 666
nn1 74700000 74799999 1622
nn1 74800000 74899999 928
nn1 74900000 74999999 435
nn1 75000000 75099999 412
nn1 75100000 75199999 712
nn1 75200000 75299999 565
nn1 75300000 75399999 1266
nn1 75400000 75499999 1340
nn1 75500000 75599999 1864
nn1 75600000 75699999 616
nn1 75700000 75799999 814
nn1 75800000 75899999 710
nn1 75900000 75999999 536
nn1 76000000 76099999 898
nn1 76100000 76199999 544
nn1 76200000 76299999 430
nn1 76300000 76399999 478
nn1 76400000 76499999 814
nn1 76500000 76599999 743
nn1 76600000 76699999 428
nn1 76700000 76799999 953
nn1 76800000 76899999 966
nn1 76900000 76999999 1019
nn1 77000000 77099999 883
nn1 77100000 77199999 752
nn1 77200000 77299999 727
nn1 77300000 77399999 1363
nn1 77400000 77499999 574
nn1 77500000 77599999 733
nn1 77600000 77699999 972
nn1 77700000 77799999 659
nn1 77800000 77899999 473
nn1 77900000 77999999 910
nn1 78000000 78099999 829
nn1 78100000 78199999 541
nn1 78200000 78299999 428
nn1 78300000 78399999 855
nn1 78400000 78499999 705
nn1 78500000 78599999 1217
nn1 78600000 78699999 1134
nn1 78700000 78799999 635
nn1 78800000 78899999 1711
nn1 78900000 78999999 3354
nn1 79000000 79099999 760
nn1 79100000 79199999 982
nn1 79200000 79299999 1156
nn1 79300000 79399999 1439
nn1 79400000 79499999 698
nn1 79500000 79599999 1266
nn1 79600000 79699999 774
nn1 79700000 79799999 1250
nn1 79800000 79899999 1587
nn1 79900000 79999999 1347
nn1 80000000 80099999 1571
nn1 80100000 80199999 1560
nn1 80200000 80299999 1180
nn1 80300000 80399999 1059
nn1 80400000 80499999 968
nn1 80500000 80599999 646
nn1 80600000 80699999 421
nn1 80700000 80799999 561
nn1 80800000 80899999 1499
nn1 80900000 80999999 1249
nn1 81000000 81099999 1062
nn1 81100000 81199999 1703
nn1 81200000 81299999 1675
nn1 81300000 81399999 1869
nn1 81400000 81499999 1533
nn1 81500000 81599999 1013
nn1 81600000 81699999 805
nn1 81700000 81799999 563
nn1 81800000 81899999 679
nn1 81900000 81999999 1709
nn1 82000000 82099999 772
nn1 82100000 82199999 1640
nn1 82200000 82299999 1336
nn1 82300000 82399999 2123
nn1 82400000 82499999 768
nn1 82500000 82599999 931
nn1 82600000 82699999 2381
nn1 82700000 82799999 967
nn1 82800000 82899999 1015
nn1 82900000 82999999 717
nn1 83000000 83099999 897
nn1 83100000 83199999 773
nn1 83200000 83299999 690
nn1 83300000 83399999 832
nn1 83400000 83499999 820
nn1 83500000 83599999 533
nn1 83600000 83699999 1058
nn1 83700000 83799999 1005
nn1 83800000 83899999 1162
nn1 83900000 83999999 857
nn1 84000000 84099999 366
nn1 84100000 84199999 594
nn1 84200000 84299999 619
nn1 84300000 84399999 771
nn1 84400000 84499999 804
nn1 84500000 84599999 902
nn1 84600000 84699999 604
nn1 84700000 84799999 1292
nn1 84800000 84899999 745
nn1 84900000 84999999 1019
nn1 85000000 85099999 908
nn1 85100000 85199999 609
nn1 85200000 85299999 457
nn1 85300000 85399999 645
nn1 85400000 85499999 709
nn1 85500000 85599999 626
nn1 85600000 85699999 1170
nn1 85700000 85799999 549
nn1 85800000 85899999 699
nn1 85900000 85999999 691
nn1 86000000 86099999 657
nn1 86100000 86199999 1039
nn1 86200000 86299999 2410
nn1 86300000 86399999 564
nn1 86400000 86499999 350
nn1 86500000 86599999 1042
nn1 86600000 86699999 737
nn1 86700000 86799999 692
nn1 86800000 86899999 421
nn1 86900000 86999999 609
nn1 87000000 87099999 677
nn1 87100000 87199999 637
nn1 87200000 87299999 596
nn1 87300000 87399999 1545
nn1 87400000 87499999 1280
nn1 87500000 87599999 783
nn1 87600000 87699999 1030
nn1 87700000 87799999 786
nn1 87800000 87899999 1062
nn1 87900000 87999999 1237
nn1 88000000 88099999 807
nn1 88100000 88199999 670
nn1 88200000 88299999 1134
nn1 88300000 88399999 909
nn1 88400000 88499999 1179
nn1 88500000 88599999 875
nn1 88600000 88699999 821
nn1 88700000 88799999 1272
nn1 88800000 88899999 1350
nn1 88900000 88999999 1186
nn1 89000000 89099999 756
nn1 89100000 89199999 696
nn1 89200000 89299999 1017
nn1 89300000 89399999 900
nn1 89400000 89499999 674
nn1 89500000 89599999 528
nn1 89600000 89699999 1039
nn1 89700000 89799999 1110
nn1 89800000 89899999 1188
nn1 89900000 89999999 1573
nn1 90000000 90099999 828
nn1 90100000 90199999 688
nn1 90200000 90299999 618
nn1 90300000 90399999 951
nn1 90400000 90499999 2054
nn1 90500000 90599999 733
nn1 90600000 90699999 675
nn1 90700000 90799999 513
nn1 90800000 90899999 548
nn1 90900000 90999999 800
nn1 91000000 91099999 635
nn1 91100000 91199999 721
nn1 91200000 91299999 546
nn1 91300000 91399999 587
nn1 91400000 91499999 839
nn1 91500000 91599999 625
nn1 91600000 91699999 1655
nn1 91700000 91799999 599
nn1 91800000 91899999 1106
nn1 91900000 91999999 699
nn1 92000000 92099999 803
nn1 92100000 92199999 774
nn1 92200000 92299999 746
nn1 92300000 92399999 783
nn1 92400000 92499999 1045
nn1 92500000 92599999 1618
nn1 92600000 92699999 908
nn1 92700000 92799999 837
nn1 92800000 92899999 1583
nn1 92900000 92999999 614
nn1 93000000 93099999 774
nn1 93100000 93199999 497
nn1 93200000 93299999 695
nn1 93300000 93399999 698
nn1 93400000 93499999 452
nn1 93500000 93599999 830
nn1 93600000 93699999 727
nn1 93700000 93799999 1137
nn1 93800000 93899999 833
nn1 93900000 93999999 1422
nn1 94000000 94099999 1159
nn1 94100000 94199999 1298
nn1 94200000 94299999 1135
nn1 94300000 94399999 1508
nn1 94400000 94499999 2150
nn1 94500000 94599999 1521
nn1 94600000 94699999 1402
nn1 94700000 94799999 1215
nn1 94800000 94899999 656
nn1 94900000 94999999 469
nn1 95000000 95099999 993
nn1 95100000 95199999 892
nn1 95200000 95299999 654
nn1 95300000 95399999 1338
nn1 95400000 95499999 914
nn1 95500000 95599999 959
nn1 95600000 95699999 1898
nn1 95700000 95799999 1327
nn1 95800000 95899999 1207
nn1 95900000 95999999 2535
nn1 96000000 96099999 2073
nn1 96100000 96199999 1537
nn1 96200000 96299999 1656
nn1 96300000 96399999 765
nn1 96400000 96499999 961
nn1 96500000 96599999 741
nn1 96600000 96699999 631
nn1 96700000 96799999 1064
nn1 96800000 96899999 589
nn1 96900000 96999999 1253
nn1 97000000 97099999 799
nn1 97100000 97199999 858
nn1 97200000 97299999 832
nn1 97300000 97399999 1133
nn1 97400000 97499999 1038
nn1 97500000 97599999 594
nn1 97600000 97699999 896
nn1 97700000 97799999 741
nn1 97800000 97899999 993
nn1 97900000 97999999 1445
nn1 98000000 98099999 929
nn1 98100000 98199999 674
nn1 98200000 98299999 944
nn1 98300000 98399999 878
nn1 98400000 98499999 1038
nn1 98500000 98599999 1275
nn1 98600000 98699999 1310
nn1 98700000 98799999 922
nn1 98800000 98899999 1223
nn1 98900000 98999999 1064
nn1 99000000 99099999 1036
nn1 99100000 99199999 1088
nn1 99200000 99299999 1122
nn1 99300000 99399999 902
nn1 99400000 99499999 1397
nn1 99500000 99599999 1182
nn1 99600000 99699999 1120
nn1 99700000 99799999 799
nn1 99800000 99899999 1026
nn1 99900000 99999999 1045
nn1 100000000 100099999 1460
nn1 100100000 100199999 890
nn1 100200000 100299999 1464
nn1 100300000 100399999 1274
nn1 100400000 100499999 2148
nn1 100500000 100599999 1144
nn1 100600000 100699999 1040
nn1 100700000 100799999 802
nn1 100800000 100899999 863
nn1 100900000 100999999 1117
nn1 101000000 101099999 1023
nn1 101100000 101199999 1196
nn1 101200000 101299999 1115
nn1 101300000 101399999 1150
nn1 101400000 101499999 1625
nn1 101500000 101599999 1251
nn1 101600000 101699999 1902
nn1 101700000 101799999 1855
nn1 101800000 101899999 1133
nn1 101900000 101999999 1613
nn1 102000000 102099999 852
nn1 102100000 102199999 1037
nn1 102200000 102299999 1027
nn1 102300000 102399999 1307
nn1 102400000 102499999 803
nn1 102500000 102599999 979
nn1 102600000 102699999 1283
nn1 102700000 102799999 947
nn1 102800000 102899999 904
nn1 102900000 102999999 776
nn1 103000000 103099999 694
nn1 103100000 103199999 786
nn1 103200000 103299999 981
nn1 103300000 103399999 465
nn1 103400000 103499999 828
nn1 103500000 103599999 934
nn1 103600000 103699999 729
nn1 103700000 103799999 738
nn1 103800000 103899999 662
nn1 103900000 103999999 712
nn1 104000000 104099999 522
nn1 104100000 104199999 550
nn1 104200000 104299999 863
nn1 104300000 104399999 796
nn1 104400000 104499999 608
nn1 104500000 104599999 507
nn1 104600000 104699999 678
nn1 104700000 104799999 1068
nn1 104800000 104899999 951
nn1 104900000 104999999 1158
nn1 105000000 105099999 752
nn1 105100000 105199999 944
nn1 105200000 105299999 1606
nn1 105300000 105399999 1072
nn1 105400000 105499999 990
nn1 105500000 105599999 779
nn1 105600000 105699999 856
nn1 105700000 105799999 1220
nn1 105800000 105899999 1103
nn1 105900000 105999999 897
nn1 106000000 106099999 1067
nn1 106100000 106199999 900
nn1 106200000 106299999 587
nn1 106300000 106399999 849
nn1 106400000 106499999 744
nn1 106500000 106599999 734
nn1 106600000 106699999 688
nn1 106700000 106799999 789
nn1 106800000 106899999 879
nn1 106900000 106999999 1045
nn1 107000000 107099999 618
nn1 107100000 107199999 886
nn1 107200000 107299999 411
nn1 107300000 107399999 711
nn1 107400000 107499999 524
nn1 107500000 107599999 430
nn1 107600000 107699999 697
nn1 107700000 107799999 518
nn1 107800000 107899999 692
nn1 107900000 107999999 968
nn1 108000000 108099999 622
nn1 108100000 108199999 780
nn1 108200000 108299999 786
nn1 108300000 108399999 407
nn1 108400000 108499999 358
nn1 108500000 108599999 748
nn1 108600000 108699999 1052
nn1 108700000 108799999 733
nn1 108800000 108899999 939
nn1 108900000 108999999 1175
nn1 109000000 109099999 793
nn1 109100000 109199999 601
nn1 109200000 109299999 708
nn1 109300000 109399999 1082
nn1 109400000 109499999 469
nn1 109500000 109599999 886
nn1 109600000 109699999 628
nn1 109700000 109799999 831
nn1 109800000 109899999 860
nn1 109900000 109999999 740
nn1 110000000 110099999 805
nn1 110100000 110199999 702
nn1 110200000 110299999 672
nn1 110300000 110399999 697
nn1 110400000 110499999 538
nn1 110500000 110599999 637
nn1 110600000 110699999 722
nn1 110700000 110799999 741
nn1 110800000 110899999 725
nn1 110900000 110999999 704
nn1 111000000 111099999 852
nn1 111100000 111199999 476
nn1 111200000 111299999 789
nn1 111300000 111399999 893
nn1 111400000 111499999 449
nn1 111500000 111599999 720
nn1 111600000 111699999 665
nn1 111700000 111799999 750
nn1 111800000 111899999 542
nn1 111900000 111999999 583
nn1 112000000 112099999 738
nn1 112100000 112199999 725
nn1 112200000 112299999 714
nn1 112300000 112399999 637
nn1 112400000 112499999 580
nn1 112500000 112599999 633
nn1 112600000 112699999 3504
nn1 112700000 112799999 469
nn1 112800000 112899999 835
nn1 112900000 112999999 874
nn1 113000000 113099999 708
nn1 113100000 113199999 707
nn1 113200000 113299999 739
nn1 113300000 113399999 658
nn1 113400000 113499999 1422
nn1 113500000 113599999 887
nn1 113600000 113699999 631
nn1 113700000 113799999 347
nn1 113800000 113899999 595
nn1 113900000 113999999 670
nn1 114000000 114099999 638
nn1 114100000 114199999 540
nn1 114200000 114299999 709
nn1 114300000 114399999 1267
nn1 114400000 114499999 499
nn1 114500000 114599999 566
nn1 114600000 114699999 963
nn1 114700000 114799999 482
nn1 114800000 114899999 725
nn1 114900000 114999999 548
nn1 115000000 115099999 649
nn1 115100000 115199999 300
nn1 115200000 115299999 540
nn1 115300000 115399999 692
nn1 115400000 115499999 618
nn1 115500000 115599999 658
nn1 115600000 115699999 635
nn1 115700000 115799999 397
nn1 115800000 115899999 569
nn1 115900000 115999999 788
nn1 116000000 116099999 524
nn1 116100000 116199999 685
nn1 116200000 116299999 335
nn1 116300000 116399999 422
nn1 116400000 116499999 690
nn1 116500000 116599999 603
nn1 116600000 116699999 586
nn1 116700000 116799999 658
nn1 116800000 116899999 1659
nn1 116900000 116999999 1020
nn1 117000000 117099999 1434
nn1 117100000 117199999 803
nn1 117200000 117299999 5793
nn1 117300000 117399999 7105
nn1 117400000 117499999 507
nn1 117500000 117599999 1056
nn1 117600000 117699999 4105
nn1 117700000 117799999 799
nn1 117800000 117899999 1500
nn1 117900000 117999999 5869
nn1 118000000 118099999 466
nn1 118100000 118199999 551
nn1 118200000 118299999 857
nn1 118300000 118399999 447
nn1 118400000 118499999 525
nn1 118500000 118599999 705
nn1 118600000 118699999 597
nn1 118700000 118799999 1364
nn1 118800000 118899999 909
nn1 118900000 118999999 651
nn1 119000000 119099999 709
nn1 119100000 119199999 519
nn1 119200000 119299999 687
nn1 119300000 119399999 32579
nn1 119400000 119499999 19938
nn1 119500000 119599999 1467
nn1 119600000 119699999 768
nn1 119700000 119799999 877
nn1 119800000 119899999 1208
nn1 119900000 119999999 762
nn1 120000000 120099999 627
nn1 120100000 120199999 859
nn1 120200000 120299999 666
nn1 120300000 120399999 825
nn1 120400000 120499999 585
nn1 120500000 120599999 1075
nn1 120600000 120699999 1069
nn1 120700000 120799999 988
nn1 120800000 120899999 0
nn1 120900000 120999999 0
nn1 121000000 121099999 174
nn1 121100000 121199999 0
nn1 121200000 121299999 114
nn1 121300000 121399999 892
nn1 121400000 121499999 596
nn1 121500000 121599999 764
nn1 121600000 121699999 853
nn1 121700000 121799999 1081
nn1 121800000 121899999 780
nn1 121900000 121999999 971
nn1 122000000 122099999 786
nn1 122100000 122199999 902
nn1 122200000 122299999 734
nn1 122300000 122399999 1866
nn1 122400000 122499999 687
nn1 122500000 122599999 1050
nn1 122600000 122699999 603
nn1 122700000 122799999 476
nn1 122800000 122899999 643
nn1 122900000 122999999 732
nn1 123000000 123099999 1222
nn1 123100000 123199999 775
nn1 123200000 123299999 825
nn1 123300000 123399999 775
nn1 123400000 123499999 998
nn1 123500000 123599999 1070
nn1 123600000 123699999 10403
nn1 123700000 123799999 1017
nn1 123800000 123899999 666
nn1 123900000 123999999 1159
nn1 124000000 124099999 1162
nn1 124100000 124199999 1278
nn1 124200000 124299999 1107
nn1 124300000 124399999 787
nn1 124400000 124499999 814
nn1 124500000 124599999 1276
nn1 124600000 124699999 439
nn1 124700000 124799999 641
nn1 124800000 124899999 617
nn1 124900000 124999999 422
nn1 125000000 125099999 709
nn1 125100000 125199999 928
nn1 125200000 125299999 571
nn1 125300000 125399999 1558
nn1 125400000 125499999 1260
nn1 125500000 125599999 726
nn1 125600000 125699999 732
nn1 125700000 125799999 732
nn1 125800000 125899999 549
nn1 125900000 125999999 1309
nn1 126000000 126099999 911
nn1 126100000 126199999 2103
nn1 126200000 126299999 674
nn1 126300000 126399999 659
nn1 126400000 126499999 742
nn1 126500000 126599999 431
nn1 126600000 126699999 1098
nn1 126700000 126799999 941
nn1 126800000 126899999 618
nn1 126900000 126999999 794
nn1 127000000 127099999 2138
nn1 127100000 127199999 411
nn1 127200000 127299999 430
nn1 127300000 127399999 633
nn1 127400000 127499999 554
nn1 127500000 127599999 549
nn1 127600000 127699999 461
nn1 127700000 127799999 596
nn1 127800000 127899999 692
nn1 127900000 127999999 1349
nn1 128000000 128099999 354
nn1 128100000 128199999 565
nn1 128200000 128299999 495
nn1 128300000 128399999 769
nn1 128400000 128499999 381
nn1 128500000 128599999 626
nn1 128600000 128699999 390
nn1 128700000 128799999 692
nn1 128800000 128899999 798
nn1 128900000 128999999 694
nn1 129000000 129099999 769
nn1 129100000 129199999 749
nn1 129200000 129299999 1716
nn1 129300000 129399999 1335
nn1 129400000 129499999 693
nn1 129500000 129599999 766
nn1 129600000 129699999 493
nn1 129700000 129799999 1483
nn1 129800000 129899999 626
nn1 129900000 129999999 11728
nn1 130000000 130099999 1244
nn1 130100000 130199999 1998
nn1 130200000 130299999 643
nn1 130300000 130399999 1197
nn1 130400000 130499999 1218
nn1 130500000 130599999 546
nn1 130600000 130699999 577
nn1 130700000 130799999 359
nn1 130800000 130899999 1293
nn1 130900000 130999999 569
nn1 131000000 131099999 770
nn1 131100000 131199999 1002
nn1 131200000 131299999 884
nn1 131300000 131399999 550
nn1 131400000 131499999 1288
nn1 131500000 131599999 909
nn1 131600000 131699999 981
nn1 131700000 131799999 884
nn1 131800000 131899999 818
nn1 131900000 131999999 563
nn1 132000000 132099999 838
nn1 132100000 132199999 1114
nn1 132200000 132299999 1024
nn1 132300000 132399999 785
nn1 132400000 132499999 634
nn1 132500000 132599999 1416
nn1 132600000 132699999 1146
nn1 132700000 132799999 1375
nn1 132800000 132899999 989
nn1 132900000 132999999 575
nn1 133000000 133099999 1072
nn1 133100000 133199999 675
nn1 133200000 133299999 595
nn1 133300000 133399999 777
nn1 133400000 133499999 640
nn1 133500000 133599999 775
nn1 133600000 133699999 416
nn1 133700000 133799999 948
nn1 133800000 133899999 1468
nn1 133900000 133999999 867
nn1 134000000 134099999 1022
nn1 134100000 134199999 303
nn1 134200000 134299999 642
nn1 134300000 134399999 497
nn1 134400000 134499999 1066
nn1 134500000 134599999 315
nn1 134600000 134699999 676
nn1 134700000 134799999 424
nn1 134800000 134899999 687
nn1 134900000 134999999 558
nn1 135000000 135099999 477
nn1 135100000 135199999 536
nn1 135200000 135299999 637
nn1 135300000 135399999 466
nn1 135400000 135499999 772
nn1 135500000 135599999 551
nn1 135600000 135699999 674
nn1 135700000 135799999 783
nn1 135800000 135899999 548
nn1 135900000 135999999 1123
nn1 136000000 136099999 720
nn1 136100000 136199999 359
nn1 136200000 136299999 811
nn1 136300000 136399999 704
nn1 136400000 136499999 355
nn1 136500000 136599999 559
nn1 136600000 136699999 464
nn1 136700000 136799999 547
nn1 136800000 136899999 581
nn1 136900000 136999999 616
nn1 137000000 137099999 496
nn1 137100000 137199999 766
nn1 137200000 137299999 586
nn1 137300000 137399999 675
nn1 137400000 137499999 667
nn1 137500000 137599999 735
nn1 137600000 137699999 879
nn1 137700000 137799999 1430
nn1 137800000 137899999 1840
nn1 137900000 137999999 883
nn1 138000000 138099999 1529
nn1 138100000 138199999 1715
nn1 138200000 138299999 1864
nn1 138300000 138399999 1576
nn1 138400000 138499999 1318
nn1 138500000 138599999 2156
nn1 138600000 138699999 1021
nn1 138700000 138799999 1113
nn1 138800000 138899999 1101
nn1 138900000 138999999 463
nn1 139000000 139099999 613
nn1 139100000 139199999 1319
nn1 139200000 139299999 409
nn1 139300000 139399999 526
nn1 139400000 139499999 509
nn1 139500000 139599999 473
nn1 139600000 139699999 779
nn1 139700000 139799999 690
nn1 139800000 139899999 521
nn1 139900000 139999999 637
nn1 140000000 140099999 770
nn1 140100000 140199999 808
nn1 140200000 140299999 881
nn1 140300000 140399999 795
nn1 140400000 140499999 922
nn1 140500000 140599999 561
nn1 140600000 140699999 723
nn1 140700000 140799999 992
nn1 140800000 140899999 738
nn1 140900000 140999999 814
nn1 141000000 141099999 629
nn1 141100000 141199999 1490
nn1 141200000 141299999 1258
nn1 141300000 141399999 1070
nn1 141400000 141499999 732
nn1 141500000 141599999 815
nn1 141600000 141699999 411
nn1 141700000 141799999 661
nn1 141800000 141899999 537
nn1 141900000 141999999 402
nn1 142000000 142099999 358
nn1 142100000 142199999 415
nn1 142200000 142299999 735
nn1 142300000 142399999 609
nn1 142400000 142499999 808
nn1 142500000 142599999 865
nn1 142600000 142699999 562
nn1 142700000 142799999 674
nn1 142800000 142899999 686
nn1 142900000 142999999 412
nn1 143000000 143099999 404
nn1 143100000 143199999 606
nn1 143200000 143299999 648
nn1 143300000 143399999 544
nn1 143400000 143499999 990
nn1 143500000 143599999 468
nn1 143600000 143699999 486
nn1 143700000 143799999 545
nn1 143800000 143899999 1499
nn1 143900000 143999999 1132
nn1 144000000 144099999 448
nn1 144100000 144199999 1902
nn1 144200000 144299999 398
nn1 144300000 144399999 1339
nn1 144400000 144499999 756
nn1 144500000 144599999 627
nn1 144600000 144699999 605
nn1 144700000 144799999 660
nn1 144800000 144899999 1137
nn1 144900000 144999999 606
nn1 145000000 145099999 660
nn1 145100000 145199999 835
nn1 145200000 145299999 448
nn1 145300000 145399999 530
nn1 145400000 145499999 886
nn1 145500000 145599999 605
nn1 145600000 145699999 706
nn1 145700000 145799999 671
nn1 145800000 145899999 815
nn1 145900000 145999999 655
nn1 146000000 146099999 753
nn1 146100000 146199999 588
nn1 146200000 146299999 667
nn1 146300000 146399999 756
nn1 146400000 146499999 362
nn1 146500000 146599999 587
nn1 146600000 146699999 919
nn1 146700000 146799999 758
nn1 146800000 146899999 586
nn1 146900000 146999999 935
nn1 147000000 147099999 829
nn1 147100000 147199999 424
nn1 147200000 147299999 576
nn1 147300000 147399999 436
nn1 147400000 147499999 689
nn1 147500000 147599999 681
nn1 147600000 147699999 605
nn1 147700000 147799999 1178
nn1 147800000 147899999 580
nn1 147900000 147999999 902
nn1 148000000 148099999 1014
nn1 148100000 148199999 664
nn1 148200000 148299999 1099
nn1 148300000 148399999 792
nn1 148400000 148499999 905
nn1 148500000 148599999 763
nn1 148600000 148699999 631
nn1 148700000 148799999 829
nn1 148800000 148899999 421
nn1 148900000 148999999 597
nn1 149000000 149099999 725
nn1 149100000 149199999 674
nn1 149200000 149299999 902
nn1 149300000 149399999 685
nn1 149400000 149499999 654
nn1 149500000 149599999 661
nn1 149600000 149699999 636
nn1 149700000 149799999 737
nn1 149800000 149899999 803
nn1 149900000 149999999 1462
nn1 150000000 150099999 1287
nn1 150100000 150199999 825
nn1 150200000 150299999 630
nn1 150300000 150399999 648
nn1 150400000 150499999 677
nn1 150500000 150599999 646
nn1 150600000 150699999 520
nn1 150700000 150799999 771
nn1 150800000 150899999 562
nn1 150900000 150999999 578
nn1 151000000 151099999 1056
nn1 151100000 151199999 838
nn1 151200000 151299999 361
nn1 151300000 151399999 1271
nn1 151400000 151499999 761
nn1 151500000 151599999 533
nn1 151600000 151699999 691
nn1 151700000 151799999 433
nn1 151800000 151899999 797
nn1 151900000 151999999 839
nn1 152000000 152099999 599
nn1 152100000 152199999 1150
nn1 152200000 152299999 1390
nn1 152300000 152399999 1215
nn1 152400000 152499999 1904
nn1 152500000 152599999 1781
nn1 152600000 152699999 1004
nn1 152700000 152799999 621
nn1 152800000 152899999 698
nn1 152900000 152999999 650
nn1 153000000 153099999 1188
nn1 153100000 153199999 1144
nn1 153200000 153299999 1648
nn1 153300000 153399999 783
nn1 153400000 153499999 919
nn1 153500000 153599999 1289
nn1 153600000 153699999 964
nn1 153700000 153799999 1153
nn1 153800000 153899999 1038
nn1 153900000 153999999 1155
nn1 154000000 154099999 1488
nn1 154100000 154199999 3273
nn1 154200000 154299999 1763
nn1 154300000 154399999 1295
nn1 154400000 154499999 1557
nn1 154500000 154599999 1501
nn1 154600000 154699999 982
nn1 154700000 154799999 1579
nn1 154800000 154899999 2168
nn1 154900000 154999999 1851
nn1 155000000 155099999 1498
nn1 155100000 155199999 1193
nn1 155200000 155299999 1412
nn1 155300000 155399999 1095
nn1 155400000 155499999 1285
nn1 155500000 155599999 1008
nn1 155600000 155699999 923
nn1 155700000 155799999 1256
nn1 155800000 155899999 845
nn1 155900000 155999999 1143
nn1 156000000 156099999 770
nn1 156100000 156199999 1011
nn1 156200000 156299999 594
nn1 156300000 156399999 819
nn1 156400000 156499999 748
nn1 156500000 156599999 1120
nn1 156600000 156699999 593
nn1 156700000 156799999 707
nn1 156800000 156899999 595
nn1 156900000 156999999 956
nn1 157000000 157099999 663
nn1 157100000 157199999 740
nn1 157200000 157299999 597
nn1 157300000 157399999 1484
nn1 157400000 157499999 1163
nn1 157500000 157599999 769
nn1 157600000 157699999 1213
nn1 157700000 157799999 1071
nn1 157800000 157899999 691
nn1 157900000 157999999 533
nn1 158000000 158099999 489
nn1 158100000 158199999 309
nn1 158200000 158299999 758
nn1 158300000 158399999 635
nn1 158400000 158499999 792
nn1 158500000 158599999 1575
nn1 158600000 158699999 611
nn1 158700000 158799999 668
nn1 158800000 158899999 1147
nn1 158900000 158999999 962
nn1 159000000 159099999 875
nn1 159100000 159199999 1400
nn1 159200000 159299999 1017
nn1 159300000 159399999 1504
nn1 159400000 159499999 1028
nn1 159500000 159599999 795
nn1 159600000 159699999 673
nn1 159700000 159799999 583
nn1 159800000 159899999 407
nn1 159900000 159999999 716
nn1 160000000 160099999 591
nn1 160100000 160199999 1135
nn1 160200000 160299999 1137
nn1 160300000 160399999 586
nn1 160400000 160499999 721
nn1 160500000 160599999 670
nn1 160600000 160699999 1246
nn1 160700000 160799999 407
nn1 160800000 160899999 748
nn1 160900000 160999999 881
nn1 161000000 161099999 663
nn1 161100000 161199999 565
nn1 161200000 161299999 724
nn1 161300000 161399999 793
nn1 161400000 161499999 697
nn1 161500000 161599999 919
nn1 161600000 161699999 926
nn1 161700000 161799999 582
nn1 161800000 161899999 798
nn1 161900000 161999999 941
nn1 162000000 162099999 526
nn1 162100000 162199999 855
nn1 162200000 162299999 691
nn1 162300000 162399999 875
nn1 162400000 162499999 1209
nn1 162500000 162599999 603
nn1 162600000 162699999 669
nn1 162700000 162799999 355
nn1 162800000 162899999 448
nn1 162900000 162999999 625
nn1 163000000 163099999 1534
nn1 163100000 163199999 742
nn1 163200000 163299999 1302
nn1 163300000 163399999 568
nn1 163400000 163499999 664
nn1 163500000 163599999 867
nn1 163600000 163699999 699
nn1 163700000 163799999 859
nn1 163800000 163899999 1539
nn1 163900000 163999999 1482
nn1 164000000 164099999 2275
nn1 164100000 164199999 2549
nn1 164200000 164299999 1707
nn1 164300000 164399999 1311
nn1 164400000 164499999 2269
nn1 164500000 164599999 997
nn1 164600000 164699999 1924
nn1 164700000 164799999 1029
nn1 164800000 164899999 919
nn1 164900000 164999999 837
nn1 165000000 165099999 1255
nn1 165100000 165199999 2271
nn1 165200000 165299999 728
nn1 165300000 165399999 684
nn1 165400000 165499999 460
nn1 165500000 165599999 725
nn1 165600000 165699999 634
nn1 165700000 165799999 1185
nn1 165800000 165899999 2018
nn1 165900000 165999999 978
nn1 166000000 166099999 615
nn1 166100000 166199999 575
nn1 166200000 166299999 455
nn1 166300000 166399999 621
nn1 166400000 166499999 657
nn1 166500000 166599999 649
nn1 166600000 166699999 830
nn1 166700000 166799999 617
nn1 166800000 166899999 905
nn1 166900000 166999999 870
nn1 167000000 167099999 522
nn1 167100000 167199999 691
nn1 167200000 167299999 843
nn1 167300000 167399999 696
nn1 167400000 167499999 1177
nn1 167500000 167599999 624
nn1 167600000 167699999 629
nn1 167700000 167799999 578
nn1 167800000 167899999 755
nn1 167900000 167999999 561
nn1 168000000 168099999 1244
nn1 168100000 168199999 566
nn1 168200000 168299999 997
nn1 168300000 168399999 951
nn1 168400000 168499999 941
nn1 168500000 168599999 1135
nn1 168600000 168699999 987
nn1 168700000 168799999 1173
nn1 168800000 168899999 924
nn1 168900000 168999999 1182
nn1 169000000 169099999 1444
nn1 169100000 169199999 712
nn1 169200000 169299999 638
nn1 169300000 169399999 750
nn1 169400000 169499999 796
nn1 169500000 169599999 565
nn1 169600000 169699999 742
nn1 169700000 169799999 1217
nn1 169800000 169899999 821
nn1 169900000 169999999 697
nn1 170000000 170099999 654
nn1 170100000 170199999 1103
nn1 170200000 170299999 1121
nn1 170300000 170399999 733
nn1 170400000 170499999 1012
nn1 170500000 170599999 633
nn1 170600000 170699999 806
nn1 170700000 170799999 1121
nn1 170800000 170899999 1491
nn1 170900000 170999999 2213
nn1 171000000 171099999 948
nn1 171100000 171199999 661
nn1 171200000 171299999 962
nn1 171300000 171399999 616
nn1 171400000 171499999 407
nn1 171500000 171599999 810
nn1 171600000 171699999 590
nn1 171700000 171799999 921
nn1 171800000 171899999 814
nn1 171900000 171999999 1278
nn1 172000000 172099999 789
nn1 172100000 172199999 715
nn1 172200000 172299999 1103
nn1 172300000 172399999 1374
nn1 172400000 172499999 953
nn1 172500000 172599999 1383
nn1 172600000 172699999 1364
nn1 172700000 172799999 1006
nn1 172800000 172899999 992
nn1 172900000 172999999 1069
nn1 173000000 173099999 794
nn1 173100000 173199999 602
nn1 173200000 173299999 1018
nn1 173300000 173399999 1165
nn1 173400000 173499999 813
nn1 173500000 173599999 877
nn1 173600000 173699999 908
nn1 173700000 173799999 869
nn1 173800000 173899999 535
nn1 173900000 173999999 480
nn1 174000000 174099999 993
nn1 174100000 174199999 719
nn1 174200000 174299999 953
nn1 174300000 174399999 900
nn1 174400000 174499999 421
nn1 174500000 174599999 1445
nn1 174600000 174699999 908
nn1 174700000 174799999 649
nn1 174800000 174899999 2498
nn1 174900000 174999999 1035
nn1 175000000 175099999 1435
nn1 175100000 175199999 1511
nn1 175200000 175299999 1279
nn1 175300000 175399999 732
nn1 175400000 175499999 988
nn1 175500000 175599999 638
nn1 175600000 175699999 1052
nn1 175700000 175799999 361
nn1 175800000 175899999 1243
nn1 175900000 175999999 537
nn1 176000000 176099999 538
nn1 176100000 176199999 483
nn1 176200000 176299999 680
nn1 176300000 176399999 1313
nn1 176400000 176499999 1033
nn1 176500000 176599999 783
nn1 176600000 176699999 1741
nn1 176700000 176799999 1950
nn1 176800000 176899999 1056
nn1 176900000 176999999 1550
nn1 177000000 177099999 1527
nn1 177100000 177199999 1504
nn1 177200000 177299999 953
nn1 177300000 177399999 705
nn1 177400000 177499999 2234
nn1 177500000 177599999 786
nn1 177600000 177699999 636
nn1 177700000 177799999 879
nn1 177800000 177899999 1207
nn1 177900000 177999999 1769
nn1 178000000 178099999 2196
nn1 178100000 178199999 1584
nn1 178200000 178299999 1545
nn1 178300000 178399999 2655
nn1 178400000 178499999 1257
nn1 178500000 178599999 1628
nn1 178600000 178699999 1753
nn1 178700000 178799999 1441
nn1 178800000 178899999 1180
nn1 178900000 178999999 1529
nn1 179000000 179099999 2198
nn1 179100000 179199999 1737
nn1 179200000 179299999 1480
nn1 179300000 179399999 844
nn1 179400000 179499999 1451
nn1 179500000 179599999 2066
nn1 179600000 179699999 1099
nn1 179700000 179799999 1593
nn1 179800000 179899999 980
nn1 179900000 179999999 1145
nn1 180000000 180099999 338
nn1 180100000 180199999 504
nn1 180200000 180299999 589
nn1 180300000 180399999 856
nn1 180400000 180499999 493
nn1 180500000 180599999 704
nn1 180600000 180699999 677
nn1 180700000 180799999 881
nn1 180800000 180899999 721
nn1 180900000 180999999 466
nn1 181000000 181099999 677
nn1 181100000 181199999 759
nn1 181200000 181299999 951
nn1 181300000 181399999 492
nn1 181400000 181499999 715
nn1 181500000 181599999 596
nn1 181600000 181699999 758
nn1 181700000 181799999 963
nn1 181800000 181899999 525
nn1 181900000 181999999 822
nn1 182000000 182099999 611
nn1 182100000 182199999 822
nn1 182200000 182299999 580
nn1 182300000 182399999 808
nn1 182400000 182499999 695
nn1 182500000 182599999 473
nn1 182600000 182699999 920
nn1 182700000 182799999 493
nn1 182800000 182899999 643
nn1 182900000 182999999 609
nn1 183000000 183099999 750
nn1 183100000 183199999 619
nn1 183200000 183299999 586
nn1 183300000 183399999 638
nn1 183400000 183499999 506
nn1 183500000 183599999 1085
nn1 183600000 183699999 862
nn1 183700000 183799999 641
nn1 183800000 183899999 642
nn1 183900000 183999999 1037
nn1 184000000 184099999 694
nn1 184100000 184199999 835
nn1 184200000 184299999 547
nn1 184300000 184399999 1162
nn1 184400000 184499999 1079
nn1 184500000 184599999 820
nn1 184600000 184699999 738
nn1 184700000 184799999 1511
nn1 184800000 184899999 1202
nn1 184900000 184999999 1098
nn1 185000000 185099999 631
nn1 185100000 185199999 1249
nn1 185200000 185299999 986
nn1 185300000 185399999 1133
nn1 185400000 185499999 1925
nn1 185500000 185599999 1728
nn1 185600000 185699999 1261
nn1 185700000 185799999 2481
nn1 185800000 185899999 1429
nn1 185900000 185999999 1417
nn1 186000000 186099999 972
nn1 186100000 186199999 941
nn1 186200000 186299999 1142
nn1 186300000 186399999 917
nn1 186400000 186499999 1265
nn1 186500000 186599999 917
nn1 186600000 186699999 907
nn1 186700000 186799999 3489
nn1 186800000 186899999 1626
nn1 186900000 186999999 2304
nn1 187000000 187099999 1294
nn1 187100000 187199999 2130
nn1 187200000 187299999 1414
nn1 187300000 187399999 1593
nn1 187400000 187499999 2020
nn1 187500000 187599999 1883
nn1 187600000 187699999 1562
nn1 187700000 187799999 1420
nn1 187800000 187899999 207
nn1 187900000 187999999 372
nn1 188000000 188099999 2792
nn1 188100000 188199999 1402
nn1 188200000 188299999 851
nn1 188300000 188399999 1246
nn1 188400000 188499999 881
nn1 188500000 188599999 1319
nn1 188600000 188699999 1065
nn1 188700000 188799999 622
nn1 188800000 188899999 416
nn1 188900000 188999999 669
nn1 189000000 189099999 591
nn1 189100000 189199999 1866
nn1 189200000 189299999 322
nn1 189300000 189399999 619
nn1 189400000 189499999 629
nn1 189500000 189599999 514
nn1 189600000 189699999 1103
nn1 189700000 189799999 813
nn1 189800000 189899999 446
nn1 189900000 189999999 677
nn1 190000000 190099999 928
nn1 190100000 190199999 831
nn1 190200000 190299999 697
nn1 190300000 190399999 260
nn1 190400000 190499999 709
nn1 190500000 190599999 1009
nn1 190600000 190699999 1209
nn1 190700000 190799999 1854
nn1 190800000 190899999 1073
nn1 190900000 190999999 1378
nn1 191000000 191099999 1023
nn1 191100000 191199999 2070
nn1 191200000 191299999 1213
nn1 191300000 191399999 2355
nn1 191400000 191499999 1279
nn1 191500000 191599999 1394
nn1 191600000 191699999 801
nn1 191700000 191799999 2198
nn1 191800000 191899999 437
nn1 191900000 191999999 587
nn1 192000000 192099999 704
nn1 192100000 192199999 655
nn1 192200000 192299999 1727
nn1 192300000 192399999 803
nn1 192400000 192499999 1662
nn1 192500000 192599999 741
nn1 192600000 192699999 1208
nn1 192700000 192799999 709
nn1 192800000 192899999 575
nn1 192900000 192999999 1161
nn1 193000000 193099999 923
nn1 193100000 193199999 950
nn1 193200000 193299999 1332
nn1 193300000 193399999 1512
nn1 193400000 193499999 429
nn1 193500000 193599999 1264
nn1 193600000 193699999 1010
nn1 193700000 193799999 710
nn1 193800000 193899999 663
nn1 193900000 193999999 847
nn1 194000000 194099999 497
nn1 194100000 194199999 478
nn1 194200000 194299999 0
nn1 194300000 194399999 0
nn1 194400000 194499999 280
nn1 194500000 194599999 339
nn1 194600000 194699999 547
nn1 194700000 194799999 952
nn1 194800000 194899999 1121
nn1 194900000 194999999 1032
nn1 195000000 195099999 1005
nn1 195100000 195199999 1094
nn1 195200000 195299999 1266
nn1 195300000 195399999 1964
nn1 195400000 195499999 2168
nn1 195500000 195599999 4441
nn1 195600000 195699999 2729
nn1 195700000 195799999 3961
nn1 195800000 195899999 16513
nn1 195900000 195999999 31763
nn1 196000000 196099999 40484
nn1 196100000 196199999 30297
nn1 196200000 196299999 27997
nn1 196300000 196399999 37454
nn1 196400000 196499999 42617
nn1 196500000 196599999 35460
nn1 196600000 196699999 46709
nn1 196700000 196799999 20365
nn1 196800000 196899999 4200
nn1 196900000 196999999 5217
nn1 197000000 197099999 4429
nn1 197100000 197199999 1473
nn1 197200000 197299999 1582
nn1 197300000 197399999 16344
nn1 197400000 197499999 883
nn1 197500000 197518696 560
nn2 0 99999 9054
nn2 100000 199999 578
nn2 200000 299999 983
nn2 300000 399999 1486
nn2 400000 499999 1438
nn2 500000 599999 1361
nn2 600000 699999 1143
nn2 700000 799999 1260
nn2 800000 899999 3577
nn2 900000 999999 1165
nn2 1000000 1099999 423
nn2 1100000 1199999 689
nn2 1200000 1299999 718
nn2 1300000 1399999 1159
nn2 1400000 1499999 921
nn2 1500000 1599999 969
nn2 1600000 1699999 878
nn2 1700000 1799999 1242
nn2 1800000 1899999 1568
nn2 1900000 1999999 1952
nn2 2000000 2099999 1257
nn2 2100000 2199999 1051
nn2 2200000 2299999 993
nn2 2300000 2399999 1061
nn2 2400000 2499999 700
nn2 2500000 2599999 623
nn2 2600000 2699999 729
nn2 2700000 2799999 540
nn2 2800000 2899999 1061
nn2 2900000 2999999 531
nn2 3000000 3099999 1927
nn2 3100000 3199999 1646
nn2 3200000 3299999 421
nn2 3300000 3399999 586
nn2 3400000 3499999 851
nn2 3500000 3599999 1342
nn2 3600000 3699999 706
nn2 3700000 3799999 875
nn2 3800000 3899999 1380
nn2 3900000 3999999 612
nn2 4000000 4099999 1310
nn2 4100000 4199999 570
nn2 4200000 4299999 1124
nn2 4300000 4399999 998
nn2 4400000 4499999 630
nn2 4500000 4599999 550
nn2 4600000 4699999 622
nn2 4700000 4799999 417
nn2 4800000 4899999 1166
nn2 4900000 4999999 1668
nn2 5000000 5099999 3481
nn2 5100000 5199999 1097
nn2 5200000 5299999 1300
nn2 5300000 5399999 1118
nn2 5400000 5499999 893
nn2 5500000 5599999 1707
nn2 5600000 5699999 889
nn2 5700000 5799999 829
nn2 5800000 5899999 578
nn2 5900000 5999999 764
nn2 6000000 6099999 1198
nn2 6100000 6199999 1010
nn2 6200000 6299999 1269
nn2 6300000 6399999 2248
nn2 6400000 6499999 631
nn2 6500000 6599999 1812
nn2 6600000 6699999 694
nn2 6700000 6799999 1159
nn2 6800000 6899999 316
nn2 6900000 6999999 712
nn2 7000000 7099999 625
nn2 7100000 7199999 791
nn2 7200000 7299999 427
nn2 7300000 7399999 585
nn2 7400000 7499999 410
nn2 7500000 7599999 1191
nn2 7600000 7699999 732
nn2 7700000 7799999 834
nn2 7800000 7899999 478
nn2 7900000 7999999 623
nn2 8000000 8099999 511
nn2 8100000 8199999 542
nn2 8200000 8299999 486
nn2 8300000 8399999 558
nn2 8400000 8499999 396
nn2 8500000 8599999 710
nn2 8600000 8699999 709
nn2 8700000 8799999 547
nn2 8800000 8899999 627
nn2 8900000 8999999 929
nn2 9000000 9099999 728
nn2 9100000 9199999 631
nn2 9200000 9299999 723
nn2 9300000 9399999 305
nn2 9400000 9499999 651
nn2 9500000 9599999 288
nn2 9600000 9699999 674
nn2 9700000 9799999 1347
nn2 9800000 9899999 774
nn2 9900000 9999999 633
nn2 10000000 10099999 522
nn2 10100000 10199999 598
nn2 10200000 10299999 636
nn2 10300000 10399999 733
nn2 10400000 10499999 390
nn2 10500000 10599999 1591
nn2 10600000 10699999 633
nn2 10700000 10799999 514
nn2 10800000 10899999 670
nn2 10900000 10999999 598
nn2 11000000 11099999 442
nn2 11100000 11199999 1384
nn2 11200000 11299999 473
nn2 11300000 11399999 599
nn2 11400000 11499999 692
nn2 11500000 11599999 565
nn2 11600000 11699999 673
nn2 11700000 11799999 894
nn2 11800000 11899999 455
nn2 11900000 11999999 339
nn2 12000000 12099999 873
nn2 12100000 12199999 890
nn2 12200000 12299999 741
nn2 12300000 12399999 643
nn2 12400000 12499999 662
nn2 12500000 12599999 725
nn2 12600000 12699999 676
nn2 12700000 12799999 377
nn2 12800000 12899999 743
nn2 12900000 12999999 2364
nn2 13000000 13099999 490
nn2 13100000 13199999 586
nn2 13200000 13299999 773
nn2 13300000 13399999 434
nn2 13400000 13499999 492
nn2 13500000 13599999 725
nn2 13600000 13699999 888
nn2 13700000 13799999 684
nn2 13800000 13899999 597
nn2 13900000 13999999 592
nn2 14000000 14099999 526
nn2 14100000 14199999 744
nn2 14200000 14299999 475
nn2 14300000 14399999 623
nn2 14400000 14499999 559
nn2 14500000 14599999 991
nn2 14600000 14699999 1065
nn2 14700000 14799999 1307
nn2 14800000 14899999 576
nn2 14900000 14999999 521
nn2 15000000 15099999 818
nn2 15100000 15199999 305
nn2 15200000 15299999 770
nn2 15300000 15399999 351
nn2 15400000 15499999 2850
nn2 15500000 15599999 2870
nn2 15600000 15699999 822
nn2 15700000 15799999 1047
nn2 15800000 15899999 325
nn2 15900000 15999999 498
nn2 16000000 16099999 490
nn2 16100000 16199999 578
nn2 16200000 16299999 573
nn2 16300000 16399999 578
nn2 16400000 16499999 503
nn2 16500000 16599999 724
nn2 16600000 16699999 836
nn2 16700000 16799999 389
nn2 16800000 16899999 803
nn2 16900000 16999999 500
nn2 17000000 17099999 963
nn2 17100000 17199999 1118
nn2 17200000 17299999 930
nn2 17300000 17399999 1305
nn2 17400000 17499999 3382
nn2 17500000 17599999 1256
nn2 17600000 17699999 2236
nn2 17700000 17799999 1114
nn2 17800000 17899999 1023
nn2 17900000 17999999 1231
nn2 18000000 18099999 753
nn2 18100000 18199999 1761
nn2 18200000 18299999 1407
nn2 18300000 18399999 1276
nn2 18400000 18499999 1452
nn2 18500000 18599999 1366
nn2 18600000 18699999 1397
nn2 18700000 18799999 1045
nn2 18800000 18899999 1676
nn2 18900000 18999999 2406
nn2 19000000 19099999 2263
nn2 19100000 19199999 1586
nn2 19200000 19299999 1219
nn2 19300000 19399999 1710
nn2 19400000 19499999 1606
nn2 19500000 19599999 2800
nn2 19600000 19699999 1606
nn2 19700000 19799999 1475
nn2 19800000 19899999 1313
nn2 19900000 19999999 1256
nn2 20000000 20099999 721
nn2 20100000 20199999 5350
nn2 20200000 20299999 1478
nn2 20300000 20399999 1482
nn2 20400000 20499999 1663
nn2 20500000 20599999 937
nn2 20600000 20699999 1700
nn2 20700000 20799999 1130
nn2 20800000 20899999 1805
nn2 20900000 20999999 1372
nn2 21000000 21099999 892
nn2 21100000 21199999 1284
nn2 21200000 21299999 1374
nn2 21300000 21399999 1143
nn2 21400000 21499999 1019
nn2 21500000 21599999 1034
nn2 21600000 21699999 959
nn2 21700000 21799999 1023
nn2 21800000 21899999 1045
nn2 21900000 21999999 1066
nn2 22000000 22099999 1240
nn2 22100000 22199999 1594
nn2 22200000 22299999 932
nn2 22300000 22399999 808
nn2 22400000 22499999 884
nn2 22500000 22599999 760
nn2 22600000 22699999 790
nn2 22700000 22799999 703
nn2 22800000 22899999 847
nn2 22900000 22999999 481
nn2 23000000 23099999 752
nn2 23100000 23199999 756
nn2 23200000 23299999 731
nn2 23300000 23399999 576
nn2 23400000 23499999 552
nn2 23500000 23599999 577
nn2 23600000 23699999 952
nn2 23700000 23799999 806
nn2 23800000 23899999 714
nn2 23900000 23999999 783
nn2 24000000 24099999 1028
nn2 24100000 24199999 648
nn2 24200000 24299999 877
nn2 24300000 24399999 1068
nn2 24400000 24499999 1027
nn2 24500000 24599999 1285
nn2 24600000 24699999 1086
nn2 24700000 24799999 1354
nn2 24800000 24899999 468
nn2 24900000 24999999 886
nn2 25000000 25099999 769
nn2 25100000 25199999 856
nn2 25200000 25299999 480
nn2 25300000 25399999 644
nn2 25400000 25499999 925
nn2 25500000 25599999 745
nn2 25600000 25699999 666
nn2 25700000 25799999 431
nn2 25800000 25899999 603
nn2 25900000 25999999 854
nn2 26000000 26099999 1070
nn2 26100000 26199999 980
nn2 26200000 26299999 613
nn2 26300000 26399999 753
nn2 26400000 26499999 649
nn2 26500000 26599999 632
nn2 26600000 26699999 785
nn2 26700000 26799999 910
nn2 26800000 26899999 991
nn2 26900000 26999999 737
nn2 27000000 27099999 468
nn2 27100000 27199999 782
nn2 27200000 27299999 516
nn2 27300000 27399999 523
nn2 27400000 27499999 942
nn2 27500000 27599999 749
nn2 27600000 27699999 1134
nn2 27700000 27799999 496
nn2 27800000 27899999 1127
nn2 27900000 27999999 1132
nn2 28000000 28099999 771
nn2 28100000 28199999 625
nn2 28200000 28299999 606
nn2 28300000 28399999 565
nn2 28400000 28499999 628
nn2 28500000 28599999 788
nn2 28600000 28699999 943
nn2 28700000 28799999 1007
nn2 28800000 28899999 1770
nn2 28900000 28999999 812
nn2 29000000 29099999 1387
nn2 29100000 29199999 2152
nn2 29200000 29299999 2399
nn2 29300000 29399999 1985
nn2 29400000 29499999 1535
nn2 29500000 29599999 1114
nn2 29600000 29699999 1803
nn2 29700000 29799999 1063
nn2 29800000 29899999 1556
nn2 29900000 29999999 902
nn2 30000000 30099999 835
nn2 30100000 30199999 362
nn2 30200000 30299999 428
nn2 30300000 30399999 611
nn2 30400000 30499999 749
nn2 30500000 30599999 785
nn2 30600000 30699999 742
nn2 30700000 30799999 956
nn2 30800000 30899999 486
nn2 30900000 30999999 311
nn2 31000000 31099999 570
nn2 31100000 31199999 364
nn2 31200000 31299999 552
nn2 31300000 31399999 470
nn2 31400000 31499999 832
nn2 31500000 31599999 613
nn2 31600000 31699999 638
nn2 31700000 31799999 772
nn2 31800000 31899999 1050
nn2 31900000 31999999 1046
nn2 32000000 32099999 459
nn2 32100000 32199999 435
nn2 32200000 32299999 619
nn2 32300000 32399999 591
nn2 32400000 32499999 886
nn2 32500000 32599999 420
nn2 32600000 32699999 923
nn2 32700000 32799999 804
nn2 32800000 32899999 751
nn2 32900000 32999999 542
nn2 33000000 33099999 569
nn2 33100000 33199999 712
nn2 33200000 33299999 1044
nn2 33300000 33399999 1610
nn2 33400000 33499999 1217
nn2 33500000 33599999 1947
nn2 33600000 33699999 1671
nn2 33700000 33799999 1972
nn2 33800000 33899999 974
nn2 33900000 33999999 1138
nn2 34000000 34099999 887
nn2 34100000 34199999 2206
nn2 34200000 34299999 1220
nn2 34300000 34399999 954
nn2 34400000 34499999 1278
nn2 34500000 34599999 1714
nn2 34600000 34699999 1143
nn2 34700000 34799999 1198
nn2 34800000 34899999 520
nn2 34900000 34999999 1074
nn2 35000000 35099999 426
nn2 35100000 35199999 767
nn2 35200000 35299999 836
nn2 35300000 35399999 704
nn2 35400000 35499999 717
nn2 35500000 35599999 752
nn2 35600000 35699999 912
nn2 35700000 35799999 591
nn2 35800000 35899999 797
nn2 35900000 35999999 672
nn2 36000000 36099999 1696
nn2 36100000 36199999 599
nn2 36200000 36299999 577
nn2 36300000 36399999 1054
nn2 36400000 36499999 844
nn2 36500000 36599999 511
nn2 36600000 36699999 677
nn2 36700000 36799999 742
nn2 36800000 36899999 237
nn2 36900000 36999999 912
nn2 37000000 37099999 747
nn2 37100000 37199999 634
nn2 37200000 37299999 628
nn2 37300000 37399999 584
nn2 37400000 37499999 873
nn2 37500000 37599999 687
nn2 37600000 37699999 557
nn2 37700000 37799999 841
nn2 37800000 37899999 883
nn2 37900000 37999999 873
nn2 38000000 38099999 1122
nn2 38100000 38199999 1991
nn2 38200000 38299999 687
nn2 38300000 38399999 897
nn2 38400000 38499999 1614
nn2 38500000 38599999 605
nn2 38600000 38699999 797
nn2 38700000 38799999 422
nn2 38800000 38899999 810
nn2 38900000 38999999 683
nn2 39000000 39099999 462
nn2 39100000 39199999 527
nn2 39200000 39299999 730
nn2 39300000 39399999 933
nn2 39400000 39499999 617
nn2 39500000 39599999 1103
nn2 39600000 39699999 703
nn2 39700000 39799999 1122
nn2 39800000 39899999 2363
nn2 39900000 39999999 1081
nn2 40000000 40099999 1714
nn2 40100000 40199999 1363
nn2 40200000 40299999 1687
nn2 40300000 40399999 1106
nn2 40400000 40499999 637
nn2 40500000 40599999 982
nn2 40600000 40699999 1105
nn2 40700000 40799999 995
nn2 40800000 40899999 972
nn2 40900000 40999999 1052
nn2 41000000 41099999 1295
nn2 41100000 41199999 1028
nn2 41200000 41299999 1392
nn2 41300000 41399999 704
nn2 41400000 41499999 1330
nn2 41500000 41599999 1260
nn2 41600000 41699999 1000
nn2 41700000 41799999 1746
nn2 41800000 41899999 2601
nn2 41900000 41999999 1609
nn2 42000000 42099999 2060
nn2 42100000 42199999 1637
nn2 42200000 42299999 2301
nn2 42300000 42399999 1536
nn2 42400000 42499999 1694
nn2 42500000 42599999 1354
nn2 42600000 42699999 2395
nn2 42700000 42799999 876
nn2 42800000 42899999 782
nn2 42900000 42999999 1051
nn2 43000000 43099999 918
nn2 43100000 43199999 2084
nn2 43200000 43299999 713
nn2 43300000 43399999 959
nn2 43400000 43499999 669
nn2 43500000 43599999 471
nn2 43600000 43699999 476
nn2 43700000 43799999 694
nn2 43800000 43899999 699
nn2 43900000 43999999 499
nn2 44000000 44099999 551
nn2 44100000 44199999 650
nn2 44200000 44299999 680
nn2 44300000 44399999 509
nn2 44400000 44499999 827
nn2 44500000 44599999 887
nn2 44600000 44699999 697
nn2 44700000 44799999 468
nn2 44800000 44899999 701
nn2 44900000 44999999 866
nn2 45000000 45099999 652
nn2 45100000 45199999 683
nn2 45200000 45299999 673
nn2 45300000 45399999 766
nn2 45400000 45499999 1086
nn2 45500000 45599999 552
nn2 45600000 45699999 464
nn2 45700000 45799999 440
nn2 45800000 45899999 585
nn2 45900000 45999999 593
nn2 46000000 46099999 575
nn2 46100000 46199999 957
nn2 46200000 46299999 427
nn2 46300000 46399999 825
nn2 46400000 46499999 1055
nn2 46500000 46599999 793
nn2 46600000 46699999 799
nn2 46700000 46799999 383
nn2 46800000 46899999 693
nn2 46900000 46999999 823
nn2 47000000 47099999 733
nn2 47100000 47199999 741
nn2 47200000 47299999 645
nn2 47300000 47399999 618
nn2 47400000 47499999 836
nn2 47500000 47599999 1114
nn2 47600000 47699999 820
nn2 47700000 47799999 617
nn2 47800000 47899999 648
nn2 47900000 47999999 667
nn2 48000000 48099999 964
nn2 48100000 48199999 2531
nn2 48200000 48299999 2310
nn2 48300000 48399999 1445
nn2 48400000 48499999 1882
nn2 48500000 48599999 1299
nn2 48600000 48699999 388
nn2 48700000 48799999 682
nn2 48800000 48899999 808
nn2 48900000 48999999 866
nn2 49000000 49099999 672
nn2 49100000 49199999 967
nn2 49200000 49299999 573
nn2 49300000 49399999 1309
nn2 49400000 49499999 616
nn2 49500000 49599999 877
nn2 49600000 49699999 746
nn2 49700000 49799999 669
nn2 49800000 49899999 696
nn2 49900000 49999999 496
nn2 50000000 50099999 489
nn2 50100000 50199999 650
nn2 50200000 50299999 583
nn2 50300000 50399999 295
nn2 50400000 50499999 674
nn2 50500000 50599999 936
nn2 50600000 50699999 907
nn2 50700000 50799999 680
nn2 50800000 50899999 592
nn2 50900000 50999999 723
nn2 51000000 51099999 1358
nn2 51100000 51199999 1098
nn2 51200000 51299999 898
nn2 51300000 51399999 627
nn2 51400000 51499999 860
nn2 51500000 51599999 336
nn2 51600000 51699999 1052
nn2 51700000 51799999 1444
nn2 51800000 51899999 1207
nn2 51900000 51999999 1033
nn2 52000000 52099999 1812
nn2 52100000 52199999 1300
nn2 52200000 52299999 2494
nn2 52300000 52399999 1074
nn2 52400000 52499999 779
nn2 52500000 52599999 1678
nn2 52600000 52699999 844
nn2 52700000 52799999 650
nn2 52800000 52899999 577
nn2 52900000 52999999 936
nn2 53000000 53099999 636
nn2 53100000 53199999 660
nn2 53200000 53299999 478
nn2 53300000 53399999 1209
nn2 53400000 53499999 828
nn2 53500000 53599999 826
nn2 53600000 53699999 805
nn2 53700000 53799999 492
nn2 53800000 53899999 531
nn2 53900000 53999999 534
nn2 54000000 54099999 488
nn2 54100000 54199999 561
nn2 54200000 54299999 609
nn2 54300000 54399999 530
nn2 54400000 54499999 340
nn2 54500000 54599999 924
nn2 54600000 54699999 561
nn2 54700000 54799999 575
nn2 54800000 54899999 1227
nn2 54900000 54999999 1276
nn2 55000000 55099999 882
nn2 55100000 55199999 647
nn2 55200000 55299999 896
nn2 55300000 55399999 737
nn2 55400000 55499999 651
nn2 55500000 55599999 913
nn2 55600000 55699999 1004
nn2 55700000 55799999 1233
nn2 55800000 55899999 1528
nn2 55900000 55999999 1348
nn2 56000000 56099999 1195
nn2 56100000 56199999 783
nn2 56200000 56299999 981
nn2 56300000 56399999 1056
nn2 56400000 56499999 911
nn2 56500000 56599999 979
nn2 56600000 56699999 588
nn2 56700000 56799999 634
nn2 56800000 56899999 652
nn2 56900000 56999999 630
nn2 57000000 57099999 1781
nn2 57100000 57199999 685
nn2 57200000 57299999 1334
nn2 57300000 57399999 1018
nn2 57400000 57499999 625
nn2 57500000 57599999 502
nn2 57600000 57699999 795
nn2 57700000 57799999 485
nn2 57800000 57899999 872
nn2 57900000 57999999 1343
nn2 58000000 58099999 438
nn2 58100000 58199999 882
nn2 58200000 58299999 984
nn2 58300000 58399999 1068
nn2 58400000 58499999 547
nn2 58500000 58599999 729
nn2 58600000 58699999 582
nn2 58700000 58799999 620
nn2 58800000 58899999 770
nn2 58900000 58999999 555
nn2 59000000 59099999 1276
nn2 59100000 59199999 1389
nn2 59200000 59299999 2122
nn2 59300000 59399999 776
nn2 59400000 59499999 1207
nn2 59500000 59599999 608
nn2 59600000 59699999 1031
nn2 59700000 59799999 1848
nn2 59800000 59899999 726
nn2 59900000 59999999 412
nn2 60000000 60099999 867
nn2 60100000 60199999 763
nn2 60200000 60299999 900
nn2 60300000 60399999 1002
nn2 60400000 60499999 677
nn2 60500000 60599999 586
nn2 60600000 60699999 549
nn2 60700000 60799999 845
nn2 60800000 60899999 833
nn2 60900000 60999999 1522
nn2 61000000 61099999 1260
nn2 61100000 61199999 645
nn2 61200000 61299999 660
nn2 61300000 61399999 983
nn2 61400000 61499999 735
nn2 61500000 61599999 851
nn2 61600000 61699999 706
nn2 61700000 61799999 1163
nn2 61800000 61899999 469
nn2 61900000 61999999 1007
nn2 62000000 62099999 645
nn2 62100000 62199999 735
nn2 62200000 62299999 986
nn2 62300000 62399999 792
nn2 62400000 62499999 794
nn2 62500000 62599999 564
nn2 62600000 62699999 594
nn2 62700000 62799999 1282
nn2 62800000 62899999 573
nn2 62900000 62999999 663
nn2 63000000 63099999 646
nn2 63100000 63199999 649
nn2 63200000 63299999 809
nn2 63300000 63399999 670
nn2 63400000 63499999 485
nn2 63500000 63599999 458
nn2 63600000 63699999 620
nn2 63700000 63799999 548
nn2 63800000 63899999 1106
nn2 63900000 63999999 1087
nn2 64000000 64099999 598
nn2 64100000 64199999 741
nn2 64200000 64299999 747
nn2 64300000 64399999 543
nn2 64400000 64499999 427
nn2 64500000 64599999 351
nn2 64600000 64699999 628
nn2 64700000 64799999 586
nn2 64800000 64899999 913
nn2 64900000 64999999 1226
nn2 65000000 65099999 1024
nn2 65100000 65199999 702
nn2 65200000 65299999 2191
nn2 65300000 65399999 1985
nn2 65400000 65499999 1641
nn2 65500000 65599999 2200
nn2 65600000 65699999 2132
nn2 65700000 65799999 1385
nn2 65800000 65899999 1360
nn2 65900000 65999999 1023
nn2 66000000 66099999 1420
nn2 66100000 66199999 1079
nn2 66200000 66299999 1321
nn2 66300000 66399999 2074
nn2 66400000 66499999 1997
nn2 66500000 66599999 1112
nn2 66600000 66699999 1307
nn2 66700000 66799999 1049
nn2 66800000 66899999 9713
nn2 66900000 66999999 1015
nn2 67000000 67099999 983
nn2 67100000 67199999 1350
nn2 67200000 67299999 954
nn2 67300000 67399999 831
nn2 67400000 67499999 604
nn2 67500000 67599999 641
nn2 67600000 67699999 742
nn2 67700000 67799999 698
nn2 67800000 67899999 1451
nn2 67900000 67999999 789
nn2 68000000 68099999 993
nn2 68100000 68199999 875
nn2 68200000 68299999 1417
nn2 68300000 68399999 1712
nn2 68400000 68499999 1848
nn2 68500000 68599999 1694
nn2 68600000 68699999 882
nn2 68700000 68799999 988
nn2 68800000 68899999 1156
nn2 68900000 68999999 1707
nn2 69000000 69099999 912
nn2 69100000 69199999 645
nn2 69200000 69299999 931
nn2 69300000 69399999 723
nn2 69400000 69499999 1462
nn2 69500000 69599999 717
nn2 69600000 69699999 867
nn2 69700000 69799999 1382
nn2 69800000 69899999 1279
nn2 69900000 69999999 1275
nn2 70000000 70099999 1319
nn2 70100000 70199999 913
nn2 70200000 70299999 762
nn2 70300000 70399999 1872
nn2 70400000 70499999 1107
nn2 70500000 70599999 1223
nn2 70600000 70699999 1927
nn2 70700000 70799999 1703
nn2 70800000 70899999 773
nn2 70900000 70999999 1539
nn2 71000000 71099999 1462
nn2 71100000 71199999 892
nn2 71200000 71299999 494
nn2 71300000 71399999 673
nn2 71400000 71499999 1136
nn2 71500000 71599999 826
nn2 71600000 71699999 1694
nn2 71700000 71799999 664
nn2 71800000 71899999 701
nn2 71900000 71999999 714
nn2 72000000 72099999 926
nn2 72100000 72199999 1526
nn2 72200000 72299999 853
nn2 72300000 72399999 627
nn2 72400000 72499999 636
nn2 72500000 72599999 449
nn2 72600000 72699999 555
nn2 72700000 72799999 603
nn2 72800000 72899999 509
nn2 72900000 72999999 651
nn2 73000000 73099999 979
nn2 73100000 73199999 603
nn2 73200000 73299999 1196
nn2 73300000 73399999 253
nn2 73400000 73499999 676
nn2 73500000 73599999 787
nn2 73600000 73699999 784
nn2 73700000 73799999 1187
nn2 73800000 73899999 591
nn2 73900000 73999999 579
nn2 74000000 74099999 866
nn2 74100000 74199999 773
nn2 74200000 74299999 687
nn2 74300000 74399999 598
nn2 74400000 74499999 708
nn2 74500000 74599999 501
nn2 74600000 74699999 519
nn2 74700000 74799999 711
nn2 74800000 74899999 394
nn2 74900000 74999999 662
nn2 75000000 75099999 703
nn2 75100000 75199999 1243
nn2 75200000 75299999 1009
nn2 75300000 75399999 1005
nn2 75400000 75499999 1468
nn2 75500000 75599999 447
nn2 75600000 75699999 895
nn2 75700000 75799999 630
nn2 75800000 75899999 409
nn2 75900000 75999999 481
nn2 76000000 76099999 617
nn2 76100000 76199999 630
nn2 76200000 76299999 836
nn2 76300000 76399999 486
nn2 76400000 76499999 437
nn2 76500000 76599999 1643
nn2 76600000 76699999 1176
nn2 76700000 76799999 773
nn2 76800000 76899999 607
nn2 76900000 76999999 760
nn2 77000000 77099999 931
nn2 77100000 77199999 950
nn2 77200000 77299999 841
nn2 77300000 77399999 796
nn2 77400000 77499999 508
nn2 77500000 77599999 1036
nn2 77600000 77699999 969
nn2 77700000 77799999 943
nn2 77800000 77899999 1211
nn2 77900000 77999999 714
nn2 78000000 78099999 555
nn2 78100000 78199999 1003
nn2 78200000 78299999 563
nn2 78300000 78399999 592
nn2 78400000 78499999 561
nn2 78500000 78599999 1100
nn2 78600000 78699999 1109
nn2 78700000 78799999 1066
nn2 78800000 78899999 1030
nn2 78900000 78999999 1543
nn2 79000000 79099999 1522
nn2 79100000 79199999 2410
nn2 79200000 79299999 1338
nn2 79300000 79399999 1877
nn2 79400000 79499999 1808
nn2 79500000 79599999 1587
nn2 79600000 79699999 933
nn2 79700000 79799999 1206
nn2 79800000 79899999 1830
nn2 79900000 79999999 1497
nn2 80000000 80099999 1011
nn2 80100000 80199999 1441
nn2 80200000 80299999 1404
nn2 80300000 80399999 1327
nn2 80400000 80499999 1721
nn2 80500000 80599999 852
nn2 80600000 80699999 936
nn2 80700000 80799999 858
nn2 80800000 80899999 935
nn2 80900000 80999999 932
nn2 81000000 81099999 717
nn2 81100000 81199999 485
nn2 81200000 81299999 423
nn2 81300000 81399999 985
nn2 81400000 81499999 956
nn2 81500000 81599999 646
nn2 81600000 81699999 556
nn2 81700000 81799999 421
nn2 81800000 81899999 501
nn2 81900000 81999999 377
nn2 82000000 82099999 1231
nn2 82100000 82199999 456
nn2 82200000 82299999 1117
nn2 82300000 82399999 597
nn2 82400000 82499999 657
nn2 82500000 82599999 817
nn2 82600000 82699999 639
nn2 82700000 82799999 560
nn2 82800000 82899999 897
nn2 82900000 82999999 959
nn2 83000000 83099999 832
nn2 83100000 83199999 1621
nn2 83200000 83299999 1086
nn2 83300000 83399999 491
nn2 83400000 83499999 1093
nn2 83500000 83599999 688
nn2 83600000 83699999 1031
nn2 83700000 83799999 489
nn2 83800000 83899999 359
nn2 83900000 83999999 886
nn2 84000000 84099999 1371
nn2 84100000 84199999 576
nn2 84200000 84299999 1172
nn2 84300000 84399999 444
nn2 84400000 84499999 766
nn2 84500000 84599999 829
nn2 84600000 84699999 712
nn2 84700000 84799999 766
nn2 84800000 84899999 1436
nn2 84900000 84999999 891
nn2 85000000 85099999 579
nn2 85100000 85199999 1906
nn2 85200000 85299999 855
nn2 85300000 85399999 979
nn2 85400000 85499999 996
nn2 85500000 85599999 966
nn2 85600000 85699999 715
nn2 85700000 85799999 1182
nn2 85800000 85899999 871
nn2 85900000 85999999 1253
nn2 86000000 86099999 1157
nn2 86100000 86199999 1554
nn2 86200000 86299999 655
nn2 86300000 86399999 545
nn2 86400000 86499999 505
nn2 86500000 86599999 997
nn2 86600000 86699999 1482
nn2 86700000 86799999 1664
nn2 86800000 86899999 2106
nn2 86900000 86999999 1735
nn2 87000000 87099999 608
nn2 87100000 87199999 622
nn2 87200000 87299999 1067
nn2 87300000 87399999 920
nn2 87400000 87499999 713
nn2 87500000 87599999 654
nn2 87600000 87699999 881
nn2 87700000 87799999 879
nn2 87800000 87899999 895
nn2 87900000 87999999 1331
nn2 88000000 88099999 891
nn2 88100000 88199999 1315
nn2 88200000 88299999 1026
nn2 88300000 88399999 563
nn2 88400000 88499999 660
nn2 88500000 88599999 1423
nn2 88600000 88699999 1792
nn2 88700000 88799999 1055
nn2 88800000 88899999 644
nn2 88900000 88999999 1276
nn2 89000000 89099999 1703
nn2 89100000 89199999 1226
nn2 89200000 89299999 1544
nn2 89300000 89399999 1565
nn2 89400000 89499999 1621
nn2 89500000 89599999 1957
nn2 89600000 89699999 2725
nn2 89700000 89799999 1041
nn2 89800000 89899999 2522
nn2 89900000 89999999 1861
nn2 90000000 90099999 848
nn2 90100000 90199999 956
nn2 90200000 90299999 828
nn2 90300000 90399999 846
nn2 90400000 90499999 1376
nn2 90500000 90599999 824
nn2 90600000 90699999 1039
nn2 90700000 90799999 915
nn2 90800000 90899999 336
nn2 90900000 90999999 567
nn2 91000000 91099999 951
nn2 91100000 91199999 691
nn2 91200000 91299999 566
nn2 91300000 91399999 776
nn2 91400000 91499999 580
nn2 91500000 91599999 972
nn2 91600000 91699999 544
nn2 91700000 91799999 676
nn2 91800000 91899999 1257
nn2 91900000 91999999 548
nn2 92000000 92099999 930
nn2 92100000 92199999 1127
nn2 92200000 92299999 945
nn2 92300000 92399999 1325
nn2 92400000 92499999 1432
nn2 92500000 92599999 1590
nn2 92600000 92699999 1279
nn2 92700000 92799999 1052
nn2 92800000 92899999 538
nn2 92900000 92999999 538
nn2 93000000 93099999 1105
nn2 93100000 93199999 1882
nn2 93200000 93299999 1021
nn2 93300000 93399999 1368
nn2 93400000 93499999 1721
nn2 93500000 93599999 3502
nn2 93600000 93699999 1226
nn2 93700000 93799999 1512
nn2 93800000 93899999 1726
nn2 93900000 93999999 1486
nn2 94000000 94099999 870
nn2 94100000 94199999 2271
nn2 94200000 94299999 1254
nn2 94300000 94399999 1414
nn2 94400000 94499999 1542
nn2 94500000 94599999 1344
nn2 94600000 94699999 15847
nn2 94700000 94799999 48869
nn2 94800000 94899999 43655
nn2 94900000 94999999 33082
nn2 95000000 95099999 22336
nn2 95100000 95199999 2443
nn2 95200000 95299999 1402
nn2 95300000 95399999 25744
nn2 95400000 95499999 21484
nn2 95500000 95599999 6796
nn2 95600000 95699999 22037
nn2 95700000 95799999 34023
nn2 95800000 95899999 2520
nn2 95900000 95999999 20656
nn2 96000000 96099999 27970
nn2 96100000 96199999 32986
nn2 96200000 96299999 34332
nn2 96300000 96399999 37703
nn2 96400000 96499999 1024
nn2 96500000 96599999 525
nn2 96600000 96699999 1056
nn2 96700000 96799999 392
nn2 96800000 96899999 675
nn2 96900000 96999999 1614
nn2 97000000 97069654 455
nn2a 0 99999 4609
nn2a 100000 199999 433
nn2a 200000 299999 3333
nn2a 300000 399999 6794
nn2a 400000 499999 1695
nn2a 500000 599999 1565
nn2a 600000 699999 2688
nn2a 700000 799999 948
nn2a 800000 899999 2063
nn2a 900000 999999 1140
nn2a 1000000 1099999 575
nn2a 1100000 1199999 822
nn2a 1200000 1299999 1605
nn2a 1300000 1399999 1011
nn2a 1400000 1499999 2185
nn2a 1500000 1599999 1386
nn2a 1600000 1699999 1492
nn2a 1700000 1799999 1864
nn2a 1800000 1899999 1349
nn2a 1900000 1999999 1257
nn2a 2000000 2099999 2030
nn2a 2100000 2199999 611
nn2a 2200000 2299999 418
nn2a 2300000 2399999 449
nn2a 2400000 2499999 832
nn2a 2500000 2599999 1396
nn2a 2600000 2699999 1098
nn2a 2700000 2799999 1254
nn2a 2800000 2899999 1705
nn2a 2900000 2999999 2126
nn2a 3000000 3099999 3580
nn2a 3100000 3199999 884
nn2a 3200000 3299999 1247
nn2a 3300000 3399999 583
nn2a 3400000 3499999 918
nn2a 3500000 3599999 2622
nn2a 3600000 3699999 1577
nn2a 3700000 3799999 570
nn2a 3800000 3899999 1095
nn2a 3900000 3999999 1650
nn2a 4000000 4099999 1431
nn2a 4100000 4199999 1208
nn2a 4200000 4299999 635
nn2a 4300000 4399999 480
nn2a 4400000 4499999 1898
nn2a 4500000 4599999 872
nn2a 4600000 4699999 1010
nn2a 4700000 4799999 324
nn2a 4800000 4899999 679
nn2a 4900000 4999999 297
nn2a 5000000 5099999 720
nn2a 5100000 5199999 845
nn2a 5200000 5299999 1102
nn2a 5300000 5399999 722
nn2a 5400000 5499999 684
nn2a 5500000 5599999 719
nn2a 5600000 5699999 1163
nn2a 5700000 5799999 1465
nn2a 5800000 5899999 763
nn2a 5900000 5999999 976
nn2a 6000000 6099999 386
nn2a 6100000 6199999 731
nn2a 6200000 6299999 450
nn2a 6300000 6399999 699
nn2a 6400000 6499999 484
nn2a 6500000 6599999 1082
nn2a 6600000 6699999 609
nn2a 6700000 6799999 951
nn2a 6800000 6899999 899
nn2a 6900000 6999999 844
nn2a 7000000 7099999 711
nn2a 7100000 7199999 366
nn2a 7200000 7299999 587
nn2a 7300000 7399999 719
nn2a 7400000 7499999 594
nn2a 7500000 7599999 790
nn2a 7600000 7699999 771
nn2a 7700000 7799999 1040
nn2a 7800000 7899999 509
nn2a 7900000 7999999 5012
nn2a 8000000 8099999 691
nn2a 8100000 8199999 1449
nn2a 8200000 8299999 1057
nn2a 8300000 8399999 1167
nn2a 8400000 8499999 1022
nn2a 8500000 8599999 623
nn2a 8600000 8699999 625
nn2a 8700000 8799999 505
nn2a 8800000 8899999 451
nn2a 8900000 8999999 636
nn2a 9000000 9099999 647
nn2a 9100000 9199999 871
nn2a 9200000 9299999 548
nn2a 9300000 9399999 801
nn2a 9400000 9499999 506
nn2a 9500000 9599999 763
nn2a 9600000 9699999 580
nn2a 9700000 9799999 817
nn2a 9800000 9899999 389
nn2a 9900000 9999999 874
nn2a 10000000 10099999 393
nn2a 10100000 10199999 365
nn2a 10200000 10299999 602
nn2a 10300000 10399999 435
nn2a 10400000 10499999 706
nn2a 10500000 10599999 1138
nn2a 10600000 10699999 539
nn2a 10700000 10799999 501
nn2a 10800000 10899999 2093
nn2a 10900000 10999999 916
nn2a 11000000 11099999 1547
nn2a 11100000 11199999 1185
nn2a 11200000 11299999 1618
nn2a 11300000 11399999 1513
nn2a 11400000 11499999 868
nn2a 11500000 11599999 1386
nn2a 11600000 11699999 1678
nn2a 11700000 11799999 810
nn2a 11800000 11899999 1417
nn2a 11900000 11999999 2870
nn2a 12000000 12099999 908
nn2a 12100000 12199999 1060
nn2a 12200000 12299999 969
nn2a 12300000 12399999 1410
nn2a 12400000 12499999 1724
nn2a 12500000 12599999 861
nn2a 12600000 12699999 1030
nn2a 12700000 12799999 572
nn2a 12800000 12899999 789
nn2a 12900000 12999999 521
nn2a 13000000 13099999 690
nn2a 13100000 13199999 1120
nn2a 13200000 13299999 815
nn2a 13300000 13399999 743
nn2a 13400000 13499999 706
nn2a 13500000 13599999 475
nn2a 13600000 13699999 658
nn2a 13700000 13799999 602
nn2a 13800000 13899999 441
nn2a 13900000 13999999 647
nn2a 14000000 14099999 516
nn2a 14100000 14199999 392
nn2a 14200000 14299999 479
nn2a 14300000 14399999 438
nn2a 14400000 14499999 806
nn2a 14500000 14599999 933
nn2a 14600000 14699999 289
nn2a 14700000 14799999 944
nn2a 14800000 14899999 557
nn2a 14900000 14999999 683
nn2a 15000000 15099999 474
nn2a 15100000 15199999 583
nn2a 15200000 15299999 549
nn2a 15300000 15399999 612
nn2a 15400000 15499999 442
nn2a 15500000 15599999 561
nn2a 15600000 15699999 849
nn2a 15700000 15799999 496
nn2a 15800000 15899999 656
nn2a 15900000 15999999 374
nn2a 16000000 16099999 506
nn2a 16100000 16199999 845
nn2a 16200000 16299999 560
nn2a 16300000 16399999 670
nn2a 16400000 16499999 748
nn2a 16500000 16599999 722
nn2a 16600000 16699999 920
nn2a 16700000 16799999 696
nn2a 16800000 16899999 777
nn2a 16900000 16999999 544
nn2a 17000000 17099999 505
nn2a 17100000 17199999 885
nn2a 17200000 17299999 792
nn2a 17300000 17399999 748
nn2a 17400000 17499999 517
nn2a 17500000 17599999 680
nn2a 17600000 17699999 1069
nn2a 17700000 17799999 668
nn2a 17800000 17899999 534
nn2a 17900000 17999999 1464
nn2a 18000000 18099999 540
nn2a 18100000 18199999 576
nn2a 18200000 18299999 454
nn2a 18300000 18399999 723
nn2a 18400000 18499999 546
nn2a 18500000 18599999 863
nn2a 18600000 18699999 746
nn2a 18700000 18799999 509
nn2a 18800000 18899999 833
nn2a 18900000 18999999 466
nn2a 19000000 19099999 739
nn2a 19100000 19199999 813
nn2a 19200000 19299999 1022
nn2a 19300000 19399999 690
nn2a 19400000 19499999 751
nn2a 19500000 19599999 562
nn2a 19600000 19699999 664
nn2a 19700000 19799999 512
nn2a 19800000 19899999 577
nn2a 19900000 19999999 618
nn2a 20000000 20099999 722
nn2a 20100000 20199999 531
nn2a 20200000 20299999 431
nn2a 20300000 20399999 627
nn2a 20400000 20499999 598
nn2a 20500000 20599999 739
nn2a 20600000 20699999 753
nn2a 20700000 20799999 625
nn2a 20800000 20899999 335
nn2a 20900000 20999999 639
nn2a 21000000 21099999 950
nn2a 21100000 21199999 738
nn2a 21200000 21299999 986
nn2a 21300000 21399999 475
nn2a 21400000 21499999 1003
nn2a 21500000 21599999 921
nn2a 21600000 21699999 1026
nn2a 21700000 21799999 910
nn2a 21800000 21899999 721
nn2a 21900000 21999999 871
nn2a 22000000 22099999 786
nn2a 22100000 22199999 471
nn2a 22200000 22299999 760
nn2a 22300000 22399999 442
nn2a 22400000 22499999 484
nn2a 22500000 22599999 697
nn2a 22600000 22699999 525
nn2a 22700000 22799999 725
nn2a 22800000 22899999 717
nn2a 22900000 22999999 887
nn2a 23000000 23099999 709
nn2a 23100000 23199999 479
nn2a 23200000 23299999 827
nn2a 23300000 23399999 717
nn2a 23400000 23499999 860
nn2a 23500000 23599999 548
nn2a 23600000 23699999 486
nn2a 23700000 23799999 776
nn2a 23800000 23899999 578
nn2a 23900000 23999999 510
nn2a 24000000 24099999 691
nn2a 24100000 24199999 705
nn2a 24200000 24299999 1045
nn2a 24300000 24399999 1486
nn2a 24400000 24499999 748
nn2a 24500000 24599999 593
nn2a 24600000 24699999 591
nn2a 24700000 24799999 595
nn2a 24800000 24899999 701
nn2a 24900000 24999999 598
nn2a 25000000 25099999 485
nn2a 25100000 25199999 1340
nn2a 25200000 25299999 1804
nn2a 25300000 25399999 1526
nn2a 25400000 25499999 1034
nn2a 25500000 25599999 1853
nn2a 25600000 25699999 2036
nn2a 25700000 25799999 1221
nn2a 25800000 25899999 917
nn2a 25900000 25999999 670
nn2a 26000000 26099999 896
nn2a 26100000 26199999 916
nn2a 26200000 26299999 535
nn2a 26300000 26399999 715
nn2a 26400000 26499999 771
nn2a 26500000 26599999 545
nn2a 26600000 26699999 1058
nn2a 26700000 26799999 1381
nn2a 26800000 26899999 1110
nn2a 26900000 26999999 1220
nn2a 27000000 27099999 1044
nn2a 27100000 27199999 1111
nn2a 27200000 27299999 1040
nn2a 27300000 27399999 1302
nn2a 27400000 27499999 960
nn2a 27500000 27599999 965
nn2a 27600000 27699999 872
nn2a 27700000 27799999 786
nn2a 27800000 27899999 1528
nn2a 27900000 27999999 1329
nn2a 28000000 28099999 578
nn2a 28100000 28199999 552
nn2a 28200000 28299999 904
nn2a 28300000 28399999 873
nn2a 28400000 28499999 568
nn2a 28500000 28599999 896
nn2a 28600000 28699999 606
nn2a 28700000 28799999 987
nn2a 28800000 28899999 553
nn2a 28900000 28999999 708
nn2a 29000000 29099999 1518
nn2a 29100000 29199999 520
nn2a 29200000 29299999 518
nn2a 29300000 29399999 2028
nn2a 29400000 29499999 1214
nn2a 29500000 29599999 1441
nn2a 29600000 29699999 924
nn2a 29700000 29799999 1520
nn2a 29800000 29899999 708
nn2a 29900000 29999999 694
nn2a 30000000 30099999 533
nn2a 30100000 30199999 1295
nn2a 30200000 30299999 682
nn2a 30300000 30399999 498
nn2a 30400000 30499999 692
nn2a 30500000 30599999 621
nn2a 30600000 30699999 904
nn2a 30700000 30799999 793
nn2a 30800000 30899999 653
nn2a 30900000 30999999 813
nn2a 31000000 31099999 430
nn2a 31100000 31199999 509
nn2a 31200000 31299999 818
nn2a 31300000 31399999 672
nn2a 31400000 31499999 846
nn2a 31500000 31599999 1475
nn2a 31600000 31699999 755
nn2a 31700000 31799999 933
nn2a 31800000 31899999 713
nn2a 31900000 31999999 820
nn2a 32000000 32099999 1250
nn2a 32100000 32199999 572
nn2a 32200000 32299999 1530
nn2a 32300000 32399999 1641
nn2a 32400000 32499999 792
nn2a 32500000 32599999 543
nn2a 32600000 32699999 1903
nn2a 32700000 32799999 272
nn2a 32800000 32899999 837
nn2a 32900000 32999999 574
nn2a 33000000 33099999 609
nn2a 33100000 33199999 791
nn2a 33200000 33299999 666
nn2a 33300000 33399999 761
nn2a 33400000 33499999 928
nn2a 33500000 33599999 507
nn2a 33600000 33699999 684
nn2a 33700000 33799999 412
nn2a 33800000 33899999 638
nn2a 33900000 33999999 585
nn2a 34000000 34099999 819
nn2a 34100000 34199999 568
nn2a 34200000 34299999 572
nn2a 34300000 34399999 680
nn2a 34400000 34499999 875
nn2a 34500000 34599999 597
nn2a 34600000 34699999 2636
nn2a 34700000 34799999 3211
nn2a 34800000 34899999 1865
nn2a 34900000 34999999 1470
nn2a 35000000 35099999 1423
nn2a 35100000 35199999 1508
nn2a 35200000 35299999 886
nn2a 35300000 35399999 1612
nn2a 35400000 35499999 891
nn2a 35500000 35599999 1430
nn2a 35600000 35699999 900
nn2a 35700000 35799999 1377
nn2a 35800000 35899999 1130
nn2a 35900000 35999999 1313
nn2a 36000000 36099999 1096
nn2a 36100000 36199999 662
nn2a 36200000 36299999 664
nn2a 36300000 36399999 622
nn2a 36400000 36499999 474
nn2a 36500000 36599999 1052
nn2a 36600000 36699999 628
nn2a 36700000 36799999 647
nn2a 36800000 36899999 586
nn2a 36900000 36999999 396
nn2a 37000000 37099999 1221
nn2a 37100000 37199999 566
nn2a 37200000 37299999 623
nn2a 37300000 37399999 813
nn2a 37400000 37499999 951
nn2a 37500000 37599999 500
nn2a 37600000 37699999 365
nn2a 37700000 37799999 1008
nn2a 37800000 37899999 245
nn2a 37900000 37999999 997
nn2a 38000000 38099999 678
nn2a 38100000 38199999 870
nn2a 38200000 38299999 1113
nn2a 38300000 38399999 525
nn2a 38400000 38499999 539
nn2a 38500000 38599999 675
nn2a 38600000 38699999 737
nn2a 38700000 38799999 1000
nn2a 38800000 38899999 1134
nn2a 38900000 38999999 524
nn2a 39000000 39099999 757
nn2a 39100000 39199999 565
nn2a 39200000 39299999 392
nn2a 39300000 39399999 507
nn2a 39400000 39499999 520
nn2a 39500000 39599999 438
nn2a 39600000 39699999 785
nn2a 39700000 39799999 393
nn2a 39800000 39899999 690
nn2a 39900000 39999999 513
nn2a 40000000 40099999 665
nn2a 40100000 40199999 712
nn2a 40200000 40299999 402
nn2a 40300000 40399999 451
nn2a 40400000 40499999 693
nn2a 40500000 40599999 597
nn2a 40600000 40699999 779
nn2a 40700000 40799999 552
nn2a 40800000 40899999 559
nn2a 40900000 40999999 907
nn2a 41000000 41099999 427
nn2a 41100000 41199999 756
nn2a 41200000 41299999 763
nn2a 41300000 41399999 420
nn2a 41400000 41499999 518
nn2a 41500000 41599999 1422
nn2a 41600000 41699999 658
nn2a 41700000 41799999 527
nn2a 41800000 41899999 475
nn2a 41900000 41999999 931
nn2a 42000000 42099999 385
nn2a 42100000 42199999 894
nn2a 42200000 42299999 348
nn2a 42300000 42399999 389
nn2a 42400000 42499999 676
nn2a 42500000 42599999 664
nn2a 42600000 42699999 474
nn2a 42700000 42799999 603
nn2a 42800000 42899999 951
nn2a 42900000 42999999 855
nn2a 43000000 43099999 709
nn2a 43100000 43199999 663
nn2a 43200000 43299999 544
nn2a 43300000 43399999 528
nn2a 43400000 43499999 339
nn2a 43500000 43599999 467
nn2a 43600000 43699999 293
nn2a 43700000 43799999 9627
nn2a 43800000 43899999 742
nn2a 43900000 43999999 491
nn2a 44000000 44099999 475
nn2a 44100000 44199999 676
nn2a 44200000 44299999 683
nn2a 44300000 44399999 590
nn2a 44400000 44499999 574
nn2a 44500000 44599999 600
nn2a 44600000 44699999 559
nn2a 44700000 44799999 484
nn2a 44800000 44899999 423
nn2a 44900000 44999999 618
nn2a 45000000 45099999 478
nn2a 45100000 45199999 734
nn2a 45200000 45299999 613
nn2a 45300000 45399999 587
nn2a 45400000 45499999 1650
nn2a 45500000 45599999 970
nn2a 45600000 45699999 416
nn2a 45700000 45799999 574
nn2a 45800000 45899999 647
nn2a 45900000 45999999 1061
nn2a 46000000 46099999 1170
nn2a 46100000 46199999 438
nn2a 46200000 46299999 459
nn2a 46300000 46399999 607
nn2a 46400000 46499999 1150
nn2a 46500000 46599999 626
nn2a 46600000 46699999 988
nn2a 46700000 46799999 665
nn2a 46800000 46899999 6961
nn2a 46900000 46999999 352
nn2a 47000000 47099999 662
nn2a 47100000 47199999 645
nn2a 47200000 47299999 1131
nn2a 47300000 47399999 725
nn2a 47400000 47499999 1003
nn2a 47500000 47599999 1814
nn2a 47600000 47699999 402
nn2a 47700000 47799999 640
nn2a 47800000 47899999 771
nn2a 47900000 47999999 799
nn2a 48000000 48099999 1804
nn2a 48100000 48199999 989
nn2a 48200000 48299999 637
nn2a 48300000 48399999 612
nn2a 48400000 48499999 729
nn2a 48500000 48599999 1058
nn2a 48600000 48699999 543
nn2a 48700000 48799999 680
nn2a 48800000 48899999 1168
nn2a 48900000 48999999 747
nn2a 49000000 49099999 1721
nn2a 49100000 49199999 1127
nn2a 49200000 49299999 1605
nn2a 49300000 49399999 575
nn2a 49400000 49499999 636
nn2a 49500000 49599999 713
nn2a 49600000 49699999 427
nn2a 49700000 49799999 1268
nn2a 49800000 49899999 1046
nn2a 49900000 49999999 756
nn2a 50000000 50099999 1555
nn2a 50100000 50199999 612
nn2a 50200000 50299999 574
nn2a 50300000 50399999 536
nn2a 50400000 50499999 566
nn2a 50500000 50599999 658
nn2a 50600000 50699999 1029
nn2a 50700000 50799999 680
nn2a 50800000 50899999 963
nn2a 50900000 50999999 773
nn2a 51000000 51099999 1207
nn2a 51100000 51199999 659
nn2a 51200000 51299999 859
nn2a 51300000 51399999 1256
nn2a 51400000 51499999 1524
nn2a 51500000 51599999 1304
nn2a 51600000 51699999 1704
nn2a 51700000 51799999 1994
nn2a 51800000 51899999 782
nn2a 51900000 51999999 1097
nn2a 52000000 52099999 974
nn2a 52100000 52199999 1738
nn2a 52200000 52299999 2277
nn2a 52300000 52355976 1809
nn3 0 99999 17177
nn3 100000 199999 567
nn3 200000 299999 487
nn3 300000 399999 590
nn3 400000 499999 684
nn3 500000 599999 1236
nn3 600000 699999 979
nn3 700000 799999 541
nn3 800000 899999 855
nn3 900000 999999 658
nn3 1000000 1099999 1097
nn3 1100000 1199999 330
nn3 1200000 1299999 454
nn3 1300000 1399999 749
nn3 1400000 1499999 551
nn3 1500000 1599999 948
nn3 1600000 1699999 631
nn3 1700000 1799999 482
nn3 1800000 1899999 591
nn3 1900000 1999999 1605
nn3 2000000 2099999 653
nn3 2100000 2199999 1436
nn3 2200000 2299999 1019
nn3 2300000 2399999 1357
nn3 2400000 2499999 1448
nn3 2500000 2599999 4086
nn3 2600000 2699999 3154
nn3 2700000 2799999 1153
nn3 2800000 2899999 1471
nn3 2900000 2999999 2254
nn3 3000000 3099999 2129
nn3 3100000 3199999 1156
nn3 3200000 3299999 651
nn3 3300000 3399999 3611
nn3 3400000 3499999 2793
nn3 3500000 3599999 1320
nn3 3600000 3699999 676
nn3 3700000 3799999 1518
nn3 3800000 3899999 1065
nn3 3900000 3999999 663
nn3 4000000 4099999 848
nn3 4100000 4199999 935
nn3 4200000 4299999 1527
nn3 4300000 4399999 829
nn3 4400000 4499999 683
nn3 4500000 4599999 321
nn3 4600000 4699999 1293
nn3 4700000 4799999 742
nn3 4800000 4899999 409
nn3 4900000 4999999 295
nn3 5000000 5099999 685
nn3 5100000 5199999 927
nn3 5200000 5299999 545
nn3 5300000 5399999 1912
nn3 5400000 5499999 874
nn3 5500000 5599999 1194
nn3 5600000 5699999 676
nn3 5700000 5799999 2377
nn3 5800000 5899999 1395
nn3 5900000 5999999 2590
nn3 6000000 6099999 300
nn3 6100000 6199999 2159
nn3 6200000 6299999 780
nn3 6300000 6399999 896
nn3 6400000 6499999 5625
nn3 6500000 6599999 1820
nn3 6600000 6699999 535
nn3 6700000 6799999 421
nn3 6800000 6899999 660
nn3 6900000 6999999 814
nn3 7000000 7099999 369
nn3 7100000 7199999 736
nn3 7200000 7299999 547
nn3 7300000 7399999 524
nn3 7400000 7499999 783
nn3 7500000 7599999 1210
nn3 7600000 7699999 1548
nn3 7700000 7799999 1267
nn3 7800000 7899999 1162
nn3 7900000 7999999 1568
nn3 8000000 8099999 1496
nn3 8100000 8199999 2070
nn3 8200000 8299999 1483
nn3 8300000 8399999 910
nn3 8400000 8499999 766
nn3 8500000 8599999 868
nn3 8600000 8699999 1211
nn3 8700000 8799999 413
nn3 8800000 8899999 996
nn3 8900000 8999999 1311
nn3 9000000 9099999 802
nn3 9100000 9199999 901
nn3 9200000 9299999 917
nn3 9300000 9399999 961
nn3 9400000 9499999 518
nn3 9500000 9599999 371
nn3 9600000 9699999 573
nn3 9700000 9799999 434
nn3 9800000 9899999 1051
nn3 9900000 9999999 2198
nn3 10000000 10099999 1625
nn3 10100000 10199999 932
nn3 10200000 10299999 805
nn3 10300000 10399999 1250
nn3 10400000 10499999 2559
nn3 10500000 10599999 1537
nn3 10600000 10699999 1126
nn3 10700000 10799999 942
nn3 10800000 10899999 916
nn3 10900000 10999999 714
nn3 11000000 11099999 877
nn3 11100000 11199999 748
nn3 11200000 11299999 1046
nn3 11300000 11399999 2821
nn3 11400000 11499999 1123
nn3 11500000 11599999 1586
nn3 11600000 11699999 909
nn3 11700000 11799999 1155
nn3 11800000 11899999 1263
nn3 11900000 11999999 820
nn3 12000000 12099999 823
nn3 12100000 12199999 625
nn3 12200000 12299999 814
nn3 12300000 12399999 694
nn3 12400000 12499999 1690
nn3 12500000 12599999 1177
nn3 12600000 12699999 2017
nn3 12700000 12799999 2418
nn3 12800000 12899999 1731
nn3 12900000 12999999 1094
nn3 13000000 13099999 1376
nn3 13100000 13199999 1109
nn3 13200000 13299999 950
nn3 13300000 13399999 1009
nn3 13400000 13499999 956
nn3 13500000 13599999 518
nn3 13600000 13699999 594
nn3 13700000 13799999 849
nn3 13800000 13899999 770
nn3 13900000 13999999 802
nn3 14000000 14099999 953
nn3 14100000 14199999 629
nn3 14200000 14299999 593
nn3 14300000 14399999 731
nn3 14400000 14499999 603
nn3 14500000 14599999 609
nn3 14600000 14699999 645
nn3 14700000 14799999 1002
nn3 14800000 14899999 208
nn3 14900000 14999999 583
nn3 15000000 15099999 697
nn3 15100000 15199999 737
nn3 15200000 15299999 688
nn3 15300000 15399999 512
nn3 15400000 15499999 580
nn3 15500000 15599999 1072
nn3 15600000 15699999 1011
nn3 15700000 15799999 776
nn3 15800000 15899999 1410
nn3 15900000 15999999 1117
nn3 16000000 16099999 806
nn3 16100000 16199999 3283
nn3 16200000 16299999 1999
nn3 16300000 16399999 1914
nn3 16400000 16499999 1327
nn3 16500000 16599999 2467
nn3 16600000 16699999 1095
nn3 16700000 16799999 1444
nn3 16800000 16899999 1129
nn3 16900000 16999999 950
nn3 17000000 17099999 1410
nn3 17100000 17199999 1481
nn3 17200000 17299999 1157
nn3 17300000 17399999 746
nn3 17400000 17499999 493
nn3 17500000 17599999 846
nn3 17600000 17699999 948
nn3 17700000 17799999 761
nn3 17800000 17899999 1016
nn3 17900000 17999999 1187
nn3 18000000 18099999 1068
nn3 18100000 18199999 695
nn3 18200000 18299999 761
nn3 18300000 18399999 1126
nn3 18400000 18499999 610
nn3 18500000 18599999 608
nn3 18600000 18699999 1594
nn3 18700000 18799999 1924
nn3 18800000 18899999 1144
nn3 18900000 18999999 765
nn3 19000000 19099999 929
nn3 19100000 19199999 1216
nn3 19200000 19299999 715
nn3 19300000 19399999 679
nn3 19400000 19499999 449
nn3 19500000 19599999 450
nn3 19600000 19699999 849
nn3 19700000 19799999 927
nn3 19800000 19899999 568
nn3 19900000 19999999 932
nn3 20000000 20099999 689
nn3 20100000 20199999 735
nn3 20200000 20299999 540
nn3 20300000 20399999 1310
nn3 20400000 20499999 722
nn3 20500000 20599999 1201
nn3 20600000 20699999 845
nn3 20700000 20799999 800
nn3 20800000 20899999 1676
nn3 20900000 20999999 1575
nn3 21000000 21099999 1528
nn3 21100000 21199999 1509
nn3 21200000 21299999 1161
nn3 21300000 21399999 1026
nn3 21400000 21499999 1363
nn3 21500000 21599999 1318
nn3 21600000 21699999 1715
nn3 21700000 21799999 1127
nn3 21800000 21899999 765
nn3 21900000 21999999 1136
nn3 22000000 22099999 664
nn3 22100000 22199999 1065
nn3 22200000 22299999 726
nn3 22300000 22399999 559
nn3 22400000 22499999 870
nn3 22500000 22599999 615
nn3 22600000 22699999 769
nn3 22700000 22799999 711
nn3 22800000 22899999 714
nn3 22900000 22999999 498
nn3 23000000 23099999 561
nn3 23100000 23199999 943
nn3 23200000 23299999 1048
nn3 23300000 23399999 715
nn3 23400000 23499999 951
nn3 23500000 23599999 1566
nn3 23600000 23699999 704
nn3 23700000 23799999 1916
nn3 23800000 23899999 608
nn3 23900000 23999999 535
nn3 24000000 24099999 874
nn3 24100000 24199999 543
nn3 24200000 24299999 922
nn3 24300000 24399999 519
nn3 24400000 24499999 674
nn3 24500000 24599999 615
nn3 24600000 24699999 834
nn3 24700000 24799999 973
nn3 24800000 24899999 782
nn3 24900000 24999999 565
nn3 25000000 25099999 487
nn3 25100000 25199999 1071
nn3 25200000 25299999 892
nn3 25300000 25399999 964
nn3 25400000 25499999 855
nn3 25500000 25599999 755
nn3 25600000 25699999 767
nn3 25700000 25799999 899
nn3 25800000 25899999 964
nn3 25900000 25999999 1022
nn3 26000000 26099999 1040
nn3 26100000 26199999 875
nn3 26200000 26299999 994
nn3 26300000 26399999 1191
nn3 26400000 26499999 1518
nn3 26500000 26599999 1130
nn3 26600000 26699999 1688
nn3 26700000 26799999 2411
nn3 26800000 26899999 1605
nn3 26900000 26999999 1238
nn3 27000000 27099999 1288
nn3 27100000 27199999 1800
nn3 27200000 27299999 1636
nn3 27300000 27399999 1569
nn3 27400000 27499999 1323
nn3 27500000 27599999 917
nn3 27600000 27699999 952
nn3 27700000 27799999 1306
nn3 27800000 27899999 866
nn3 27900000 27999999 514
nn3 28000000 28099999 346
nn3 28100000 28199999 591
nn3 28200000 28299999 626
nn3 28300000 28399999 1287
nn3 28400000 28499999 519
nn3 28500000 28599999 615
nn3 28600000 28699999 471
nn3 28700000 28799999 871
nn3 28800000 28899999 648
nn3 28900000 28999999 535
nn3 29000000 29099999 649
nn3 29100000 29199999 963
nn3 29200000 29299999 999
nn3 29300000 29399999 906
nn3 29400000 29499999 735
nn3 29500000 29599999 518
nn3 29600000 29699999 511
nn3 29700000 29799999 568
nn3 29800000 29899999 1135
nn3 29900000 29999999 924
nn3 30000000 30099999 794
nn3 30100000 30199999 989
nn3 30200000 30299999 939
nn3 30300000 30399999 574
nn3 30400000 30499999 977
nn3 30500000 30599999 775
nn3 30600000 30699999 554
nn3 30700000 30799999 754
nn3 30800000 30899999 538
nn3 30900000 30999999 1698
nn3 31000000 31099999 677
nn3 31100000 31199999 1901
nn3 31200000 31299999 656
nn3 31300000 31399999 1952
nn3 31400000 31499999 868
nn3 31500000 31599999 1364
nn3 31600000 31699999 806
nn3 31700000 31799999 413
nn3 31800000 31899999 609
nn3 31900000 31999999 356
nn3 32000000 32099999 985
nn3 32100000 32199999 642
nn3 32200000 32299999 1317
nn3 32300000 32399999 1429
nn3 32400000 32499999 788
nn3 32500000 32599999 1369
nn3 32600000 32699999 1301
nn3 32700000 32799999 1343
nn3 32800000 32899999 860
nn3 32900000 32999999 704
nn3 33000000 33099999 1454
nn3 33100000 33199999 556
nn3 33200000 33299999 629
nn3 33300000 33399999 902
nn3 33400000 33499999 600
nn3 33500000 33599999 684
nn3 33600000 33699999 741
nn3 33700000 33799999 843
nn3 33800000 33899999 764
nn3 33900000 33999999 2466
nn3 34000000 34099999 1592
nn3 34100000 34199999 1734
nn3 34200000 34299999 858
nn3 34300000 34399999 521
nn3 34400000 34499999 809
nn3 34500000 34599999 841
nn3 34600000 34699999 510
nn3 34700000 34799999 351
nn3 34800000 34899999 388
nn3 34900000 34999999 462
nn3 35000000 35099999 922
nn3 35100000 35199999 627
nn3 35200000 35299999 485
nn3 35300000 35399999 540
nn3 35400000 35499999 733
nn3 35500000 35599999 743
nn3 35600000 35699999 494
nn3 35700000 35799999 403
nn3 35800000 35899999 939
nn3 35900000 35999999 362
nn3 36000000 36099999 1254
nn3 36100000 36199999 1030
nn3 36200000 36299999 726
nn3 36300000 36399999 752
nn3 36400000 36499999 1022
nn3 36500000 36599999 845
nn3 36600000 36699999 1299
nn3 36700000 36799999 1231
nn3 36800000 36899999 2060
nn3 36900000 36999999 2410
nn3 37000000 37099999 1801
nn3 37100000 37199999 1842
nn3 37200000 37299999 967
nn3 37300000 37399999 898
nn3 37400000 37499999 1388
nn3 37500000 37599999 1831
nn3 37600000 37699999 1377
nn3 37700000 37799999 1376
nn3 37800000 37899999 1513
nn3 37900000 37999999 1240
nn3 38000000 38099999 1066
nn3 38100000 38199999 1065
nn3 38200000 38299999 925
nn3 38300000 38399999 614
nn3 38400000 38499999 848
nn3 38500000 38599999 1253
nn3 38600000 38699999 1345
nn3 38700000 38799999 1334
nn3 38800000 38899999 565
nn3 38900000 38999999 1057
nn3 39000000 39099999 1864
nn3 39100000 39199999 727
nn3 39200000 39299999 1568
nn3 39300000 39399999 1345
nn3 39400000 39499999 1195
nn3 39500000 39599999 940
nn3 39600000 39699999 793
nn3 39700000 39799999 613
nn3 39800000 39899999 1763
nn3 39900000 39999999 883
nn3 40000000 40099999 1384
nn3 40100000 40199999 682
nn3 40200000 40299999 677
nn3 40300000 40399999 954
nn3 40400000 40499999 435
nn3 40500000 40599999 768
nn3 40600000 40699999 474
nn3 40700000 40799999 622
nn3 40800000 40899999 1116
nn3 40900000 40999999 1538
nn3 41000000 41099999 1781
nn3 41100000 41199999 1928
nn3 41200000 41299999 1665
nn3 41300000 41399999 2054
nn3 41400000 41499999 2178
nn3 41500000 41599999 1227
nn3 41600000 41699999 1679
nn3 41700000 41799999 1283
nn3 41800000 41899999 1172
nn3 41900000 41999999 1120
nn3 42000000 42099999 1088
nn3 42100000 42199999 707
nn3 42200000 42299999 910
nn3 42300000 42399999 691
nn3 42400000 42499999 600
nn3 42500000 42599999 604
nn3 42600000 42699999 630
nn3 42700000 42799999 838
nn3 42800000 42899999 864
nn3 42900000 42999999 771
nn3 43000000 43099999 602
nn3 43100000 43199999 728
nn3 43200000 43299999 470
nn3 43300000 43399999 723
nn3 43400000 43499999 1052
nn3 43500000 43599999 1754
nn3 43600000 43699999 699
nn3 43700000 43799999 2212
nn3 43800000 43899999 763
nn3 43900000 43999999 492
nn3 44000000 44099999 648
nn3 44100000 44199999 397
nn3 44200000 44299999 519
nn3 44300000 44399999 1154
nn3 44400000 44499999 979
nn3 44500000 44599999 616
nn3 44600000 44699999 515
nn3 44700000 44799999 551
nn3 44800000 44899999 563
nn3 44900000 44999999 624
nn3 45000000 45099999 809
nn3 45100000 45199999 694
nn3 45200000 45299999 358
nn3 45300000 45399999 1004
nn3 45400000 45499999 1189
nn3 45500000 45599999 686
nn3 45600000 45699999 1195
nn3 45700000 45799999 953
nn3 45800000 45899999 1319
nn3 45900000 45999999 1157
nn3 46000000 46099999 1440
nn3 46100000 46199999 1330
nn3 46200000 46299999 1220
nn3 46300000 46399999 1878
nn3 46400000 46499999 1194
nn3 46500000 46599999 882
nn3 46600000 46699999 1020
nn3 46700000 46799999 2052
nn3 46800000 46899999 958
nn3 46900000 46999999 1658
nn3 47000000 47099999 2215
nn3 47100000 47199999 621
nn3 47200000 47299999 1012
nn3 47300000 47399999 645
nn3 47400000 47499999 697
nn3 47500000 47599999 827
nn3 47600000 47699999 871
nn3 47700000 47799999 781
nn3 47800000 47899999 681
nn3 47900000 47999999 1152
nn3 48000000 48099999 868
nn3 48100000 48199999 793
nn3 48200000 48299999 683
nn3 48300000 48399999 1174
nn3 48400000 48499999 790
nn3 48500000 48599999 670
nn3 48600000 48699999 865
nn3 48700000 48799999 812
nn3 48800000 48899999 925
nn3 48900000 48999999 474
nn3 49000000 49099999 949
nn3 49100000 49199999 799
nn3 49200000 49299999 1186
nn3 49300000 49399999 745
nn3 49400000 49499999 1413
nn3 49500000 49599999 1560
nn3 49600000 49699999 996
nn3 49700000 49799999 1470
nn3 49800000 49899999 1026
nn3 49900000 49999999 761
nn3 50000000 50099999 1278
nn3 50100000 50199999 838
nn3 50200000 50299999 739
nn3 50300000 50399999 1229
nn3 50400000 50499999 910
nn3 50500000 50599999 1148
nn3 50600000 50699999 896
nn3 50700000 50799999 1327
nn3 50800000 50899999 676
nn3 50900000 50999999 994
nn3 51000000 51099999 770
nn3 51100000 51199999 987
nn3 51200000 51299999 576
nn3 51300000 51399999 517
nn3 51400000 51499999 544
nn3 51500000 51599999 1979
nn3 51600000 51699999 1927
nn3 51700000 51799999 1797
nn3 51800000 51899999 724
nn3 51900000 51999999 705
nn3 52000000 52099999 841
nn3 52100000 52199999 1360
nn3 52200000 52299999 1118
nn3 52300000 52399999 1091
nn3 52400000 52499999 827
nn3 52500000 52599999 1131
nn3 52600000 52699999 690
nn3 52700000 52799999 733
nn3 52800000 52899999 956
nn3 52900000 52999999 740
nn3 53000000 53099999 863
nn3 53100000 53199999 667
nn3 53200000 53299999 619
nn3 53300000 53399999 447
nn3 53400000 53499999 711
nn3 53500000 53599999 286
nn3 53600000 53699999 488
nn3 53700000 53799999 927
nn3 53800000 53899999 1007
nn3 53900000 53999999 1326
nn3 54000000 54099999 810
nn3 54100000 54199999 463
nn3 54200000 54299999 507
nn3 54300000 54399999 1009
nn3 54400000 54499999 1330
nn3 54500000 54599999 1315
nn3 54600000 54699999 1335
nn3 54700000 54799999 1151
nn3 54800000 54899999 974
nn3 54900000 54999999 1315
nn3 55000000 55099999 1890
nn3 55100000 55199999 958
nn3 55200000 55299999 756
nn3 55300000 55399999 781
nn3 55400000 55499999 788
nn3 55500000 55599999 700
nn3 55600000 55699999 933
nn3 55700000 55799999 442
nn3 55800000 55899999 415
nn3 55900000 55999999 706
nn3 56000000 56099999 768
nn3 56100000 56199999 474
nn3 56200000 56299999 725
nn3 56300000 56399999 1423
nn3 56400000 56499999 918
nn3 56500000 56599999 586
nn3 56600000 56699999 387
nn3 56700000 56799999 678
nn3 56800000 56899999 719
nn3 56900000 56999999 751
nn3 57000000 57099999 930
nn3 57100000 57199999 1144
nn3 57200000 57299999 826
nn3 57300000 57399999 1114
nn3 57400000 57499999 1397
nn3 57500000 57599999 1875
nn3 57600000 57699999 1777
nn3 57700000 57799999 741
nn3 57800000 57899999 997
nn3 57900000 57999999 823
nn3 58000000 58099999 752
nn3 58100000 58199999 943
nn3 58200000 58299999 1945
nn3 58300000 58399999 1446
nn3 58400000 58499999 601
nn3 58500000 58599999 487
nn3 58600000 58699999 702
nn3 58700000 58799999 617
nn3 58800000 58899999 423
nn3 58900000 58999999 618
nn3 59000000 59099999 585
nn3 59100000 59199999 384
nn3 59200000 59299999 659
nn3 59300000 59399999 666
nn3 59400000 59499999 567
nn3 59500000 59599999 422
nn3 59600000 59699999 375
nn3 59700000 59799999 533
nn3 59800000 59899999 453
nn3 59900000 59999999 752
nn3 60000000 60099999 730
nn3 60100000 60199999 986
nn3 60200000 60299999 1254
nn3 60300000 60399999 2204
nn3 60400000 60499999 815
nn3 60500000 60599999 581
nn3 60600000 60699999 590
nn3 60700000 60799999 499
nn3 60800000 60899999 622
nn3 60900000 60999999 565
nn3 61000000 61099999 922
nn3 61100000 61199999 528
nn3 61200000 61299999 889
nn3 61300000 61399999 729
nn3 61400000 61499999 735
nn3 61500000 61599999 923
nn3 61600000 61699999 904
nn3 61700000 61799999 666
nn3 61800000 61899999 1159
nn3 61900000 61999999 965
nn3 62000000 62099999 838
nn3 62100000 62199999 685
nn3 62200000 62299999 650
nn3 62300000 62399999 758
nn3 62400000 62499999 601
nn3 62500000 62599999 524
nn3 62600000 62699999 839
nn3 62700000 62799999 464
nn3 62800000 62899999 544
nn3 62900000 62999999 640
nn3 63000000 63099999 714
nn3 63100000 63199999 515
nn3 63200000 63299999 905
nn3 63300000 63399999 494
nn3 63400000 63499999 522
nn3 63500000 63599999 587
nn3 63600000 63699999 744
nn3 63700000 63799999 1084
nn3 63800000 63899999 741
nn3 63900000 63999999 656
nn3 64000000 64099999 637
nn3 64100000 64199999 601
nn3 64200000 64299999 540
nn3 64300000 64399999 494
nn3 64400000 64499999 618
nn3 64500000 64599999 655
nn3 64600000 64699999 915
nn3 64700000 64799999 898
nn3 64800000 64899999 401
nn3 64900000 64999999 848
nn3 65000000 65099999 916
nn3 65100000 65199999 848
nn3 65200000 65299999 518
nn3 65300000 65399999 1005
nn3 65400000 65499999 358
nn3 65500000 65599999 650
nn3 65600000 65699999 1009
nn3 65700000 65799999 981
nn3 65800000 65899999 494
nn3 65900000 65999999 498
nn3 66000000 66099999 742
nn3 66100000 66199999 738
nn3 66200000 66299999 816
nn3 66300000 66399999 861
nn3 66400000 66499999 667
nn3 66500000 66599999 950
nn3 66600000 66699999 819
nn3 66700000 66799999 1361
nn3 66800000 66899999 812
nn3 66900000 66999999 705
nn3 67000000 67099999 683
nn3 67100000 67199999 691
nn3 67200000 67299999 603
nn3 67300000 67399999 1050
nn3 67400000 67499999 891
nn3 67500000 67599999 728
nn3 67600000 67699999 932
nn3 67700000 67799999 895
nn3 67800000 67899999 1064
nn3 67900000 67999999 801
nn3 68000000 68099999 706
nn3 68100000 68199999 712
nn3 68200000 68299999 662
nn3 68300000 68399999 829
nn3 68400000 68499999 524
nn3 68500000 68599999 640
nn3 68600000 68699999 489
nn3 68700000 68799999 848
nn3 68800000 68899999 1245
nn3 68900000 68999999 789
nn3 69000000 69099999 655
nn3 69100000 69199999 695
nn3 69200000 69299999 1221
nn3 69300000 69399999 632
nn3 69400000 69499999 813
nn3 69500000 69599999 1061
nn3 69600000 69699999 1689
nn3 69700000 69799999 864
nn3 69800000 69899999 634
nn3 69900000 69999999 1221
nn3 70000000 70099999 1464
nn3 70100000 70199999 1050
nn3 70200000 70299999 462
nn3 70300000 70399999 758
nn3 70400000 70499999 420
nn3 70500000 70599999 407
nn3 70600000 70699999 1036
nn3 70700000 70799999 729
nn3 70800000 70899999 657
nn3 70900000 70999999 553
nn3 71000000 71099999 840
nn3 71100000 71199999 919
nn3 71200000 71299999 1542
nn3 71300000 71399999 2529
nn3 71400000 71499999 429
nn3 71500000 71599999 550
nn3 71600000 71699999 551
nn3 71700000 71799999 735
nn3 71800000 71899999 653
nn3 71900000 71999999 694
nn3 72000000 72099999 1615
nn3 72100000 72199999 415
nn3 72200000 72299999 543
nn3 72300000 72399999 465
nn3 72400000 72499999 805
nn3 72500000 72599999 569
nn3 72600000 72699999 421
nn3 72700000 72799999 818
nn3 72800000 72899999 590
nn3 72900000 72999999 603
nn3 73000000 73099999 665
nn3 73100000 73199999 539
nn3 73200000 73299999 620
nn3 73300000 73399999 417
nn3 73400000 73499999 739
nn3 73500000 73599999 1048
nn3 73600000 73699999 607
nn3 73700000 73799999 862
nn3 73800000 73899999 609
nn3 73900000 73999999 1110
nn3 74000000 74099999 658
nn3 74100000 74199999 894
nn3 74200000 74299999 1247
nn3 74300000 74399999 635
nn3 74400000 74499999 1214
nn3 74500000 74599999 1058
nn3 74600000 74699999 1093
nn3 74700000 74799999 1095
nn3 74800000 74899999 495
nn3 74900000 74999999 951
nn3 75000000 75099999 1150
nn3 75100000 75199999 1129
nn3 75200000 75299999 1056
nn3 75300000 75399999 735
nn3 75400000 75499999 643
nn3 75500000 75599999 439
nn3 75600000 75699999 784
nn3 75700000 75799999 722
nn3 75800000 75899999 670
nn3 75900000 75999999 471
nn3 76000000 76099999 1085
nn3 76100000 76199999 1208
nn3 76200000 76299999 603
nn3 76300000 76399999 420
nn3 76400000 76499999 583
nn3 76500000 76599999 515
nn3 76600000 76699999 517
nn3 76700000 76799999 591
nn3 76800000 76899999 763
nn3 76900000 76999999 801
nn3 77000000 77099999 560
nn3 77100000 77199999 849
nn3 77200000 77299999 665
nn3 77300000 77399999 640
nn3 77400000 77499999 418
nn3 77500000 77599999 867
nn3 77600000 77699999 198
nn3 77700000 77799999 371
nn3 77800000 77899999 601
nn3 77900000 77999999 909
nn3 78000000 78099999 526
nn3 78100000 78199999 1035
nn3 78200000 78299999 764
nn3 78300000 78399999 939
nn3 78400000 78499999 715
nn3 78500000 78599999 1269
nn3 78600000 78699999 647
nn3 78700000 78799999 952
nn3 78800000 78899999 581
nn3 78900000 78999999 659
nn3 79000000 79099999 706
nn3 79100000 79199999 410
nn3 79200000 79299999 629
nn3 79300000 79399999 735
nn3 79400000 79499999 580
nn3 79500000 79599999 614
nn3 79600000 79699999 652
nn3 79700000 79799999 544
nn3 79800000 79899999 633
nn3 79900000 79999999 410
nn3 80000000 80099999 538
nn3 80100000 80199999 434
nn3 80200000 80299999 775
nn3 80300000 80399999 2098
nn3 80400000 80499999 894
nn3 80500000 80599999 590
nn3 80600000 80699999 563
nn3 80700000 80799999 749
nn3 80800000 80899999 512
nn3 80900000 80999999 571
nn3 81000000 81099999 133
nn3 81100000 81199999 919
nn3 81200000 81299999 695
nn3 81300000 81399999 502
nn3 81400000 81499999 733
nn3 81500000 81599999 525
nn3 81600000 81699999 817
nn3 81700000 81799999 469
nn3 81800000 81899999 1464
nn3 81900000 81999999 537
nn3 82000000 82099999 757
nn3 82100000 82199999 698
nn3 82200000 82299999 639
nn3 82300000 82399999 667
nn3 82400000 82499999 776
nn3 82500000 82599999 719
nn3 82600000 82699999 618
nn3 82700000 82799999 922
nn3 82800000 82899999 478
nn3 82900000 82999999 367
nn3 83000000 83099999 911
nn3 83100000 83199999 560
nn3 83200000 83299999 366
nn3 83300000 83399999 733
nn3 83400000 83499999 951
nn3 83500000 83599999 747
nn3 83600000 83699999 769
nn3 83700000 83799999 632
nn3 83800000 83899999 648
nn3 83900000 83999999 383
nn3 84000000 84099999 372
nn3 84100000 84199999 275
nn3 84200000 84299999 544
nn3 84300000 84399999 930
nn3 84400000 84499999 449
nn3 84500000 84599999 628
nn3 84600000 84699999 460
nn3 84700000 84799999 514
nn3 84800000 84899999 497
nn3 84900000 84999999 661
nn3 85000000 85099999 807
nn3 85100000 85199999 1065
nn3 85200000 85299999 1357
nn3 85300000 85399999 729
nn3 85400000 85499999 704
nn3 85500000 85599999 485
nn3 85600000 85699999 671
nn3 85700000 85799999 464
nn3 85800000 85899999 475
nn3 85900000 85999999 490
nn3 86000000 86099999 757
nn3 86100000 86199999 1200
nn3 86200000 86299999 604
nn3 86300000 86399999 1062
nn3 86400000 86499999 685
nn3 86500000 86599999 853
nn3 86600000 86699999 687
nn3 86700000 86799999 1114
nn3 86800000 86899999 332
nn3 86900000 86999999 606
nn3 87000000 87099999 658
nn3 87100000 87199999 798
nn3 87200000 87299999 568
nn3 87300000 87399999 755
nn3 87400000 87499999 729
nn3 87500000 87599999 1529
nn3 87600000 87699999 609
nn3 87700000 87799999 473
nn3 87800000 87899999 308
nn3 87900000 87999999 550
nn3 88000000 88099999 690
nn3 88100000 88199999 512
nn3 88200000 88299999 1018
nn3 88300000 88399999 732
nn3 88400000 88499999 516
nn3 88500000 88599999 504
nn3 88600000 88699999 562
nn3 88700000 88799999 710
nn3 88800000 88899999 463
nn3 88900000 88999999 693
nn3 89000000 89099999 959
nn3 89100000 89199999 420
nn3 89200000 89299999 973
nn3 89300000 89399999 577
nn3 89400000 89499999 524
nn3 89500000 89599999 620
nn3 89600000 89699999 778
nn3 89700000 89799999 1346
nn3 89800000 89899999 726
nn3 89900000 89999999 1012
nn3 90000000 90099999 399
nn3 90100000 90199999 841
nn3 90200000 90299999 683
nn3 90300000 90399999 306
nn3 90400000 90499999 781
nn3 90500000 90599999 648
nn3 90600000 90699999 383
nn3 90700000 90799999 818
nn3 90800000 90899999 776
nn3 90900000 90999999 617
nn3 91000000 91099999 857
nn3 91100000 91199999 540
nn3 91200000 91299999 649
nn3 91300000 91399999 671
nn3 91400000 91499999 507
nn3 91500000 91599999 1337
nn3 91600000 91699999 880
nn3 91700000 91799999 939
nn3 91800000 91899999 493
nn3 91900000 91999999 534
nn3 92000000 92099999 690
nn3 92100000 92199999 462
nn3 92200000 92299999 718
nn3 92300000 92399999 573
nn3 92400000 92499999 971
nn3 92500000 92599999 989
nn3 92600000 92699999 762
nn3 92700000 92799999 555
nn3 92800000 92899999 344
nn3 92900000 92999999 467
nn3 93000000 93099999 463
nn3 93100000 93199999 409
nn3 93200000 93299999 585
nn3 93300000 93399999 478
nn3 93400000 93499999 727
nn3 93500000 93599999 545
nn3 93600000 93699999 388
nn3 93700000 93799999 658
nn3 93800000 93899999 884
nn3 93900000 93999999 744
nn3 94000000 94099999 560
nn3 94100000 94199999 677
nn3 94200000 94299999 602
nn3 94300000 94399999 795
nn3 94400000 94499999 517
nn3 94500000 94599999 580
nn3 94600000 94699999 577
nn3 94700000 94799999 654
nn3 94800000 94899999 519
nn3 94900000 94999999 634
nn3 95000000 95099999 944
nn3 95100000 95199999 486
nn3 95200000 95299999 464
nn3 95300000 95399999 928
nn3 95400000 95499999 497
nn3 95500000 95599999 760
nn3 95600000 95699999 674
nn3 95700000 95799999 240
nn3 95800000 95899999 695
nn3 95900000 95999999 897
nn3 96000000 96099999 553
nn3 96100000 96199999 494
nn3 96200000 96299999 959
nn3 96300000 96399999 812
nn3 96400000 96499999 633
nn3 96500000 96599999 345
nn3 96600000 96699999 433
nn3 96700000 96799999 617
nn3 96800000 96899999 732
nn3 96900000 96999999 586
nn3 97000000 97099999 657
nn3 97100000 97199999 502
nn3 97200000 97299999 480
nn3 97300000 97399999 746
nn3 97400000 97499999 632
nn3 97500000 97599999 588
nn3 97600000 97699999 555
nn3 97700000 97799999 516
nn3 97800000 97899999 773
nn3 97900000 97999999 1199
nn3 98000000 98099999 485
nn3 98100000 98199999 601
nn3 98200000 98299999 708
nn3 98300000 98399999 657
nn3 98400000 98499999 674
nn3 98500000 98599999 639
nn3 98600000 98699999 686
nn3 98700000 98799999 516
nn3 98800000 98899999 3699
nn3 98900000 98999999 402
nn3 99000000 99099999 519
nn3 99100000 99199999 1236
nn3 99200000 99299999 925
nn3 99300000 99399999 687
nn3 99400000 99499999 851
nn3 99500000 99599999 1063
nn3 99600000 99699999 1080
nn3 99700000 99799999 553
nn3 99800000 99899999 503
nn3 99900000 99999999 740
nn3 100000000 100099999 1399
nn3 100100000 100199999 300
nn3 100200000 100299999 707
nn3 100300000 100399999 939
nn3 100400000 100499999 574
nn3 100500000 100599999 827
nn3 100600000 100699999 664
nn3 100700000 100799999 416
nn3 100800000 100899999 650
nn3 100900000 100999999 469
nn3 101000000 101099999 519
nn3 101100000 101199999 313
nn3 101200000 101299999 546
nn3 101300000 101399999 639
nn3 101400000 101499999 412
nn3 101500000 101599999 548
nn3 101600000 101699999 736
nn3 101700000 101799999 572
nn3 101800000 101899999 504
nn3 101900000 101999999 687
nn3 102000000 102099999 482
nn3 102100000 102199999 466
nn3 102200000 102299999 405
nn3 102300000 102399999 388
nn3 102400000 102499999 869
nn3 102500000 102599999 819
nn3 102600000 102699999 478
nn3 102700000 102799999 585
nn3 102800000 102899999 765
nn3 102900000 102999999 928
nn3 103000000 103099999 586
nn3 103100000 103199999 752
nn3 103200000 103299999 463
nn3 103300000 103399999 325
nn3 103400000 103499999 1017
nn3 103500000 103599999 1279
nn3 103600000 103699999 810
nn3 103700000 103799999 641
nn3 103800000 103899999 756
nn3 103900000 103999999 773
nn3 104000000 104099999 450
nn3 104100000 104199999 414
nn3 104200000 104299999 512
nn3 104300000 104399999 668
nn3 104400000 104499999 689
nn3 104500000 104599999 419
nn3 104600000 104699999 286
nn3 104700000 104799999 796
nn3 104800000 104899999 500
nn3 104900000 104999999 706
nn3 105000000 105099999 817
nn3 105100000 105199999 456
nn3 105200000 105299999 242
nn3 105300000 105399999 524
nn3 105400000 105499999 242
nn3 105500000 105599999 557
nn3 105600000 105699999 913
nn3 105700000 105799999 577
nn3 105800000 105899999 1016
nn3 105900000 105999999 562
nn3 106000000 106099999 713
nn3 106100000 106199999 412
nn3 106200000 106299999 558
nn3 106300000 106399999 387
nn3 106400000 106499999 528
nn3 106500000 106599999 843
nn3 106600000 106699999 444
nn3 106700000 106799999 671
nn3 106800000 106899999 2514
nn3 106900000 106999999 4344
nn3 107000000 107099999 2954
nn3 107100000 107199999 1920
nn3 107200000 107299999 734
nn3 107300000 107399999 553
nn3 107400000 107499999 581
nn3 107500000 107599999 493
nn3 107600000 107699999 691
nn3 107700000 107799999 651
nn3 107800000 107899999 696
nn3 107900000 107999999 494
nn3 108000000 108099999 599
nn3 108100000 108199999 622
nn3 108200000 108299999 777
nn3 108300000 108399999 652
nn3 108400000 108499999 961
nn3 108500000 108599999 738
nn3 108600000 108699999 1258
nn3 108700000 108799999 769
nn3 108800000 108899999 502
nn3 108900000 108999999 711
nn3 109000000 109099999 1143
nn3 109100000 109199999 1461
nn3 109200000 109299999 672
nn3 109300000 109399999 1596
nn3 109400000 109499999 527
nn3 109500000 109599999 847
nn3 109600000 109699999 1226
nn3 109700000 109799999 1477
nn3 109800000 109899999 1179
nn3 109900000 109999999 731
nn3 110000000 110099999 612
nn3 110100000 110199999 1049
nn3 110200000 110299999 903
nn3 110300000 110399999 536
nn3 110400000 110499999 836
nn3 110500000 110599999 1190
nn3 110600000 110699999 1130
nn3 110700000 110799999 1635
nn3 110800000 110899999 938
nn3 110900000 110999999 1226
nn3 111000000 111099999 1800
nn3 111100000 111199999 848
nn3 111200000 111299999 933
nn3 111300000 111382486 1872
nn4 0 99999 17601
nn4 100000 199999 1169
nn4 200000 299999 1668
nn4 300000 399999 5012
nn4 400000 499999 7414
nn4 500000 599999 27281
nn4 600000 699999 8915
nn4 700000 799999 3996
nn4 800000 899999 1984
nn4 900000 999999 2005
nn4 1000000 1099999 1090
nn4 1100000 1199999 858
nn4 1200000 1299999 1685
nn4 1300000 1399999 766
nn4 1400000 1499999 647
nn4 1500000 1599999 2173
nn4 1600000 1699999 1829
nn4 1700000 1799999 588
nn4 1800000 1899999 963
nn4 1900000 1999999 1248
nn4 2000000 2099999 1734
nn4 2100000 2199999 302
nn4 2200000 2299999 961
nn4 2300000 2399999 853
nn4 2400000 2499999 306
nn4 2500000 2599999 602
nn4 2600000 2699999 679
nn4 2700000 2799999 1052
nn4 2800000 2899999 1367
nn4 2900000 2999999 660
nn4 3000000 3099999 1744
nn4 3100000 3199999 358
nn4 3200000 3299999 2400
nn4 3300000 3399999 574
nn4 3400000 3499999 708
nn4 3500000 3599999 664
nn4 3600000 3699999 814
nn4 3700000 3799999 1093
nn4 3800000 3899999 650
nn4 3900000 3999999 1290
nn4 4000000 4099999 975
nn4 4100000 4199999 1057
nn4 4200000 4299999 852
nn4 4300000 4399999 1536
nn4 4400000 4499999 922
nn4 4500000 4599999 896
nn4 4600000 4699999 622
nn4 4700000 4799999 696
nn4 4800000 4899999 1100
nn4 4900000 4999999 1437
nn4 5000000 5099999 658
nn4 5100000 5199999 399
nn4 5200000 5299999 445
nn4 5300000 5399999 2009
nn4 5400000 5499999 446
nn4 5500000 5599999 225
nn4 5600000 5699999 792
nn4 5700000 5799999 439
nn4 5800000 5899999 503
nn4 5900000 5999999 758
nn4 6000000 6099999 1337
nn4 6100000 6199999 407
nn4 6200000 6299999 652
nn4 6300000 6399999 401
nn4 6400000 6499999 740
nn4 6500000 6599999 1081
nn4 6600000 6699999 474
nn4 6700000 6799999 422
nn4 6800000 6899999 347
nn4 6900000 6999999 573
nn4 7000000 7099999 791
nn4 7100000 7199999 1020
nn4 7200000 7299999 437
nn4 7300000 7399999 356
nn4 7400000 7499999 806
nn4 7500000 7599999 1121
nn4 7600000 7699999 911
nn4 7700000 7799999 1279
nn4 7800000 7899999 1385
nn4 7900000 7999999 633
nn4 8000000 8099999 401
nn4 8100000 8199999 683
nn4 8200000 8299999 1079
nn4 8300000 8399999 677
nn4 8400000 8499999 713
nn4 8500000 8599999 404
nn4 8600000 8699999 644
nn4 8700000 8799999 570
nn4 8800000 8899999 415
nn4 8900000 8999999 723
nn4 9000000 9099999 824
nn4 9100000 9199999 675
nn4 9200000 9299999 710
nn4 9300000 9399999 1031
nn4 9400000 9499999 551
nn4 9500000 9599999 693
nn4 9600000 9699999 857
nn4 9700000 9799999 446
nn4 9800000 9899999 1804
nn4 9900000 9999999 1330
nn4 10000000 10099999 1109
nn4 10100000 10199999 770
nn4 10200000 10299999 645
nn4 10300000 10399999 1308
nn4 10400000 10499999 802
nn4 10500000 10599999 569
nn4 10600000 10699999 983
nn4 10700000 10799999 758
nn4 10800000 10899999 633
nn4 10900000 10999999 591
nn4 11000000 11099999 761
nn4 11100000 11199999 771
nn4 11200000 11299999 825
nn4 11300000 11399999 756
nn4 11400000 11499999 487
nn4 11500000 11599999 698
nn4 11600000 11699999 535
nn4 11700000 11799999 497
nn4 11800000 11899999 929
nn4 11900000 11999999 1150
nn4 12000000 12099999 857
nn4 12100000 12199999 674
nn4 12200000 12299999 572
nn4 12300000 12399999 624
nn4 12400000 12499999 1363
nn4 12500000 12599999 817
nn4 12600000 12699999 717
nn4 12700000 12799999 657
nn4 12800000 12899999 780
nn4 12900000 12999999 467
nn4 13000000 13099999 893
nn4 13100000 13199999 1257
nn4 13200000 13299999 825
nn4 13300000 13399999 663
nn4 13400000 13499999 981
nn4 13500000 13599999 616
nn4 13600000 13699999 947
nn4 13700000 13799999 893
nn4 13800000 13899999 1987
nn4 13900000 13999999 577
nn4 14000000 14099999 954
nn4 14100000 14199999 546
nn4 14200000 14299999 713
nn4 14300000 14399999 900
nn4 14400000 14499999 385
nn4 14500000 14599999 626
nn4 14600000 14699999 661
nn4 14700000 14799999 727
nn4 14800000 14899999 536
nn4 14900000 14999999 1035
nn4 15000000 15099999 736
nn4 15100000 15199999 798
nn4 15200000 15299999 721
nn4 15300000 15399999 599
nn4 15400000 15499999 1307
nn4 15500000 15599999 711
nn4 15600000 15699999 898
nn4 15700000 15799999 1266
nn4 15800000 15899999 1327
nn4 15900000 15999999 849
nn4 16000000 16099999 914
nn4 16100000 16199999 763
nn4 16200000 16299999 1018
nn4 16300000 16399999 1136
nn4 16400000 16499999 1281
nn4 16500000 16599999 1017
nn4 16600000 16699999 1135
nn4 16700000 16799999 928
nn4 16800000 16899999 650
nn4 16900000 16999999 577
nn4 17000000 17099999 945
nn4 17100000 17199999 681
nn4 17200000 17299999 891
nn4 17300000 17399999 317
nn4 17400000 17499999 444
nn4 17500000 17599999 784
nn4 17600000 17699999 487
nn4 17700000 17799999 655
nn4 17800000 17899999 581
nn4 17900000 17999999 504
nn4 18000000 18099999 1023
nn4 18100000 18199999 558
nn4 18200000 18299999 363
nn4 18300000 18399999 1002
nn4 18400000 18499999 1126
nn4 18500000 18599999 1363
nn4 18600000 18699999 867
nn4 18700000 18799999 1302
nn4 18800000 18899999 823
nn4 18900000 18999999 1501
nn4 19000000 19099999 1268
nn4 19100000 19199999 1374
nn4 19200000 19299999 1020
nn4 19300000 19399999 1465
nn4 19400000 19499999 1096
nn4 19500000 19599999 1036
nn4 19600000 19699999 1027
nn4 19700000 19799999 1023
nn4 19800000 19899999 1315
nn4 19900000 19999999 1003
nn4 20000000 20099999 930
nn4 20100000 20199999 1056
nn4 20200000 20299999 1179
nn4 20300000 20399999 1137
nn4 20400000 20499999 1252
nn4 20500000 20599999 1020
nn4 20600000 20699999 823
nn4 20700000 20799999 1738
nn4 20800000 20899999 567
nn4 20900000 20999999 576
nn4 21000000 21099999 622
nn4 21100000 21199999 1282
nn4 21200000 21299999 772
nn4 21300000 21399999 781
nn4 21400000 21499999 670
nn4 21500000 21599999 667
nn4 21600000 21699999 640
nn4 21700000 21799999 581
nn4 21800000 21899999 593
nn4 21900000 21999999 479
nn4 22000000 22099999 699
nn4 22100000 22199999 850
nn4 22200000 22299999 997
nn4 22300000 22399999 957
nn4 22400000 22499999 496
nn4 22500000 22599999 571
nn4 22600000 22699999 423
nn4 22700000 22799999 482
nn4 22800000 22899999 929
nn4 22900000 22999999 330
nn4 23000000 23099999 714
nn4 23100000 23199999 821
nn4 23200000 23299999 1098
nn4 23300000 23399999 788
nn4 23400000 23499999 707
nn4 23500000 23599999 1206
nn4 23600000 23699999 642
nn4 23700000 23799999 785
nn4 23800000 23899999 642
nn4 23900000 23999999 542
nn4 24000000 24099999 1274
nn4 24100000 24199999 821
nn4 24200000 24299999 766
nn4 24300000 24399999 726
nn4 24400000 24499999 531
nn4 24500000 24599999 836
nn4 24600000 24699999 994
nn4 24700000 24799999 521
nn4 24800000 24899999 596
nn4 24900000 24999999 799
nn4 25000000 25099999 547
nn4 25100000 25199999 324
nn4 25200000 25299999 538
nn4 25300000 25399999 709
nn4 25400000 25499999 691
nn4 25500000 25599999 690
nn4 25600000 25699999 773
nn4 25700000 25799999 302
nn4 25800000 25899999 1230
nn4 25900000 25999999 604
nn4 26000000 26099999 517
nn4 26100000 26199999 873
nn4 26200000 26299999 759
nn4 26300000 26399999 417
nn4 26400000 26499999 517
nn4 26500000 26599999 578
nn4 26600000 26699999 1052
nn4 26700000 26799999 813
nn4 26800000 26899999 1196
nn4 26900000 26999999 959
nn4 27000000 27099999 1091
nn4 27100000 27199999 1262
nn4 27200000 27299999 858
nn4 27300000 27399999 611
nn4 27400000 27499999 950
nn4 27500000 27599999 1273
nn4 27600000 27699999 1164
nn4 27700000 27799999 885
nn4 27800000 27899999 777
nn4 27900000 27999999 1084
nn4 28000000 28099999 861
nn4 28100000 28199999 676
nn4 28200000 28299999 1478
nn4 28300000 28399999 765
nn4 28400000 28499999 520
nn4 28500000 28599999 685
nn4 28600000 28699999 783
nn4 28700000 28799999 513
nn4 28800000 28899999 1219
nn4 28900000 28999999 858
nn4 29000000 29099999 880
nn4 29100000 29199999 727
nn4 29200000 29299999 1048
nn4 29300000 29399999 983
nn4 29400000 29499999 1021
nn4 29500000 29599999 433
nn4 29600000 29699999 1073
nn4 29700000 29799999 787
nn4 29800000 29899999 1574
nn4 29900000 29999999 577
nn4 30000000 30099999 786
nn4 30100000 30199999 857
nn4 30200000 30299999 890
nn4 30300000 30399999 629
nn4 30400000 30499999 708
nn4 30500000 30599999 791
nn4 30600000 30699999 554
nn4 30700000 30799999 904
nn4 30800000 30899999 775
nn4 30900000 30999999 930
nn4 31000000 31099999 707
nn4 31100000 31199999 674
nn4 31200000 31299999 880
nn4 31300000 31399999 679
nn4 31400000 31499999 849
nn4 31500000 31599999 545
nn4 31600000 31699999 765
nn4 31700000 31799999 848
nn4 31800000 31899999 834
nn4 31900000 31999999 1299
nn4 32000000 32099999 819
nn4 32100000 32199999 614
nn4 32200000 32299999 528
nn4 32300000 32399999 837
nn4 32400000 32499999 830
nn4 32500000 32599999 570
nn4 32600000 32699999 756
nn4 32700000 32799999 594
nn4 32800000 32899999 788
nn4 32900000 32999999 371
nn4 33000000 33099999 656
nn4 33100000 33199999 761
nn4 33200000 33299999 773
nn4 33300000 33399999 706
nn4 33400000 33499999 564
nn4 33500000 33599999 1217
nn4 33600000 33699999 610
nn4 33700000 33799999 896
nn4 33800000 33899999 919
nn4 33900000 33999999 1079
nn4 34000000 34099999 779
nn4 34100000 34199999 667
nn4 34200000 34299999 617
nn4 34300000 34399999 464
nn4 34400000 34499999 735
nn4 34500000 34599999 757
nn4 34600000 34699999 605
nn4 34700000 34799999 1105
nn4 34800000 34899999 684
nn4 34900000 34999999 646
nn4 35000000 35099999 897
nn4 35100000 35199999 704
nn4 35200000 35299999 788
nn4 35300000 35399999 635
nn4 35400000 35499999 785
nn4 35500000 35599999 790
nn4 35600000 35699999 734
nn4 35700000 35799999 688
nn4 35800000 35899999 749
nn4 35900000 35999999 662
nn4 36000000 36099999 627
nn4 36100000 36199999 947
nn4 36200000 36299999 877
nn4 36300000 36399999 1380
nn4 36400000 36499999 785
nn4 36500000 36599999 591
nn4 36600000 36699999 703
nn4 36700000 36799999 937
nn4 36800000 36899999 509
nn4 36900000 36999999 683
nn4 37000000 37099999 1052
nn4 37100000 37199999 732
nn4 37200000 37299999 622
nn4 37300000 37399999 744
nn4 37400000 37499999 577
nn4 37500000 37599999 983
nn4 37600000 37699999 604
nn4 37700000 37799999 636
nn4 37800000 37899999 517
nn4 37900000 37999999 731
nn4 38000000 38099999 681
nn4 38100000 38199999 523
nn4 38200000 38299999 593
nn4 38300000 38399999 422
nn4 38400000 38499999 671
nn4 38500000 38599999 1145
nn4 38600000 38699999 1056
nn4 38700000 38799999 883
nn4 38800000 38899999 594
nn4 38900000 38999999 479
nn4 39000000 39099999 968
nn4 39100000 39199999 1173
nn4 39200000 39299999 735
nn4 39300000 39399999 783
nn4 39400000 39499999 507
nn4 39500000 39599999 482
nn4 39600000 39699999 362
nn4 39700000 39799999 689
nn4 39800000 39899999 347
nn4 39900000 39999999 859
nn4 40000000 40099999 576
nn4 40100000 40199999 555
nn4 40200000 40299999 567
nn4 40300000 40399999 885
nn4 40400000 40499999 544
nn4 40500000 40599999 944
nn4 40600000 40699999 538
nn4 40700000 40799999 781
nn4 40800000 40899999 780
nn4 40900000 40999999 331
nn4 41000000 41099999 549
nn4 41100000 41199999 595
nn4 41200000 41299999 739
nn4 41300000 41399999 889
nn4 41400000 41499999 763
nn4 41500000 41599999 593
nn4 41600000 41699999 643
nn4 41700000 41799999 539
nn4 41800000 41899999 538
nn4 41900000 41999999 380
nn4 42000000 42099999 811
nn4 42100000 42199999 454
nn4 42200000 42299999 624
nn4 42300000 42399999 280
nn4 42400000 42499999 488
nn4 42500000 42599999 393
nn4 42600000 42699999 629
nn4 42700000 42799999 804
nn4 42800000 42899999 682
nn4 42900000 42999999 651
nn4 43000000 43099999 1205
nn4 43100000 43199999 783
nn4 43200000 43299999 514
nn4 43300000 43399999 573
nn4 43400000 43499999 971
nn4 43500000 43599999 1152
nn4 43600000 43699999 1028
nn4 43700000 43799999 681
nn4 43800000 43899999 263
nn4 43900000 43999999 505
nn4 44000000 44099999 675
nn4 44100000 44199999 677
nn4 44200000 44299999 411
nn4 44300000 44399999 802
nn4 44400000 44499999 382
nn4 44500000 44599999 2125
nn4 44600000 44699999 717
nn4 44700000 44799999 465
nn4 44800000 44899999 611
nn4 44900000 44999999 560
nn4 45000000 45099999 477
nn4 45100000 45199999 605
nn4 45200000 45299999 507
nn4 45300000 45399999 401
nn4 45400000 45499999 710
nn4 45500000 45599999 469
nn4 45600000 45699999 705
nn4 45700000 45799999 474
nn4 45800000 45899999 302
nn4 45900000 45999999 643
nn4 46000000 46099999 1002
nn4 46100000 46199999 726
nn4 46200000 46299999 598
nn4 46300000 46399999 386
nn4 46400000 46499999 562
nn4 46500000 46599999 630
nn4 46600000 46699999 895
nn4 46700000 46799999 1091
nn4 46800000 46899999 685
nn4 46900000 46999999 701
nn4 47000000 47099999 400
nn4 47100000 47199999 973
nn4 47200000 47299999 596
nn4 47300000 47399999 1149
nn4 47400000 47499999 762
nn4 47500000 47599999 974
nn4 47600000 47699999 971
nn4 47700000 47799999 728
nn4 47800000 47899999 801
nn4 47900000 47999999 3395
nn4 48000000 48099999 388
nn4 48100000 48199999 566
nn4 48200000 48299999 634
nn4 48300000 48399999 595
nn4 48400000 48499999 664
nn4 48500000 48599999 1075
nn4 48600000 48699999 1149
nn4 48700000 48799999 815
nn4 48800000 48899999 798
nn4 48900000 48999999 947
nn4 49000000 49099999 854
nn4 49100000 49199999 852
nn4 49200000 49299999 869
nn4 49300000 49399999 902
nn4 49400000 49499999 853
nn4 49500000 49599999 834
nn4 49600000 49699999 1077
nn4 49700000 49799999 1472
nn4 49800000 49899999 1143
nn4 49900000 49999999 1258
nn4 50000000 50099999 1269
nn4 50100000 50199999 1254
nn4 50200000 50299999 703
nn4 50300000 50399999 1189
nn4 50400000 50499999 691
nn4 50500000 50599999 1425
nn4 50600000 50699999 861
nn4 50700000 50799999 851
nn4 50800000 50899999 1071
nn4 50900000 50999999 657
nn4 51000000 51099999 489
nn4 51100000 51199999 462
nn4 51200000 51299999 669
nn4 51300000 51399999 556
nn4 51400000 51499999 751
nn4 51500000 51599999 1029
nn4 51600000 51699999 575
nn4 51700000 51799999 324
nn4 51800000 51899999 483
nn4 51900000 51999999 542
nn4 52000000 52099999 579
nn4 52100000 52199999 304
nn4 52200000 52299999 794
nn4 52300000 52399999 592
nn4 52400000 52499999 720
nn4 52500000 52599999 470
nn4 52600000 52699999 578
nn4 52700000 52799999 728
nn4 52800000 52899999 632
nn4 52900000 52999999 874
nn4 53000000 53099999 846
nn4 53100000 53199999 758
nn4 53200000 53299999 761
nn4 53300000 53399999 573
nn4 53400000 53499999 883
nn4 53500000 53599999 954
nn4 53600000 53699999 536
nn4 53700000 53799999 431
nn4 53800000 53899999 5480
nn4 53900000 53999999 1077
nn4 54000000 54099999 692
nn4 54100000 54199999 704
nn4 54200000 54299999 549
nn4 54300000 54399999 696
nn4 54400000 54499999 876
nn4 54500000 54599999 713
nn4 54600000 54699999 1608
nn4 54700000 54799999 944
nn4 54800000 54899999 849
nn4 54900000 54999999 1574
nn4 55000000 55099999 1043
nn4 55100000 55199999 1016
nn4 55200000 55299999 822
nn4 55300000 55399999 711
nn4 55400000 55499999 663
nn4 55500000 55599999 621
nn4 55600000 55699999 743
nn4 55700000 55799999 427
nn4 55800000 55899999 242
nn4 55900000 55999999 315
nn4 56000000 56099999 449
nn4 56100000 56199999 558
nn4 56200000 56299999 775
nn4 56300000 56399999 119
nn4 56400000 56499999 299
nn4 56500000 56599999 1074
nn4 56600000 56699999 542
nn4 56700000 56799999 610
nn4 56800000 56899999 543
nn4 56900000 56999999 705
nn4 57000000 57099999 606
nn4 57100000 57199999 737
nn4 57200000 57299999 527
nn4 57300000 57399999 1094
nn4 57400000 57499999 293
nn4 57500000 57599999 5306
nn4 57600000 57699999 247
nn4 57700000 57799999 847
nn4 57800000 57899999 601
nn4 57900000 57999999 503
nn4 58000000 58099999 494
nn4 58100000 58199999 630
nn4 58200000 58299999 732
nn4 58300000 58399999 913
nn4 58400000 58499999 698
nn4 58500000 58599999 703
nn4 58600000 58699999 506
nn4 58700000 58799999 734
nn4 58800000 58899999 500
nn4 58900000 58999999 536
nn4 59000000 59099999 709
nn4 59100000 59199999 751
nn4 59200000 59299999 472
nn4 59300000 59399999 721
nn4 59400000 59499999 815
nn4 59500000 59599999 867
nn4 59600000 59699999 723
nn4 59700000 59799999 878
nn4 59800000 59899999 969
nn4 59900000 59999999 548
nn4 60000000 60099999 613
nn4 60100000 60199999 566
nn4 60200000 60299999 436
nn4 60300000 60399999 439
nn4 60400000 60499999 916
nn4 60500000 60599999 543
nn4 60600000 60699999 560
nn4 60700000 60799999 712
nn4 60800000 60899999 570
nn4 60900000 60999999 1378
nn4 61000000 61099999 312
nn4 61100000 61199999 557
nn4 61200000 61299999 318
nn4 61300000 61399999 592
nn4 61400000 61499999 967
nn4 61500000 61599999 529
nn4 61600000 61699999 429
nn4 61700000 61799999 856
nn4 61800000 61899999 734
nn4 61900000 61999999 544
nn4 62000000 62099999 1074
nn4 62100000 62199999 559
nn4 62200000 62299999 232
nn4 62300000 62399999 743
nn4 62400000 62499999 294
nn4 62500000 62599999 401
nn4 62600000 62699999 647
nn4 62700000 62799999 937
nn4 62800000 62899999 549
nn4 62900000 62999999 867
nn4 63000000 63099999 1426
nn4 63100000 63199999 1072
nn4 63200000 63299999 454
nn4 63300000 63399999 581
nn4 63400000 63499999 1199
nn4 63500000 63599999 1143
nn4 63600000 63699999 1093
nn4 63700000 63799999 1119
nn4 63800000 63899999 953
nn4 63900000 63999999 1000
nn4 64000000 64099999 831
nn4 64100000 64199999 853
nn4 64200000 64299999 409
nn4 64300000 64399999 843
nn4 64400000 64499999 756
nn4 64500000 64599999 885
nn4 64600000 64699999 842
nn4 64700000 64799999 641
nn4 64800000 64899999 877
nn4 64900000 64999999 822
nn4 65000000 65099999 601
nn4 65100000 65199999 933
nn4 65200000 65299999 2882
nn4 65300000 65399999 801
nn4 65400000 65499999 725
nn4 65500000 65599999 1274
nn4 65600000 65699999 874
nn4 65700000 65799999 418
nn4 65800000 65899999 605
nn4 65900000 65999999 619
nn4 66000000 66099999 737
nn4 66100000 66199999 624
nn4 66200000 66299999 3617
nn4 66300000 66399999 504
nn4 66400000 66499999 448
nn4 66500000 66599999 700
nn4 66600000 66699999 668
nn4 66700000 66799999 110
nn4 66800000 66899999 567
nn4 66900000 66999999 821
nn4 67000000 67099999 569
nn4 67100000 67199999 748
nn4 67200000 67299999 466
nn4 67300000 67399999 519
nn4 67400000 67499999 564
nn4 67500000 67599999 436
nn4 67600000 67699999 665
nn4 67700000 67799999 736
nn4 67800000 67899999 915
nn4 67900000 67999999 875
nn4 68000000 68099999 703
nn4 68100000 68199999 707
nn4 68200000 68299999 924
nn4 68300000 68399999 1167
nn4 68400000 68499999 824
nn4 68500000 68599999 1405
nn4 68600000 68699999 630
nn4 68700000 68799999 892
nn4 68800000 68899999 648
nn4 68900000 68999999 353
nn4 69000000 69099999 601
nn4 69100000 69199999 1246
nn4 69200000 69299999 920
nn4 69300000 69399999 549
nn4 69400000 69499999 598
nn4 69500000 69599999 912
nn4 69600000 69699999 931
nn4 69700000 69799999 744
nn4 69800000 69899999 582
nn4 69900000 69999999 1215
nn4 70000000 70099999 680
nn4 70100000 70199999 711
nn4 70200000 70299999 945
nn4 70300000 70399999 604
nn4 70400000 70499999 476
nn4 70500000 70599999 1373
nn4 70600000 70699999 582
nn4 70700000 70799999 780
nn4 70800000 70899999 746
nn4 70900000 70999999 685
nn4 71000000 71099999 880
nn4 71100000 71199999 1411
nn4 71200000 71299999 1010
nn4 71300000 71399999 3055
nn4 71400000 71499999 4315
nn4 71500000 71599999 1563
nn4 71600000 71699999 1150
nn4 71700000 71799999 1458
nn4 71800000 71899999 1076
nn4 71900000 71999999 1055
nn4 72000000 72099999 1529
nn4 72100000 72199999 2480
nn4 72200000 72274758 4543
nn4a 0 99999 611
nn4a 100000 199999 618
nn4a 200000 299999 878
nn4a 300000 399999 366
nn4a 400000 499999 936
nn4a 500000 599999 1085
nn4a 600000 699999 616
nn4a 700000 799999 1307
nn4a 800000 899999 781
nn4a 900000 999999 782
nn4a 1000000 1099999 1301
nn4a 1100000 1199999 819
nn4a 1200000 1299999 471
nn4a 1300000 1399999 633
nn4a 1400000 1499999 992
nn4a 1500000 1599999 916
nn4a 1600000 1699999 1361
nn4a 1700000 1799999 1414
nn4a 1800000 1899999 1345
nn4a 1900000 1999999 747
nn4a 2000000 2099999 836
nn4a 2100000 2199999 569
nn4a 2200000 2299999 404
nn4a 2300000 2399999 1517
nn4a 2400000 2499999 478
nn4a 2500000 2599999 1154
nn4a 2600000 2699999 1291
nn4a 2700000 2799999 439
nn4a 2800000 2899999 945
nn4a 2900000 2999999 716
nn4a 3000000 3099999 628
nn4a 3100000 3199999 325
nn4a 3200000 3299999 1348
nn4a 3300000 3399999 519
nn4a 3400000 3499999 745
nn4a 3500000 3599999 610
nn4a 3600000 3699999 397
nn4a 3700000 3799999 479
nn4a 3800000 3899999 514
nn4a 3900000 3999999 1909
nn4a 4000000 4099999 651
nn4a 4100000 4199999 553
nn4a 4200000 4299999 1887
nn4a 4300000 4399999 520
nn4a 4400000 4499999 491
nn4a 4500000 4599999 1111
nn4a 4600000 4699999 751
nn4a 4700000 4799999 407
nn4a 4800000 4899999 510
nn4a 4900000 4999999 163
nn4a 5000000 5099999 421
nn4a 5100000 5199999 680
nn4a 5200000 5299999 751
nn4a 5300000 5399999 366
nn4a 5400000 5499999 252
nn4a 5500000 5599999 589
nn4a 5600000 5699999 719
nn4a 5700000 5799999 788
nn4a 5800000 5899999 800
nn4a 5900000 5999999 705
nn4a 6000000 6099999 1153
nn4a 6100000 6199999 746
nn4a 6200000 6299999 898
nn4a 6300000 6399999 860
nn4a 6400000 6499999 645
nn4a 6500000 6599999 803
nn4a 6600000 6699999 1057
nn4a 6700000 6799999 672
nn4a 6800000 6899999 880
nn4a 6900000 6999999 773
nn4a 7000000 7099999 987
nn4a 7100000 7199999 770
nn4a 7200000 7299999 1430
nn4a 7300000 7399999 685
nn4a 7400000 7499999 541
nn4a 7500000 7599999 732
nn4a 7600000 7699999 658
nn4a 7700000 7799999 683
nn4a 7800000 7899999 883
nn4a 7900000 7999999 1149
nn4a 8000000 8099999 615
nn4a 8100000 8199999 611
nn4a 8200000 8299999 466
nn4a 8300000 8399999 643
nn4a 8400000 8499999 730
nn4a 8500000 8599999 690
nn4a 8600000 8699999 448
nn4a 8700000 8799999 923
nn4a 8800000 8899999 1454
nn4a 8900000 8999999 379
nn4a 9000000 9099999 885
nn4a 9100000 9199999 603
nn4a 9200000 9299999 459
nn4a 9300000 9399999 617
nn4a 9400000 9499999 414
nn4a 9500000 9599999 437
nn4a 9600000 9699999 666
nn4a 9700000 9799999 596
nn4a 9800000 9899999 864
nn4a 9900000 9999999 815
nn4a 10000000 10099999 499
nn4a 10100000 10199999 853
nn4a 10200000 10299999 522
nn4a 10300000 10399999 628
nn4a 10400000 10499999 520
nn4a 10500000 10599999 848
nn4a 10600000 10699999 631
nn4a 10700000 10799999 421
nn4a 10800000 10899999 590
nn4a 10900000 10999999 452
nn4a 11000000 11099999 662
nn4a 11100000 11199999 475
nn4a 11200000 11299999 399
nn4a 11300000 11399999 761
nn4a 11400000 11499999 512
nn4a 11500000 11599999 479
nn4a 11600000 11699999 318
nn4a 11700000 11799999 560
nn4a 11800000 11899999 586
nn4a 11900000 11999999 291
nn4a 12000000 12099999 660
nn4a 12100000 12199999 503
nn4a 12200000 12299999 930
nn4a 12300000 12399999 445
nn4a 12400000 12499999 629
nn4a 12500000 12599999 669
nn4a 12600000 12699999 720
nn4a 12700000 12799999 888
nn4a 12800000 12899999 604
nn4a 12900000 12999999 476
nn4a 13000000 13099999 282
nn4a 13100000 13199999 593
nn4a 13200000 13299999 435
nn4a 13300000 13399999 606
nn4a 13400000 13499999 441
nn4a 13500000 13599999 511
nn4a 13600000 13699999 741
nn4a 13700000 13799999 500
nn4a 13800000 13899999 519
nn4a 13900000 13999999 523
nn4a 14000000 14099999 264
nn4a 14100000 14199999 499
nn4a 14200000 14299999 510
nn4a 14300000 14399999 444
nn4a 14400000 14499999 314
nn4a 14500000 14599999 481
nn4a 14600000 14699999 446
nn4a 14700000 14799999 616
nn4a 14800000 14899999 856
nn4a 14900000 14999999 548
nn4a 15000000 15099999 618
nn4a 15100000 15199999 440
nn4a 15200000 15299999 720
nn4a 15300000 15399999 487
nn4a 15400000 15499999 543
nn4a 15500000 15599999 1197
nn4a 15600000 15699999 934
nn4a 15700000 15799999 865
nn4a 15800000 15899999 472
nn4a 15900000 15999999 520
nn4a 16000000 16099999 367
nn4a 16100000 16199999 490
nn4a 16200000 16299999 453
nn4a 16300000 16399999 854
nn4a 16400000 16499999 368
nn4a 16500000 16599999 746
nn4a 16600000 16699999 509
nn4a 16700000 16799999 629
nn4a 16800000 16899999 681
nn4a 16900000 16999999 479
nn4a 17000000 17099999 508
nn4a 17100000 17199999 471
nn4a 17200000 17299999 448
nn4a 17300000 17399999 942
nn4a 17400000 17499999 2368
nn4a 17500000 17599999 982
nn4a 17600000 17699999 410
nn4a 17700000 17799999 453
nn4a 17800000 17899999 1885
nn4a 17900000 17999999 551
nn4a 18000000 18099999 1068
nn4a 18100000 18199999 755
nn4a 18200000 18299999 888
nn4a 18300000 18399999 656
nn4a 18400000 18499999 1070
nn4a 18500000 18599999 760
nn4a 18600000 18699999 1145
nn4a 18700000 18799999 1690
nn4a 18800000 18899999 1829
nn4a 18900000 18999999 1915
nn4a 19000000 19099999 1384
nn4a 19100000 19199999 1576
nn4a 19200000 19299999 1067
nn4a 19300000 19399999 33
nn4a 19400000 19499999 368
nn4a 19500000 19599999 1845
nn4a 19600000 19699999 2324
nn4a 19700000 19703776 1676
nn5 0 99999 17664
nn5 100000 199999 2683
nn5 200000 299999 929
nn5 300000 399999 342
nn5 400000 499999 526
nn5 500000 599999 467
nn5 600000 699999 588
nn5 700000 799999 631
nn5 800000 899999 541
nn5 900000 999999 1037
nn5 1000000 1099999 673
nn5 1100000 1199999 757
nn5 1200000 1299999 437
nn5 1300000 1399999 1506
nn5 1400000 1499999 574
nn5 1500000 1599999 729
nn5 1600000 1699999 730
nn5 1700000 1799999 428
nn5 1800000 1899999 629
nn5 1900000 1999999 515
nn5 2000000 2099999 1152
nn5 2100000 2199999 437
nn5 2200000 2299999 1012
nn5 2300000 2399999 499
nn5 2400000 2499999 731
nn5 2500000 2599999 511
nn5 2600000 2699999 676
nn5 2700000 2799999 777
nn5 2800000 2899999 589
nn5 2900000 2999999 565
nn5 3000000 3099999 582
nn5 3100000 3199999 813
nn5 3200000 3299999 308
nn5 3300000 3399999 409
nn5 3400000 3499999 610
nn5 3500000 3599999 673
nn5 3600000 3699999 1360
nn5 3700000 3799999 888
nn5 3800000 3899999 830
nn5 3900000 3999999 753
nn5 4000000 4099999 518
nn5 4100000 4199999 540
nn5 4200000 4299999 842
nn5 4300000 4399999 716
nn5 4400000 4499999 1088
nn5 4500000 4599999 742
nn5 4600000 4699999 640
nn5 4700000 4799999 668
nn5 4800000 4899999 1476
nn5 4900000 4999999 1628
nn5 5000000 5099999 2213
nn5 5100000 5199999 2374
nn5 5200000 5299999 833
nn5 5300000 5399999 565
nn5 5400000 5499999 561
nn5 5500000 5599999 1027
nn5 5600000 5699999 1744
nn5 5700000 5799999 559
nn5 5800000 5899999 666
nn5 5900000 5999999 709
nn5 6000000 6099999 663
nn5 6100000 6199999 459
nn5 6200000 6299999 291
nn5 6300000 6399999 686
nn5 6400000 6499999 407
nn5 6500000 6599999 1148
nn5 6600000 6699999 976
nn5 6700000 6799999 1294
nn5 6800000 6899999 1205
nn5 6900000 6999999 1894
nn5 7000000 7099999 1318
nn5 7100000 7199999 691
nn5 7200000 7299999 474
nn5 7300000 7399999 781
nn5 7400000 7499999 942
nn5 7500000 7599999 970
nn5 7600000 7699999 741
nn5 7700000 7799999 680
nn5 7800000 7899999 544
nn5 7900000 7999999 900
nn5 8000000 8099999 497
nn5 8100000 8199999 1050
nn5 8200000 8299999 664
nn5 8300000 8399999 453
nn5 8400000 8499999 580
nn5 8500000 8599999 813
nn5 8600000 8699999 622
nn5 8700000 8799999 721
nn5 8800000 8899999 657
nn5 8900000 8999999 777
nn5 9000000 9099999 791
nn5 9100000 9199999 1161
nn5 9200000 9299999 863
nn5 9300000 9399999 446
nn5 9400000 9499999 727
nn5 9500000 9599999 877
nn5 9600000 9699999 324
nn5 9700000 9799999 373
nn5 9800000 9899999 996
nn5 9900000 9999999 565
nn5 10000000 10099999 746
nn5 10100000 10199999 460
nn5 10200000 10299999 467
nn5 10300000 10399999 578
nn5 10400000 10499999 466
nn5 10500000 10599999 419
nn5 10600000 10699999 728
nn5 10700000 10799999 755
nn5 10800000 10899999 586
nn5 10900000 10999999 666
nn5 11000000 11099999 578
nn5 11100000 11199999 1403
nn5 11200000 11299999 746
nn5 11300000 11399999 879
nn5 11400000 11499999 570
nn5 11500000 11599999 514
nn5 11600000 11699999 1172
nn5 11700000 11799999 713
nn5 11800000 11899999 350
nn5 11900000 11999999 476
nn5 12000000 12099999 608
nn5 12100000 12199999 365
nn5 12200000 12299999 1253
nn5 12300000 12399999 573
nn5 12400000 12499999 619
nn5 12500000 12599999 515
nn5 12600000 12699999 426
nn5 12700000 12799999 446
nn5 12800000 12899999 546
nn5 12900000 12999999 464
nn5 13000000 13099999 486
nn5 13100000 13199999 731
nn5 13200000 13299999 903
nn5 13300000 13399999 931
nn5 13400000 13499999 517
nn5 13500000 13599999 584
nn5 13600000 13699999 574
nn5 13700000 13799999 837
nn5 13800000 13899999 1035
nn5 13900000 13999999 704
nn5 14000000 14099999 380
nn5 14100000 14199999 64
nn5 14200000 14299999 743
nn5 14300000 14399999 252
nn5 14400000 14499999 815
nn5 14500000 14599999 368
nn5 14600000 14699999 759
nn5 14700000 14799999 2128
nn5 14800000 14899999 532
nn5 14900000 14999999 531
nn5 15000000 15099999 947
nn5 15100000 15199999 501
nn5 15200000 15299999 504
nn5 15300000 15399999 539
nn5 15400000 15499999 342
nn5 15500000 15599999 429
nn5 15600000 15699999 618
nn5 15700000 15799999 564
nn5 15800000 15899999 572
nn5 15900000 15999999 566
nn5 16000000 16099999 410
nn5 16100000 16199999 626
nn5 16200000 16299999 527
nn5 16300000 16399999 396
nn5 16400000 16499999 299
nn5 16500000 16599999 529
nn5 16600000 16699999 546
nn5 16700000 16799999 541
nn5 16800000 16899999 465
nn5 16900000 16999999 679
nn5 17000000 17099999 1318
nn5 17100000 17199999 459
nn5 17200000 17299999 1009
nn5 17300000 17399999 415
nn5 17400000 17499999 774
nn5 17500000 17599999 908
nn5 17600000 17699999 1406
nn5 17700000 17799999 905
nn5 17800000 17899999 659
nn5 17900000 17999999 574
nn5 18000000 18099999 711
nn5 18100000 18199999 776
nn5 18200000 18299999 939
nn5 18300000 18399999 866
nn5 18400000 18499999 643
nn5 18500000 18599999 334
nn5 18600000 18699999 293
nn5 18700000 18799999 548
nn5 18800000 18899999 762
nn5 18900000 18999999 513
nn5 19000000 19099999 699
nn5 19100000 19199999 642
nn5 19200000 19299999 611
nn5 19300000 19399999 233
nn5 19400000 19499999 643
nn5 19500000 19599999 463
nn5 19600000 19699999 683
nn5 19700000 19799999 1134
nn5 19800000 19899999 1064
nn5 19900000 19999999 1092
nn5 20000000 20099999 717
nn5 20100000 20199999 1287
nn5 20200000 20299999 1145
nn5 20300000 20399999 1138
nn5 20400000 20499999 794
nn5 20500000 20599999 738
nn5 20600000 20699999 688
nn5 20700000 20799999 903
nn5 20800000 20899999 912
nn5 20900000 20999999 968
nn5 21000000 21099999 700
nn5 21100000 21199999 1055
nn5 21200000 21299999 2001
nn5 21300000 21399999 560
nn5 21400000 21499999 740
nn5 21500000 21599999 463
nn5 21600000 21699999 945
nn5 21700000 21799999 250
nn5 21800000 21899999 733
nn5 21900000 21999999 916
nn5 22000000 22099999 529
nn5 22100000 22199999 582
nn5 22200000 22299999 420
nn5 22300000 22399999 345
nn5 22400000 22499999 887
nn5 22500000 22599999 443
nn5 22600000 22699999 502
nn5 22700000 22799999 1308
nn5 22800000 22899999 707
nn5 22900000 22999999 589
nn5 23000000 23099999 594
nn5 23100000 23199999 722
nn5 23200000 23299999 800
nn5 23300000 23399999 612
nn5 23400000 23499999 748
nn5 23500000 23599999 554
nn5 23600000 23699999 453
nn5 23700000 23799999 601
nn5 23800000 23899999 425
nn5 23900000 23999999 843
nn5 24000000 24099999 394
nn5 24100000 24199999 438
nn5 24200000 24299999 252
nn5 24300000 24399999 489
nn5 24400000 24499999 403
nn5 24500000 24599999 341
nn5 24600000 24699999 415
nn5 24700000 24799999 458
nn5 24800000 24899999 691
nn5 24900000 24999999 712
nn5 25000000 25099999 498
nn5 25100000 25199999 592
nn5 25200000 25299999 363
nn5 25300000 25399999 622
nn5 25400000 25499999 583
nn5 25500000 25599999 711
nn5 25600000 25699999 978
nn5 25700000 25799999 369
nn5 25800000 25899999 284
nn5 25900000 25999999 571
nn5 26000000 26099999 680
nn5 26100000 26199999 650
nn5 26200000 26299999 677
nn5 26300000 26399999 512
nn5 26400000 26499999 413
nn5 26500000 26599999 657
nn5 26600000 26699999 607
nn5 26700000 26799999 734
nn5 26800000 26899999 489
nn5 26900000 26999999 569
nn5 27000000 27099999 507
nn5 27100000 27199999 620
nn5 27200000 27299999 608
nn5 27300000 27399999 557
nn5 27400000 27499999 625
nn5 27500000 27599999 363
nn5 27600000 27699999 519
nn5 27700000 27799999 607
nn5 27800000 27899999 479
nn5 27900000 27999999 471
nn5 28000000 28099999 436
nn5 28100000 28199999 317
nn5 28200000 28299999 250
nn5 28300000 28399999 466
nn5 28400000 28499999 533
nn5 28500000 28599999 651
nn5 28600000 28699999 435
nn5 28700000 28799999 449
nn5 28800000 28899999 444
nn5 28900000 28999999 345
nn5 29000000 29099999 313
nn5 29100000 29199999 498
nn5 29200000 29299999 781
nn5 29300000 29399999 582
nn5 29400000 29499999 1181
nn5 29500000 29599999 659
nn5 29600000 29699999 718
nn5 29700000 29799999 745
nn5 29800000 29899999 628
nn5 29900000 29999999 914
nn5 30000000 30099999 1593
nn5 30100000 30199999 499
nn5 30200000 30299999 703
nn5 30300000 30399999 928
nn5 30400000 30499999 692
nn5 30500000 30599999 956
nn5 30600000 30699999 804
nn5 30700000 30799999 596
nn5 30800000 30899999 631
nn5 30900000 30999999 766
nn5 31000000 31099999 947
nn5 31100000 31199999 493
nn5 31200000 31299999 566
nn5 31300000 31399999 749
nn5 31400000 31499999 1216
nn5 31500000 31599999 643
nn5 31600000 31699999 1520
nn5 31700000 31799999 978
nn5 31800000 31899999 1242
nn5 31900000 31999999 973
nn5 32000000 32099999 784
nn5 32100000 32199999 1213
nn5 32200000 32299999 1128
nn5 32300000 32399999 662
nn5 32400000 32499999 1333
nn5 32500000 32599999 841
nn5 32600000 32699999 1459
nn5 32700000 32799999 1518
nn5 32800000 32899999 1127
nn5 32900000 32999999 820
nn5 33000000 33099999 1365
nn5 33100000 33199999 707
nn5 33200000 33299999 769
nn5 33300000 33399999 933
nn5 33400000 33499999 989
nn5 33500000 33599999 1000
nn5 33600000 33699999 934
nn5 33700000 33799999 1237
nn5 33800000 33899999 511
nn5 33900000 33999999 932
nn5 34000000 34099999 933
nn5 34100000 34199999 1009
nn5 34200000 34299999 984
nn5 34300000 34399999 549
nn5 34400000 34499999 652
nn5 34500000 34599999 777
nn5 34600000 34699999 783
nn5 34700000 34799999 541
nn5 34800000 34899999 1012
nn5 34900000 34999999 1693
nn5 35000000 35099999 813
nn5 35100000 35199999 743
nn5 35200000 35299999 1053
nn5 35300000 35399999 2092
nn5 35400000 35499999 492
nn5 35500000 35599999 710
nn5 35600000 35699999 740
nn5 35700000 35799999 861
nn5 35800000 35899999 614
nn5 35900000 35999999 608
nn5 36000000 36099999 1340
nn5 36100000 36199999 695
nn5 36200000 36299999 966
nn5 36300000 36399999 778
nn5 36400000 36499999 753
nn5 36500000 36599999 792
nn5 36600000 36699999 459
nn5 36700000 36799999 740
nn5 36800000 36899999 1226
nn5 36900000 36999999 1219
nn5 37000000 37099999 1040
nn5 37100000 37199999 707
nn5 37200000 37299999 903
nn5 37300000 37399999 656
nn5 37400000 37499999 1709
nn5 37500000 37599999 844
nn5 37600000 37699999 621
nn5 37700000 37799999 609
nn5 37800000 37899999 507
nn5 37900000 37999999 528
nn5 38000000 38099999 478
nn5 38100000 38199999 465
nn5 38200000 38299999 405
nn5 38300000 38399999 900
nn5 38400000 38499999 573
nn5 38500000 38599999 541
nn5 38600000 38699999 648
nn5 38700000 38799999 492
nn5 38800000 38899999 366
nn5 38900000 38999999 494
nn5 39000000 39099999 668
nn5 39100000 39199999 713
nn5 39200000 39299999 844
nn5 39300000 39399999 717
nn5 39400000 39499999 537
nn5 39500000 39599999 561
nn5 39600000 39699999 409
nn5 39700000 39799999 673
nn5 39800000 39899999 439
nn5 39900000 39999999 403
nn5 40000000 40099999 925
nn5 40100000 40199999 836
nn5 40200000 40299999 392
nn5 40300000 40399999 830
nn5 40400000 40499999 972
nn5 40500000 40599999 514
nn5 40600000 40699999 752
nn5 40700000 40799999 789
nn5 40800000 40899999 854
nn5 40900000 40999999 595
nn5 41000000 41099999 1079
nn5 41100000 41199999 766
nn5 41200000 41299999 561
nn5 41300000 41399999 791
nn5 41400000 41499999 789
nn5 41500000 41599999 689
nn5 41600000 41699999 583
nn5 41700000 41799999 1050
nn5 41800000 41899999 1028
nn5 41900000 41999999 923
nn5 42000000 42099999 897
nn5 42100000 42199999 608
nn5 42200000 42299999 1057
nn5 42300000 42399999 1626
nn5 42400000 42499999 1109
nn5 42500000 42599999 1922
nn5 42600000 42699999 1478
nn5 42700000 42799999 706
nn5 42800000 42899999 925
nn5 42900000 42999999 1006
nn5 43000000 43099999 676
nn5 43100000 43199999 584
nn5 43200000 43299999 915
nn5 43300000 43399999 532
nn5 43400000 43499999 788
nn5 43500000 43599999 751
nn5 43600000 43699999 757
nn5 43700000 43799999 616
nn5 43800000 43899999 722
nn5 43900000 43999999 592
nn5 44000000 44099999 618
nn5 44100000 44199999 441
nn5 44200000 44299999 807
nn5 44300000 44399999 802
nn5 44400000 44499999 769
nn5 44500000 44599999 645
nn5 44600000 44699999 443
nn5 44700000 44799999 744
nn5 44800000 44899999 643
nn5 44900000 44999999 1023
nn5 45000000 45099999 796
nn5 45100000 45199999 725
nn5 45200000 45299999 774
nn5 45300000 45399999 640
nn5 45400000 45499999 382
nn5 45500000 45599999 641
nn5 45600000 45699999 670
nn5 45700000 45799999 734
nn5 45800000 45899999 962
nn5 45900000 45999999 852
nn5 46000000 46099999 738
nn5 46100000 46199999 899
nn5 46200000 46299999 453
nn5 46300000 46399999 786
nn5 46400000 46499999 913
nn5 46500000 46599999 1144
nn5 46600000 46699999 780
nn5 46700000 46799999 664
nn5 46800000 46899999 885
nn5 46900000 46999999 717
nn5 47000000 47099999 578
nn5 47100000 47199999 1080
nn5 47200000 47299999 923
nn5 47300000 47399999 1429
nn5 47400000 47499999 1113
nn5 47500000 47599999 1545
nn5 47600000 47699999 1265
nn5 47700000 47799999 1048
nn5 47800000 47899999 1324
nn5 47900000 47999999 1577
nn5 48000000 48099999 1462
nn5 48100000 48199999 1722
nn5 48200000 48299999 1099
nn5 48300000 48399999 586
nn5 48400000 48499999 322
nn5 48500000 48599999 508
nn5 48600000 48699999 569
nn5 48700000 48799999 487
nn5 48800000 48899999 807
nn5 48900000 48999999 550
nn5 49000000 49099999 638
nn5 49100000 49199999 653
nn5 49200000 49299999 467
nn5 49300000 49399999 706
nn5 49400000 49499999 874
nn5 49500000 49599999 1613
nn5 49600000 49699999 1110
nn5 49700000 49799999 631
nn5 49800000 49899999 731
nn5 49900000 49999999 347
nn5 50000000 50099999 636
nn5 50100000 50199999 521
nn5 50200000 50299999 755
nn5 50300000 50399999 958
nn5 50400000 50499999 433
nn5 50500000 50599999 438
nn5 50600000 50699999 322
nn5 50700000 50799999 493
nn5 50800000 50899999 433
nn5 50900000 50999999 469
nn5 51000000 51099999 425
nn5 51100000 51199999 284
nn5 51200000 51299999 406
nn5 51300000 51399999 786
nn5 51400000 51499999 983
nn5 51500000 51599999 488
nn5 51600000 51699999 582
nn5 51700000 51799999 914
nn5 51800000 51899999 711
nn5 51900000 51999999 499
nn5 52000000 52099999 699
nn5 52100000 52199999 373
nn5 52200000 52299999 260
nn5 52300000 52399999 586
nn5 52400000 52499999 755
nn5 52500000 52599999 886
nn5 52600000 52699999 421
nn5 52700000 52799999 623
nn5 52800000 52899999 544
nn5 52900000 52999999 538
nn5 53000000 53099999 510
nn5 53100000 53199999 505
nn5 53200000 53299999 780
nn5 53300000 53399999 633
nn5 53400000 53499999 472
nn5 53500000 53599999 296
nn5 53600000 53699999 442
nn5 53700000 53799999 502
nn5 53800000 53899999 1092
nn5 53900000 53999999 398
nn5 54000000 54099999 655
nn5 54100000 54199999 953
nn5 54200000 54299999 645
nn5 54300000 54399999 621
nn5 54400000 54499999 291
nn5 54500000 54599999 440
nn5 54600000 54699999 404
nn5 54700000 54799999 1560
nn5 54800000 54899999 992
nn5 54900000 54999999 790
nn5 55000000 55099999 883
nn5 55100000 55199999 678
nn5 55200000 55299999 1294
nn5 55300000 55399999 496
nn5 55400000 55499999 610
nn5 55500000 55599999 641
nn5 55600000 55699999 440
nn5 55700000 55799999 496
nn5 55800000 55899999 595
nn5 55900000 55999999 908
nn5 56000000 56099999 423
nn5 56100000 56199999 1720
nn5 56200000 56299999 1033
nn5 56300000 56399999 1271
nn5 56400000 56499999 1076
nn5 56500000 56599999 490
nn5 56600000 56699999 647
nn5 56700000 56799999 788
nn5 56800000 56899999 910
nn5 56900000 56999999 1104
nn5 57000000 57099999 1307
nn5 57100000 57199999 1601
nn5 57200000 57299999 625
nn5 57300000 57399999 727
nn5 57400000 57499999 877
nn5 57500000 57599999 573
nn5 57600000 57699999 1235
nn5 57700000 57799999 553
nn5 57800000 57899999 326
nn5 57900000 57999999 610
nn5 58000000 58099999 672
nn5 58100000 58199999 308
nn5 58200000 58299999 469
nn5 58300000 58399999 1000
nn5 58400000 58499999 3476
nn5 58500000 58599999 772
nn5 58600000 58699999 1396
nn5 58700000 58799999 796
nn5 58800000 58899999 1048
nn5 58900000 58999999 563
nn5 59000000 59099999 446
nn5 59100000 59199999 733
nn5 59200000 59299999 809
nn5 59300000 59399999 722
nn5 59400000 59499999 1171
nn5 59500000 59599999 2446
nn5 59600000 59699999 741
nn5 59700000 59799999 512
nn5 59800000 59899999 1171
nn5 59900000 59999999 906
nn5 60000000 60045830 1951
nn6 0 99999 21430
nn6 100000 199999 739
nn6 200000 299999 392
nn6 300000 399999 582
nn6 400000 499999 686
nn6 500000 599999 969
nn6 600000 699999 885
nn6 700000 799999 833
nn6 800000 899999 498
nn6 900000 999999 574
nn6 1000000 1099999 517
nn6 1100000 1199999 1082
nn6 1200000 1299999 750
nn6 1300000 1399999 650
nn6 1400000 1499999 427
nn6 1500000 1599999 446
nn6 1600000 1699999 780
nn6 1700000 1799999 1650
nn6 1800000 1899999 1143
nn6 1900000 1999999 1835
nn6 2000000 2099999 715
nn6 2100000 2199999 555
nn6 2200000 2299999 520
nn6 2300000 2399999 474
nn6 2400000 2499999 555
nn6 2500000 2599999 462
nn6 2600000 2699999 569
nn6 2700000 2799999 399
nn6 2800000 2899999 553
nn6 2900000 2999999 439
nn6 3000000 3099999 734
nn6 3100000 3199999 646
nn6 3200000 3299999 404
nn6 3300000 3399999 277
nn6 3400000 3499999 685
nn6 3500000 3599999 2501
nn6 3600000 3699999 442
nn6 3700000 3799999 409
nn6 3800000 3899999 9603
nn6 3900000 3999999 585
nn6 4000000 4099999 2143
nn6 4100000 4199999 470
nn6 4200000 4299999 270
nn6 4300000 4399999 544
nn6 4400000 4499999 436
nn6 4500000 4599999 488
nn6 4600000 4699999 522
nn6 4700000 4799999 569
nn6 4800000 4899999 926
nn6 4900000 4999999 487
nn6 5000000 5099999 628
nn6 5100000 5199999 536
nn6 5200000 5299999 676
nn6 5300000 5399999 537
nn6 5400000 5499999 487
nn6 5500000 5599999 797
nn6 5600000 5699999 518
nn6 5700000 5799999 522
nn6 5800000 5899999 457
nn6 5900000 5999999 990
nn6 6000000 6099999 464
nn6 6100000 6199999 831
nn6 6200000 6299999 1103
nn6 6300000 6399999 536
nn6 6400000 6499999 1302
nn6 6500000 6599999 316
nn6 6600000 6699999 877
nn6 6700000 6799999 420
nn6 6800000 6899999 544
nn6 6900000 6999999 15036
nn6 7000000 7099999 865
nn6 7100000 7199999 360
nn6 7200000 7299999 696
nn6 7300000 7399999 413
nn6 7400000 7499999 405
nn6 7500000 7599999 475
nn6 7600000 7699999 594
nn6 7700000 7799999 703
nn6 7800000 7899999 561
nn6 7900000 7999999 328
nn6 8000000 8099999 341
nn6 8100000 8199999 477
nn6 8200000 8299999 611
nn6 8300000 8399999 809
nn6 8400000 8499999 1130
nn6 8500000 8599999 1021
nn6 8600000 8699999 549
nn6 8700000 8799999 587
nn6 8800000 8899999 480
nn6 8900000 8999999 459
nn6 9000000 9099999 449
nn6 9100000 9199999 834
nn6 9200000 9299999 617
nn6 9300000 9399999 555
nn6 9400000 9499999 641
nn6 9500000 9599999 296
nn6 9600000 9699999 531
nn6 9700000 9799999 588
nn6 9800000 9899999 476
nn6 9900000 9999999 469
nn6 10000000 10099999 656
nn6 10100000 10199999 882
nn6 10200000 10299999 714
nn6 10300000 10399999 657
nn6 10400000 10499999 537
nn6 10500000 10599999 659
nn6 10600000 10699999 605
nn6 10700000 10799999 412
nn6 10800000 10899999 609
nn6 10900000 10999999 475
nn6 11000000 11099999 388
nn6 11100000 11199999 865
nn6 11200000 11299999 390
nn6 11300000 11399999 368
nn6 11400000 11499999 514
nn6 11500000 11599999 496
nn6 11600000 11699999 656
nn6 11700000 11799999 742
nn6 11800000 11899999 1199
nn6 11900000 11999999 400
nn6 12000000 12099999 442
nn6 12100000 12199999 491
nn6 12200000 12299999 554
nn6 12300000 12399999 582
nn6 12400000 12499999 345
nn6 12500000 12599999 1330
nn6 12600000 12699999 382
nn6 12700000 12799999 663
nn6 12800000 12899999 456
nn6 12900000 12999999 370
nn6 13000000 13099999 648
nn6 13100000 13199999 855
nn6 13200000 13299999 582
nn6 13300000 13399999 650
nn6 13400000 13499999 798
nn6 13500000 13599999 1029
nn6 13600000 13699999 665
nn6 13700000 13799999 892
nn6 13800000 13899999 862
nn6 13900000 13999999 514
nn6 14000000 14099999 505
nn6 14100000 14199999 639
nn6 14200000 14299999 605
nn6 14300000 14399999 995
nn6 14400000 14499999 461
nn6 14500000 14599999 612
nn6 14600000 14699999 869
nn6 14700000 14799999 626
nn6 14800000 14899999 498
nn6 14900000 14999999 910
nn6 15000000 15099999 925
nn6 15100000 15199999 741
nn6 15200000 15299999 604
nn6 15300000 15399999 545
nn6 15400000 15499999 542
nn6 15500000 15599999 626
nn6 15600000 15699999 1326
nn6 15700000 15799999 508
nn6 15800000 15899999 676
nn6 15900000 15999999 645
nn6 16000000 16099999 840
nn6 16100000 16199999 661
nn6 16200000 16299999 786
nn6 16300000 16399999 863
nn6 16400000 16499999 483
nn6 16500000 16599999 527
nn6 16600000 16699999 522
nn6 16700000 16799999 755
nn6 16800000 16899999 1139
nn6 16900000 16999999 485
nn6 17000000 17099999 509
nn6 17100000 17199999 174
nn6 17200000 17299999 313
nn6 17300000 17399999 647
nn6 17400000 17499999 849
nn6 17500000 17599999 300
nn6 17600000 17699999 444
nn6 17700000 17799999 619
nn6 17800000 17899999 369
nn6 17900000 17999999 965
nn6 18000000 18099999 516
nn6 18100000 18199999 533
nn6 18200000 18299999 714
nn6 18300000 18399999 2274
nn6 18400000 18499999 641
nn6 18500000 18599999 640
nn6 18600000 18699999 600
nn6 18700000 18799999 672
nn6 18800000 18899999 603
nn6 18900000 18999999 407
nn6 19000000 19099999 584
nn6 19100000 19199999 515
nn6 19200000 19299999 501
nn6 19300000 19399999 792
nn6 19400000 19499999 471
nn6 19500000 19599999 1010
nn6 19600000 19699999 610
nn6 19700000 19799999 678
nn6 19800000 19899999 660
nn6 19900000 19999999 343
nn6 20000000 20099999 612
nn6 20100000 20199999 745
nn6 20200000 20299999 615
nn6 20300000 20399999 745
nn6 20400000 20499999 923
nn6 20500000 20599999 460
nn6 20600000 20699999 500
nn6 20700000 20799999 400
nn6 20800000 20899999 561
nn6 20900000 20999999 670
nn6 21000000 21099999 773
nn6 21100000 21199999 585
nn6 21200000 21299999 768
nn6 21300000 21399999 1424
nn6 21400000 21499999 877
nn6 21500000 21599999 677
nn6 21600000 21699999 968
nn6 21700000 21799999 905
nn6 21800000 21899999 849
nn6 21900000 21999999 1129
nn6 22000000 22099999 761
nn6 22100000 22199999 1097
nn6 22200000 22299999 584
nn6 22300000 22399999 448
nn6 22400000 22499999 322
nn6 22500000 22599999 551
nn6 22600000 22699999 633
nn6 22700000 22799999 496
nn6 22800000 22899999 757
nn6 22900000 22999999 677
nn6 23000000 23099999 593
nn6 23100000 23199999 436
nn6 23200000 23299999 668
nn6 23300000 23399999 461
nn6 23400000 23499999 697
nn6 23500000 23599999 764
nn6 23600000 23699999 323
nn6 23700000 23799999 272
nn6 23800000 23899999 851
nn6 23900000 23999999 965
nn6 24000000 24099999 450
nn6 24100000 24199999 541
nn6 24200000 24299999 642
nn6 24300000 24399999 409
nn6 24400000 24499999 828
nn6 24500000 24599999 428
nn6 24600000 24699999 722
nn6 24700000 24799999 427
nn6 24800000 24899999 608
nn6 24900000 24999999 791
nn6 25000000 25099999 523
nn6 25100000 25199999 939
nn6 25200000 25299999 533
nn6 25300000 25399999 776
nn6 25400000 25499999 1246
nn6 25500000 25599999 466
nn6 25600000 25699999 735
nn6 25700000 25799999 954
nn6 25800000 25899999 650
nn6 25900000 25999999 409
nn6 26000000 26099999 736
nn6 26100000 26199999 773
nn6 26200000 26299999 509
nn6 26300000 26399999 300
nn6 26400000 26499999 857
nn6 26500000 26599999 559
nn6 26600000 26699999 697
nn6 26700000 26799999 864
nn6 26800000 26899999 985
nn6 26900000 26999999 636
nn6 27000000 27099999 534
nn6 27100000 27199999 393
nn6 27200000 27299999 507
nn6 27300000 27399999 479
nn6 27400000 27499999 707
nn6 27500000 27599999 712
nn6 27600000 27699999 15739
nn6 27700000 27799999 2267
nn6 27800000 27899999 564
nn6 27900000 27999999 301
nn6 28000000 28099999 534
nn6 28100000 28199999 469
nn6 28200000 28299999 680
nn6 28300000 28399999 505
nn6 28400000 28499999 915
nn6 28500000 28599999 329
nn6 28600000 28699999 528
nn6 28700000 28799999 425
nn6 28800000 28899999 506
nn6 28900000 28999999 697
nn6 29000000 29099999 643
nn6 29100000 29199999 687
nn6 29200000 29299999 456
nn6 29300000 29399999 570
nn6 29400000 29499999 588
nn6 29500000 29599999 277
nn6 29600000 29699999 667
nn6 29700000 29799999 639
nn6 29800000 29899999 580
nn6 29900000 29999999 652
nn6 30000000 30099999 340
nn6 30100000 30199999 551
nn6 30200000 30299999 893
nn6 30300000 30399999 11274
nn6 30400000 30499999 12755
nn6 30500000 30599999 25592
nn6 30600000 30699999 26511
nn6 30700000 30799999 25773
nn6 30800000 30899999 421
nn6 30900000 30999999 547
nn6 31000000 31099999 263
nn6 31100000 31199999 618
nn6 31200000 31299999 387
nn6 31300000 31399999 720
nn6 31400000 31499999 549
nn6 31500000 31599999 781
nn6 31600000 31699999 540
nn6 31700000 31799999 691
nn6 31800000 31899999 586
nn6 31900000 31999999 468
nn6 32000000 32099999 616
nn6 32100000 32199999 568
nn6 32200000 32299999 344
nn6 32300000 32399999 406
nn6 32400000 32499999 637
nn6 32500000 32599999 583
nn6 32600000 32699999 328
nn6 32700000 32799999 425
nn6 32800000 32899999 1193
nn6 32900000 32999999 213
nn6 33000000 33099999 374
nn6 33100000 33199999 471
nn6 33200000 33299999 827
nn6 33300000 33399999 772
nn6 33400000 33499999 519
nn6 33500000 33599999 618
nn6 33600000 33699999 524
nn6 33700000 33799999 714
nn6 33800000 33899999 634
nn6 33900000 33999999 293
nn6 34000000 34099999 486
nn6 34100000 34199999 693
nn6 34200000 34299999 1004
nn6 34300000 34399999 302
nn6 34400000 34499999 716
nn6 34500000 34599999 602
nn6 34600000 34699999 1406
nn6 34700000 34799999 451
nn6 34800000 34899999 561
nn6 34900000 34999999 482
nn6 35000000 35099999 915
nn6 35100000 35199999 573
nn6 35200000 35299999 864
nn6 35300000 35399999 584
nn6 35400000 35499999 1192
nn6 35500000 35599999 1155
nn6 35600000 35699999 1290
nn6 35700000 35799999 674
nn6 35800000 35899999 4119
nn6 35900000 35999999 1525
nn6 36000000 36099999 4512
nn6 36100000 36199999 5112
nn6 36200000 36299999 2534
nn6 36300000 36399999 808
nn6 36400000 36499999 1019
nn6 36500000 36599999 1062
nn6 36600000 36699999 1863
nn6 36700000 36750195 2050
nn7 0 99999 585
nn7 100000 199999 330
nn7 200000 299999 404
nn7 300000 399999 18764
nn7 400000 499999 10385
nn7 500000 599999 1146
nn7 600000 699999 828
nn7 700000 799999 891
nn7 800000 899999 578
nn7 900000 999999 608
nn7 1000000 1099999 732
nn7 1100000 1199999 1526
nn7 1200000 1299999 974
nn7 1300000 1399999 413
nn7 1400000 1499999 1356
nn7 1500000 1599999 628
nn7 1600000 1699999 1878
nn7 1700000 1799999 511
nn7 1800000 1899999 845
nn7 1900000 1999999 596
nn7 2000000 2099999 735
nn7 2100000 2199999 251
nn7 2200000 2299999 1952
nn7 2300000 2399999 3078
nn7 2400000 2499999 1072
nn7 2500000 2599999 520
nn7 2600000 2699999 680
nn7 2700000 2799999 580
nn7 2800000 2899999 379
nn7 2900000 2999999 512
nn7 3000000 3099999 753
nn7 3100000 3199999 1153
nn7 3200000 3299999 1060
nn7 3300000 3399999 538
nn7 3400000 3499999 637
nn7 3500000 3599999 1457
nn7 3600000 3699999 893
nn7 3700000 3799999 656
nn7 3800000 3899999 646
nn7 3900000 3999999 1461
nn7 4000000 4099999 496
nn7 4100000 4199999 409
nn7 4200000 4299999 588
nn7 4300000 4399999 1452
nn7 4400000 4499999 1291
nn7 4500000 4599999 571
nn7 4600000 4699999 555
nn7 4700000 4799999 1130
nn7 4800000 4899999 889
nn7 4900000 4999999 377
nn7 5000000 5099999 424
nn7 5100000 5199999 1256
nn7 5200000 5299999 641
nn7 5300000 5399999 594
nn7 5400000 5499999 642
nn7 5500000 5599999 1165
nn7 5600000 5699999 722
nn7 5700000 5799999 315
nn7 5800000 5899999 1089
nn7 5900000 5999999 369
nn7 6000000 6099999 277
nn7 6100000 6199999 474
nn7 6200000 6299999 401
nn7 6300000 6399999 1028
nn7 6400000 6499999 382
nn7 6500000 6599999 1218
nn7 6600000 6699999 666
nn7 6700000 6799999 499
nn7 6800000 6899999 657
nn7 6900000 6999999 308
nn7 7000000 7099999 379
nn7 7100000 7199999 516
nn7 7200000 7299999 661
nn7 7300000 7399999 725
nn7 7400000 7499999 563
nn7 7500000 7599999 523
nn7 7600000 7699999 421
nn7 7700000 7799999 493
nn7 7800000 7899999 802
nn7 7900000 7999999 1011
nn7 8000000 8099999 625
nn7 8100000 8199999 3003
nn7 8200000 8299999 1068
nn7 8300000 8399999 600
nn7 8400000 8499999 435
nn7 8500000 8599999 510
nn7 8600000 8699999 460
nn7 8700000 8799999 609
nn7 8800000 8899999 1591
nn7 8900000 8999999 696
nn7 9000000 9099999 667
nn7 9100000 9199999 781
nn7 9200000 9299999 746
nn7 9300000 9399999 513
nn7 9400000 9499999 599
nn7 9500000 9599999 585
nn7 9600000 9699999 479
nn7 9700000 9799999 332
nn7 9800000 9899999 556
nn7 9900000 9999999 745
nn7 10000000 10099999 559
nn7 10100000 10199999 338
nn7 10200000 10299999 563
nn7 10300000 10399999 623
nn7 10400000 10499999 738
nn7 10500000 10599999 564
nn7 10600000 10699999 346
nn7 10700000 10799999 580
nn7 10800000 10899999 299
nn7 10900000 10999999 760
nn7 11000000 11099999 578
nn7 11100000 11199999 534
nn7 11200000 11299999 331
nn7 11300000 11399999 393
nn7 11400000 11499999 371
nn7 11500000 11599999 297
nn7 11600000 11699999 504
nn7 11700000 11799999 706
nn7 11800000 11899999 543
nn7 11900000 11999999 558
nn7 12000000 12099999 711
nn7 12100000 12199999 545
nn7 12200000 12299999 439
nn7 12300000 12399999 616
nn7 12400000 12499999 613
nn7 12500000 12599999 688
nn7 12600000 12699999 800
nn7 12700000 12799999 795
nn7 12800000 12899999 650
nn7 12900000 12999999 499
nn7 13000000 13099999 639
nn7 13100000 13199999 646
nn7 13200000 13299999 694
nn7 13300000 13399999 558
nn7 13400000 13499999 513
nn7 13500000 13599999 244
nn7 13600000 13699999 518
nn7 13700000 13799999 992
nn7 13800000 13899999 601
nn7 13900000 13999999 566
nn7 14000000 14099999 527
nn7 14100000 14199999 408
nn7 14200000 14299999 657
nn7 14300000 14399999 858
nn7 14400000 14499999 631
nn7 14500000 14599999 518
nn7 14600000 14699999 768
nn7 14700000 14799999 775
nn7 14800000 14899999 688
nn7 14900000 14999999 805
nn7 15000000 15099999 814
nn7 15100000 15199999 808
nn7 15200000 15299999 1347
nn7 15300000 15399999 526
nn7 15400000 15499999 682
nn7 15500000 15599999 464
nn7 15600000 15699999 685
nn7 15700000 15799999 526
nn7 15800000 15899999 1581
nn7 15900000 15999999 1066
nn7 16000000 16099999 780
nn7 16100000 16199999 825
nn7 16200000 16299999 901
nn7 16300000 16399999 968
nn7 16400000 16499999 948
nn7 16500000 16599999 692
nn7 16600000 16699999 650
nn7 16700000 16799999 998
nn7 16800000 16899999 745
nn7 16900000 16999999 1142
nn7 17000000 17099999 1066
nn7 17100000 17199999 579
nn7 17200000 17299999 891
nn7 17300000 17399999 759
nn7 17400000 17499999 1044
nn7 17500000 17599999 683
nn7 17600000 17699999 523
nn7 17700000 17799999 672
nn7 17800000 17899999 609
nn7 17900000 17999999 593
nn7 18000000 18099999 1298
nn7 18100000 18199999 762
nn7 18200000 18299999 466
nn7 18300000 18399999 528
nn7 18400000 18499999 805
nn7 18500000 18599999 792
nn7 18600000 18699999 903
nn7 18700000 18799999 579
nn7 18800000 18899999 636
nn7 18900000 18999999 508
nn7 19000000 19099999 885
nn7 19100000 19199999 615
nn7 19200000 19299999 634
nn7 19300000 19399999 585
nn7 19400000 19499999 671
nn7 19500000 19599999 546
nn7 19600000 19699999 806
nn7 19700000 19799999 1123
nn7 19800000 19899999 421
nn7 19900000 19999999 866
nn7 20000000 20099999 351
nn7 20100000 20199999 580
nn7 20200000 20299999 489
nn7 20300000 20399999 480
nn7 20400000 20499999 721
nn7 20500000 20599999 704
nn7 20600000 20699999 852
nn7 20700000 20799999 744
nn7 20800000 20899999 573
nn7 20900000 20999999 743
nn7 21000000 21099999 339
nn7 21100000 21199999 271
nn7 21200000 21299999 1090
nn7 21300000 21399999 1480
nn7 21400000 21499999 568
nn7 21500000 21599999 564
nn7 21600000 21699999 332
nn7 21700000 21799999 389
nn7 21800000 21899999 749
nn7 21900000 21999999 766
nn7 22000000 22099999 457
nn7 22100000 22199999 666
nn7 22200000 22299999 372
nn7 22300000 22399999 840
nn7 22400000 22499999 613
nn7 22500000 22599999 641
nn7 22600000 22699999 656
nn7 22700000 22799999 514
nn7 22800000 22899999 1154
nn7 22900000 22999999 555
nn7 23000000 23099999 781
nn7 23100000 23199999 1062
nn7 23200000 23299999 594
nn7 23300000 23399999 1036
nn7 23400000 23499999 454
nn7 23500000 23599999 1014
nn7 23600000 23699999 593
nn7 23700000 23799999 338
nn7 23800000 23899999 5166
nn7 23900000 23999999 539
nn7 24000000 24099999 885
nn7 24100000 24199999 737
nn7 24200000 24299999 604
nn7 24300000 24399999 1254
nn7 24400000 24499999 514
nn7 24500000 24599999 620
nn7 24600000 24699999 597
nn7 24700000 24799999 408
nn7 24800000 24899999 653
nn7 24900000 24999999 450
nn7 25000000 25099999 423
nn7 25100000 25199999 1066
nn7 25200000 25299999 552
nn7 25300000 25399999 733
nn7 25400000 25499999 678
nn7 25500000 25599999 470
nn7 25600000 25699999 604
nn7 25700000 25799999 602
nn7 25800000 25899999 372
nn7 25900000 25999999 621
nn7 26000000 26099999 546
nn7 26100000 26199999 826
nn7 26200000 26299999 643
nn7 26300000 26399999 694
nn7 26400000 26499999 628
nn7 26500000 26599999 391
nn7 26600000 26699999 528
nn7 26700000 26799999 761
nn7 26800000 26899999 686
nn7 26900000 26999999 475
nn7 27000000 27099999 398
nn7 27100000 27199999 392
nn7 27200000 27299999 544
nn7 27300000 27399999 351
nn7 27400000 27499999 424
nn7 27500000 27599999 673
nn7 27600000 27699999 870
nn7 27700000 27799999 843
nn7 27800000 27899999 718
nn7 27900000 27999999 4106
nn7 28000000 28099999 638
nn7 28100000 28199999 400
nn7 28200000 28299999 238
nn7 28300000 28399999 360
nn7 28400000 28499999 879
nn7 28500000 28599999 910
nn7 28600000 28699999 505
nn7 28700000 28799999 1031
nn7 28800000 28899999 719
nn7 28900000 28999999 640
nn7 29000000 29099999 620
nn7 29100000 29199999 390
nn7 29200000 29299999 840
nn7 29300000 29399999 591
nn7 29400000 29499999 482
nn7 29500000 29599999 448
nn7 29600000 29699999 287
nn7 29700000 29799999 696
nn7 29800000 29899999 495
nn7 29900000 29999999 401
nn7 30000000 30099999 730
nn7 30100000 30199999 563
nn7 30200000 30299999 770
nn7 30300000 30399999 755
nn7 30400000 30499999 552
nn7 30500000 30599999 564
nn7 30600000 30699999 462
nn7 30700000 30799999 554
nn7 30800000 30899999 786
nn7 30900000 30999999 793
nn7 31000000 31099999 1039
nn7 31100000 31199999 937
nn7 31200000 31299999 592
nn7 31300000 31399999 947
nn7 31400000 31499999 504
nn7 31500000 31599999 380
nn7 31600000 31699999 857
nn7 31700000 31799999 857
nn7 31800000 31899999 299
nn7 31900000 31999999 551
nn7 32000000 32099999 688
nn7 32100000 32199999 354
nn7 32200000 32299999 334
nn7 32300000 32399999 857
nn7 32400000 32499999 363
nn7 32500000 32599999 502
nn7 32600000 32699999 618
nn7 32700000 32799999 500
nn7 32800000 32899999 12284
nn7 32900000 32999999 251
nn7 33000000 33099999 519
nn7 33100000 33199999 636
nn7 33200000 33299999 432
nn7 33300000 33399999 583
nn7 33400000 33499999 569
nn7 33500000 33599999 641
nn7 33600000 33699999 368
nn7 33700000 33799999 856
nn7 33800000 33899999 531
nn7 33900000 33999999 1152
nn7 34000000 34099999 3190
nn7 34100000 34199999 136
nn7 34200000 34299999 1108
nn7 34300000 34399999 805
nn7 34400000 34499999 629
nn7 34500000 34599999 394
nn7 34600000 34699999 379
nn7 34700000 34799999 404
nn7 34800000 34899999 805
nn7 34900000 34999999 988
nn7 35000000 35099999 775
nn7 35100000 35199999 389
nn7 35200000 35299999 498
nn7 35300000 35399999 681
nn7 35400000 35499999 322
nn7 35500000 35599999 747
nn7 35600000 35699999 873
nn7 35700000 35799999 963
nn7 35800000 35899999 1976
nn7 35900000 35999999 567
nn7 36000000 36099999 692
nn7 36100000 36199999 441
nn7 36200000 36299999 523
nn7 36300000 36399999 431
nn7 36400000 36499999 1096
nn7 36500000 36599999 1449
nn7 36600000 36699999 1010
nn7 36700000 36799999 927
nn7 36800000 36899999 652
nn7 36900000 36999999 627
nn7 37000000 37099999 947
nn7 37100000 37199999 1095
nn7 37200000 37299999 446
nn7 37300000 37399999 115
nn7 37400000 37499999 296
nn7 37500000 37599999 1781
nn7 37600000 37699999 1303
nn7 37700000 37799999 1488
nn7 37800000 37899999 1286
nn7 37900000 37999999 1538
nn7 38000000 38099999 2957
nn7 38100000 38130504 225
nn8 0 99999 821
nn8 100000 199999 624
nn8 200000 299999 1108
nn8 300000 399999 809
nn8 400000 499999 1541
nn8 500000 599999 663
nn8 600000 699999 748
nn8 700000 799999 469
nn8 800000 899999 1251
nn8 900000 999999 1411
nn8 1000000 1099999 1268
nn8 1100000 1199999 1737
nn8 1200000 1299999 799
nn8 1300000 1399999 1035
nn8 1400000 1499999 1460
nn8 1500000 1599999 1375
nn8 1600000 1699999 2212
nn8 1700000 1799999 1105
nn8 1800000 1899999 1734
nn8 1900000 1999999 1385
nn8 2000000 2099999 1338
nn8 2100000 2199999 1916
nn8 2200000 2299999 1124
nn8 2300000 2399999 652
nn8 2400000 2499999 816
nn8 2500000 2599999 390
nn8 2600000 2699999 806
nn8 2700000 2799999 390
nn8 2800000 2899999 279
nn8 2900000 2999999 422
nn8 3000000 3099999 400
nn8 3100000 3199999 760
nn8 3200000 3299999 537
nn8 3300000 3399999 434
nn8 3400000 3499999 292
nn8 3500000 3599999 785
nn8 3600000 3699999 399
nn8 3700000 3799999 444
nn8 3800000 3899999 822
nn8 3900000 3999999 321
nn8 4000000 4099999 284
nn8 4100000 4199999 466
nn8 4200000 4299999 268
nn8 4300000 4399999 302
nn8 4400000 4499999 285
nn8 4500000 4599999 533
nn8 4600000 4699999 676
nn8 4700000 4799999 911
nn8 4800000 4899999 827
nn8 4900000 4999999 464
nn8 5000000 5099999 609
nn8 5100000 5199999 821
nn8 5200000 5299999 521
nn8 5300000 5399999 773
nn8 5400000 5499999 655
nn8 5500000 5599999 513
nn8 5600000 5699999 562
nn8 5700000 5799999 756
nn8 5800000 5899999 646
nn8 5900000 5999999 506
nn8 6000000 6099999 465
nn8 6100000 6199999 421
nn8 6200000 6299999 794
nn8 6300000 6399999 1227
nn8 6400000 6499999 585
nn8 6500000 6599999 438
nn8 6600000 6699999 609
nn8 6700000 6799999 626
nn8 6800000 6899999 487
nn8 6900000 6999999 320
nn8 7000000 7099999 351
nn8 7100000 7199999 588
nn8 7200000 7299999 535
nn8 7300000 7399999 648
nn8 7400000 7499999 761
nn8 7500000 7599999 738
nn8 7600000 7699999 506
nn8 7700000 7799999 461
nn8 7800000 7899999 587
nn8 7900000 7999999 864
nn8 8000000 8099999 749
nn8 8100000 8199999 1017
nn8 8200000 8299999 773
nn8 8300000 8399999 464
nn8 8400000 8499999 652
nn8 8500000 8599999 593
nn8 8600000 8699999 476
nn8 8700000 8799999 623
nn8 8800000 8899999 579
nn8 8900000 8999999 471
nn8 9000000 9099999 2130
nn8 9100000 9199999 785
nn8 9200000 9299999 720
nn8 9300000 9399999 563
nn8 9400000 9499999 525
nn8 9500000 9599999 799
nn8 9600000 9699999 504
nn8 9700000 9799999 681
nn8 9800000 9899999 583
nn8 9900000 9999999 1078
nn8 10000000 10099999 550
nn8 10100000 10199999 472
nn8 10200000 10299999 667
nn8 10300000 10399999 819
nn8 10400000 10499999 1065
nn8 10500000 10599999 659
nn8 10600000 10699999 786
nn8 10700000 10799999 920
nn8 10800000 10899999 1520
nn8 10900000 10999999 973
nn8 11000000 11099999 766
nn8 11100000 11199999 753
nn8 11200000 11299999 797
nn8 11300000 11399999 14999
nn8 11400000 11499999 604
nn8 11500000 11599999 676
nn8 11600000 11699999 777
nn8 11700000 11799999 811
nn8 11800000 11899999 525
nn8 11900000 11999999 704
nn8 12000000 12099999 847
nn8 12100000 12199999 455
nn8 12200000 12299999 342
nn8 12300000 12399999 498
nn8 12400000 12499999 915
nn8 12500000 12599999 572
nn8 12600000 12699999 472
nn8 12700000 12799999 487
nn8 12800000 12899999 475
nn8 12900000 12999999 977
nn8 13000000 13099999 755
nn8 13100000 13199999 600
nn8 13200000 13299999 444
nn8 13300000 13399999 524
nn8 13400000 13499999 908
nn8 13500000 13599999 1038
nn8 13600000 13699999 669
nn8 13700000 13799999 603
nn8 13800000 13899999 819
nn8 13900000 13999999 361
nn8 14000000 14099999 345
nn8 14100000 14199999 419
nn8 14200000 14299999 685
nn8 14300000 14399999 565
nn8 14400000 14499999 615
nn8 14500000 14599999 671
nn8 14600000 14699999 462
nn8 14700000 14799999 509
nn8 14800000 14899999 554
nn8 14900000 14999999 531
nn8 15000000 15099999 646
nn8 15100000 15199999 828
nn8 15200000 15299999 836
nn8 15300000 15399999 293
nn8 15400000 15499999 492
nn8 15500000 15599999 449
nn8 15600000 15699999 710
nn8 15700000 15799999 1155
nn8 15800000 15899999 404
nn8 15900000 15999999 543
nn8 16000000 16099999 2778
nn8 16100000 16199999 801
nn8 16200000 16299999 675
nn8 16300000 16399999 581
nn8 16400000 16499999 753
nn8 16500000 16599999 641
nn8 16600000 16699999 884
nn8 16700000 16799999 651
nn8 16800000 16899999 1145
nn8 16900000 16999999 561
nn8 17000000 17099999 906
nn8 17100000 17199999 429
nn8 17200000 17299999 413
nn8 17300000 17399999 633
nn8 17400000 17499999 634
nn8 17500000 17599999 929
nn8 17600000 17699999 764
nn8 17700000 17799999 1204
nn8 17800000 17899999 708
nn8 17900000 17999999 912
nn8 18000000 18099999 973
nn8 18100000 18199999 681
nn8 18200000 18299999 435
nn8 18300000 18399999 639
nn8 18400000 18499999 864
nn8 18500000 18599999 858
nn8 18600000 18699999 773
nn8 18700000 18799999 556
nn8 18800000 18899999 592
nn8 18900000 18999999 237
nn8 19000000 19099999 573
nn8 19100000 19199999 278
nn8 19200000 19299999 467
nn8 19300000 19399999 630
nn8 19400000 19499999 415
nn8 19500000 19599999 446
nn8 19600000 19699999 190
nn8 19700000 19799999 127
nn8 19800000 19899999 539
nn8 19900000 19999999 639
nn8 20000000 20099999 619
nn8 20100000 20199999 499
nn8 20200000 20299999 1235
nn8 20300000 20399999 714
nn8 20400000 20499999 668
nn8 20500000 20599999 506
nn8 20600000 20699999 517
nn8 20700000 20799999 619
nn8 20800000 20899999 612
nn8 20900000 20999999 591
nn8 21000000 21099999 574
nn8 21100000 21199999 1054
nn8 21200000 21299999 407
nn8 21300000 21399999 573
nn8 21400000 21499999 1041
nn8 21500000 21599999 708
nn8 21600000 21699999 1004
nn8 21700000 21799999 479
nn8 21800000 21899999 726
nn8 21900000 21999999 370
nn8 22000000 22099999 534
nn8 22100000 22199999 580
nn8 22200000 22299999 714
nn8 22300000 22399999 521
nn8 22400000 22499999 648
nn8 22500000 22599999 306
nn8 22600000 22699999 469
nn8 22700000 22799999 556
nn8 22800000 22899999 686
nn8 22900000 22999999 530
nn8 23000000 23099999 694
nn8 23100000 23199999 640
nn8 23200000 23299999 378
nn8 23300000 23399999 472
nn8 23400000 23499999 732
nn8 23500000 23599999 646
nn8 23600000 23699999 734
nn8 23700000 23799999 435
nn8 23800000 23899999 754
nn8 23900000 23999999 567
nn8 24000000 24099999 560
nn8 24100000 24199999 772
nn8 24200000 24299999 521
nn8 24300000 24399999 526
nn8 24400000 24499999 494
nn8 24500000 24599999 453
nn8 24600000 24699999 452
nn8 24700000 24799999 294
nn8 24800000 24899999 541
nn8 24900000 24999999 764
nn8 25000000 25099999 685
nn8 25100000 25199999 579
nn8 25200000 25299999 484
nn8 25300000 25399999 462
nn8 25400000 25499999 436
nn8 25500000 25599999 467
nn8 25600000 25699999 391
nn8 25700000 25799999 504
nn8 25800000 25899999 329
nn8 25900000 25999999 852
nn8 26000000 26099999 765
nn8 26100000 26199999 350
nn8 26200000 26299999 388
nn8 26300000 26399999 346
nn8 26400000 26499999 474
nn8 26500000 26599999 870
nn8 26600000 26699999 581
nn8 26700000 26799999 812
nn8 26800000 26899999 1230
nn8 26900000 26999999 431
nn8 27000000 27099999 901
nn8 27100000 27199999 539
nn8 27200000 27299999 615
nn8 27300000 27399999 469
nn8 27400000 27499999 594
nn8 27500000 27599999 1680
nn8 27600000 27699999 404
nn8 27700000 27799999 688
nn8 27800000 27899999 810
nn8 27900000 27999999 771
nn8 28000000 28099999 836
nn8 28100000 28199999 644
nn8 28200000 28299999 931
nn8 28300000 28399999 1490
nn8 28400000 28499999 1211
nn8 28500000 28599999 913
nn8 28600000 28699999 605
nn8 28700000 28799999 674
nn8 28800000 28899999 448
nn8 28900000 28999999 1452
nn8 29000000 29099999 1236
nn8 29100000 29199999 1223
nn8 29200000 29299999 1168
nn8 29300000 29399999 1169
nn8 29400000 29499999 767
nn8 29500000 29599999 858
nn8 29600000 29699999 985
nn8 29700000 29734179 771
nn9 0 99999 30380
nn9 100000 199999 5017
nn9 200000 299999 1204
nn9 300000 399999 576
nn9 400000 499999 1291
nn9 500000 599999 563
nn9 600000 699999 802
nn9 700000 799999 872
nn9 800000 899999 430
nn9 900000 999999 614
nn9 1000000 1099999 480
nn9 1100000 1199999 674
nn9 1200000 1299999 536
nn9 1300000 1399999 678
nn9 1400000 1499999 599
nn9 1500000 1599999 795
nn9 1600000 1699999 460
nn9 1700000 1799999 394
nn9 1800000 1899999 547
nn9 1900000 1999999 559
nn9 2000000 2099999 431
nn9 2100000 2199999 905
nn9 2200000 2299999 353
nn9 2300000 2399999 458
nn9 2400000 2499999 745
nn9 2500000 2599999 565
nn9 2600000 2699999 556
nn9 2700000 2799999 3519
nn9 2800000 2899999 475
nn9 2900000 2999999 608
nn9 3000000 3099999 1331
nn9 3100000 3199999 498
nn9 3200000 3299999 629
nn9 3300000 3399999 510
nn9 3400000 3499999 525
nn9 3500000 3599999 390
nn9 3600000 3699999 605
nn9 3700000 3799999 554
nn9 3800000 3899999 307
nn9 3900000 3999999 1151
nn9 4000000 4099999 544
nn9 4100000 4199999 2087
nn9 4200000 4299999 517
nn9 4300000 4399999 452
nn9 4400000 4499999 497
nn9 4500000 4599999 514
nn9 4600000 4699999 1051
nn9 4700000 4799999 270
nn9 4800000 4899999 364
nn9 4900000 4999999 441
nn9 5000000 5099999 277
nn9 5100000 5199999 623
nn9 5200000 5299999 419
nn9 5300000 5399999 460
nn9 5400000 5499999 760
nn9 5500000 5599999 435
nn9 5600000 5699999 372
nn9 5700000 5799999 815
nn9 5800000 5899999 622
nn9 5900000 5999999 254
nn9 6000000 6099999 661
nn9 6100000 6199999 523
nn9 6200000 6299999 352
nn9 6300000 6399999 569
nn9 6400000 6499999 319
nn9 6500000 6599999 405
nn9 6600000 6699999 691
nn9 6700000 6799999 433
nn9 6800000 6899999 460
nn9 6900000 6999999 570
nn9 7000000 7099999 447
nn9 7100000 7199999 460
nn9 7200000 7299999 786
nn9 7300000 7399999 680
nn9 7400000 7499999 595
nn9 7500000 7599999 353
nn9 7600000 7699999 328
nn9 7700000 7799999 468
nn9 7800000 7899999 654
nn9 7900000 7999999 550
nn9 8000000 8099999 460
nn9 8100000 8199999 765
nn9 8200000 8299999 925
nn9 8300000 8399999 1010
nn9 8400000 8499999 387
nn9 8500000 8599999 574
nn9 8600000 8699999 568
nn9 8700000 8799999 665
nn9 8800000 8899999 897
nn9 8900000 8999999 772
nn9 9000000 9099999 569
nn9 9100000 9199999 301
nn9 9200000 9299999 795
nn9 9300000 9399999 1360
nn9 9400000 9499999 1030
nn9 9500000 9599999 535
nn9 9600000 9699999 458
nn9 9700000 9799999 212
nn9 9800000 9899999 464
nn9 9900000 9999999 611
nn9 10000000 10099999 386
nn9 10100000 10199999 434
nn9 10200000 10299999 650
nn9 10300000 10399999 472
nn9 10400000 10499999 603
nn9 10500000 10599999 176
nn9 10600000 10699999 459
nn9 10700000 10799999 427
nn9 10800000 10899999 517
nn9 10900000 10999999 592
nn9 11000000 11099999 294
nn9 11100000 11199999 542
nn9 11200000 11299999 699
nn9 11300000 11399999 657
nn9 11400000 11499999 633
nn9 11500000 11599999 202
nn9 11600000 11699999 451
nn9 11700000 11799999 1143
nn9 11800000 11899999 339
nn9 11900000 11999999 525
nn9 12000000 12099999 807
nn9 12100000 12199999 436
nn9 12200000 12299999 964
nn9 12300000 12399999 1049
nn9 12400000 12499999 564
nn9 12500000 12599999 427
nn9 12600000 12699999 493
nn9 12700000 12799999 446
nn9 12800000 12899999 654
nn9 12900000 12999999 677
nn9 13000000 13099999 477
nn9 13100000 13199999 289
nn9 13200000 13299999 1021
nn9 13300000 13399999 749
nn9 13400000 13499999 577
nn9 13500000 13599999 697
nn9 13600000 13699999 442
nn9 13700000 13799999 717
nn9 13800000 13899999 738
nn9 13900000 13999999 433
nn9 14000000 14099999 1425
nn9 14100000 14199999 701
nn9 14200000 14299999 301
nn9 14300000 14399999 648
nn9 14400000 14499999 481
nn9 14500000 14599999 484
nn9 14600000 14699999 848
nn9 14700000 14799999 728
nn9 14800000 14899999 797
nn9 14900000 14999999 468
nn9 15000000 15099999 480
nn9 15100000 15199999 467
nn9 15200000 15299999 583
nn9 15300000 15399999 551
nn9 15400000 15499999 457
nn9 15500000 15599999 525
nn9 15600000 15699999 322
nn9 15700000 15799999 633
nn9 15800000 15899999 444
nn9 15900000 15999999 450
nn9 16000000 16099999 432
nn9 16100000 16199999 364
nn9 16200000 16299999 1603
nn9 16300000 16399999 686
nn9 16400000 16499999 595
nn9 16500000 16599999 434
nn9 16600000 16699999 531
nn9 16700000 16799999 720
nn9 16800000 16899999 518
nn9 16900000 16999999 460
nn9 17000000 17099999 643
nn9 17100000 17199999 449
nn9 17200000 17299999 688
nn9 17300000 17399999 736
nn9 17400000 17499999 572
nn9 17500000 17599999 483
nn9 17600000 17699999 944
nn9 17700000 17799999 558
nn9 17800000 17899999 631
nn9 17900000 17999999 664
nn9 18000000 18099999 708
nn9 18100000 18199999 892
nn9 18200000 18299999 489
nn9 18300000 18399999 397
nn9 18400000 18499999 651
nn9 18500000 18599999 917
nn9 18600000 18699999 634
nn9 18700000 18799999 632
nn9 18800000 18899999 689
nn9 18900000 18999999 1654
nn9 19000000 19099999 1149
nn9 19100000 19199999 435
nn9 19200000 19299999 631
nn9 19300000 19399999 657
nn9 19400000 19499999 301
nn9 19500000 19599999 618
nn9 19600000 19699999 728
nn9 19700000 19799999 869
nn9 19800000 19899999 678
nn9 19900000 19999999 2289
nn9 20000000 20099999 2147
nn9 20100000 20199999 753
nn9 20200000 20299999 744
nn9 20300000 20399999 1238
nn9 20400000 20499999 1181
nn9 20500000 20599999 342
nn9 20600000 20699999 533
nn9 20700000 20799999 354
nn9 20800000 20899999 515
nn9 20900000 20999999 332
nn9 21000000 21099999 518
nn9 21100000 21199999 864
nn9 21200000 21299999 389
nn9 21300000 21399999 295
nn9 21400000 21499999 4584
nn9 21500000 21599999 523
nn9 21600000 21699999 473
nn9 21700000 21799999 543
nn9 21800000 21899999 375
nn9 21900000 21999999 550
nn9 22000000 22099999 385
nn9 22100000 22199999 841
nn9 22200000 22299999 640
nn9 22300000 22399999 438
nn9 22400000 22499999 478
nn9 22500000 22599999 654
nn9 22600000 22699999 648
nn9 22700000 22799999 781
nn9 22800000 22899999 655
nn9 22900000 22999999 442
nn9 23000000 23099999 503
nn9 23100000 23199999 385
nn9 23200000 23299999 644
nn9 23300000 23399999 880
nn9 23400000 23499999 996
nn9 23500000 23599999 7896
nn9 23600000 23699999 11326
nn9 23700000 23799999 491
nn9 23800000 23899999 274
nn9 23900000 23999999 32
nn9 24000000 24099999 751
nn9 24100000 24199999 800
nn9 24200000 24299999 2902
nn9 24300000 24360532 1698
nn10 0 99999 14957
nn10 100000 199999 902
nn10 200000 299999 833
nn10 300000 399999 926
nn10 400000 499999 1363
nn10 500000 599999 1958
nn10 600000 699999 589
nn10 700000 799999 219
nn10 800000 899999 1843
nn10 900000 999999 1321
nn10 1000000 1099999 1032
nn10 1100000 1199999 1023
nn10 1200000 1299999 2135
nn10 1300000 1399999 1018
nn10 1400000 1499999 511
nn10 1500000 1599999 291
nn10 1600000 1699999 765
nn10 1700000 1799999 809
nn10 1800000 1899999 872
nn10 1900000 1999999 688
nn10 2000000 2099999 413
nn10 2100000 2199999 289
nn10 2200000 2299999 444
nn10 2300000 2399999 291
nn10 2400000 2499999 386
nn10 2500000 2599999 458
nn10 2600000 2699999 857
nn10 2700000 2799999 877
nn10 2800000 2899999 867
nn10 2900000 2999999 411
nn10 3000000 3099999 444
nn10 3100000 3199999 371
nn10 3200000 3299999 538
nn10 3300000 3399999 620
nn10 3400000 3499999 290
nn10 3500000 3599999 945
nn10 3600000 3699999 836
nn10 3700000 3799999 760
nn10 3800000 3899999 521
nn10 3900000 3999999 502
nn10 4000000 4099999 520
nn10 4100000 4199999 587
nn10 4200000 4299999 632
nn10 4300000 4399999 503
nn10 4400000 4499999 709
nn10 4500000 4599999 1262
nn10 4600000 4699999 1392
nn10 4700000 4799999 1292
nn10 4800000 4899999 429
nn10 4900000 4999999 1219
nn10 5000000 5099999 659
nn10 5100000 5199999 1581
nn10 5200000 5299999 662
nn10 5300000 5399999 697
nn10 5400000 5499999 452
nn10 5500000 5599999 286
nn10 5600000 5699999 552
nn10 5700000 5799999 759
nn10 5800000 5899999 378
nn10 5900000 5999999 246
nn10 6000000 6099999 239
nn10 6100000 6199999 415
nn10 6200000 6299999 640
nn10 6300000 6399999 312
nn10 6400000 6499999 691
nn10 6500000 6599999 259
nn10 6600000 6699999 391
nn10 6700000 6799999 570
nn10 6800000 6899999 606
nn10 6900000 6999999 199
nn10 7000000 7099999 542
nn10 7100000 7199999 462
nn10 7200000 7299999 746
nn10 7300000 7399999 519
nn10 7400000 7499999 420
nn10 7500000 7599999 1333
nn10 7600000 7699999 473
nn10 7700000 7799999 484
nn10 7800000 7899999 373
nn10 7900000 7999999 411
nn10 8000000 8099999 397
nn10 8100000 8199999 1006
nn10 8200000 8299999 678
nn10 8300000 8399999 686
nn10 8400000 8499999 521
nn10 8500000 8599999 421
nn10 8600000 8699999 786
nn10 8700000 8799999 634
nn10 8800000 8899999 284
nn10 8900000 8999999 446
nn10 9000000 9099999 598
nn10 9100000 9199999 591
nn10 9200000 9299999 782
nn10 9300000 9399999 530
nn10 9400000 9499999 555
nn10 9500000 9599999 361
nn10 9600000 9699999 657
nn10 9700000 9799999 397
nn10 9800000 9899999 508
nn10 9900000 9999999 697
nn10 10000000 10099999 733
nn10 10100000 10199999 500
nn10 10200000 10299999 505
nn10 10300000 10399999 718
nn10 10400000 10499999 400
nn10 10500000 10599999 486
nn10 10600000 10699999 339
nn10 10700000 10799999 535
nn10 10800000 10899999 808
nn10 10900000 10999999 806
nn10 11000000 11099999 676
nn10 11100000 11199999 464
nn10 11200000 11299999 667
nn10 11300000 11399999 304
nn10 11400000 11499999 401
nn10 11500000 11599999 554
nn10 11600000 11699999 546
nn10 11700000 11799999 787
nn10 11800000 11899999 1266
nn10 11900000 11999999 437
nn10 12000000 12099999 668
nn10 12100000 12199999 504
nn10 12200000 12299999 762
nn10 12300000 12399999 607
nn10 12400000 12499999 418
nn10 12500000 12599999 593
nn10 12600000 12699999 743
nn10 12700000 12799999 630
nn10 12800000 12899999 742
nn10 12900000 12999999 720
nn10 13000000 13099999 635
nn10 13100000 13199999 685
nn10 13200000 13299999 581
nn10 13300000 13399999 610
nn10 13400000 13499999 414
nn10 13500000 13599999 531
nn10 13600000 13699999 760
nn10 13700000 13799999 625
nn10 13800000 13899999 303
nn10 13900000 13999999 643
nn10 14000000 14099999 701
nn10 14100000 14199999 478
nn10 14200000 14299999 753
nn10 14300000 14399999 602
nn10 14400000 14499999 480
nn10 14500000 14599999 570
nn10 14600000 14699999 572
nn10 14700000 14799999 5170
nn10 14800000 14899999 784
nn10 14900000 14999999 487
nn10 15000000 15099999 1083
nn10 15100000 15199999 810
nn10 15200000 15299999 652
nn10 15300000 15399999 788
nn10 15400000 15499999 768
nn10 15500000 15599999 590
nn10 15600000 15699999 558
nn10 15700000 15799999 1204
nn10 15800000 15899999 764
nn10 15900000 15999999 440
nn10 16000000 16099999 735
nn10 16100000 16199999 752
nn10 16200000 16299999 454
nn10 16300000 16399999 791
nn10 16400000 16499999 1010
nn10 16500000 16599999 906
nn10 16600000 16699999 804
nn10 16700000 16799999 702
nn10 16800000 16899999 652
nn10 16900000 16999999 362
nn10 17000000 17099999 483
nn10 17100000 17199999 596
nn10 17200000 17299999 551
nn10 17300000 17399999 537
nn10 17400000 17499999 357
nn10 17500000 17599999 433
nn10 17600000 17699999 337
nn10 17700000 17799999 2296
nn10 17800000 17899999 1244
nn10 17900000 17999999 2018
nn10 18000000 18099999 479
nn10 18100000 18199999 1151
nn10 18200000 18299999 1716
nn10 18300000 18399999 435
nn10 18400000 18499999 494
nn10 18500000 18599999 437
nn10 18600000 18699999 527
nn10 18700000 18799999 760
nn10 18800000 18899999 597
nn10 18900000 18999999 1312
nn10 19000000 19099999 282
nn10 19100000 19199999 832
nn10 19200000 19299999 285
nn10 19300000 19399999 507
nn10 19400000 19499999 657
nn10 19500000 19599999 476
nn10 19600000 19699999 592
nn10 19700000 19799999 509
nn10 19800000 19899999 65
nn10 19900000 19999999 435
nn10 20000000 20098048 1927
nn11 0 99999 12787
nn11 100000 199999 747
nn11 200000 299999 332
nn11 300000 399999 541
nn11 400000 499999 936
nn11 500000 599999 525
nn11 600000 699999 613
nn11 700000 799999 823
nn11 800000 899999 718
nn11 900000 999999 693
nn11 1000000 1099999 564
nn11 1100000 1199999 879
nn11 1200000 1299999 882
nn11 1300000 1399999 1249
nn11 1400000 1499999 1650
nn11 1500000 1599999 1746
nn11 1600000 1699999 2140
nn11 1700000 1799999 2065
nn11 1800000 1899999 711
nn11 1900000 1999999 344
nn11 2000000 2099999 415
nn11 2100000 2199999 904
nn11 2200000 2299999 567
nn11 2300000 2399999 2393
nn11 2400000 2499999 1001
nn11 2500000 2599999 1571
nn11 2600000 2699999 2700
nn11 2700000 2799999 960
nn11 2800000 2899999 1904
nn11 2900000 2999999 2678
nn11 3000000 3099999 951
nn11 3100000 3199999 793
nn11 3200000 3299999 597
nn11 3300000 3399999 450
nn11 3400000 3499999 415
nn11 3500000 3599999 421
nn11 3600000 3699999 346
nn11 3700000 3799999 312
nn11 3800000 3899999 467
nn11 3900000 3999999 480
nn11 4000000 4099999 414
nn11 4100000 4199999 256
nn11 4200000 4299999 537
nn11 4300000 4399999 536
nn11 4400000 4499999 855
nn11 4500000 4599999 865
nn11 4600000 4699999 727
nn11 4700000 4799999 374
nn11 4800000 4899999 757
nn11 4900000 4999999 287
nn11 5000000 5099999 375
nn11 5100000 5199999 519
nn11 5200000 5299999 388
nn11 5300000 5399999 1206
nn11 5400000 5499999 814
nn11 5500000 5599999 633
nn11 5600000 5699999 352
nn11 5700000 5799999 456
nn11 5800000 5899999 382
nn11 5900000 5999999 659
nn11 6000000 6099999 610
nn11 6100000 6199999 520
nn11 6200000 6299999 634
nn11 6300000 6399999 602
nn11 6400000 6499999 442
nn11 6500000 6599999 552
nn11 6600000 6699999 434
nn11 6700000 6799999 823
nn11 6800000 6899999 615
nn11 6900000 6999999 900
nn11 7000000 7099999 1040
nn11 7100000 7199999 719
nn11 7200000 7299999 605
nn11 7300000 7399999 451
nn11 7400000 7499999 684
nn11 7500000 7599999 1323
nn11 7600000 7699999 957
nn11 7700000 7799999 966
nn11 7800000 7899999 1101
nn11 7900000 7999999 948
nn11 8000000 8099999 808
nn11 8100000 8199999 477
nn11 8200000 8299999 755
nn11 8300000 8399999 711
nn11 8400000 8499999 370
nn11 8500000 8599999 454
nn11 8600000 8699999 875
nn11 8700000 8799999 497
nn11 8800000 8899999 590
nn11 8900000 8999999 386
nn11 9000000 9099999 736
nn11 9100000 9199999 527
nn11 9200000 9299999 1050
nn11 9300000 9399999 578
nn11 9400000 9499999 609
nn11 9500000 9599999 527
nn11 9600000 9699999 384
nn11 9700000 9799999 456
nn11 9800000 9899999 590
nn11 9900000 9999999 361
nn11 10000000 10099999 804
nn11 10100000 10199999 643
nn11 10200000 10299999 425
nn11 10300000 10399999 470
nn11 10400000 10499999 629
nn11 10500000 10599999 591
nn11 10600000 10699999 705
nn11 10700000 10799999 624
nn11 10800000 10899999 818
nn11 10900000 10999999 555
nn11 11000000 11099999 431
nn11 11100000 11199999 352
nn11 11200000 11299999 716
nn11 11300000 11399999 777
nn11 11400000 11499999 680
nn11 11500000 11599999 386
nn11 11600000 11699999 612
nn11 11700000 11799999 370
nn11 11800000 11899999 448
nn11 11900000 11999999 789
nn11 12000000 12099999 852
nn11 12100000 12199999 697
nn11 12200000 12299999 677
nn11 12300000 12399999 704
nn11 12400000 12499999 943
nn11 12500000 12599999 599
nn11 12600000 12699999 401
nn11 12700000 12799999 585
nn11 12800000 12899999 645
nn11 12900000 12999999 491
nn11 13000000 13099999 450
nn11 13100000 13199999 660
nn11 13200000 13299999 516
nn11 13300000 13399999 731
nn11 13400000 13499999 928
nn11 13500000 13599999 712
nn11 13600000 13699999 839
nn11 13700000 13799999 1138
nn11 13800000 13899999 641
nn11 13900000 13999999 682
nn11 14000000 14099999 749
nn11 14100000 14199999 684
nn11 14200000 14299999 474
nn11 14300000 14399999 593
nn11 14400000 14499999 740
nn11 14500000 14599999 784
nn11 14600000 14699999 458
nn11 14700000 14799999 893
nn11 14800000 14899999 327
nn11 14900000 14999999 306
nn11 15000000 15099999 492
nn11 15100000 15199999 802
nn11 15200000 15299999 248
nn11 15300000 15399999 368
nn11 15400000 15499999 649
nn11 15500000 15599999 894
nn11 15600000 15699999 509
nn11 15700000 15799999 349
nn11 15800000 15899999 327
nn11 15900000 15999999 652
nn11 16000000 16099999 533
nn11 16100000 16199999 288
nn11 16200000 16299999 641
nn11 16300000 16399999 744
nn11 16400000 16499999 659
nn11 16500000 16599999 633
nn11 16600000 16699999 682
nn11 16700000 16799999 946
nn11 16800000 16899999 1070
nn11 16900000 16999999 683
nn11 17000000 17099999 392
nn11 17100000 17199999 759
nn11 17200000 17299999 1059
nn11 17300000 17399999 1733
nn11 17400000 17499999 960
nn11 17500000 17599999 1310
nn11 17600000 17699999 376
nn11 17700000 17799999 417
nn11 17800000 17899999 382
nn11 17900000 17999999 1076
nn11 18000000 18099999 1187
nn11 18100000 18199999 904
nn11 18200000 18299999 699
nn11 18300000 18399999 1144
nn11 18400000 18499999 441
nn11 18500000 18599999 1757
nn11 18600000 18699999 482
nn11 18700000 18799999 495
nn11 18800000 18899999 431
nn11 18900000 18999999 661
nn11 19000000 19099999 1502
nn11 19100000 19199999 984
nn11 19200000 19299999 660
nn11 19300000 19399999 598
nn11 19400000 19499999 526
nn11 19500000 19599999 492
nn11 19600000 19699999 1003
nn11 19700000 19799999 1589
nn11 19800000 19899999 1876
nn11 19900000 19999999 1636
nn11 20000000 20099999 686
nn11 20100000 20148113 20922
nn12 0 99999 9748
nn12 100000 199999 599
nn12 200000 299999 783
nn12 300000 399999 1966
nn12 400000 499999 446
nn12 500000 599999 855
nn12 600000 699999 441
nn12 700000 799999 475
nn12 800000 899999 267
nn12 900000 999999 518
nn12 1000000 1099999 324
nn12 1100000 1199999 412
nn12 1200000 1299999 437
nn12 1300000 1399999 1138
nn12 1400000 1499999 650
nn12 1500000 1599999 177
nn12 1600000 1699999 468
nn12 1700000 1799999 528
nn12 1800000 1899999 592
nn12 1900000 1999999 461
nn12 2000000 2099999 525
nn12 2100000 2199999 709
nn12 2200000 2299999 518
nn12 2300000 2399999 438
nn12 2400000 2499999 669
nn12 2500000 2599999 866
nn12 2600000 2699999 480
nn12 2700000 2799999 449
nn12 2800000 2899999 638
nn12 2900000 2999999 713
nn12 3000000 3099999 376
nn12 3100000 3199999 386
nn12 3200000 3299999 579
nn12 3300000 3399999 515
nn12 3400000 3499999 811
nn12 3500000 3599999 435
nn12 3600000 3699999 528
nn12 3700000 3799999 832
nn12 3800000 3899999 596
nn12 3900000 3999999 583
nn12 4000000 4099999 509
nn12 4100000 4199999 528
nn12 4200000 4299999 295
nn12 4300000 4399999 292
nn12 4400000 4499999 412
nn12 4500000 4599999 565
nn12 4600000 4699999 345
nn12 4700000 4799999 817
nn12 4800000 4899999 779
nn12 4900000 4999999 431
nn12 5000000 5099999 504
nn12 5100000 5199999 268
nn12 5200000 5299999 940
nn12 5300000 5399999 578
nn12 5400000 5499999 527
nn12 5500000 5599999 405
nn12 5600000 5699999 728
nn12 5700000 5799999 475
nn12 5800000 5899999 419
nn12 5900000 5999999 662
nn12 6000000 6099999 203
nn12 6100000 6199999 735
nn12 6200000 6299999 555
nn12 6300000 6399999 817
nn12 6400000 6499999 682
nn12 6500000 6599999 564
nn12 6600000 6699999 548
nn12 6700000 6799999 375
nn12 6800000 6899999 955
nn12 6900000 6999999 340
nn12 7000000 7099999 631
nn12 7100000 7199999 292
nn12 7200000 7299999 385
nn12 7300000 7399999 471
nn12 7400000 7499999 416
nn12 7500000 7599999 780
nn12 7600000 7699999 346
nn12 7700000 7799999 409
nn12 7800000 7899999 497
nn12 7900000 7999999 534
nn12 8000000 8099999 256
nn12 8100000 8199999 456
nn12 8200000 8299999 582
nn12 8300000 8399999 437
nn12 8400000 8499999 985
nn12 8500000 8599999 936
nn12 8600000 8699999 343
nn12 8700000 8799999 828
nn12 8800000 8899999 439
nn12 8900000 8999999 297
nn12 9000000 9099999 499
nn12 9100000 9199999 807
nn12 9200000 9299999 496
nn12 9300000 9399999 602
nn12 9400000 9499999 482
nn12 9500000 9599999 422
nn12 9600000 9699999 585
nn12 9700000 9799999 295
nn12 9800000 9899999 776
nn12 9900000 9999999 547
nn12 10000000 10099999 485
nn12 10100000 10199999 390
nn12 10200000 10299999 458
nn12 10300000 10399999 638
nn12 10400000 10499999 429
nn12 10500000 10599999 327
nn12 10600000 10699999 601
nn12 10700000 10799999 418
nn12 10800000 10899999 995
nn12 10900000 10999999 755
nn12 11000000 11099999 362
nn12 11100000 11199999 508
nn12 11200000 11299999 1105
nn12 11300000 11399999 860
nn12 11400000 11499999 2175
nn12 11500000 11599999 470
nn12 11600000 11699999 895
nn12 11700000 11799999 499
nn12 11800000 11899999 530
nn12 11900000 11999999 834
nn12 12000000 12099999 605
nn12 12100000 12199999 739
nn12 12200000 12299999 796
nn12 12300000 12399999 927
nn12 12400000 12499999 652
nn12 12500000 12599999 517
nn12 12600000 12699999 598
nn12 12700000 12799999 582
nn12 12800000 12899999 567
nn12 12900000 12999999 917
nn12 13000000 13099999 727
nn12 13100000 13199999 440
nn12 13200000 13299999 653
nn12 13300000 13399999 632
nn12 13400000 13499999 529
nn12 13500000 13599999 503
nn12 13600000 13699999 779
nn12 13700000 13799999 291
nn12 13800000 13899999 850
nn12 13900000 13999999 579
nn12 14000000 14099999 866
nn12 14100000 14199999 245
nn12 14200000 14299999 364
nn12 14300000 14399999 825
nn12 14400000 14499999 696
nn12 14500000 14599999 508
nn12 14600000 14699999 397
nn12 14700000 14799999 725
nn12 14800000 14899999 600
nn12 14900000 14999999 469
nn12 15000000 15099999 585
nn12 15100000 15199999 710
nn12 15200000 15299999 657
nn12 15300000 15399999 549
nn12 15400000 15499999 810
nn12 15500000 15599999 727
nn12 15600000 15699999 920
nn12 15700000 15799999 544
nn12 15800000 15899999 506
nn12 15900000 15999999 783
nn12 16000000 16099999 615
nn12 16100000 16199999 423
nn12 16200000 16299999 669
nn12 16300000 16399999 258
nn12 16400000 16499999 224
nn12 16500000 16599999 626
nn12 16600000 16699999 513
nn12 16700000 16799999 1150
nn12 16800000 16899999 1366
nn12 16900000 16999999 565
nn12 17000000 17099999 585
nn12 17100000 17199999 581
nn12 17200000 17299999 1036
nn12 17300000 17399999 1198
nn12 17400000 17499999 519
nn12 17500000 17599999 593
nn12 17600000 17699999 495
nn12 17700000 17799999 667
nn12 17800000 17899999 1239
nn12 17900000 17999999 675
nn12 18000000 18099999 744
nn12 18100000 18199999 610
nn12 18200000 18299999 560
nn12 18300000 18399999 681
nn12 18400000 18499999 1177
nn12 18500000 18599999 552
nn12 18600000 18699999 510
nn12 18700000 18799999 1177
nn12 18800000 18899999 1486
nn12 18900000 18999999 1027
nn12 19000000 19099999 523
nn12 19100000 19199999 1756
nn12 19200000 19299999 828
nn12 19300000 19399999 560
nn12 19400000 19499999 525
nn12 19500000 19599999 949
nn12 19600000 19699999 515
nn12 19700000 19799999 419
nn12 19800000 19899999 764
nn12 19900000 19999999 1054
nn12 20000000 20099999 3606
nn12 20100000 20199999 1656
nn12 20200000 20299999 1448
nn12 20300000 20399999 1132
nn12 20400000 20499999 1254
nn12 20500000 20554282 203
nn13 0 99999 10595
nn13 100000 199999 727
nn13 200000 299999 490
nn13 300000 399999 504
nn13 400000 499999 1165
nn13 500000 599999 723
nn13 600000 699999 305
nn13 700000 799999 741
nn13 800000 899999 756
nn13 900000 999999 724
nn13 1000000 1099999 712
nn13 1100000 1199999 655
nn13 1200000 1299999 484
nn13 1300000 1399999 381
nn13 1400000 1499999 1066
nn13 1500000 1599999 698
nn13 1600000 1699999 753
nn13 1700000 1799999 595
nn13 1800000 1899999 464
nn13 1900000 1999999 356
nn13 2000000 2099999 592
nn13 2100000 2199999 457
nn13 2200000 2299999 341
nn13 2300000 2399999 677
nn13 2400000 2499999 757
nn13 2500000 2599999 823
nn13 2600000 2699999 823
nn13 2700000 2799999 1811
nn13 2800000 2899999 748
nn13 2900000 2999999 1223
nn13 3000000 3099999 241
nn13 3100000 3199999 470
nn13 3200000 3299999 472
nn13 3300000 3399999 209
nn13 3400000 3499999 657
nn13 3500000 3599999 221
nn13 3600000 3699999 372
nn13 3700000 3799999 330
nn13 3800000 3899999 463
nn13 3900000 3999999 665
nn13 4000000 4099999 563
nn13 4100000 4199999 553
nn13 4200000 4299999 415
nn13 4300000 4399999 368
nn13 4400000 4499999 679
nn13 4500000 4599999 418
nn13 4600000 4699999 476
nn13 4700000 4799999 676
nn13 4800000 4899999 1031
nn13 4900000 4999999 360
nn13 5000000 5099999 644
nn13 5100000 5199999 641
nn13 5200000 5299999 802
nn13 5300000 5399999 905
nn13 5400000 5499999 558
nn13 5500000 5599999 359
nn13 5600000 5699999 421
nn13 5700000 5799999 357
nn13 5800000 5899999 436
nn13 5900000 5999999 353
nn13 6000000 6099999 675
nn13 6100000 6199999 571
nn13 6200000 6299999 839
nn13 6300000 6399999 276
nn13 6400000 6499999 824
nn13 6500000 6599999 456
nn13 6600000 6699999 449
nn13 6700000 6799999 549
nn13 6800000 6899999 470
nn13 6900000 6999999 413
nn13 7000000 7099999 279
nn13 7100000 7199999 648
nn13 7200000 7299999 1861
nn13 7300000 7399999 542
nn13 7400000 7499999 499
nn13 7500000 7599999 532
nn13 7600000 7699999 1298
nn13 7700000 7799999 505
nn13 7800000 7899999 711
nn13 7900000 7999999 1476
nn13 8000000 8099999 768
nn13 8100000 8199999 808
nn13 8200000 8299999 567
nn13 8300000 8399999 1282
nn13 8400000 8499999 1088
nn13 8500000 8599999 1116
nn13 8600000 8699999 389
nn13 8700000 8799999 407
nn13 8800000 8899999 782
nn13 8900000 8999999 376
nn13 9000000 9099999 647
nn13 9100000 9199999 659
nn13 9200000 9299999 547
nn13 9300000 9399999 236
nn13 9400000 9499999 382
nn13 9500000 9599999 1137
nn13 9600000 9699999 588
nn13 9700000 9799999 381
nn13 9800000 9899999 548
nn13 9900000 9999999 865
nn13 10000000 10099999 418
nn13 10100000 10199999 755
nn13 10200000 10299999 786
nn13 10300000 10399999 619
nn13 10400000 10499999 683
nn13 10500000 10599999 558
nn13 10600000 10699999 535
nn13 10700000 10799999 742
nn13 10800000 10899999 795
nn13 10900000 10999999 633
nn13 11000000 11099999 888
nn13 11100000 11199999 709
nn13 11200000 11299999 733
nn13 11300000 11399999 555
nn13 11400000 11499999 458
nn13 11500000 11599999 510
nn13 11600000 11699999 609
nn13 11700000 11799999 538
nn13 11800000 11899999 782
nn13 11900000 11999999 635
nn13 12000000 12099999 575
nn13 12100000 12199999 963
nn13 12200000 12299999 666
nn13 12300000 12399999 548
nn13 12400000 12499999 833
nn13 12500000 12599999 719
nn13 12600000 12699999 633
nn13 12700000 12799999 938
nn13 12800000 12899999 1289
nn13 12900000 12999999 778
nn13 13000000 13099999 738
nn13 13100000 13199999 696
nn13 13200000 13299999 843
nn13 13300000 13399999 583
nn13 13400000 13499999 787
nn13 13500000 13599999 773
nn13 13600000 13699999 584
nn13 13700000 13799999 635
nn13 13800000 13899999 558
nn13 13900000 13999999 452
nn13 14000000 14099999 702
nn13 14100000 14199999 856
nn13 14200000 14299999 761
nn13 14300000 14399999 526
nn13 14400000 14499999 655
nn13 14500000 14599999 274
nn13 14600000 14699999 731
nn13 14700000 14799999 276
nn13 14800000 14899999 572
nn13 14900000 14999999 856
nn13 15000000 15099999 784
nn13 15100000 15199999 1134
nn13 15200000 15299999 315
nn13 15300000 15399999 618
nn13 15400000 15499999 231
nn13 15500000 15599999 579
nn13 15600000 15699999 239
nn13 15700000 15799999 709
nn13 15800000 15899999 893
nn13 15900000 15999999 528
nn13 16000000 16099999 649
nn13 16100000 16199999 702
nn13 16200000 16299999 795
nn13 16300000 16399999 2402
nn13 16400000 16499999 1778
nn13 16500000 16599999 1362
nn13 16600000 16699999 1722
nn13 16700000 16799999 682
nn13 16800000 16899999 2088
nn13 16900000 16999999 695
nn13 17000000 17099999 448
nn13 17100000 17199999 842
nn13 17200000 17299999 1350
nn13 17300000 17399999 1363
nn13 17400000 17499999 954
nn13 17500000 17599999 860
nn13 17600000 17699999 1386
nn13 17700000 17799999 670
nn13 17800000 17899999 1216
nn13 17900000 17999999 835
nn13 18000000 18099999 1531
nn13 18100000 18199999 1097
nn13 18200000 18299999 1805
nn13 18300000 18371304 14335
nn14 0 99999 7094
nn14 100000 199999 928
nn14 200000 299999 604
nn14 300000 399999 666
nn14 400000 499999 477
nn14 500000 599999 1141
nn14 600000 699999 767
nn14 700000 799999 671
nn14 800000 899999 891
nn14 900000 999999 882
nn14 1000000 1099999 735
nn14 1100000 1199999 758
nn14 1200000 1299999 395
nn14 1300000 1399999 346
nn14 1400000 1499999 413
nn14 1500000 1599999 305
nn14 1600000 1699999 404
nn14 1700000 1799999 496
nn14 1800000 1899999 526
nn14 1900000 1999999 413
nn14 2000000 2099999 852
nn14 2100000 2199999 309
nn14 2200000 2299999 660
nn14 2300000 2399999 470
nn14 2400000 2499999 997
nn14 2500000 2599999 925
nn14 2600000 2699999 1137
nn14 2700000 2799999 435
nn14 2800000 2899999 378
nn14 2900000 2999999 375
nn14 3000000 3099999 192
nn14 3100000 3199999 593
nn14 3200000 3299999 631
nn14 3300000 3399999 316
nn14 3400000 3499999 260
nn14 3500000 3599999 583
nn14 3600000 3699999 540
nn14 3700000 3799999 460
nn14 3800000 3899999 453
nn14 3900000 3999999 592
nn14 4000000 4099999 513
nn14 4100000 4199999 1619
nn14 4200000 4299999 804
nn14 4300000 4399999 1098
nn14 4400000 4499999 811
nn14 4500000 4599999 612
nn14 4600000 4699999 591
nn14 4700000 4799999 648
nn14 4800000 4899999 527
nn14 4900000 4999999 1339
nn14 5000000 5099999 703
nn14 5100000 5199999 564
nn14 5200000 5299999 410
nn14 5300000 5399999 454
nn14 5400000 5499999 599
nn14 5500000 5599999 514
nn14 5600000 5699999 522
nn14 5700000 5799999 641
nn14 5800000 5899999 422
nn14 5900000 5999999 509
nn14 6000000 6099999 409
nn14 6100000 6199999 659
nn14 6200000 6299999 1655
nn14 6300000 6399999 296
nn14 6400000 6499999 947
nn14 6500000 6599999 936
nn14 6600000 6699999 2069
nn14 6700000 6799999 766
nn14 6800000 6899999 1142
nn14 6900000 6999999 848
nn14 7000000 7099999 814
nn14 7100000 7199999 637
nn14 7200000 7299999 662
nn14 7300000 7399999 286
nn14 7400000 7499999 499
nn14 7500000 7599999 845
nn14 7600000 7699999 548
nn14 7700000 7799999 276
nn14 7800000 7899999 542
nn14 7900000 7999999 458
nn14 8000000 8099999 376
nn14 8100000 8199999 640
nn14 8200000 8299999 408
nn14 8300000 8399999 391
nn14 8400000 8499999 482
nn14 8500000 8599999 505
nn14 8600000 8699999 761
nn14 8700000 8799999 435
nn14 8800000 8899999 463
nn14 8900000 8999999 786
nn14 9000000 9099999 453
nn14 9100000 9199999 460
nn14 9200000 9299999 603
nn14 9300000 9399999 362
nn14 9400000 9499999 812
nn14 9500000 9599999 292
nn14 9600000 9699999 484
nn14 9700000 9799999 475
nn14 9800000 9899999 602
nn14 9900000 9999999 748
nn14 10000000 10099999 874
nn14 10100000 10199999 816
nn14 10200000 10299999 332
nn14 10300000 10399999 389
nn14 10400000 10499999 623
nn14 10500000 10599999 615
nn14 10600000 10699999 613
nn14 10700000 10799999 840
nn14 10800000 10899999 827
nn14 10900000 10999999 1119
nn14 11000000 11099999 708
nn14 11100000 11199999 863
nn14 11200000 11299999 702
nn14 11300000 11399999 604
nn14 11400000 11499999 404
nn14 11500000 11599999 791
nn14 11600000 11699999 873
nn14 11700000 11799999 646
nn14 11800000 11899999 451
nn14 11900000 11999999 373
nn14 12000000 12099999 261
nn14 12100000 12199999 850
nn14 12200000 12299999 549
nn14 12300000 12399999 1212
nn14 12400000 12499999 712
nn14 12500000 12599999 576
nn14 12600000 12699999 521
nn14 12700000 12799999 1280
nn14 12800000 12899999 731
nn14 12900000 12999999 462
nn14 13000000 13099999 1127
nn14 13100000 13199999 1263
nn14 13200000 13299999 1885
nn14 13300000 13399999 898
nn14 13400000 13499999 839
nn14 13500000 13599999 1746
nn14 13600000 13699999 924
nn14 13700000 13799999 2471
nn14 13800000 13899999 1080
nn14 13900000 13999999 1477
nn14 14000000 14099999 1370
nn14 14100000 14199999 653
nn14 14200000 14299999 452
nn14 14300000 14399999 483
nn14 14400000 14499999 428
nn14 14500000 14599999 2072
nn14 14600000 14699999 413
nn14 14700000 14799999 528
nn14 14800000 14899999 730
nn14 14900000 14999999 407
nn14 15000000 15099999 1168
nn14 15100000 15199999 508
nn14 15200000 15299999 3383
nn14 15300000 15399999 1531
nn14 15400000 15499999 1783
nn14 15500000 15599999 1000
nn14 15600000 15699999 1001
nn14 15700000 15799999 1953
nn14 15800000 15813833 223
nn15 0 99999 7540
nn15 100000 199999 838
nn15 200000 299999 617
nn15 300000 399999 994
nn15 400000 499999 955
nn15 500000 599999 687
nn15 600000 699999 901
nn15 700000 799999 957
nn15 800000 899999 718
nn15 900000 999999 705
nn15 1000000 1099999 936
nn15 1100000 1199999 623
nn15 1200000 1299999 439
nn15 1300000 1399999 546
nn15 1400000 1499999 733
nn15 1500000 1599999 722
nn15 1600000 1699999 375
nn15 1700000 1799999 1364
nn15 1800000 1899999 583
nn15 1900000 1999999 428
nn15 2000000 2099999 481
nn15 2100000 2199999 593
nn15 2200000 2299999 461
nn15 2300000 2399999 325
nn15 2400000 2499999 462
nn15 2500000 2599999 285
nn15 2600000 2699999 450
nn15 2700000 2799999 505
nn15 2800000 2899999 534
nn15 2900000 2999999 459
nn15 3000000 3099999 558
nn15 3100000 3199999 465
nn15 3200000 3299999 445
nn15 3300000 3399999 809
nn15 3400000 3499999 738
nn15 3500000 3599999 356
nn15 3600000 3699999 290
nn15 3700000 3799999 405
nn15 3800000 3899999 475
nn15 3900000 3999999 553
nn15 4000000 4099999 407
nn15 4100000 4199999 712
nn15 4200000 4299999 550
nn15 4300000 4399999 542
nn15 4400000 4499999 330
nn15 4500000 4599999 524
nn15 4600000 4699999 477
nn15 4700000 4799999 410
nn15 4800000 4899999 849
nn15 4900000 4999999 556
nn15 5000000 5099999 632
nn15 5100000 5199999 461
nn15 5200000 5299999 506
nn15 5300000 5399999 338
nn15 5400000 5499999 440
nn15 5500000 5599999 486
nn15 5600000 5699999 340
nn15 5700000 5799999 931
nn15 5800000 5899999 452
nn15 5900000 5999999 427
nn15 6000000 6099999 512
nn15 6100000 6199999 1658
nn15 6200000 6299999 430
nn15 6300000 6399999 418
nn15 6400000 6499999 373
nn15 6500000 6599999 763
nn15 6600000 6699999 726
nn15 6700000 6799999 521
nn15 6800000 6899999 1463
nn15 6900000 6999999 712
nn15 7000000 7099999 784
nn15 7100000 7199999 810
nn15 7200000 7299999 1153
nn15 7300000 7399999 636
nn15 7400000 7499999 972
nn15 7500000 7599999 592
nn15 7600000 7699999 522
nn15 7700000 7799999 644
nn15 7800000 7899999 556
nn15 7900000 7999999 424
nn15 8000000 8099999 848
nn15 8100000 8199999 1029
nn15 8200000 8299999 537
nn15 8300000 8399999 586
nn15 8400000 8499999 1457
nn15 8500000 8599999 445
nn15 8600000 8699999 503
nn15 8700000 8799999 567
nn15 8800000 8899999 476
nn15 8900000 8999999 445
nn15 9000000 9099999 518
nn15 9100000 9199999 576
nn15 9200000 9299999 952
nn15 9300000 9399999 501
nn15 9400000 9499999 778
nn15 9500000 9599999 377
nn15 9600000 9699999 306
nn15 9700000 9799999 770
nn15 9800000 9899999 392
nn15 9900000 9999999 974
nn15 10000000 10099999 990
nn15 10100000 10199999 1036
nn15 10200000 10299999 1000
nn15 10300000 10399999 717
nn15 10400000 10499999 610
nn15 10500000 10599999 877
nn15 10600000 10699999 530
nn15 10700000 10799999 529
nn15 10800000 10899999 1264
nn15 10900000 10999999 1596
nn15 11000000 11099999 379
nn15 11100000 11199999 1787
nn15 11200000 11299999 1926
nn15 11300000 11399999 2100
nn15 11400000 11499999 592
nn15 11500000 11599999 581
nn15 11600000 11699999 500
nn15 11700000 11799999 397
nn15 11800000 11899999 615
nn15 11900000 11999999 508
nn15 12000000 12099999 820
nn15 12100000 12199999 1093
nn15 12200000 12299999 896
nn15 12300000 12399999 1332
nn15 12400000 12499999 1492
nn15 12500000 12599999 1356
nn15 12600000 12699999 2041
nn15 12700000 12799999 1219
nn15 12800000 12880243 2013
nn16 0 99999 19409
nn16 100000 199999 2545
nn16 200000 299999 5262
nn16 300000 399999 16582
nn16 400000 499999 22196
nn16 500000 599999 20192
nn16 600000 699999 32624
nn16 700000 799999 50944
nn16 800000 899999 41199
nn16 900000 999999 26595
nn16 1000000 1099999 30964
nn16 1100000 1199999 30253
nn16 1200000 1299999 30530
nn16 1300000 1399999 59383
nn16 1400000 1499999 27905
nn16 1500000 1599999 28629
nn16 1600000 1699999 46384
nn16 1700000 1799999 28754
nn16 1800000 1899999 35083
nn16 1900000 1999999 31888
nn16 2000000 2099999 28998
nn16 2100000 2199999 51203
nn16 2200000 2299999 63618
nn16 2300000 2399999 7421
nn16 2400000 2499999 3140
nn16 2500000 2599999 681
nn16 2600000 2699999 702
nn16 2700000 2799999 725
nn16 2800000 2899999 724
nn16 2900000 2999999 588
nn16 3000000 3099999 700
nn16 3100000 3199999 818
nn16 3200000 3299999 819
nn16 3300000 3399999 830
nn16 3400000 3499999 812
nn16 3500000 3599999 588
nn16 3600000 3699999 977
nn16 3700000 3799999 727
nn16 3800000 3899999 982
nn16 3900000 3999999 820
nn16 4000000 4099999 568
nn16 4100000 4199999 2524
nn16 4200000 4299999 968
nn16 4300000 4399999 1041
nn16 4400000 4499999 1037
nn16 4500000 4599999 880
nn16 4600000 4635106 256
nn17 0 99999 748
nn17 100000 199999 517
nn17 200000 299999 833
nn17 300000 399999 572
nn17 400000 499999 828
nn17 500000 599999 934
nn17 600000 699999 737
nn17 700000 799999 776
nn17 800000 899999 606
nn17 900000 999999 970
nn17 1000000 1099999 676
nn17 1100000 1199999 731
nn17 1200000 1299999 817
nn17 1300000 1399999 902
nn17 1400000 1499999 415
nn17 1500000 1599999 502
nn17 1600000 1699999 406
nn17 1700000 1799999 798
nn17 1800000 1899999 508
nn17 1900000 1999999 874
nn17 2000000 2099999 484
nn17 2100000 2199999 736
nn17 2200000 2299999 754
nn17 2300000 2399999 1742
nn17 2400000 2499999 742
nn17 2500000 2599999 420
nn17 2600000 2699999 903
nn17 2700000 2799999 1309
nn17 2800000 2899999 479
nn17 2900000 2999999 933
nn17 3000000 3099999 662
nn17 3100000 3199999 1143
nn17 3200000 3299999 516
nn17 3300000 3399999 801
nn17 3400000 3499999 596
nn17 3500000 3599999 730
nn17 3600000 3699999 550
nn17 3700000 3799999 409
nn17 3800000 3899999 454
nn17 3900000 3999999 527
nn17 4000000 4099999 622
nn17 4100000 4199999 744
nn17 4200000 4299999 322
nn17 4300000 4399999 561
nn17 4400000 4499999 779
nn17 4500000 4599999 648
nn17 4600000 4699999 846
nn17 4700000 4799999 567
nn17 4800000 4899999 1649
nn17 4900000 4999999 603
nn17 5000000 5099999 342
nn17 5100000 5199999 552
nn17 5200000 5299999 680
nn17 5300000 5399999 359
nn17 5400000 5499999 878
nn17 5500000 5599999 678
nn17 5600000 5699999 731
nn17 5700000 5799999 494
nn17 5800000 5899999 719
nn17 5900000 5999999 598
nn17 6000000 6099999 588
nn17 6100000 6199999 765
nn17 6200000 6299999 689
nn17 6300000 6399999 1200
nn17 6400000 6499999 699
nn17 6500000 6599999 1007
nn17 6600000 6699999 326
nn17 6700000 6799999 1015
nn17 6800000 6899999 811
nn17 6900000 6999999 651
nn17 7000000 7099999 983
nn17 7100000 7199999 754
nn17 7200000 7299999 673
nn17 7300000 7399999 590
nn17 7400000 7499999 377
nn17 7500000 7599999 515
nn17 7600000 7699999 393
nn17 7700000 7799999 774
nn17 7800000 7899999 1320
nn17 7900000 7999999 773
nn17 8000000 8099999 1496
nn17 8100000 8199999 426
nn17 8200000 8299999 416
nn17 8300000 8399999 890
nn17 8400000 8499999 565
nn17 8500000 8599999 494
nn17 8600000 8699999 809
nn17 8700000 8799999 370
nn17 8800000 8899999 391
nn17 8900000 8999999 251
nn17 9000000 9099999 482
nn17 9100000 9199999 426
nn17 9200000 9299999 1088
nn17 9300000 9399999 596
nn17 9400000 9499999 978
nn17 9500000 9599999 515
nn17 9600000 9699999 1004
nn17 9700000 9799999 1144
nn17 9800000 9899999 442
nn17 9900000 9999999 1027
nn17 10000000 10099999 1184
nn17 10100000 10199999 1036
nn17 10200000 10299999 1424
nn17 10300000 10399999 1243
nn17 10400000 10499999 155
nn17 10500000 10599999 738
nn17 10600000 10683667 1836
nn18 0 99999 18963
nn18 100000 199999 218
nn18 200000 299999 494
nn18 300000 399999 594
nn18 400000 499999 546
nn18 500000 599999 673
nn18 600000 699999 738
nn18 700000 799999 479
nn18 800000 899999 660
nn18 900000 999999 602
nn18 1000000 1099999 557
nn18 1100000 1199999 574
nn18 1200000 1299999 587
nn18 1300000 1399999 335
nn18 1400000 1499999 401
nn18 1500000 1599999 318
nn18 1600000 1699999 134
nn18 1700000 1799999 402
nn18 1800000 1899999 1064
nn18 1900000 1999999 593
nn18 2000000 2099999 539
nn18 2100000 2199999 607
nn18 2200000 2299999 419
nn18 2300000 2399999 576
nn18 2400000 2499999 361
nn18 2500000 2599999 604
nn18 2600000 2699999 359
nn18 2700000 2799999 291
nn18 2800000 2899999 457
nn18 2900000 2999999 436
nn18 3000000 3099999 595
nn18 3100000 3199999 403
nn18 3200000 3299999 404
nn18 3300000 3399999 1158
nn18 3400000 3499999 455
nn18 3500000 3599999 639
nn18 3600000 3699999 576
nn18 3700000 3799999 929
nn18 3800000 3899999 699
nn18 3900000 3999999 1356
nn18 4000000 4099999 538
nn18 4100000 4199999 1006
nn18 4200000 4299999 1936
nn18 4300000 4399999 612
nn18 4400000 4499999 763
nn18 4500000 4599999 672
nn18 4600000 4699999 758
nn18 4700000 4799999 680
nn18 4800000 4899999 1082
nn18 4900000 4999999 971
nn18 5000000 5099999 1914
nn18 5100000 5199999 2219
nn18 5200000 5299999 1656
nn18 5300000 5399999 426
nn18 5400000 5499999 930
nn18 5500000 5599999 1603
nn18 5600000 5699999 2230
nn18 5700000 5799999 1035
nn18 5800000 5899999 838
nn18 5900000 5999999 685
nn18 6000000 6099999 693
nn18 6100000 6199999 502
nn18 6200000 6299999 578
nn18 6300000 6399999 387
nn18 6400000 6499999 712
nn18 6500000 6599999 1225
nn18 6600000 6699999 1522
nn18 6700000 6799999 803
nn18 6800000 6899999 650
nn18 6900000 6999999 830
nn18 7000000 7099999 1575
nn18 7100000 7199999 763
nn18 7200000 7299999 524
nn18 7300000 7399999 685
nn18 7400000 7499999 562
nn18 7500000 7599999 470
nn18 7600000 7699999 550
nn18 7700000 7799999 551
nn18 7800000 7899999 646
nn18 7900000 7999999 647
nn18 8000000 8099999 489
nn18 8100000 8199999 1664
nn18 8200000 8299999 311
nn18 8300000 8399999 689
nn18 8400000 8499999 695
nn18 8500000 8599999 1358
nn18 8600000 8699999 961
nn18 8700000 8799999 1654
nn18 8800000 8899999 1857
nn18 8900000 8999999 1936
nn18 9000000 9099999 1490
nn18 9100000 9199999 383
nn18 9200000 9299999 867
nn18 9300000 9399999 965
nn18 9400000 9499999 736
nn18 9500000 9599999 1285
nn18 9600000 9699999 614
nn18 9700000 9799999 422
nn18 9800000 9899999 448
nn18 9900000 9999999 1137
nn18 10000000 10099999 596
nn18 10100000 10199999 743
nn18 10200000 10299999 806
nn18 10300000 10399999 997
nn18 10400000 10499999 1538
nn18 10500000 10599999 857
nn18 10600000 10699999 576
nn18 10700000 10799999 741
nn18 10800000 10899999 1158
nn18 10900000 10999999 544
nn18 11000000 11099999 558
nn18 11100000 11165485 3381
nn19 0 99999 3436
nn19 100000 199999 2188
nn19 200000 299999 836
nn19 300000 399999 845
nn19 400000 499999 728
nn19 500000 599999 906
nn19 600000 699999 2370
nn19 700000 799999 493
nn19 800000 899999 883
nn19 900000 999999 1468
nn19 1000000 1099999 748
nn19 1100000 1199999 1107
nn19 1200000 1299999 572
nn19 1300000 1399999 645
nn19 1400000 1499999 318
nn19 1500000 1599999 574
nn19 1600000 1699999 579
nn19 1700000 1799999 761
nn19 1800000 1899999 427
nn19 1900000 1999999 391
nn19 2000000 2099999 363
nn19 2100000 2199999 1070
nn19 2200000 2299999 1005
nn19 2300000 2399999 556
nn19 2400000 2499999 299
nn19 2500000 2599999 387
nn19 2600000 2699999 604
nn19 2700000 2799999 546
nn19 2800000 2899999 734
nn19 2900000 2999999 677
nn19 3000000 3099999 582
nn19 3100000 3199999 428
nn19 3200000 3299999 275
nn19 3300000 3399999 460
nn19 3400000 3499999 1160
nn19 3500000 3599999 648
nn19 3600000 3699999 502
nn19 3700000 3799999 262
nn19 3800000 3899999 348
nn19 3900000 3999999 247
nn19 4000000 4099999 1020
nn19 4100000 4199999 538
nn19 4200000 4299999 590
nn19 4300000 4399999 940
nn19 4400000 4499999 1689
nn19 4500000 4599999 1147
nn19 4600000 4699999 545
nn19 4700000 4799999 347
nn19 4800000 4899999 454
nn19 4900000 4999999 862
nn19 5000000 5099999 909
nn19 5100000 5199999 666
nn19 5200000 5299999 663
nn19 5300000 5399999 653
nn19 5400000 5499999 288
nn19 5500000 5599999 593
nn19 5600000 5699999 848
nn19 5700000 5799999 1148
nn19 5800000 5899999 957
nn19 5900000 5999999 1495
nn19 6000000 6099999 2063
nn19 6100000 6199999 1991
nn19 6200000 6299999 1769
nn19 6300000 6399999 987
nn19 6400000 6499999 463
nn19 6500000 6599999 784
nn19 6600000 6699999 185
nn19 6700000 6799999 276
nn19 6800000 6899999 586
nn19 6900000 6999999 514
nn19 7000000 7099999 389
nn19 7100000 7199999 345
nn19 7200000 7299999 812
nn19 7300000 7399999 591
nn19 7400000 7499999 956
nn19 7500000 7599999 459
nn19 7600000 7699999 765
nn19 7700000 7799999 340
nn19 7800000 7899999 891
nn19 7900000 7999999 649
nn19 8000000 8099999 336
nn19 8100000 8199999 590
nn19 8200000 8299999 288
nn19 8300000 8399999 645
nn19 8400000 8499999 426
nn19 8500000 8599999 1636
nn19 8600000 8699999 912
nn19 8700000 8799999 344
nn19 8800000 8899999 947
nn19 8900000 8999999 948
nn19 9000000 9099999 695
nn19 9100000 9199999 462
nn19 9200000 9299999 417
nn19 9300000 9399999 632
nn19 9400000 9499999 507
nn19 9500000 9599999 397
nn19 9600000 9699999 882
nn19 9700000 9799999 638
nn19 9800000 9899999 436
nn19 9900000 9999999 687
nn19 10000000 10099999 888
nn19 10100000 10199999 835
nn19 10200000 10254927 29725
nn20 0 99999 16656
nn20 100000 199999 314
nn20 200000 299999 801
nn20 300000 399999 787
nn20 400000 499999 756
nn20 500000 599999 1262
nn20 600000 699999 479
nn20 700000 799999 1329
nn20 800000 899999 498
nn20 900000 999999 817
nn20 1000000 1099999 492
nn20 1100000 1199999 366
nn20 1200000 1299999 638
nn20 1300000 1399999 565
nn20 1400000 1499999 531
nn20 1500000 1599999 632
nn20 1600000 1699999 382
nn20 1700000 1799999 520
nn20 1800000 1899999 614
nn20 1900000 1999999 645
nn20 2000000 2099999 447
nn20 2100000 2199999 319
nn20 2200000 2299999 515
nn20 2300000 2399999 1141
nn20 2400000 2499999 951
nn20 2500000 2599999 759
nn20 2600000 2699999 528
nn20 2700000 2799999 365
nn20 2800000 2899999 713
nn20 2900000 2999999 527
nn20 3000000 3099999 691
nn20 3100000 3199999 674
nn20 3200000 3299999 397
nn20 3300000 3399999 1111
nn20 3400000 3499999 757
nn20 3500000 3599999 1812
nn20 3600000 3699999 594
nn20 3700000 3799999 1101
nn20 3800000 3899999 1208
nn20 3900000 3999999 1194
nn20 4000000 4099999 1052
nn20 4100000 4199999 2028
nn20 4200000 4299999 815
nn20 4300000 4399999 804
nn20 4400000 4499999 1090
nn20 4500000 4599999 2181
nn20 4600000 4699999 1591
nn20 4700000 4799999 827
nn20 4800000 4899999 860
nn20 4900000 4999999 889
nn20 5000000 5099999 595
nn20 5100000 5199999 605
nn20 5200000 5299999 829
nn20 5300000 5399999 883
nn20 5400000 5499999 1319
nn20 5500000 5599999 872
nn20 5600000 5699999 624
nn20 5700000 5799999 614
nn20 5800000 5899999 477
nn20 5900000 5999999 2052
nn20 6000000 6099999 694
nn20 6100000 6199999 493
nn20 6200000 6299999 469
nn20 6300000 6399999 724
nn20 6400000 6499999 647
nn20 6500000 6599999 694
nn20 6600000 6699999 587
nn20 6700000 6799999 561
nn20 6800000 6899999 695
nn20 6900000 6999999 766
nn20 7000000 7099999 483
nn20 7100000 7199999 460
nn20 7200000 7299999 755
nn20 7300000 7399999 705
nn20 7400000 7499999 668
nn20 7500000 7599999 458
nn20 7600000 7699999 564
nn20 7700000 7799999 558
nn20 7800000 7899999 661
nn20 7900000 7999999 392
nn20 8000000 8099999 575
nn20 8100000 8199999 506
nn20 8200000 8299999 502
nn20 8300000 8399999 512
nn20 8400000 8499999 868
nn20 8500000 8599999 551
nn20 8600000 8699999 981
nn20 8700000 8799999 392
nn20 8800000 8899999 893
nn20 8900000 8999999 1120
nn20 9000000 9099999 1191
nn20 9100000 9199999 438
nn20 9200000 9299999 686
nn20 9300000 9399999 1938
nn20 9400000 9499999 588
nn20 9500000 9599999 1053
nn20 9600000 9699999 1171
nn20 9700000 9799999 588
nn20 9800000 9899999 299
nn20 9900000 9999999 645
nn20 10000000 10099999 456
nn20 10100000 10199999 446
nn20 10200000 10299999 397
nn20 10300000 10399999 447
nn20 10400000 10499999 402
nn20 10500000 10599999 842
nn20 10600000 10699999 547
nn20 10700000 10799999 696
nn20 10800000 10899999 518
nn20 10900000 10999999 568
nn20 11000000 11099999 634
nn20 11100000 11199999 363
nn20 11200000 11299999 894
nn20 11300000 11399999 809
nn20 11400000 11499999 778
nn20 11500000 11599999 1587
nn20 11600000 11699999 1164
nn20 11700000 11799999 1116
nn20 11800000 11899999 847
nn20 11900000 11999999 760
nn20 12000000 12099999 436
nn20 12100000 12199999 506
nn20 12200000 12299999 923
nn20 12300000 12399999 510
nn20 12400000 12499999 597
nn20 12500000 12599999 660
nn20 12600000 12699999 1161
nn20 12700000 12799999 797
nn20 12800000 12899999 718
nn20 12900000 12999999 524
nn20 13000000 13099999 401
nn20 13100000 13199999 852
nn20 13200000 13299999 436
nn20 13300000 13399999 570
nn20 13400000 13499999 480
nn20 13500000 13599999 432
nn20 13600000 13699999 798
nn20 13700000 13799999 823
nn20 13800000 13899999 485
nn20 13900000 13999999 582
nn20 14000000 14099999 909
nn20 14100000 14199999 1342
nn20 14200000 14299999 1461
nn20 14300000 14399999 1036
nn20 14400000 14499999 765
nn20 14500000 14599999 32
nn20 14600000 14699999 257
nn20 14700000 14769858 10389
nn21 0 99999 5649
nn21 100000 199999 1052
nn21 200000 299999 615
nn21 300000 399999 356
nn21 400000 499999 284
nn21 500000 599999 891
nn21 600000 699999 880
nn21 700000 799999 1561
nn21 800000 899999 4203
nn21 900000 999999 817
nn21 1000000 1099999 1345
nn21 1100000 1199999 1854
nn21 1200000 1299999 519
nn21 1300000 1399999 269
nn21 1400000 1499999 627
nn21 1500000 1599999 273
nn21 1600000 1699999 421
nn21 1700000 1799999 770
nn21 1800000 1899999 632
nn21 1900000 1999999 554
nn21 2000000 2099999 428
nn21 2100000 2199999 737
nn21 2200000 2299999 343
nn21 2300000 2399999 505
nn21 2400000 2499999 386
nn21 2500000 2599999 415
nn21 2600000 2699999 599
nn21 2700000 2799999 2909
nn21 2800000 2899999 2319
nn21 2900000 2999999 2015
nn21 3000000 3099999 469
nn21 3100000 3199999 401
nn21 3200000 3299999 777
nn21 3300000 3399999 351
nn21 3400000 3499999 467
nn21 3500000 3599999 299
nn21 3600000 3699999 614
nn21 3700000 3799999 478
nn21 3800000 3899999 780
nn21 3900000 3999999 907
nn21 4000000 4099999 431
nn21 4100000 4199999 554
nn21 4200000 4299999 1338
nn21 4300000 4399999 1399
nn21 4400000 4499999 1991
nn21 4500000 4599999 2558
nn21 4600000 4699999 439
nn21 4700000 4799999 1041
nn21 4800000 4899999 1343
nn21 4900000 4999999 3256
nn21 5000000 5099999 1336
nn21 5100000 5199999 983
nn21 5200000 5299999 1269
nn21 5300000 5399999 589
nn21 5400000 5499999 518
nn21 5500000 5599999 792
nn21 5600000 5699999 403
nn21 5700000 5799999 492
nn21 5800000 5899999 1479
nn21 5900000 5999999 696
nn21 6000000 6099999 1923
nn21 6100000 6199999 1212
nn21 6200000 6299999 919
nn21 6300000 6399999 601
nn21 6400000 6499999 1086
nn21 6500000 6599999 3054
nn21 6600000 6699999 1282
nn21 6700000 6799999 1092
nn21 6800000 6899999 1112
nn21 6900000 6999999 475
nn21 7000000 7099999 408
nn21 7100000 7199999 775
nn21 7200000 7299999 465
nn21 7300000 7395262 1716
nn22 0 99999 14215
nn22 100000 199999 399
nn22 200000 299999 750
nn22 300000 399999 504
nn22 400000 499999 1243
nn22 500000 599999 585
nn22 600000 699999 1066
nn22 700000 799999 285
nn22 800000 899999 314
nn22 900000 999999 945
nn22 1000000 1099999 516
nn22 1100000 1199999 2219
nn22 1200000 1299999 3270
nn22 1300000 1399999 10037
nn22 1400000 1499999 20347
nn22 1500000 1599999 7375
nn22 1600000 1699999 1988
nn22 1700000 1799999 1581
nn22 1800000 1899999 1774
nn22 1900000 1999999 428
nn22 2000000 2099999 307
nn22 2100000 2199999 777
nn22 2200000 2299999 1341
nn22 2300000 2399999 3476
nn22 2400000 2499999 1766
nn22 2500000 2599999 3906
nn22 2600000 2699999 1683
nn22 2700000 2799999 1678
nn22 2800000 2899999 663
nn22 2900000 2999999 610
nn22 3000000 3099999 1042
nn22 3100000 3199999 1639
nn22 3200000 3299999 2346
nn22 3300000 3399999 6117
nn22 3400000 3499999 28358
nn22 3500000 3599999 11951
nn22 3600000 3699999 10508
nn22 3700000 3799999 2362
nn22 3800000 3899999 519
nn22 3900000 3999999 1208
nn22 4000000 4099999 374
nn22 4100000 4199999 786
nn22 4200000 4299999 678
nn22 4300000 4399999 476
nn22 4400000 4499999 530
nn22 4500000 4599999 549
nn22 4600000 4699999 1887
nn22 4700000 4799999 5532
nn22 4800000 4899999 2443
nn22 4900000 4999999 694
nn22 5000000 5099999 964
nn22 5100000 5199999 1858
nn22 5200000 5238597 3127
nn23 0 99999 14601
nn23 100000 199999 569
nn23 200000 299999 485
nn23 300000 399999 604
nn23 400000 499999 1272
nn23 500000 599999 920
nn23 600000 699999 1017
nn23 700000 799999 2838
nn23 800000 899999 1261
nn23 900000 999999 1397
nn23 1000000 1099999 1370
nn23 1100000 1199999 623
nn23 1200000 1299999 316
nn23 1300000 1399999 1402
nn23 1400000 1499999 931
nn23 1500000 1599999 1314
nn23 1600000 1699999 2234
nn23 1700000 1799999 2027
nn23 1800000 1899999 2645
nn23 1900000 1999999 1543
nn23 2000000 2099999 2183
nn23 2100000 2199999 1015
nn23 2200000 2299999 604
nn23 2300000 2399999 454
nn23 2400000 2499999 633
nn23 2500000 2599999 834
nn23 2600000 2699999 825
nn23 2700000 2799999 393
nn23 2800000 2899999 875
nn23 2900000 2999999 1925
nn23 3000000 3099999 1307
nn23 3100000 3199999 612
nn23 3200000 3299999 1042
nn23 3300000 3399999 1302
nn23 3400000 3499999 604
nn23 3500000 3599999 1707
nn23 3600000 3699999 2409
nn23 3700000 3799999 3954
nn23 3800000 3899999 4375
nn23 3900000 3999999 2975
nn23 4000000 4099999 851
nn23 4100000 4199999 529
nn23 4200000 4299999 510
nn23 4300000 4399999 674
nn23 4400000 4499999 1980
nn23 4500000 4599999 2615
nn23 4600000 4699999 3086
nn23 4700000 4799999 1410
nn23 4800000 4899999 882
nn23 4900000 4999999 924
nn23 5000000 5099999 678
nn23 5100000 5199999 4125
nn23 5200000 5299999 3518
nn23 5300000 5399999 858
nn23 5400000 5499999 1656
nn23 5500000 5599999 771
nn23 5600000 5699999 1189
nn23 5700000 5799999 990
nn23 5800000 5899999 612
nn23 5900000 5999999 1379
nn23 6000000 6099999 1406
nn23 6100000 6199999 1566
nn23 6200000 6299999 1784
nn23 6300000 6329449 14952
nn24 0 99999 17783
nn24 100000 199999 422
nn24 200000 299999 1252
nn24 300000 399999 1195
nn24 400000 499999 1167
nn24 500000 599999 626
nn24 600000 699999 549
nn24 700000 799999 510
nn24 800000 899999 488
nn24 900000 999999 802
nn24 1000000 1099999 904
nn24 1100000 1199999 501
nn24 1200000 1299999 406
nn24 1300000 1399999 1217
nn24 1400000 1499999 566
nn24 1500000 1599999 612
nn24 1600000 1699999 497
nn24 1700000 1799999 1057
nn24 1800000 1899999 434
nn24 1900000 1999999 865
nn24 2000000 2099999 1427
nn24 2100000 2199999 665
nn24 2200000 2299999 772
nn24 2300000 2399999 1312
nn24 2400000 2499999 799
nn24 2500000 2599999 538
nn24 2600000 2699999 915
nn24 2700000 2799999 570
nn24 2800000 2899999 305
nn24 2900000 2999999 692
nn24 3000000 3099999 295
nn24 3100000 3199999 457
nn24 3200000 3299999 734
nn24 3300000 3399999 875
nn24 3400000 3499999 587
nn24 3500000 3599999 564
nn24 3600000 3699999 726
nn24 3700000 3799999 354
nn24 3800000 3899999 489
nn24 3900000 3999999 313
nn24 4000000 4099999 435
nn24 4100000 4199999 1332
nn24 4200000 4299999 1762
nn24 4300000 4399999 833
nn24 4400000 4499999 1105
nn24 4500000 4599999 563
nn24 4600000 4699999 806
nn24 4700000 4799999 1417
nn24 4800000 4899999 312
nn24 4900000 4999999 738
nn24 5000000 5099999 900
nn24 5100000 5199999 1203
nn24 5200000 5299999 933
nn24 5300000 5399999 838
nn24 5400000 5499999 698
nn24 5500000 5599999 1134
nn24 5600000 5699999 1195
nn24 5700000 5799999 751
nn24 5800000 5899999 532
nn24 5900000 5999999 722
nn24 6000000 6099999 552
nn24 6100000 6199999 1248
nn24 6200000 6299999 1024
nn24 6300000 6399999 1550
nn24 6400000 6499999 839
nn24 6500000 6599999 237
nn24 6600000 6699999 626
nn24 6700000 6799999 156
nn24 6800000 6899999 1767
nn24 6900000 6998170 2044
nn25 0 99999 1495
nn25 100000 199999 2320
nn25 200000 299999 10817
nn25 300000 399999 11049
nn25 400000 499999 20538
nn25 500000 599999 11040
nn25 600000 699999 3705
nn25 700000 799999 11993
nn25 800000 899999 16154
nn25 900000 999999 5963
nn25 1000000 1099999 18406
nn25 1100000 1199999 29668
nn25 1200000 1299999 28777
nn25 1300000 1399999 40307
nn25 1400000 1499999 5554
nn25 1500000 1599999 1255
nn25 1600000 1699999 3846
nn25 1700000 1799999 8108
nn25 1800000 1899999 11115
nn25 1900000 1999999 4606
nn25 2000000 2099999 3532
nn25 2100000 2199999 1133
nn25 2200000 2299999 11561
nn25 2300000 2399999 17332
nn25 2400000 2499999 6723
nn25 2500000 2599999 6613
nn25 2600000 2699999 12508
nn25 2700000 2799999 3507
nn25 2800000 2899999 2389
nn25 2900000 2999999 476
nn25 3000000 3099999 1581
nn25 3100000 3199999 2243
nn25 3200000 3299999 2509
nn25 3300000 3399999 1549
nn25 3400000 3499999 2791
nn25 3500000 3599999 1381
nn25 3600000 3699999 22105
nn25 3700000 3799999 8378
nn25 3800000 3899999 5510
nn25 3900000 3999999 1427
nn25 4000000 4099999 1276
nn25 4100000 4199999 1533
nn25 4200000 4299999 1863
nn25 4300000 4333314 419
nn26 0 99999 5338
nn26 100000 199999 829
nn26 200000 299999 599
nn26 300000 399999 873
nn26 400000 499999 782
nn26 500000 599999 1014
nn26 600000 699999 1346
nn26 700000 799999 1519
nn26 800000 899999 585
nn26 900000 999999 1207
nn26 1000000 1099999 1357
nn26 1100000 1199999 2906
nn26 1200000 1299999 3759
nn26 1300000 1399999 3365
nn26 1400000 1499999 1233
nn26 1500000 1599999 918
nn26 1600000 1699999 1366
nn26 1700000 1799999 1524
nn26 1800000 1899999 1335
nn26 1900000 1999999 873
nn26 2000000 2099999 1236
nn26 2100000 2199999 2101
nn26 2200000 2299999 875
nn26 2300000 2399999 1040
nn26 2400000 2499999 814
nn26 2500000 2599999 728
nn26 2600000 2699999 785
nn26 2700000 2799999 893
nn26 2800000 2899999 1148
nn26 2900000 2999999 395
nn26 3000000 3099999 1238
nn26 3100000 3199999 697
nn26 3200000 3299999 841
nn26 3300000 3399999 630
nn26 3400000 3499999 2395
nn26 3500000 3599999 1318
nn26 3600000 3699999 3604
nn26 3700000 3799999 760
nn26 3800000 3899999 843
nn26 3900000 3999999 1177
nn26 4000000 4099999 597
nn26 4100000 4199999 930
nn26 4200000 4299999 321
nn26 4300000 4399999 1082
nn26 4400000 4499999 1483
nn26 4500000 4599999 2103
nn26 4600000 4699999 287
nn26 4700000 4799999 767
nn26 4800000 4899999 2706
nn26 4900000 4999999 2556
nn26 5000000 5099999 937
nn26 5100000 5199999 646
nn26 5200000 5299999 973
nn26 5300000 5399999 2555
nn26 5400000 5499999 5190
nn26 5500000 5599999 1024
nn26 5600000 5699999 1141
nn26 5700000 5799999 1528
nn26 5800000 5899999 1834
nn26 5900000 5993406 822
nn27 0 99999 13121
nn27 100000 199999 586
nn27 200000 299999 809
nn27 300000 399999 979
nn27 400000 499999 748
nn27 500000 599999 1254
nn27 600000 699999 1110
nn27 700000 799999 874
nn27 800000 899999 3737
nn27 900000 999999 1928
nn27 1000000 1099999 2529
nn27 1100000 1199999 1344
nn27 1200000 1299999 3054
nn27 1300000 1399999 3883
nn27 1400000 1499999 4603
nn27 1500000 1599999 2309
nn27 1600000 1699999 3939
nn27 1700000 1799999 4010
nn27 1800000 1899999 4093
nn27 1900000 1999999 1415
nn27 2000000 2099999 771
nn27 2100000 2199999 1727
nn27 2200000 2299999 915
nn27 2300000 2399999 961
nn27 2400000 2499999 5832
nn27 2500000 2599999 12422
nn27 2600000 2699999 7054
nn27 2700000 2799999 1494
nn27 2800000 2899999 720
nn27 2900000 2999999 1042
nn27 3000000 3099999 971
nn27 3100000 3199999 1749
nn27 3200000 3299999 1181
nn27 3300000 3399999 626
nn27 3400000 3499999 690
nn27 3500000 3599999 702
nn27 3600000 3699999 560
nn27 3700000 3799999 1024
nn27 3800000 3899999 1523
nn27 3900000 3999999 2498
nn27 4000000 4099999 5485
nn27 4100000 4199999 10983
nn27 4200000 4299999 1486
nn27 4300000 4399999 2780
nn27 4400000 4499999 1817
nn27 4500000 4599999 1389
nn27 4600000 4699999 740
nn27 4700000 4799999 552
nn27 4800000 4899999 467
nn27 4900000 4999999 632
nn27 5000000 5099999 275
nn27 5100000 5199999 473
nn27 5200000 5299999 264
nn27 5300000 5399999 1587
nn27 5400000 5499999 1031
nn27 5500000 5599999 948
nn27 5600000 5699999 713
nn27 5700000 5799999 1453
nn27 5800000 5899999 0
nn27 5900000 5999999 888
nn27 6000000 6099999 886
nn27 6100000 6199999 307
nn27 6200000 6242314 47
nn28 0 99999 4247
nn28 100000 199999 507
nn28 200000 299999 624
nn28 300000 399999 905
nn28 400000 499999 2089
nn28 500000 599999 793
nn28 600000 699999 779
nn28 700000 799999 493
nn28 800000 899999 380
nn28 900000 999999 1361
nn28 1000000 1099999 2172
nn28 1100000 1199999 1480
nn28 1200000 1299999 515
nn28 1300000 1399999 1756
nn28 1400000 1499999 844
nn28 1500000 1599999 2553
nn28 1600000 1699999 6398
nn28 1700000 1799999 2535
nn28 1800000 1899999 8450
nn28 1900000 1999999 3112
nn28 2000000 2099999 994
nn28 2100000 2199999 1232
nn28 2200000 2299999 1340
nn28 2300000 2399999 856
nn28 2400000 2499999 2663
nn28 2500000 2599999 3092
nn28 2600000 2699999 8162
nn28 2700000 2799999 3274
nn28 2800000 2899999 3050
nn28 2900000 2999999 1794
nn28 3000000 3099999 1913
nn28 3100000 3199999 1713
nn28 3200000 3299999 1345
nn28 3300000 3399999 926
nn28 3400000 3499999 1252
nn28 3500000 3599999 5871
nn28 3600000 3699999 7086
nn28 3700000 3799999 3215
nn28 3800000 3899999 7562
nn28 3900000 3999999 1401
nn28 4000000 4099999 2207
nn28 4100000 4199999 3221
nn28 4200000 4299999 960
nn28 4300000 4399999 988
nn28 4400000 4499999 924
nn28 4500000 4599999 849
nn28 4600000 4699999 1361
nn28 4700000 4799999 685
nn28 4800000 4899999 1411
nn28 4900000 4999999 549
nn28 5000000 5099999 1143
nn28 5100000 5199999 456
nn28 5200000 5299999 1365
nn28 5300000 5399999 1062
nn28 5400000 5499999 2040
nn28 5500000 5598070 14436
nn29 0 99999 20344
nn29 100000 199999 37100
nn29 200000 299999 25763
nn29 300000 399999 10843
nn29 400000 499999 18926
nn29 500000 599999 37345
nn29 600000 699999 31956
nn29 700000 799999 3338
nn29 800000 899999 2670
nn29 900000 999999 8293
nn29 1000000 1099999 1755
nn29 1100000 1199999 4603
nn29 1200000 1299999 4677
nn29 1300000 1399999 3886
nn29 1400000 1499999 1660
nn29 1500000 1599999 1901
nn29 1600000 1699999 3821
nn29 1700000 1799999 2788
nn29 1800000 1899999 3068
nn29 1900000 1999999 3384
nn29 2000000 2099999 1343
nn29 2100000 2199999 3438
nn29 2200000 2299999 4625
nn29 2300000 2399999 5535
nn29 2400000 2499999 2009
nn29 2500000 2599999 7378
nn29 2600000 2699999 3455
nn29 2700000 2799999 4865
nn29 2800000 2899999 4871
nn29 2900000 2999999 3493
nn29 3000000 3099999 3755
nn29 3100000 3199999 3406
nn29 3200000 3299999 1348
nn29 3300000 3399999 4188
nn29 3400000 3499999 1938
nn29 3500000 3502936 58
nn30 0 99999 16502
nn30 100000 199999 13874
nn30 200000 299999 24445
nn30 300000 399999 23756
nn30 400000 499999 20911
nn30 500000 599999 8846
nn30 600000 699999 18211
nn30 700000 799999 29627
nn30 800000 899999 21534
nn30 900000 999999 20619
nn30 1000000 1099999 15473
nn30 1100000 1199999 11915
nn30 1200000 1299999 4382
nn30 1300000 1399999 3268
nn30 1400000 1499999 22949
nn30 1500000 1599999 13928
nn30 1600000 1699999 19873
nn30 1700000 1799999 2975
nn30 1800000 1899999 974
nn30 1900000 1999999 324
nn30 2000000 2072913 735
nn31 0 99999 50347
nn31 100000 199999 55833
nn31 200000 299999 54481
nn31 300000 399999 16876
nn31 400000 499999 1302
nn31 500000 599999 2514
nn31 600000 699999 675
nn31 700000 799999 665
nn31 800000 899999 868
nn31 900000 999999 691
nn31 1000000 1099999 1391
nn31 1100000 1199999 4930
nn31 1200000 1299999 1572
nn31 1300000 1399999 506
nn31 1400000 1499999 2970
nn31 1500000 1599999 1572
nn31 1600000 1699999 1260
nn31 1700000 1799999 2726
nn31 1800000 1899999 2783
nn31 1900000 1999999 2187
nn31 2000000 2099999 188
nn31 2100000 2199999 153
nn31 2200000 2299999 0
nn31 2300000 2399999 987
nn31 2400000 2403615 102
nn32 0 99999 13579
nn32 100000 199999 26406
nn32 200000 299999 11966
nn32 300000 399999 31666
nn32 400000 499999 27898
nn32 500000 599999 7767
nn32 600000 699999 16675
nn32 700000 799999 23148
nn32 800000 899999 21637
nn32 900000 999999 21842
nn32 1000000 1099999 24766
nn32 1100000 1199999 32775
nn32 1200000 1299999 36868
nn32 1300000 1399999 30953
nn32 1400000 1499999 42468
nn32 1500000 1599999 13402
nn32 1600000 1699999 3239
nn32 1700000 1799999 1004
nn32 1800000 1899999 642
nn32 1900000 1999999 2538
nn32 2000000 2099999 2123
nn32 2100000 2199999 2080
nn32 2200000 2299999 2110
nn32 2300000 2399999 2027
nn32 2400000 2499999 2069
nn32 2500000 2599999 761
nn32 2600000 2699999 302
nn32 2700000 2799999 10402
nn32 2800000 2803647 3648
nn33 0 99999 4550
nn33 100000 199999 2458
nn33 200000 299999 2777
nn33 300000 399999 3076
nn33 400000 499999 10968
nn33 500000 599999 14859
nn33 600000 699999 7317
nn33 700000 799999 745
nn33 800000 899999 578
nn33 900000 999999 1537
nn33 1000000 1099999 6444
nn33 1100000 1199999 9639
nn33 1200000 1299999 17376
nn33 1300000 1399999 6904
nn33 1400000 1499999 9013
nn33 1500000 1599999 6765
nn33 1600000 1699999 4990
nn33 1700000 1799999 19890
nn33 1800000 1899999 30140
nn33 1900000 1999999 13702
nn33 2000000 2099999 1776
nn33 2100000 2199999 799
nn33 2200000 2299999 1949
nn33 2300000 2399999 5407
nn33 2400000 2499999 6735
nn33 2500000 2599999 25213
nn33 2600000 2699999 14557
nn33 2700000 2799999 3466
nn33 2800000 2899999 3420
nn33 2900000 2999999 1999
nn33 3000000 3099999 539
nn33 3100000 3199999 123
nn33 3200000 3299999 155
nn33 3300000 3399999 356
nn33 3400000 3483575 15145
nn34 0 99999 16625
nn34 100000 199999 34798
nn34 200000 299999 32707
nn34 300000 399999 31911
nn34 400000 499999 15755
nn34 500000 599999 33197
nn34 600000 699999 27445
nn34 700000 799999 40233
nn34 800000 899999 49096
nn34 900000 999999 54630
nn34 1000000 1099999 55944
nn34 1100000 1199999 28359
nn34 1200000 1299999 299
nn34 1300000 1399999 691
nn34 1400000 1499999 988
nn34 1500000 1599999 1028
nn34 1600000 1699999 549
nn34 1700000 1799999 531
nn34 1800000 1899999 134
nn34 1900000 1999999 452
nn34 2000000 2037436 3576
nn35 0 99999 29336
nn35 100000 199999 26079
nn35 200000 299999 46138
nn35 300000 399999 45805
nn35 400000 499999 30026
nn35 500000 599999 45118
nn35 600000 699999 52986
nn35 700000 799999 50995
nn35 800000 899999 30615
nn35 900000 999999 11628
nn35 1000000 1099999 25723
nn35 1100000 1199999 17784
nn35 1200000 1299999 6721
nn35 1300000 1399999 2322
nn35 1400000 1499999 2018
nn35 1500000 1599999 1801
nn35 1600000 1699999 1600
nn35 1700000 1799999 465
nn35 1800000 1899999 1369
nn35 1900000 1948696 15660
nn36 0 99999 19683
nn36 100000 199999 33919
nn36 200000 299999 33013
nn36 300000 399999 35054
nn36 400000 499999 47579
nn36 500000 599999 50655
nn36 600000 699999 26323
nn36 700000 799999 24421
nn36 800000 899999 2180
nn36 900000 999999 1177
nn36 1000000 1099999 1342
nn36 1100000 1199999 926
nn36 1200000 1299999 970
nn36 1300000 1399999 702
nn36 1400000 1499999 1064
nn36 1500000 1599999 681
nn36 1600000 1648179 465
nn37 0 99999 30214
nn37 100000 199999 32059
nn37 200000 299999 12550
nn37 300000 399999 17378
nn37 400000 499999 23710
nn37 500000 599999 20007
nn37 600000 699999 23009
nn37 700000 799999 39838
nn37 800000 899999 42353
nn37 900000 999999 4382
nn37 1000000 1099999 3529
nn37 1100000 1199999 3326
nn37 1200000 1299999 3190
nn37 1300000 1399999 3176
nn37 1400000 1499999 2435
nn37 1500000 1599999 621
nn37 1600000 1699999 1245
nn37 1700000 1799999 344
nn37 1800000 1899999 11902
nn37 1900000 1903433 3431
nn38 0 99999 27499
nn38 100000 199999 30603
nn38 200000 299999 58412
nn38 300000 399999 53895
nn38 400000 499999 54301
nn38 500000 599999 20489
nn38 600000 699999 48397
nn38 700000 799999 44794
nn38 800000 899999 17931
nn38 900000 999999 2544
nn38 1000000 1099999 3048
nn38 1100000 1199999 2485
nn38 1200000 1299999 2960
nn38 1300000 1399999 11299
nn38 1400000 1499999 20144
nn38 1500000 1599999 1397
nn38 1600000 1699999 784
nn38 1700000 1799999 1482
nn38 1800000 1899999 242
nn38 1900000 1999999 675
nn38 2000000 2099999 1624
nn38 2100000 2199999 2464
nn38 2200000 2229092 6575
nnZ 0 99999 1640
nnZ 100000 199999 378
nnZ 200000 299999 930
nnZ 300000 399999 1240
nnZ 400000 499999 813
nnZ 500000 599999 676
nnZ 600000 699999 762
nnZ 700000 799999 859
nnZ 800000 899999 2497
nnZ 900000 999999 708
nnZ 1000000 1099999 807
nnZ 1100000 1199999 599
nnZ 1200000 1299999 617
nnZ 1300000 1399999 503
nnZ 1400000 1499999 23
nnZ 1500000 1599999 1226
nnZ 1600000 1699999 525
nnZ 1700000 1799999 554
nnZ 1800000 1899999 446
nnZ 1900000 1999999 429
nnZ 2000000 2099999 755
nnZ 2100000 2199999 561
nnZ 2200000 2299999 416
nnZ 2300000 2399999 482
nnZ 2400000 2499999 524
nnZ 2500000 2599999 735
nnZ 2600000 2699999 2044
nnZ 2700000 2799999 569
nnZ 2800000 2899999 323
nnZ 2900000 2999999 492
nnZ 3000000 3099999 391
nnZ 3100000 3199999 453
nnZ 3200000 3299999 389
nnZ 3300000 3399999 430
nnZ 3400000 3499999 512
nnZ 3500000 3599999 631
nnZ 3600000 3699999 596
nnZ 3700000 3799999 570
nnZ 3800000 3899999 587
nnZ 3900000 3999999 896
nnZ 4000000 4099999 2334
nnZ 4100000 4199999 963
nnZ 4200000 4299999 1163
nnZ 4300000 4399999 898
nnZ 4400000 4499999 1091
nnZ 4500000 4599999 975
nnZ 4600000 4699999 1245
nnZ 4700000 4799999 645
nnZ 4800000 4899999 735
nnZ 4900000 4999999 907
nnZ 5000000 5099999 834
nnZ 5100000 5199999 631
nnZ 5200000 5299999 1181
nnZ 5300000 5399999 1595
nnZ 5400000 5499999 1503
nnZ 5500000 5599999 808
nnZ 5600000 5699999 679
nnZ 5700000 5799999 1203
nnZ 5800000 5899999 657
nnZ 5900000 5999999 1478
nnZ 6000000 6099999 1107
nnZ 6100000 6199999 551
nnZ 6200000 6299999 1417
nnZ 6300000 6399999 1728
nnZ 6400000 6499999 668
nnZ 6500000 6599999 739
nnZ 6600000 6699999 997
nnZ 6700000 6799999 1224
nnZ 6800000 6899999 848
nnZ 6900000 6999999 2319
nnZ 7000000 7099999 734
nnZ 7100000 7199999 723
nnZ 7200000 7299999 2850
nnZ 7300000 7399999 963
nnZ 7400000 7499999 2654
nnZ 7500000 7599999 1394
nnZ 7600000 7699999 1639
nnZ 7700000 7799999 2208
nnZ 7800000 7899999 1615
nnZ 7900000 7999999 2334
nnZ 8000000 8099999 1915
nnZ 8100000 8199999 1950
nnZ 8200000 8299999 2846
nnZ 8300000 8399999 1413
nnZ 8400000 8499999 2397
nnZ 8500000 8599999 1539
nnZ 8600000 8699999 1283
nnZ 8700000 8799999 1495
nnZ 8800000 8899999 811
nnZ 8900000 8999999 945
nnZ 9000000 9099999 1428
nnZ 9100000 9199999 1050
nnZ 9200000 9299999 1216
nnZ 9300000 9399999 672
nnZ 9400000 9499999 781
nnZ 9500000 9599999 1304
nnZ 9600000 9699999 1488
nnZ 9700000 9799999 1000
nnZ 9800000 9899999 1532
nnZ 9900000 9999999 3573
nnZ 10000000 10099999 835
nnZ 10100000 10199999 774
nnZ 10200000 10299999 1245
nnZ 10300000 10399999 961
nnZ 10400000 10499999 649
nnZ 10500000 10599999 509
nnZ 10600000 10699999 3756
nnZ 10700000 10799999 865
nnZ 10800000 10899999 1105
nnZ 10900000 10999999 647
nnZ 11000000 11099999 879
nnZ 11100000 11199999 1508
nnZ 11200000 11299999 1274
nnZ 11300000 11399999 882
nnZ 11400000 11499999 1455
nnZ 11500000 11599999 686
nnZ 11600000 11699999 1186
nnZ 11700000 11799999 756
nnZ 11800000 11899999 710
nnZ 11900000 11999999 890
nnZ 12000000 12099999 827
nnZ 12100000 12199999 2810
nnZ 12200000 12299999 859
nnZ 12300000 12399999 697
nnZ 12400000 12499999 715
nnZ 12500000 12599999 741
nnZ 12600000 12699999 740
nnZ 12700000 12799999 572
nnZ 12800000 12899999 1155
nnZ 12900000 12999999 1042
nnZ 13000000 13099999 498
nnZ 13100000 13199999 803
nnZ 13200000 13299999 1334
nnZ 13300000 13399999 1474
nnZ 13400000 13499999 1118
nnZ 13500000 13599999 538
nnZ 13600000 13699999 519
nnZ 13700000 13799999 471
nnZ 13800000 13899999 791
nnZ 13900000 13999999 804
nnZ 14000000 14099999 803
nnZ 14100000 14199999 3073
nnZ 14200000 14299999 2597
nnZ 14300000 14399999 1068
nnZ 14400000 14499999 856
nnZ 14500000 14599999 981
nnZ 14600000 14699999 1252
nnZ 14700000 14799999 1975
nnZ 14800000 14899999 1232
nnZ 14900000 14999999 2562
nnZ 15000000 15099999 1164
nnZ 15100000 15199999 2250
nnZ 15200000 15299999 1128
nnZ 15300000 15399999 851
nnZ 15400000 15499999 697
nnZ 15500000 15599999 894
nnZ 15600000 15699999 880
nnZ 15700000 15799999 612
nnZ 15800000 15899999 826
nnZ 15900000 15999999 1016
nnZ 16000000 16099999 895
nnZ 16100000 16199999 1853
nnZ 16200000 16299999 732
nnZ 16300000 16399999 1455
nnZ 16400000 16499999 1013
nnZ 16500000 16599999 1287
nnZ 16600000 16699999 800
nnZ 16700000 16799999 869
nnZ 16800000 16899999 1661
nnZ 16900000 16999999 616
nnZ 17000000 17099999 861
nnZ 17100000 17199999 620
nnZ 17200000 17299999 727
nnZ 17300000 17399999 1126
nnZ 17400000 17499999 1367
nnZ 17500000 17599999 1667
nnZ 17600000 17699999 756
nnZ 17700000 17799999 1056
nnZ 17800000 17899999 942
nnZ 17900000 17999999 1250
nnZ 18000000 18099999 830
nnZ 18100000 18199999 2252
nnZ 18200000 18299999 1131
nnZ 18300000 18399999 2075
nnZ 18400000 18499999 1992
nnZ 18500000 18599999 1435
nnZ 18600000 18699999 2244
nnZ 18700000 18799999 906
nnZ 18800000 18899999 1182
nnZ 18900000 18999999 1377
nnZ 19000000 19099999 1449
nnZ 19100000 19199999 1860
nnZ 19200000 19299999 892
nnZ 19300000 19399999 1262
nnZ 19400000 19499999 2223
nnZ 19500000 19599999 2055
nnZ 19600000 19699999 1184
nnZ 19700000 19799999 706
nnZ 19800000 19899999 357
nnZ 19900000 19999999 288
nnZ 20000000 20099999 816
nnZ 20100000 20199999 1594
nnZ 20200000 20299999 1493
nnZ 20300000 20399999 968
nnZ 20400000 20499999 826
nnZ 20500000 20599999 1142
nnZ 20600000 20699999 1692
nnZ 20700000 20799999 1022
nnZ 20800000 20899999 1565
nnZ 20900000 20999999 1445
nnZ 21000000 21099999 3209
nnZ 21100000 21199999 1502
nnZ 21200000 21299999 2127
nnZ 21300000 21399999 1234
nnZ 21400000 21499999 1884
nnZ 21500000 21599999 866
nnZ 21600000 21699999 1072
nnZ 21700000 21799999 1126
nnZ 21800000 21899999 1682
nnZ 21900000 21999999 485
nnZ 22000000 22099999 963
nnZ 22100000 22199999 2113
nnZ 22200000 22299999 1024
nnZ 22300000 22399999 841
nnZ 22400000 22499999 664
nnZ 22500000 22599999 2224
nnZ 22600000 22699999 999
nnZ 22700000 22799999 569
nnZ 22800000 22899999 966
nnZ 22900000 22999999 488
nnZ 23000000 23099999 919
nnZ 23100000 23199999 665
nnZ 23200000 23299999 687
nnZ 23300000 23399999 1135
nnZ 23400000 23499999 854
nnZ 23500000 23599999 1232
nnZ 23600000 23699999 3191
nnZ 23700000 23799999 321
nnZ 23800000 23899999 990
nnZ 23900000 23999999 1353
nnZ 24000000 24099999 1212
nnZ 24100000 24199999 1077
nnZ 24200000 24299999 866
nnZ 24300000 24399999 544
nnZ 24400000 24499999 618
nnZ 24500000 24599999 1933
nnZ 24600000 24699999 1573
nnZ 24700000 24799999 1069
nnZ 24800000 24899999 493
nnZ 24900000 24999999 716
nnZ 25000000 25099999 887
nnZ 25100000 25199999 787
nnZ 25200000 25299999 689
nnZ 25300000 25399999 638
nnZ 25400000 25499999 750
nnZ 25500000 25599999 971
nnZ 25600000 25699999 703
nnZ 25700000 25799999 442
nnZ 25800000 25899999 624
nnZ 25900000 25999999 705
nnZ 26000000 26099999 725
nnZ 26100000 26199999 1732
nnZ 26200000 26299999 755
nnZ 26300000 26399999 1931
nnZ 26400000 26499999 949
nnZ 26500000 26599999 495
nnZ 26600000 26699999 1709
nnZ 26700000 26799999 1511
nnZ 26800000 26899999 1836
nnZ 26900000 26999999 946
nnZ 27000000 27099999 1080
nnZ 27100000 27199999 2047
nnZ 27200000 27299999 898
nnZ 27300000 27399999 1480
nnZ 27400000 27499999 1948
nnZ 27500000 27599999 785
nnZ 27600000 27699999 1155
nnZ 27700000 27799999 1085
nnZ 27800000 27899999 1027
nnZ 27900000 27999999 869
nnZ 28000000 28099999 1129
nnZ 28100000 28199999 1130
nnZ 28200000 28299999 1069
nnZ 28300000 28399999 1315
nnZ 28400000 28499999 981
nnZ 28500000 28599999 3803
nnZ 28600000 28699999 1498
nnZ 28700000 28799999 2156
nnZ 28800000 28899999 1387
nnZ 28900000 28999999 1664
nnZ 29000000 29099999 1333
nnZ 29100000 29199999 1294
nnZ 29200000 29299999 2075
nnZ 29300000 29399999 1648
nnZ 29400000 29499999 739
nnZ 29500000 29599999 1063
nnZ 29600000 29699999 202
nnZ 29700000 29799999 2296
nnZ 29800000 29899999 1881
nnZ 29900000 29999999 1088
nnZ 30000000 30099999 1015
nnZ 30100000 30199999 1018
nnZ 30200000 30299999 690
nnZ 30300000 30399999 855
nnZ 30400000 30499999 1081
nnZ 30500000 30599999 1395
nnZ 30600000 30699999 1107
nnZ 30700000 30799999 1290
nnZ 30800000 30899999 1745
nnZ 30900000 30999999 1359
nnZ 31000000 31099999 812
nnZ 31100000 31199999 786
nnZ 31200000 31299999 2374
nnZ 31300000 31399999 769
nnZ 31400000 31499999 712
nnZ 31500000 31599999 711
nnZ 31600000 31699999 524
nnZ 31700000 31799999 575
nnZ 31800000 31899999 663
nnZ 31900000 31999999 1400
nnZ 32000000 32099999 103
nnZ 32100000 32199999 100
nnZ 32200000 32299999 1562
nnZ 32300000 32399999 2179
nnZ 32400000 32499999 712
nnZ 32500000 32599999 1058
nnZ 32600000 32699999 451
nnZ 32700000 32799999 572
nnZ 32800000 32899999 2075
nnZ 32900000 32999999 996
nnZ 33000000 33099999 1180
nnZ 33100000 33199999 1993
nnZ 33200000 33299999 1473
nnZ 33300000 33399999 2008
nnZ 33400000 33499999 2518
nnZ 33500000 33599999 1137
nnZ 33600000 33699999 1189
nnZ 33700000 33799999 759
nnZ 33800000 33899999 1100
nnZ 33900000 33999999 667
nnZ 34000000 34099999 852
nnZ 34100000 34199999 812
nnZ 34200000 34299999 1982
nnZ 34300000 34399999 636
nnZ 34400000 34499999 766
nnZ 34500000 34599999 1611
nnZ 34600000 34699999 795
nnZ 34700000 34799999 946
nnZ 34800000 34899999 1140
nnZ 34900000 34999999 867
nnZ 35000000 35099999 938
nnZ 35100000 35199999 1492
nnZ 35200000 35299999 1436
nnZ 35300000 35399999 1098
nnZ 35400000 35499999 935
nnZ 35500000 35599999 1040
nnZ 35600000 35699999 1775
nnZ 35700000 35799999 653
nnZ 35800000 35899999 1020
nnZ 35900000 35999999 841
nnZ 36000000 36099999 944
nnZ 36100000 36199999 803
nnZ 36200000 36299999 809
nnZ 36300000 36399999 2011
nnZ 36400000 36499999 1620
nnZ 36500000 36599999 1153
nnZ 36600000 36699999 979
nnZ 36700000 36799999 3614
nnZ 36800000 36899999 2064
nnZ 36900000 36999999 1169
nnZ 37000000 37099999 1337
nnZ 37100000 37199999 1330
nnZ 37200000 37299999 1637
nnZ 37300000 37399999 1507
nnZ 37400000 37499999 603
nnZ 37500000 37599999 1507
nnZ 37600000 37699999 1404
nnZ 37700000 37799999 1461
nnZ 37800000 37899999 732
nnZ 37900000 37999999 613
nnZ 38000000 38099999 1106
nnZ 38100000 38199999 750
nnZ 38200000 38299999 881
nnZ 38300000 38399999 602
nnZ 38400000 38499999 1093
nnZ 38500000 38599999 1137
nnZ 38600000 38699999 933
nnZ 38700000 38799999 754
nnZ 38800000 38899999 589
nnZ 38900000 38999999 813
nnZ 39000000 39099999 1216
nnZ 39100000 39199999 1119
nnZ 39200000 39299999 1108
nnZ 39300000 39399999 724
nnZ 39400000 39499999 1553
nnZ 39500000 39599999 698
nnZ 39600000 39699999 1485
nnZ 39700000 39799999 838
nnZ 39800000 39899999 1467
nnZ 39900000 39999999 1133
nnZ 40000000 40099999 2714
nnZ 40100000 40199999 1238
nnZ 40200000 40299999 1213
nnZ 40300000 40399999 1336
nnZ 40400000 40499999 692
nnZ 40500000 40599999 2037
nnZ 40600000 40699999 1653
nnZ 40700000 40799999 1634
nnZ 40800000 40899999 742
nnZ 40900000 40999999 1774
nnZ 41000000 41099999 1054
nnZ 41100000 41199999 1497
nnZ 41200000 41299999 2144
nnZ 41300000 41399999 3004
nnZ 41400000 41499999 2012
nnZ 41500000 41599999 1157
nnZ 41600000 41699999 2269
nnZ 41700000 41799999 924
nnZ 41800000 41899999 1328
nnZ 41900000 41999999 987
nnZ 42000000 42099999 1005
nnZ 42100000 42199999 1001
nnZ 42200000 42299999 1753
nnZ 42300000 42399999 853
nnZ 42400000 42499999 721
nnZ 42500000 42599999 1011
nnZ 42600000 42699999 1395
nnZ 42700000 42799999 1060
nnZ 42800000 42899999 711
nnZ 42900000 42999999 1122
nnZ 43000000 43099999 1327
nnZ 43100000 43199999 1266
nnZ 43200000 43299999 913
nnZ 43300000 43399999 2675
nnZ 43400000 43499999 1676
nnZ 43500000 43599999 2115
nnZ 43600000 43699999 1066
nnZ 43700000 43799999 1379
nnZ 43800000 43899999 799
nnZ 43900000 43999999 979
nnZ 44000000 44099999 1235
nnZ 44100000 44199999 1913
nnZ 44200000 44299999 944
nnZ 44300000 44399999 1141
nnZ 44400000 44499999 1407
nnZ 44500000 44599999 533
nnZ 44600000 44699999 661
nnZ 44700000 44799999 821
nnZ 44800000 44899999 555
nnZ 44900000 44999999 729
nnZ 45000000 45099999 633
nnZ 45100000 45199999 1202
nnZ 45200000 45299999 948
nnZ 45300000 45399999 624
nnZ 45400000 45499999 758
nnZ 45500000 45599999 756
nnZ 45600000 45699999 897
nnZ 45700000 45799999 630
nnZ 45800000 45899999 1082
nnZ 45900000 45999999 964
nnZ 46000000 46099999 1690
nnZ 46100000 46199999 1504
nnZ 46200000 46299999 2732
nnZ 46300000 46399999 1244
nnZ 46400000 46499999 1056
nnZ 46500000 46599999 829
nnZ 46600000 46699999 921
nnZ 46700000 46799999 1064
nnZ 46800000 46899999 906
nnZ 46900000 46999999 1299
nnZ 47000000 47099999 1084
nnZ 47100000 47199999 2557
nnZ 47200000 47299999 806
nnZ 47300000 47399999 656
nnZ 47400000 47499999 831
nnZ 47500000 47599999 863
nnZ 47600000 47699999 1036
nnZ 47700000 47799999 886
nnZ 47800000 47899999 2476
nnZ 47900000 47999999 2040
nnZ 48000000 48099999 2335
nnZ 48100000 48199999 946
nnZ 48200000 48299999 652
nnZ 48300000 48399999 1753
nnZ 48400000 48499999 1378
nnZ 48500000 48599999 1212
nnZ 48600000 48699999 2147
nnZ 48700000 48799999 1631
nnZ 48800000 48899999 1655
nnZ 48900000 48999999 1603
nnZ 49000000 49099999 5099
nnZ 49100000 49199999 1962
nnZ 49200000 49299999 2106
nnZ 49300000 49399999 3113
nnZ 49400000 49499999 1478
nnZ 49500000 49599999 2006
nnZ 49600000 49699999 2440
nnZ 49700000 49799999 2159
nnZ 49800000 49899999 3359
nnZ 49900000 49999999 3484
nnZ 50000000 50099999 2317
nnZ 50100000 50199999 1469
nnZ 50200000 50299999 2799
nnZ 50300000 50399999 1232
nnZ 50400000 50499999 2645
nnZ 50500000 50599999 1470
nnZ 50600000 50699999 1276
nnZ 50700000 50799999 1329
nnZ 50800000 50899999 1258
nnZ 50900000 50999999 2166
nnZ 51000000 51099999 703
nnZ 51100000 51199999 942
nnZ 51200000 51299999 548
nnZ 51300000 51399999 898
nnZ 51400000 51499999 692
nnZ 51500000 51599999 998
nnZ 51600000 51699999 503
nnZ 51700000 51799999 1079
nnZ 51800000 51899999 869
nnZ 51900000 51999999 2677
nnZ 52000000 52099999 204
nnZ 52100000 52199999 1148
nnZ 52200000 52299999 1695
nnZ 52300000 52399999 1492
nnZ 52400000 52499999 748
nnZ 52500000 52599999 1012
nnZ 52600000 52699999 1070
nnZ 52700000 52799999 572
nnZ 52800000 52899999 832
nnZ 52900000 52999999 627
nnZ 53000000 53099999 791
nnZ 53100000 53199999 1014
nnZ 53200000 53299999 1678
nnZ 53300000 53399999 1673
nnZ 53400000 53499999 4133
nnZ 53500000 53599999 516
nnZ 53600000 53699999 640
nnZ 53700000 53799999 632
nnZ 53800000 53899999 622
nnZ 53900000 53999999 771
nnZ 54000000 54099999 572
nnZ 54100000 54199999 756
nnZ 54200000 54299999 577
nnZ 54300000 54399999 822
nnZ 54400000 54499999 1728
nnZ 54500000 54599999 711
nnZ 54600000 54699999 1673
nnZ 54700000 54799999 1981
nnZ 54800000 54899999 490
nnZ 54900000 54999999 613
nnZ 55000000 55099999 1672
nnZ 55100000 55199999 699
nnZ 55200000 55299999 1034
nnZ 55300000 55399999 686
nnZ 55400000 55499999 2633
nnZ 55500000 55599999 790
nnZ 55600000 55699999 877
nnZ 55700000 55799999 1024
nnZ 55800000 55899999 941
nnZ 55900000 55999999 726
nnZ 56000000 56099999 620
nnZ 56100000 56199999 726
nnZ 56200000 56299999 831
nnZ 56300000 56399999 928
nnZ 56400000 56499999 851
nnZ 56500000 56599999 1601
nnZ 56600000 56699999 615
nnZ 56700000 56799999 781
nnZ 56800000 56899999 819
nnZ 56900000 56999999 885
nnZ 57000000 57099999 887
nnZ 57100000 57199999 778
nnZ 57200000 57299999 682
nnZ 57300000 57399999 1118
nnZ 57400000 57499999 428
nnZ 57500000 57599999 508
nnZ 57600000 57699999 1232
nnZ 57700000 57799999 347
nnZ 57800000 57899999 1239
nnZ 57900000 57999999 1158
nnZ 58000000 58099999 2487
nnZ 58100000 58199999 836
nnZ 58200000 58299999 613
nnZ 58300000 58399999 597
nnZ 58400000 58499999 794
nnZ 58500000 58599999 731
nnZ 58600000 58699999 677
nnZ 58700000 58799999 942
nnZ 58800000 58899999 630
nnZ 58900000 58999999 851
nnZ 59000000 59099999 742
nnZ 59100000 59199999 582
nnZ 59200000 59299999 834
nnZ 59300000 59399999 1382
nnZ 59400000 59499999 668
nnZ 59500000 59599999 969
nnZ 59600000 59699999 1388
nnZ 59700000 59799999 1319
nnZ 59800000 59899999 1156
nnZ 59900000 59999999 1435
nnZ 60000000 60099999 888
nnZ 60100000 60199999 859
nnZ 60200000 60299999 719
nnZ 60300000 60399999 981
nnZ 60400000 60499999 1987
nnZ 60500000 60599999 754
nnZ 60600000 60699999 826
nnZ 60700000 60799999 819
nnZ 60800000 60899999 827
nnZ 60900000 60999999 895
nnZ 61000000 61099999 1183
nnZ 61100000 61199999 1178
nnZ 61200000 61299999 1151
nnZ 61300000 61399999 2880
nnZ 61400000 61499999 716
nnZ 61500000 61599999 929
nnZ 61600000 61699999 831
nnZ 61700000 61799999 729
nnZ 61800000 61899999 1686
nnZ 61900000 61999999 1109
nnZ 62000000 62099999 1011
nnZ 62100000 62199999 667
nnZ 62200000 62299999 847
nnZ 62300000 62399999 963
nnZ 62400000 62499999 746
nnZ 62500000 62599999 872
nnZ 62600000 62699999 819
nnZ 62700000 62799999 780
nnZ 62800000 62899999 544
nnZ 62900000 62999999 872
nnZ 63000000 63099999 691
nnZ 63100000 63199999 1683
nnZ 63200000 63299999 1078
nnZ 63300000 63399999 717
nnZ 63400000 63499999 584
nnZ 63500000 63599999 1879
nnZ 63600000 63699999 1240
nnZ 63700000 63799999 734
nnZ 63800000 63899999 853
nnZ 63900000 63999999 1072
nnZ 64000000 64099999 1675
nnZ 64100000 64199999 2064
nnZ 64200000 64299999 1355
nnZ 64300000 64399999 1373
nnZ 64400000 64499999 2112
nnZ 64500000 64599999 812
nnZ 64600000 64699999 1345
nnZ 64700000 64799999 1118
nnZ 64800000 64899999 1102
nnZ 64900000 64999999 1477
nnZ 65000000 65099999 1296
nnZ 65100000 65199999 1327
nnZ 65200000 65299999 844
nnZ 65300000 65399999 1044
nnZ 65400000 65499999 870
nnZ 65500000 65599999 1420
nnZ 65600000 65699999 969
nnZ 65700000 65799999 1520
nnZ 65800000 65899999 1463
nnZ 65900000 65999999 955
nnZ 66000000 66099999 1510
nnZ 66100000 66199999 870
nnZ 66200000 66299999 2147
nnZ 66300000 66399999 865
nnZ 66400000 66499999 846
nnZ 66500000 66599999 1185
nnZ 66600000 66699999 965
nnZ 66700000 66799999 1158
nnZ 66800000 66899999 848
nnZ 66900000 66999999 1466
nnZ 67000000 67099999 1155
nnZ 67100000 67199999 626
nnZ 67200000 67299999 1417
nnZ 67300000 67399999 969
nnZ 67400000 67499999 794
nnZ 67500000 67599999 1175
nnZ 67600000 67699999 1265
nnZ 67700000 67799999 1005
nnZ 67800000 67899999 1347
nnZ 67900000 67999999 1821
nnZ 68000000 68099999 987
nnZ 68100000 68199999 851
nnZ 68200000 68299999 671
nnZ 68300000 68399999 1086
nnZ 68400000 68499999 1012
nnZ 68500000 68599999 2066
nnZ 68600000 68699999 1151
nnZ 68700000 68799999 1092
nnZ 68800000 68899999 1529
nnZ 68900000 68999999 849
nnZ 69000000 69099999 1129
nnZ 69100000 69199999 767
nnZ 69200000 69299999 698
nnZ 69300000 69399999 889
nnZ 69400000 69499999 734
nnZ 69500000 69599999 616
nnZ 69600000 69699999 638
nnZ 69700000 69799999 688
nnZ 69800000 69899999 1913
nnZ 69900000 69999999 792
nnZ 70000000 70099999 441
nnZ 70100000 70199999 657
nnZ 70200000 70299999 430
nnZ 70300000 70399999 1628
nnZ 70400000 70499999 860
nnZ 70500000 70599999 425
nnZ 70600000 70699999 954
nnZ 70700000 70799999 615
nnZ 70800000 70899999 790
nnZ 70900000 70999999 760
nnZ 71000000 71099999 734
nnZ 71100000 71199999 366
nnZ 71200000 71299999 858
nnZ 71300000 71399999 1089
nnZ 71400000 71499999 711
nnZ 71500000 71599999 886
nnZ 71600000 71699999 981
nnZ 71700000 71799999 668
nnZ 71800000 71899999 546
nnZ 71900000 71999999 601
nnZ 72000000 72099999 529
nnZ 72100000 72199999 604
nnZ 72200000 72299999 813
nnZ 72300000 72399999 804
nnZ 72400000 72499999 557
nnZ 72500000 72599999 670
nnZ 72600000 72699999 509
nnZ 72700000 72799999 639
nnZ 72800000 72899999 1856
nnZ 72900000 72999999 620
nnZ 73000000 73099999 847
nnZ 73100000 73199999 1128
nnZ 73200000 73299999 985
nnZ 73300000 73399999 1197
nnZ 73400000 73499999 1890
nnZ 73500000 73599999 1578
nnZ 73600000 73699999 1892
nnZ 73700000 73799999 2124
nnZ 73800000 73899999 3679
nnZ 73900000 73999999 3472
nnZ 74000000 74099999 2398
nnZ 74100000 74199999 2694
nnZ 74200000 74299999 3643
nnZ 74300000 74399999 2273
nnZ 74400000 74499999 1971
nnZ 74500000 74599999 4327
nnZ 74600000 74699999 1842
nnZ 74700000 74799999 3585
nnZ 74800000 74899999 2847
nnZ 74900000 74999999 3345
nnZ 75000000 75099999 3150
nnZ 75100000 75199999 4525
nnZ 75200000 75299999 3348
nnZ 75300000 75399999 3041
nnZ 75400000 75499999 4421
nnZ 75500000 75599999 2778
nnZ 75600000 75699999 2023
nnZ 75700000 75799999 2570
nnZ 75800000 75899999 1113
nnZ 75900000 75999999 2573
nnZ 76000000 76099999 1991
nnZ 76100000 76199999 3625
nnZ 76200000 76299999 5270
nnZ 76300000 76399999 1719
nnZ 76400000 76499999 2133
nnZ 76500000 76599999 1813
nnZ 76600000 76699999 1571
nnZ 76700000 76799999 5263
nnZ 76800000 76899999 4781
nnZ 76900000 76999999 3586
nnZ 77000000 77099999 1075
nnZ 77100000 77199999 1886
nnZ 77200000 77299999 1185
nnZ 77300000 77399999 2795
nnZ 77400000 77499999 1010
nnZ 77500000 77599999 1000
nnZ 77600000 77699999 630
nnZ 77700000 77799999 1061
nnZ 77800000 77899999 2013
nnZ 77900000 77999999 671
nnZ 78000000 78099999 511
nnZ 78100000 78199999 2845
nnZ 78200000 78299999 2451
nnZ 78300000 78399999 797
nnZ 78400000 78499999 2479
nnZ 78500000 78599999 1503
nnZ 78600000 78699999 1812
nnZ 78700000 78799999 734
nnZ 78800000 78899999 1593
nnZ 78900000 78999999 1899
nnZ 79000000 79099999 609
nnZ 79100000 79199999 492
nnZ 79200000 79299999 628
nnZ 79300000 79399999 755
nnZ 79400000 79499999 3038
nnZ 79500000 79599999 1901
nnZ 79600000 79699999 3170
nnZ 79700000 79799999 1333
nnZ 79800000 79899999 6374
nnZ 79900000 79999999 39619
nnZ 80000000 80099999 37820
nnZ 80100000 80199999 37945
nnZ 80200000 80299999 52198
nnZ 80300000 80399999 37070
nnZ 80400000 80499999 35369
nnZ 80500000 80599999 25864
nnZ 80600000 80699999 22167
nnZ 80700000 80799999 16529
nnZ 80800000 80899999 11585
nnZ 80900000 80999999 12771
nnZ 81000000 81099999 5504
nnZ 81100000 81199999 754
nnZ 81200000 81201839 48
nnW 0 99999 54880
nnW 100000 199999 37799
nnW 200000 299999 33104
nnW 300000 399999 41931
nnW 400000 499999 789
nnW 500000 599999 700
nnW 600000 699999 454
nnW 700000 799999 534
nnW 800000 899999 963
nnW 900000 999999 5616
nnW 1000000 1099999 40809
nnW 1100000 1199999 6913
nnW 1200000 1299999 573
nnW 1300000 1399999 525
nnW 1400000 1499999 506
nnW 1500000 1599999 385
nnW 1600000 1699999 12888
nnW 1700000 1799999 9485
nnW 1800000 1899999 2619
nnW 1900000 1999999 798
nnW 2000000 2099999 686
nnW 2100000 2199999 30218
nnW 2200000 2299999 492
nnW 2300000 2399999 910
nnW 2400000 2499999 1338
nnW 2500000 2599999 342
nnW 2600000 2699999 1241
nnW 2700000 2799999 1183
nnW 2800000 2899999 813
nnW 2900000 2999999 535
nnW 3000000 3099999 20050
nnW 3100000 3199999 707
nnW 3200000 3299999 700
nnW 3300000 3399999 438
nnW 3400000 3499999 712
nnW 3500000 3599999 9675
nnW 3600000 3699999 549
nnW 3700000 3799999 2940
nnW 3800000 3899999 417
nnW 3900000 3999999 844
nnW 4000000 4099999 815
nnW 4100000 4199999 577
nnW 4200000 4299999 390
nnW 4300000 4399999 622
nnW 4400000 4499999 822
nnW 4500000 4599999 509
nnW 4600000 4699999 705
nnW 4700000 4799999 957
nnW 4800000 4899999 1616
nnW 4900000 4999999 1127
nnW 5000000 5099999 637
nnW 5100000 5199999 428
nnW 5200000 5299999 1008
nnW 5300000 5399999 14273
nnW 5400000 5499999 26448
nnW 5500000 5599999 27431
nnW 5600000 5699999 25740
nnW 5700000 5799999 21869
nnW 5800000 5899999 21447
nnW 5900000 5999999 31272
nnW 6000000 6099999 33626
nnW 6100000 6199999 33488
nnW 6200000 6299999 33596
nnW 6300000 6399999 36764
nnW 6400000 6499999 32174
nnW 6500000 6599999 33496
nnW 6600000 6699999 33534
nnW 6700000 6799999 30208
nnW 6800000 6899999 32135
nnW 6900000 6999999 32308
nnW 7000000 7099999 23284
nnW 7100000 7199999 32599
nnW 7200000 7299999 33620
nnW 7300000 7399999 31607
nnW 7400000 7499999 32687
nnW 7500000 7599999 33646
nnW 7600000 7699999 33075
nnW 7700000 7799999 32035
nnW 7800000 7899999 36454
nnW 7900000 7999999 37871
nnW 8000000 8099999 38347
nnW 8100000 8199999 37549
nnW 8200000 8299999 20469
nnW 8300000 8399999 978
nnW 8400000 8499999 1741
nnW 8500000 8599999 1334
nnW 8600000 8699999 306
nnW 8700000 8799999 475
nnW 8800000 8899999 717
nnW 8900000 8999999 3163
nnW 9000000 9099999 879
nnW 9100000 9199999 1100
nnW 9200000 9299999 572
nnW 9300000 9399999 33436
nnW 9400000 9499999 439
nnW 9500000 9599999 475
nnW 9600000 9699999 493
nnW 9700000 9799999 3274
nnW 9800000 9899999 1824
nnW 9900000 9999999 1454
nnW 10000000 10099999 1325
nnW 10100000 10199999 1664
nnW 10200000 10299999 3130
nnW 10300000 10399999 2874
nnW 10400000 10499999 2972
nnW 10500000 10599999 2452
nnW 10600000 10699999 1478
nnW 10700000 10799999 2071
nnW 10800000 10899999 3116
nnW 10900000 10999999 2822
nnW 11000000 11099999 11098
nnW 11100000 11199999 45436
nnW 11200000 11299999 35866
nnW 11300000 11399999 40552
nnW 11400000 11499999 34747
nnW 11500000 11599999 27369
nnW 11600000 11699999 14417
nnW 11700000 11799999 2004
nnW 11800000 11899999 1724
nnW 11900000 11999999 1617
nnW 12000000 12099999 2238
nnW 12100000 12199999 1342
nnW 12200000 12299999 1737
nnW 12300000 12399999 2283
nnW 12400000 12499999 1602
nnW 12500000 12599999 1792
nnW 12600000 12699999 2973
nnW 12700000 12799999 3243
nnW 12800000 12857327 258
