nn1 0 99999 335
nn1 100000 199999 134
nn1 200000 299999 624
nn1 300000 399999 1534
nn1 400000 499999 7020
nn1 500000 599999 1647
nn1 600000 699999 1743
nn1 700000 799999 3598
nn1 800000 899999 4172
nn1 900000 999999 4933
nn1 1000000 1099999 3881
nn1 1100000 1199999 1229
nn1 1200000 1299999 511
nn1 1300000 1399999 1206
nn1 1400000 1499999 1360
nn1 1500000 1599999 2209
nn1 1600000 1699999 6175
nn1 1700000 1799999 2114
nn1 1800000 1899999 2542
nn1 1900000 1999999 1500
nn1 2000000 2099999 2970
nn1 2100000 2199999 2960
nn1 2200000 2299999 1956
nn1 2300000 2399999 2193
nn1 2400000 2499999 15163
nn1 2500000 2599999 21837
nn1 2600000 2699999 24041
nn1 2700000 2799999 19023
nn1 2800000 2899999 2286
nn1 2900000 2999999 427
nn1 3000000 3099999 447
nn1 3100000 3199999 1377
nn1 3200000 3299999 455
nn1 3300000 3399999 265
nn1 3400000 3499999 353
nn1 3500000 3599999 875
nn1 3600000 3699999 1001
nn1 3700000 3799999 490
nn1 3800000 3899999 396
nn1 3900000 3999999 841
nn1 4000000 4099999 670
nn1 4100000 4199999 1456
nn1 4200000 4299999 366
nn1 4300000 4399999 584
nn1 4400000 4499999 563
nn1 4500000 4599999 75
nn1 4600000 4699999 156
nn1 4700000 4799999 414
nn1 4800000 4899999 181
nn1 4900000 4999999 141
nn1 5000000 5099999 477
nn1 5100000 5199999 106
nn1 5200000 5299999 27
nn1 5300000 5399999 89
nn1 5400000 5499999 65
nn1 5500000 5599999 98
nn1 5600000 5699999 447
nn1 5700000 5799999 41
nn1 5800000 5899999 49
nn1 5900000 5999999 806
nn1 6000000 6099999 57
nn1 6100000 6199999 90
nn1 6200000 6299999 23
nn1 6300000 6399999 20
nn1 6400000 6499999 68
nn1 6500000 6599999 365
nn1 6600000 6699999 109
nn1 6700000 6799999 417
nn1 6800000 6899999 352
nn1 6900000 6999999 183
nn1 7000000 7099999 334
nn1 7100000 7199999 84
nn1 7200000 7299999 194
nn1 7300000 7399999 466
nn1 7400000 7499999 92
nn1 7500000 7599999 42
nn1 7600000 7699999 50
nn1 7700000 7799999 135
nn1 7800000 7899999 483
nn1 7900000 7999999 607
nn1 8000000 8099999 416
nn1 8100000 8199999 384
nn1 8200000 8299999 513
nn1 8300000 8399999 444
nn1 8400000 8499999 135
nn1 8500000 8599999 108
nn1 8600000 8699999 232
nn1 8700000 8799999 401
nn1 8800000 8899999 116
nn1 8900000 8999999 110
nn1 9000000 9099999 428
nn1 9100000 9199999 41
nn1 9200000 9299999 207
nn1 9300000 9399999 198
nn1 9400000 9499999 147
nn1 9500000 9599999 265
nn1 9600000 9699999 150
nn1 9700000 9799999 367
nn1 9800000 9899999 390
nn1 9900000 9999999 195
nn1 10000000 10099999 259
nn1 10100000 10199999 535
nn1 10200000 10299999 792
nn1 10300000 10399999 275
nn1 10400000 10499999 132
nn1 10500000 10599999 213
nn1 10600000 10699999 186
nn1 10700000 10799999 46
nn1 10800000 10899999 241
nn1 10900000 10999999 317
nn1 11000000 11099999 239
nn1 11100000 11199999 273
nn1 11200000 11299999 517
nn1 11300000 11399999 647
nn1 11400000 11499999 604
nn1 11500000 11599999 675
nn1 11600000 11699999 237
nn1 11700000 11799999 279
nn1 11800000 11899999 300
nn1 11900000 11999999 919
nn1 12000000 12099999 381
nn1 12100000 12199999 425
nn1 12200000 12299999 90
nn1 12300000 12399999 220
nn1 12400000 12499999 318
nn1 12500000 12599999 89
nn1 12600000 12699999 174
nn1 12700000 12799999 59
nn1 12800000 12899999 253
nn1 12900000 12999999 65
nn1 13000000 13099999 0
nn1 13100000 13199999 93
nn1 13200000 13299999 148
nn1 13300000 13399999 318
nn1 13400000 13499999 252
nn1 13500000 13599999 238
nn1 13600000 13699999 56
nn1 13700000 13799999 512
nn1 13800000 13899999 62
nn1 13900000 13999999 255
nn1 14000000 14099999 209
nn1 14100000 14199999 680
nn1 14200000 14299999 158
nn1 14300000 14399999 330
nn1 14400000 14499999 177
nn1 14500000 14599999 206
nn1 14600000 14699999 67
nn1 14700000 14799999 238
nn1 14800000 14899999 52
nn1 14900000 14999999 234
nn1 15000000 15099999 187
nn1 15100000 15199999 299
nn1 15200000 15299999 69
nn1 15300000 15399999 130
nn1 15400000 15499999 350
nn1 15500000 15599999 286
nn1 15600000 15699999 390
nn1 15700000 15799999 580
nn1 15800000 15899999 65
nn1 15900000 15999999 87
nn1 16000000 16099999 269
nn1 16100000 16199999 278
nn1 16200000 16299999 152
nn1 16300000 16399999 301
nn1 16400000 16499999 520
nn1 16500000 16599999 507
nn1 16600000 16699999 184
nn1 16700000 16799999 274
nn1 16800000 16899999 109
nn1 16900000 16999999 146
nn1 17000000 17099999 421
nn1 17100000 17199999 881
nn1 17200000 17299999 495
nn1 17300000 17399999 443
nn1 17400000 17499999 422
nn1 17500000 17599999 0
nn1 17600000 17699999 264
nn1 17700000 17799999 182
nn1 17800000 17899999 896
nn1 17900000 17999999 138
nn1 18000000 18099999 446
nn1 18100000 18199999 491
nn1 18200000 18299999 450
nn1 18300000 18399999 438
nn1 18400000 18499999 334
nn1 18500000 18599999 769
nn1 18600000 18699999 177
nn1 18700000 18799999 1318
nn1 18800000 18899999 405
nn1 18900000 18999999 275
nn1 19000000 19099999 367
nn1 19100000 19199999 84
nn1 19200000 19299999 159
nn1 19300000 19399999 194
nn1 19400000 19499999 244
nn1 19500000 19599999 211
nn1 19600000 19699999 428
nn1 19700000 19799999 369
nn1 19800000 19899999 473
nn1 19900000 19999999 539
nn1 20000000 20099999 61
nn1 20100000 20199999 72
nn1 20200000 20299999 644
nn1 20300000 20399999 544
nn1 20400000 20499999 236
nn1 20500000 20599999 418
nn1 20600000 20699999 680
nn1 20700000 20799999 627
nn1 20800000 20899999 2049
nn1 20900000 20999999 820
nn1 21000000 21099999 141
nn1 21100000 21199999 545
nn1 21200000 21299999 300
nn1 21300000 21399999 117
nn1 21400000 21499999 540
nn1 21500000 21599999 399
nn1 21600000 21699999 537
nn1 21700000 21799999 525
nn1 21800000 21899999 714
nn1 21900000 21999999 284
nn1 22000000 22099999 424
nn1 22100000 22199999 234
nn1 22200000 22299999 161
nn1 22300000 22399999 153
nn1 22400000 22499999 679
nn1 22500000 22599999 104
nn1 22600000 22699999 338
nn1 22700000 22799999 26
nn1 22800000 22899999 221
nn1 22900000 22999999 208
nn1 23000000 23099999 179
nn1 23100000 23199999 110
nn1 23200000 23299999 70
nn1 23300000 23399999 147
nn1 23400000 23499999 112
nn1 23500000 23599999 21
nn1 23600000 23699999 158
nn1 23700000 23799999 764
nn1 23800000 23899999 393
nn1 23900000 23999999 175
nn1 24000000 24099999 126
nn1 24100000 24199999 156
nn1 24200000 24299999 363
nn1 24300000 24399999 234
nn1 24400000 24499999 187
nn1 24500000 24599999 277
nn1 24600000 24699999 206
nn1 24700000 24799999 446
nn1 24800000 24899999 356
nn1 24900000 24999999 201
nn1 25000000 25099999 69
nn1 25100000 25199999 241
nn1 25200000 25299999 395
nn1 25300000 25399999 125
nn1 25400000 25499999 141
nn1 25500000 25599999 28
nn1 25600000 25699999 754
nn1 25700000 25799999 301
nn1 25800000 25899999 580
nn1 25900000 25999999 674
nn1 26000000 26099999 571
nn1 26100000 26199999 422
nn1 26200000 26299999 374
nn1 26300000 26399999 345
nn1 26400000 26499999 483
nn1 26500000 26599999 402
nn1 26600000 26699999 196
nn1 26700000 26799999 650
nn1 26800000 26899999 60
nn1 26900000 26999999 441
nn1 27000000 27099999 457
nn1 27100000 27199999 422
nn1 27200000 27299999 176
nn1 27300000 27399999 1586
nn1 27400000 27499999 1534
nn1 27500000 27599999 682
nn1 27600000 27699999 431
nn1 27700000 27799999 212
nn1 27800000 27899999 152
nn1 27900000 27999999 464
nn1 28000000 28099999 214
nn1 28100000 28199999 433
nn1 28200000 28299999 413
nn1 28300000 28399999 189
nn1 28400000 28499999 61
nn1 28500000 28599999 246
nn1 28600000 28699999 49
nn1 28700000 28799999 446
nn1 28800000 28899999 157
nn1 28900000 28999999 785
nn1 29000000 29099999 755
nn1 29100000 29199999 433
nn1 29200000 29299999 261
nn1 29300000 29399999 291
nn1 29400000 29499999 763
nn1 29500000 29599999 268
nn1 29600000 29699999 490
nn1 29700000 29799999 316
nn1 29800000 29899999 170
nn1 29900000 29999999 324
nn1 30000000 30099999 236
nn1 30100000 30199999 294
nn1 30200000 30299999 48
nn1 30300000 30399999 213
nn1 30400000 30499999 317
nn1 30500000 30599999 329
nn1 30600000 30699999 435
nn1 30700000 30799999 245
nn1 30800000 30899999 51
nn1 30900000 30999999 258
nn1 31000000 31099999 600
nn1 31100000 31199999 743
nn1 31200000 31299999 504
nn1 31300000 31399999 0
nn1 31400000 31499999 719
nn1 31500000 31599999 227
nn1 31600000 31699999 475
nn1 31700000 31799999 78
nn1 31800000 31899999 426
nn1 31900000 31999999 974
nn1 32000000 32099999 345
nn1 32100000 32199999 322
nn1 32200000 32299999 147
nn1 32300000 32399999 312
nn1 32400000 32499999 179
nn1 32500000 32599999 398
nn1 32600000 32699999 162
nn1 32700000 32799999 597
nn1 32800000 32899999 345
nn1 32900000 32999999 209
nn1 33000000 33099999 394
nn1 33100000 33199999 290
nn1 33200000 33299999 148
nn1 33300000 33399999 518
nn1 33400000 33499999 679
nn1 33500000 33599999 222
nn1 33600000 33699999 215
nn1 33700000 33799999 222
nn1 33800000 33899999 235
nn1 33900000 33999999 366
nn1 34000000 34099999 136
nn1 34100000 34199999 172
nn1 34200000 34299999 128
nn1 34300000 34399999 53
nn1 34400000 34499999 168
nn1 34500000 34599999 284
nn1 34600000 34699999 183
nn1 34700000 34799999 115
nn1 34800000 34899999 175
nn1 34900000 34999999 97
nn1 35000000 35099999 285
nn1 35100000 35199999 194
nn1 35200000 35299999 290
nn1 35300000 35399999 862
nn1 35400000 35499999 223
nn1 35500000 35599999 261
nn1 35600000 35699999 218
nn1 35700000 35799999 230
nn1 35800000 35899999 134
nn1 35900000 35999999 286
nn1 36000000 36099999 207
nn1 36100000 36199999 150
nn1 36200000 36299999 173
nn1 36300000 36399999 360
nn1 36400000 36499999 193
nn1 36500000 36599999 285
nn1 36600000 36699999 125
nn1 36700000 36799999 213
nn1 36800000 36899999 234
nn1 36900000 36999999 154
nn1 37000000 37099999 94
nn1 37100000 37199999 228
nn1 37200000 37299999 429
nn1 37300000 37399999 113
nn1 37400000 37499999 114
nn1 37500000 37599999 136
nn1 37600000 37699999 150
nn1 37700000 37799999 559
nn1 37800000 37899999 123
nn1 37900000 37999999 200
nn1 38000000 38099999 203
nn1 38100000 38199999 178
nn1 38200000 38299999 415
nn1 38300000 38399999 567
nn1 38400000 38499999 349
nn1 38500000 38599999 1129
nn1 38600000 38699999 175
nn1 38700000 38799999 127
nn1 38800000 38899999 174
nn1 38900000 38999999 222
nn1 39000000 39099999 562
nn1 39100000 39199999 160
nn1 39200000 39299999 203
nn1 39300000 39399999 345
nn1 39400000 39499999 613
nn1 39500000 39599999 315
nn1 39600000 39699999 212
nn1 39700000 39799999 30
nn1 39800000 39899999 37
nn1 39900000 39999999 75
nn1 40000000 40099999 231
nn1 40100000 40199999 510
nn1 40200000 40299999 134
nn1 40300000 40399999 195
nn1 40400000 40499999 132
nn1 40500000 40599999 181
nn1 40600000 40699999 750
nn1 40700000 40799999 131
nn1 40800000 40899999 467
nn1 40900000 40999999 233
nn1 41000000 41099999 113
nn1 41100000 41199999 367
nn1 41200000 41299999 105
nn1 41300000 41399999 490
nn1 41400000 41499999 218
nn1 41500000 41599999 62
nn1 41600000 41699999 388
nn1 41700000 41799999 236
nn1 41800000 41899999 131
nn1 41900000 41999999 508
nn1 42000000 42099999 355
nn1 42100000 42199999 190
nn1 42200000 42299999 520
nn1 42300000 42399999 553
nn1 42400000 42499999 408
nn1 42500000 42599999 256
nn1 42600000 42699999 77
nn1 42700000 42799999 182
nn1 42800000 42899999 106
nn1 42900000 42999999 751
nn1 43000000 43099999 258
nn1 43100000 43199999 119
nn1 43200000 43299999 171
nn1 43300000 43399999 315
nn1 43400000 43499999 1135
nn1 43500000 43599999 153
nn1 43600000 43699999 185
nn1 43700000 43799999 525
nn1 43800000 43899999 467
nn1 43900000 43999999 355
nn1 44000000 44099999 247
nn1 44100000 44199999 838
nn1 44200000 44299999 589
nn1 44300000 44399999 413
nn1 44400000 44499999 135
nn1 44500000 44599999 503
nn1 44600000 44699999 302
nn1 44700000 44799999 111
nn1 44800000 44899999 369
nn1 44900000 44999999 289
nn1 45000000 45099999 273
nn1 45100000 45199999 247
nn1 45200000 45299999 280
nn1 45300000 45399999 287
nn1 45400000 45499999 473
nn1 45500000 45599999 181
nn1 45600000 45699999 466
nn1 45700000 45799999 345
nn1 45800000 45899999 212
nn1 45900000 45999999 154
nn1 46000000 46099999 215
nn1 46100000 46199999 259
nn1 46200000 46299999 257
nn1 46300000 46399999 64
nn1 46400000 46499999 117
nn1 46500000 46599999 159
nn1 46600000 46699999 512
nn1 46700000 46799999 230
nn1 46800000 46899999 303
nn1 46900000 46999999 309
nn1 47000000 47099999 261
nn1 47100000 47199999 870
nn1 47200000 47299999 309
nn1 47300000 47399999 258
nn1 47400000 47499999 288
nn1 47500000 47599999 756
nn1 47600000 47699999 451
nn1 47700000 47799999 230
nn1 47800000 47899999 107
nn1 47900000 47999999 100
nn1 48000000 48099999 342
nn1 48100000 48199999 244
nn1 48200000 48299999 479
nn1 48300000 48399999 144
nn1 48400000 48499999 267
nn1 48500000 48599999 245
nn1 48600000 48699999 130
nn1 48700000 48799999 116
nn1 48800000 48899999 283
nn1 48900000 48999999 731
nn1 49000000 49099999 184
nn1 49100000 49199999 276
nn1 49200000 49299999 117
nn1 49300000 49399999 68
nn1 49400000 49499999 261
nn1 49500000 49599999 97
nn1 49600000 49699999 177
nn1 49700000 49799999 207
nn1 49800000 49899999 24
nn1 49900000 49999999 71
nn1 50000000 50099999 264
nn1 50100000 50199999 18
nn1 50200000 50299999 246
nn1 50300000 50399999 20
nn1 50400000 50499999 129
nn1 50500000 50599999 1054
nn1 50600000 50699999 444
nn1 50700000 50799999 120
nn1 50800000 50899999 223
nn1 50900000 50999999 615
nn1 51000000 51099999 36
nn1 51100000 51199999 249
nn1 51200000 51299999 153
nn1 51300000 51399999 130
nn1 51400000 51499999 72
nn1 51500000 51599999 385
nn1 51600000 51699999 534
nn1 51700000 51799999 368
nn1 51800000 51899999 550
nn1 51900000 51999999 19
nn1 52000000 52099999 309
nn1 52100000 52199999 490
nn1 52200000 52299999 95
nn1 52300000 52399999 379
nn1 52400000 52499999 418
nn1 52500000 52599999 483
nn1 52600000 52699999 3144
nn1 52700000 52799999 384
nn1 52800000 52899999 147
nn1 52900000 52999999 398
nn1 53000000 53099999 159
nn1 53100000 53199999 103
nn1 53200000 53299999 24
nn1 53300000 53399999 49
nn1 53400000 53499999 229
nn1 53500000 53599999 398
nn1 53600000 53699999 68
nn1 53700000 53799999 377
nn1 53800000 53899999 280
nn1 53900000 53999999 532
nn1 54000000 54099999 250
nn1 54100000 54199999 341
nn1 54200000 54299999 157
nn1 54300000 54399999 110
nn1 54400000 54499999 87
nn1 54500000 54599999 50
nn1 54600000 54699999 202
nn1 54700000 54799999 172
nn1 54800000 54899999 276
nn1 54900000 54999999 163
nn1 55000000 55099999 67
nn1 55100000 55199999 804
nn1 55200000 55299999 315
nn1 55300000 55399999 193
nn1 55400000 55499999 417
nn1 55500000 55599999 281
nn1 55600000 55699999 251
nn1 55700000 55799999 548
nn1 55800000 55899999 354
nn1 55900000 55999999 255
nn1 56000000 56099999 533
nn1 56100000 56199999 108
nn1 56200000 56299999 88
nn1 56300000 56399999 148
nn1 56400000 56499999 82
nn1 56500000 56599999 437
nn1 56600000 56699999 491
nn1 56700000 56799999 442
nn1 56800000 56899999 1080
nn1 56900000 56999999 955
nn1 57000000 57099999 174
nn1 57100000 57199999 452
nn1 57200000 57299999 199
nn1 57300000 57399999 303
nn1 57400000 57499999 439
nn1 57500000 57599999 798
nn1 57600000 57699999 540
nn1 57700000 57799999 257
nn1 57800000 57899999 194
nn1 57900000 57999999 108
nn1 58000000 58099999 734
nn1 58100000 58199999 269
nn1 58200000 58299999 204
nn1 58300000 58399999 83
nn1 58400000 58499999 133
nn1 58500000 58599999 43
nn1 58600000 58699999 309
nn1 58700000 58799999 212
nn1 58800000 58899999 295
nn1 58900000 58999999 120
nn1 59000000 59099999 42
nn1 59100000 59199999 352
nn1 59200000 59299999 258
nn1 59300000 59399999 484
nn1 59400000 59499999 178
nn1 59500000 59599999 146
nn1 59600000 59699999 77
nn1 59700000 59799999 471
nn1 59800000 59899999 763
nn1 59900000 59999999 387
nn1 60000000 60099999 157
nn1 60100000 60199999 494
nn1 60200000 60299999 128
nn1 60300000 60399999 273
nn1 60400000 60499999 198
nn1 60500000 60599999 315
nn1 60600000 60699999 505
nn1 60700000 60799999 258
nn1 60800000 60899999 111
nn1 60900000 60999999 353
nn1 61000000 61099999 85
nn1 61100000 61199999 338
nn1 61200000 61299999 386
nn1 61300000 61399999 509
nn1 61400000 61499999 219
nn1 61500000 61599999 233
nn1 61600000 61699999 2771
nn1 61700000 61799999 117
nn1 61800000 61899999 192
nn1 61900000 61999999 572
nn1 62000000 62099999 786
nn1 62100000 62199999 183
nn1 62200000 62299999 241
nn1 62300000 62399999 320
nn1 62400000 62499999 215
nn1 62500000 62599999 218
nn1 62600000 62699999 554
nn1 62700000 62799999 202
nn1 62800000 62899999 237
nn1 62900000 62999999 212
nn1 63000000 63099999 670
nn1 63100000 63199999 797
nn1 63200000 63299999 339
nn1 63300000 63399999 1080
nn1 63400000 63499999 553
nn1 63500000 63599999 556
nn1 63600000 63699999 456
nn1 63700000 63799999 257
nn1 63800000 63899999 263
nn1 63900000 63999999 527
nn1 64000000 64099999 440
nn1 64100000 64199999 392
nn1 64200000 64299999 317
nn1 64300000 64399999 164
nn1 64400000 64499999 210
nn1 64500000 64599999 308
nn1 64600000 64699999 105
nn1 64700000 64799999 525
nn1 64800000 64899999 73
nn1 64900000 64999999 617
nn1 65000000 65099999 87
nn1 65100000 65199999 121
nn1 65200000 65299999 609
nn1 65300000 65399999 310
nn1 65400000 65499999 108
nn1 65500000 65599999 72
nn1 65600000 65699999 117
nn1 65700000 65799999 184
nn1 65800000 65899999 81
nn1 65900000 65999999 157
nn1 66000000 66099999 213
nn1 66100000 66199999 453
nn1 66200000 66299999 339
nn1 66300000 66399999 320
nn1 66400000 66499999 489
nn1 66500000 66599999 253
nn1 66600000 66699999 258
nn1 66700000 66799999 143
nn1 66800000 66899999 1650
nn1 66900000 66999999 337
nn1 67000000 67099999 197
nn1 67100000 67199999 216
nn1 67200000 67299999 690
nn1 67300000 67399999 502
nn1 67400000 67499999 250
nn1 67500000 67599999 299
nn1 67600000 67699999 156
nn1 67700000 67799999 0
nn1 67800000 67899999 386
nn1 67900000 67999999 890
nn1 68000000 68099999 533
nn1 68100000 68199999 83
nn1 68200000 68299999 19
nn1 68300000 68399999 422
nn1 68400000 68499999 101
nn1 68500000 68599999 650
nn1 68600000 68699999 176
nn1 68700000 68799999 61
nn1 68800000 68899999 334
nn1 68900000 68999999 203
nn1 69000000 69099999 120
nn1 69100000 69199999 189
nn1 69200000 69299999 182
nn1 69300000 69399999 193
nn1 69400000 69499999 99
nn1 69500000 69599999 552
nn1 69600000 69699999 465
nn1 69700000 69799999 159
nn1 69800000 69899999 195
nn1 69900000 69999999 223
nn1 70000000 70099999 182
nn1 70100000 70199999 67
nn1 70200000 70299999 187
nn1 70300000 70399999 102
nn1 70400000 70499999 538
nn1 70500000 70599999 112
nn1 70600000 70699999 15
nn1 70700000 70799999 18
nn1 70800000 70899999 170
nn1 70900000 70999999 75
nn1 71000000 71099999 341
nn1 71100000 71199999 731
nn1 71200000 71299999 226
nn1 71300000 71399999 298
nn1 71400000 71499999 310
nn1 71500000 71599999 659
nn1 71600000 71699999 120
nn1 71700000 71799999 122
nn1 71800000 71899999 86
nn1 71900000 71999999 210
nn1 72000000 72099999 120
nn1 72100000 72199999 729
nn1 72200000 72299999 230
nn1 72300000 72399999 259
nn1 72400000 72499999 542
nn1 72500000 72599999 718
nn1 72600000 72699999 102
nn1 72700000 72799999 334
nn1 72800000 72899999 273
nn1 72900000 72999999 113
nn1 73000000 73099999 537
nn1 73100000 73199999 378
nn1 73200000 73299999 234
nn1 73300000 73399999 101
nn1 73400000 73499999 555
nn1 73500000 73599999 434
nn1 73600000 73699999 463
nn1 73700000 73799999 202
nn1 73800000 73899999 559
nn1 73900000 73999999 694
nn1 74000000 74099999 184
nn1 74100000 74199999 69
nn1 74200000 74299999 575
nn1 74300000 74399999 215
nn1 74400000 74499999 128
nn1 74500000 74599999 358
nn1 74600000 74699999 262
nn1 74700000 74799999 618
nn1 74800000 74899999 262
nn1 74900000 74999999 177
nn1 75000000 75099999 431
nn1 75100000 75199999 208
nn1 75200000 75299999 478
nn1 75300000 75399999 755
nn1 75400000 75499999 689
nn1 75500000 75599999 930
nn1 75600000 75699999 803
nn1 75700000 75799999 274
nn1 75800000 75899999 337
nn1 75900000 75999999 316
nn1 76000000 76099999 300
nn1 76100000 76199999 193
nn1 76200000 76299999 251
nn1 76300000 76399999 189
nn1 76400000 76499999 340
nn1 76500000 76599999 234
nn1 76600000 76699999 494
nn1 76700000 76799999 181
nn1 76800000 76899999 18
nn1 76900000 76999999 77
nn1 77000000 77099999 468
nn1 77100000 77199999 70
nn1 77200000 77299999 360
nn1 77300000 77399999 589
nn1 77400000 77499999 134
nn1 77500000 77599999 106
nn1 77600000 77699999 179
nn1 77700000 77799999 112
nn1 77800000 77899999 169
nn1 77900000 77999999 638
nn1 78000000 78099999 393
nn1 78100000 78199999 451
nn1 78200000 78299999 673
nn1 78300000 78399999 296
nn1 78400000 78499999 212
nn1 78500000 78599999 1313
nn1 78600000 78699999 393
nn1 78700000 78799999 178
nn1 78800000 78899999 373
nn1 78900000 78999999 441
nn1 79000000 79099999 97
nn1 79100000 79199999 39
nn1 79200000 79299999 164
nn1 79300000 79399999 143
nn1 79400000 79499999 170
nn1 79500000 79599999 265
nn1 79600000 79699999 20
nn1 79700000 79799999 196
nn1 79800000 79899999 92
nn1 79900000 79999999 174
nn1 80000000 80099999 97
nn1 80100000 80199999 69
nn1 80200000 80299999 117
nn1 80300000 80399999 293
nn1 80400000 80499999 455
nn1 80500000 80599999 257
nn1 80600000 80699999 361
nn1 80700000 80799999 166
nn1 80800000 80899999 413
nn1 80900000 80999999 60
nn1 81000000 81099999 119
nn1 81100000 81199999 219
nn1 81200000 81299999 150
nn1 81300000 81399999 69
nn1 81400000 81499999 132
nn1 81500000 81599999 265
nn1 81600000 81699999 224
nn1 81700000 81799999 144
nn1 81800000 81899999 320
nn1 81900000 81999999 489
nn1 82000000 82099999 117
nn1 82100000 82199999 462
nn1 82200000 82299999 647
nn1 82300000 82399999 636
nn1 82400000 82499999 108
nn1 82500000 82599999 62
nn1 82600000 82699999 284
nn1 82700000 82799999 200
nn1 82800000 82899999 659
nn1 82900000 82999999 209
nn1 83000000 83099999 271
nn1 83100000 83199999 285
nn1 83200000 83299999 396
nn1 83300000 83399999 581
nn1 83400000 83499999 308
nn1 83500000 83599999 651
nn1 83600000 83699999 461
nn1 83700000 83799999 4920
nn1 83800000 83899999 475
nn1 83900000 83999999 552
nn1 84000000 84099999 235
nn1 84100000 84199999 545
nn1 84200000 84299999 45
nn1 84300000 84399999 419
nn1 84400000 84499999 191
nn1 84500000 84599999 312
nn1 84600000 84699999 193
nn1 84700000 84799999 386
nn1 84800000 84899999 147
nn1 84900000 84999999 231
nn1 85000000 85099999 407
nn1 85100000 85199999 766
nn1 85200000 85299999 209
nn1 85300000 85399999 266
nn1 85400000 85499999 248
nn1 85500000 85599999 570
nn1 85600000 85699999 235
nn1 85700000 85799999 381
nn1 85800000 85899999 333
nn1 85900000 85999999 436
nn1 86000000 86099999 243
nn1 86100000 86199999 367
nn1 86200000 86299999 1062
nn1 86300000 86399999 551
nn1 86400000 86499999 369
nn1 86500000 86599999 627
nn1 86600000 86699999 443
nn1 86700000 86799999 144
nn1 86800000 86899999 225
nn1 86900000 86999999 506
nn1 87000000 87099999 378
nn1 87100000 87199999 366
nn1 87200000 87299999 361
nn1 87300000 87399999 668
nn1 87400000 87499999 583
nn1 87500000 87599999 168
nn1 87600000 87699999 80
nn1 87700000 87799999 143
nn1 87800000 87899999 266
nn1 87900000 87999999 362
nn1 88000000 88099999 315
nn1 88100000 88199999 403
nn1 88200000 88299999 292
nn1 88300000 88399999 532
nn1 88400000 88499999 183
nn1 88500000 88599999 167
nn1 88600000 88699999 61
nn1 88700000 88799999 505
nn1 88800000 88899999 392
nn1 88900000 88999999 979
nn1 89000000 89099999 308
nn1 89100000 89199999 171
nn1 89200000 89299999 296
nn1 89300000 89399999 358
nn1 89400000 89499999 299
nn1 89500000 89599999 531
nn1 89600000 89699999 242
nn1 89700000 89799999 315
nn1 89800000 89899999 293
nn1 89900000 89999999 192
nn1 90000000 90099999 784
nn1 90100000 90199999 493
nn1 90200000 90299999 321
nn1 90300000 90399999 230
nn1 90400000 90499999 1096
nn1 90500000 90599999 99
nn1 90600000 90699999 291
nn1 90700000 90799999 901
nn1 90800000 90899999 460
nn1 90900000 90999999 1354
nn1 91000000 91099999 251
nn1 91100000 91199999 378
nn1 91200000 91299999 411
nn1 91300000 91399999 519
nn1 91400000 91499999 436
nn1 91500000 91599999 270
nn1 91600000 91699999 874
nn1 91700000 91799999 422
nn1 91800000 91899999 354
nn1 91900000 91999999 311
nn1 92000000 92099999 318
nn1 92100000 92199999 49
nn1 92200000 92299999 98
nn1 92300000 92399999 173
nn1 92400000 92499999 145
nn1 92500000 92599999 252
nn1 92600000 92699999 259
nn1 92700000 92799999 170
nn1 92800000 92899999 75
nn1 92900000 92999999 508
nn1 93000000 93099999 354
nn1 93100000 93199999 405
nn1 93200000 93299999 379
nn1 93300000 93399999 126
nn1 93400000 93499999 163
nn1 93500000 93599999 486
nn1 93600000 93699999 139
nn1 93700000 93799999 197
nn1 93800000 93899999 215
nn1 93900000 93999999 69
nn1 94000000 94099999 141
nn1 94100000 94199999 248
nn1 94200000 94299999 104
nn1 94300000 94399999 140
nn1 94400000 94499999 179
nn1 94500000 94599999 99
nn1 94600000 94699999 186
nn1 94700000 94799999 103
nn1 94800000 94899999 178
nn1 94900000 94999999 69
nn1 95000000 95099999 103
nn1 95100000 95199999 72
nn1 95200000 95299999 118
nn1 95300000 95399999 121
nn1 95400000 95499999 89
nn1 95500000 95599999 109
nn1 95600000 95699999 375
nn1 95700000 95799999 173
nn1 95800000 95899999 154
nn1 95900000 95999999 153
nn1 96000000 96099999 231
nn1 96100000 96199999 139
nn1 96200000 96299999 682
nn1 96300000 96399999 158
nn1 96400000 96499999 79
nn1 96500000 96599999 361
nn1 96600000 96699999 291
nn1 96700000 96799999 155
nn1 96800000 96899999 262
nn1 96900000 96999999 116
nn1 97000000 97099999 153
nn1 97100000 97199999 166
nn1 97200000 97299999 95
nn1 97300000 97399999 363
nn1 97400000 97499999 202
nn1 97500000 97599999 272
nn1 97600000 97699999 212
nn1 97700000 97799999 46
nn1 97800000 97899999 251
nn1 97900000 97999999 667
nn1 98000000 98099999 147
nn1 98100000 98199999 50
nn1 98200000 98299999 169
nn1 98300000 98399999 83
nn1 98400000 98499999 64
nn1 98500000 98599999 327
nn1 98600000 98699999 459
nn1 98700000 98799999 87
nn1 98800000 98899999 271
nn1 98900000 98999999 113
nn1 99000000 99099999 99
nn1 99100000 99199999 90
nn1 99200000 99299999 147
nn1 99300000 99399999 112
nn1 99400000 99499999 115
nn1 99500000 99599999 43
nn1 99600000 99699999 465
nn1 99700000 99799999 122
nn1 99800000 99899999 211
nn1 99900000 99999999 73
nn1 100000000 100099999 323
nn1 100100000 100199999 176
nn1 100200000 100299999 206
nn1 100300000 100399999 152
nn1 100400000 100499999 285
nn1 100500000 100599999 118
nn1 100600000 100699999 87
nn1 100700000 100799999 99
nn1 100800000 100899999 41
nn1 100900000 100999999 225
nn1 101000000 101099999 102
nn1 101100000 101199999 99
nn1 101200000 101299999 28
nn1 101300000 101399999 142
nn1 101400000 101499999 115
nn1 101500000 101599999 157
nn1 101600000 101699999 154
nn1 101700000 101799999 368
nn1 101800000 101899999 91
nn1 101900000 101999999 443
nn1 102000000 102099999 136
nn1 102100000 102199999 91
nn1 102200000 102299999 154
nn1 102300000 102399999 226
nn1 102400000 102499999 98
nn1 102500000 102599999 209
nn1 102600000 102699999 66
nn1 102700000 102799999 227
nn1 102800000 102899999 179
nn1 102900000 102999999 213
nn1 103000000 103099999 110
nn1 103100000 103199999 130
nn1 103200000 103299999 230
nn1 103300000 103399999 145
nn1 103400000 103499999 316
nn1 103500000 103599999 1486
nn1 103600000 103699999 849
nn1 103700000 103799999 818
nn1 103800000 103899999 412
nn1 103900000 103999999 416
nn1 104000000 104099999 1246
nn1 104100000 104199999 38
nn1 104200000 104299999 501
nn1 104300000 104399999 783
nn1 104400000 104499999 112
nn1 104500000 104599999 279
nn1 104600000 104699999 248
nn1 104700000 104799999 191
nn1 104800000 104899999 32
nn1 104900000 104999999 80
nn1 105000000 105099999 124
nn1 105100000 105199999 232
nn1 105200000 105299999 173
nn1 105300000 105399999 79
nn1 105400000 105499999 155
nn1 105500000 105599999 134
nn1 105600000 105699999 186
nn1 105700000 105799999 110
nn1 105800000 105899999 149
nn1 105900000 105999999 73
nn1 106000000 106099999 141
nn1 106100000 106199999 153
nn1 106200000 106299999 161
nn1 106300000 106399999 54
nn1 106400000 106499999 123
nn1 106500000 106599999 127
nn1 106600000 106699999 169
nn1 106700000 106799999 111
nn1 106800000 106899999 116
nn1 106900000 106999999 290
nn1 107000000 107099999 365
nn1 107100000 107199999 392
nn1 107200000 107299999 98
nn1 107300000 107399999 255
nn1 107400000 107499999 167
nn1 107500000 107599999 158
nn1 107600000 107699999 378
nn1 107700000 107799999 94
nn1 107800000 107899999 167
nn1 107900000 107999999 88
nn1 108000000 108099999 68
nn1 108100000 108199999 232
nn1 108200000 108299999 156
nn1 108300000 108399999 186
nn1 108400000 108499999 200
nn1 108500000 108599999 248
nn1 108600000 108699999 826
nn1 108700000 108799999 38
nn1 108800000 108899999 84
nn1 108900000 108999999 49
nn1 109000000 109099999 271
nn1 109100000 109199999 35
nn1 109200000 109299999 91
nn1 109300000 109399999 234
nn1 109400000 109499999 60
nn1 109500000 109599999 82
nn1 109600000 109699999 91
nn1 109700000 109799999 99
nn1 109800000 109899999 75
nn1 109900000 109999999 51
nn1 110000000 110099999 68
nn1 110100000 110199999 242
nn1 110200000 110299999 36
nn1 110300000 110399999 268
nn1 110400000 110499999 554
nn1 110500000 110599999 103
nn1 110600000 110699999 153
nn1 110700000 110799999 22
nn1 110800000 110899999 330
nn1 110900000 110999999 269
nn1 111000000 111099999 101
nn1 111100000 111199999 70
nn1 111200000 111299999 208
nn1 111300000 111399999 54
nn1 111400000 111499999 185
nn1 111500000 111599999 321
nn1 111600000 111699999 394
nn1 111700000 111799999 174
nn1 111800000 111899999 67
nn1 111900000 111999999 242
nn1 112000000 112099999 326
nn1 112100000 112199999 388
nn1 112200000 112299999 365
nn1 112300000 112399999 286
nn1 112400000 112499999 684
nn1 112500000 112599999 1163
nn1 112600000 112699999 697
nn1 112700000 112799999 428
nn1 112800000 112899999 521
nn1 112900000 112999999 220
nn1 113000000 113099999 235
nn1 113100000 113199999 138
nn1 113200000 113299999 65
nn1 113300000 113399999 609
nn1 113400000 113499999 678
nn1 113500000 113599999 766
nn1 113600000 113699999 185
nn1 113700000 113799999 518
nn1 113800000 113899999 567
nn1 113900000 113999999 318
nn1 114000000 114099999 248
nn1 114100000 114199999 183
nn1 114200000 114299999 220
nn1 114300000 114399999 350
nn1 114400000 114499999 438
nn1 114500000 114599999 386
nn1 114600000 114699999 197
nn1 114700000 114799999 331
nn1 114800000 114899999 474
nn1 114900000 114999999 270
nn1 115000000 115099999 580
nn1 115100000 115199999 481
nn1 115200000 115299999 449
nn1 115300000 115399999 772
nn1 115400000 115499999 295
nn1 115500000 115599999 672
nn1 115600000 115699999 455
nn1 115700000 115799999 75
nn1 115800000 115899999 888
nn1 115900000 115999999 436
nn1 116000000 116099999 142
nn1 116100000 116199999 209
nn1 116200000 116299999 78
nn1 116300000 116399999 407
nn1 116400000 116499999 523
nn1 116500000 116599999 571
nn1 116600000 116699999 267
nn1 116700000 116799999 121
nn1 116800000 116899999 297
nn1 116900000 116999999 210
nn1 117000000 117099999 710
nn1 117100000 117199999 278
nn1 117200000 117299999 874
nn1 117300000 117399999 411
nn1 117400000 117499999 203
nn1 117500000 117599999 820
nn1 117600000 117699999 1005
nn1 117700000 117799999 184
nn1 117800000 117899999 384
nn1 117900000 117999999 936
nn1 118000000 118099999 124
nn1 118100000 118199999 429
nn1 118200000 118299999 339
nn1 118300000 118399999 648
nn1 118400000 118499999 1449
nn1 118500000 118599999 1280
nn1 118600000 118699999 921
nn1 118700000 118799999 1751
nn1 118800000 118899999 1108
nn1 118900000 118999999 396
nn1 119000000 119099999 461
nn1 119100000 119199999 202
nn1 119200000 119299999 25
nn1 119300000 119399999 2691
nn1 119400000 119499999 2507
nn1 119500000 119599999 207
nn1 119600000 119699999 360
nn1 119700000 119799999 192
nn1 119800000 119899999 97
nn1 119900000 119999999 832
nn1 120000000 120099999 348
nn1 120100000 120199999 445
nn1 120200000 120299999 330
nn1 120300000 120399999 83
nn1 120400000 120499999 271
nn1 120500000 120599999 296
nn1 120600000 120699999 491
nn1 120700000 120799999 46
nn1 120800000 120899999 0
nn1 120900000 120999999 0
nn1 121000000 121099999 20
nn1 121100000 121199999 0
nn1 121200000 121299999 24
nn1 121300000 121399999 280
nn1 121400000 121499999 192
nn1 121500000 121599999 91
nn1 121600000 121699999 199
nn1 121700000 121799999 108
nn1 121800000 121899999 307
nn1 121900000 121999999 127
nn1 122000000 122099999 188
nn1 122100000 122199999 606
nn1 122200000 122299999 345
nn1 122300000 122399999 837
nn1 122400000 122499999 279
nn1 122500000 122599999 455
nn1 122600000 122699999 506
nn1 122700000 122799999 99
nn1 122800000 122899999 133
nn1 122900000 122999999 90
nn1 123000000 123099999 392
nn1 123100000 123199999 117
nn1 123200000 123299999 52
nn1 123300000 123399999 145
nn1 123400000 123499999 185
nn1 123500000 123599999 162
nn1 123600000 123699999 5865
nn1 123700000 123799999 288
nn1 123800000 123899999 117
nn1 123900000 123999999 241
nn1 124000000 124099999 676
nn1 124100000 124199999 865
nn1 124200000 124299999 506
nn1 124300000 124399999 189
nn1 124400000 124499999 511
nn1 124500000 124599999 382
nn1 124600000 124699999 268
nn1 124700000 124799999 328
nn1 124800000 124899999 366
nn1 124900000 124999999 235
nn1 125000000 125099999 257
nn1 125100000 125199999 486
nn1 125200000 125299999 101
nn1 125300000 125399999 690
nn1 125400000 125499999 423
nn1 125500000 125599999 165
nn1 125600000 125699999 127
nn1 125700000 125799999 25
nn1 125800000 125899999 259
nn1 125900000 125999999 264
nn1 126000000 126099999 268
nn1 126100000 126199999 741
nn1 126200000 126299999 231
nn1 126300000 126399999 113
nn1 126400000 126499999 195
nn1 126500000 126599999 400
nn1 126600000 126699999 148
nn1 126700000 126799999 46
nn1 126800000 126899999 238
nn1 126900000 126999999 226
nn1 127000000 127099999 1161
nn1 127100000 127199999 300
nn1 127200000 127299999 357
nn1 127300000 127399999 123
nn1 127400000 127499999 341
nn1 127500000 127599999 413
nn1 127600000 127699999 115
nn1 127700000 127799999 458
nn1 127800000 127899999 317
nn1 127900000 127999999 744
nn1 128000000 128099999 225
nn1 128100000 128199999 271
nn1 128200000 128299999 330
nn1 128300000 128399999 582
nn1 128400000 128499999 74
nn1 128500000 128599999 56
nn1 128600000 128699999 315
nn1 128700000 128799999 747
nn1 128800000 128899999 121
nn1 128900000 128999999 214
nn1 129000000 129099999 533
nn1 129100000 129199999 231
nn1 129200000 129299999 253
nn1 129300000 129399999 242
nn1 129400000 129499999 167
nn1 129500000 129599999 226
nn1 129600000 129699999 341
nn1 129700000 129799999 277
nn1 129800000 129899999 300
nn1 129900000 129999999 89
nn1 130000000 130099999 43
nn1 130100000 130199999 636
nn1 130200000 130299999 107
nn1 130300000 130399999 315
nn1 130400000 130499999 867
nn1 130500000 130599999 436
nn1 130600000 130699999 171
nn1 130700000 130799999 159
nn1 130800000 130899999 474
nn1 130900000 130999999 193
nn1 131000000 131099999 78
nn1 131100000 131199999 292
nn1 131200000 131299999 188
nn1 131300000 131399999 135
nn1 131400000 131499999 480
nn1 131500000 131599999 166
nn1 131600000 131699999 268
nn1 131700000 131799999 82
nn1 131800000 131899999 246
nn1 131900000 131999999 475
nn1 132000000 132099999 107
nn1 132100000 132199999 218
nn1 132200000 132299999 165
nn1 132300000 132399999 149
nn1 132400000 132499999 208
nn1 132500000 132599999 240
nn1 132600000 132699999 246
nn1 132700000 132799999 158
nn1 132800000 132899999 158
nn1 132900000 132999999 397
nn1 133000000 133099999 241
nn1 133100000 133199999 182
nn1 133200000 133299999 256
nn1 133300000 133399999 131
nn1 133400000 133499999 50
nn1 133500000 133599999 231
nn1 133600000 133699999 145
nn1 133700000 133799999 150
nn1 133800000 133899999 83
nn1 133900000 133999999 103
nn1 134000000 134099999 207
nn1 134100000 134199999 235
nn1 134200000 134299999 165
nn1 134300000 134399999 412
nn1 134400000 134499999 556
nn1 134500000 134599999 608
nn1 134600000 134699999 1272
nn1 134700000 134799999 948
nn1 134800000 134899999 133
nn1 134900000 134999999 40
nn1 135000000 135099999 211
nn1 135100000 135199999 205
nn1 135200000 135299999 475
nn1 135300000 135399999 531
nn1 135400000 135499999 1141
nn1 135500000 135599999 393
nn1 135600000 135699999 18
nn1 135700000 135799999 120
nn1 135800000 135899999 512
nn1 135900000 135999999 463
nn1 136000000 136099999 313
nn1 136100000 136199999 503
nn1 136200000 136299999 444
nn1 136300000 136399999 356
nn1 136400000 136499999 525
nn1 136500000 136599999 294
nn1 136600000 136699999 351
nn1 136700000 136799999 286
nn1 136800000 136899999 693
nn1 136900000 136999999 318
nn1 137000000 137099999 245
nn1 137100000 137199999 363
nn1 137200000 137299999 88
nn1 137300000 137399999 164
nn1 137400000 137499999 208
nn1 137500000 137599999 129
nn1 137600000 137699999 0
nn1 137700000 137799999 368
nn1 137800000 137899999 511
nn1 137900000 137999999 166
nn1 138000000 138099999 176
nn1 138100000 138199999 1178
nn1 138200000 138299999 411
nn1 138300000 138399999 111
nn1 138400000 138499999 236
nn1 138500000 138599999 489
nn1 138600000 138699999 146
nn1 138700000 138799999 179
nn1 138800000 138899999 171
nn1 138900000 138999999 597
nn1 139000000 139099999 467
nn1 139100000 139199999 443
nn1 139200000 139299999 272
nn1 139300000 139399999 432
nn1 139400000 139499999 365
nn1 139500000 139599999 650
nn1 139600000 139699999 573
nn1 139700000 139799999 421
nn1 139800000 139899999 380
nn1 139900000 139999999 326
nn1 140000000 140099999 95
nn1 140100000 140199999 113
nn1 140200000 140299999 488
nn1 140300000 140399999 886
nn1 140400000 140499999 452
nn1 140500000 140599999 159
nn1 140600000 140699999 356
nn1 140700000 140799999 41
nn1 140800000 140899999 335
nn1 140900000 140999999 268
nn1 141000000 141099999 50
nn1 141100000 141199999 527
nn1 141200000 141299999 184
nn1 141300000 141399999 1170
nn1 141400000 141499999 195
nn1 141500000 141599999 234
nn1 141600000 141699999 920
nn1 141700000 141799999 889
nn1 141800000 141899999 407
nn1 141900000 141999999 298
nn1 142000000 142099999 233
nn1 142100000 142199999 409
nn1 142200000 142299999 398
nn1 142300000 142399999 99
nn1 142400000 142499999 176
nn1 142500000 142599999 646
nn1 142600000 142699999 462
nn1 142700000 142799999 155
nn1 142800000 142899999 823
nn1 142900000 142999999 619
nn1 143000000 143099999 250
nn1 143100000 143199999 599
nn1 143200000 143299999 373
nn1 143300000 143399999 312
nn1 143400000 143499999 233
nn1 143500000 143599999 103
nn1 143600000 143699999 43
nn1 143700000 143799999 260
nn1 143800000 143899999 493
nn1 143900000 143999999 696
nn1 144000000 144099999 34
nn1 144100000 144199999 212
nn1 144200000 144299999 207
nn1 144300000 144399999 896
nn1 144400000 144499999 715
nn1 144500000 144599999 935
nn1 144600000 144699999 464
nn1 144700000 144799999 1159
nn1 144800000 144899999 565
nn1 144900000 144999999 554
nn1 145000000 145099999 1237
nn1 145100000 145199999 1487
nn1 145200000 145299999 2063
nn1 145300000 145399999 1629
nn1 145400000 145499999 1675
nn1 145500000 145599999 1759
nn1 145600000 145699999 2017
nn1 145700000 145799999 2123
nn1 145800000 145899999 1025
nn1 145900000 145999999 599
nn1 146000000 146099999 735
nn1 146100000 146199999 233
nn1 146200000 146299999 368
nn1 146300000 146399999 287
nn1 146400000 146499999 304
nn1 146500000 146599999 535
nn1 146600000 146699999 737
nn1 146700000 146799999 678
nn1 146800000 146899999 1701
nn1 146900000 146999999 1538
nn1 147000000 147099999 1437
nn1 147100000 147199999 663
nn1 147200000 147299999 1426
nn1 147300000 147399999 633
nn1 147400000 147499999 376
nn1 147500000 147599999 164
nn1 147600000 147699999 115
nn1 147700000 147799999 435
nn1 147800000 147899999 563
nn1 147900000 147999999 665
nn1 148000000 148099999 590
nn1 148100000 148199999 332
nn1 148200000 148299999 649
nn1 148300000 148399999 983
nn1 148400000 148499999 818
nn1 148500000 148599999 675
nn1 148600000 148699999 534
nn1 148700000 148799999 412
nn1 148800000 148899999 280
nn1 148900000 148999999 58
nn1 149000000 149099999 163
nn1 149100000 149199999 107
nn1 149200000 149299999 391
nn1 149300000 149399999 486
nn1 149400000 149499999 43
nn1 149500000 149599999 18
nn1 149600000 149699999 323
nn1 149700000 149799999 95
nn1 149800000 149899999 372
nn1 149900000 149999999 206
nn1 150000000 150099999 197
nn1 150100000 150199999 88
nn1 150200000 150299999 178
nn1 150300000 150399999 113
nn1 150400000 150499999 194
nn1 150500000 150599999 316
nn1 150600000 150699999 445
nn1 150700000 150799999 463
nn1 150800000 150899999 562
nn1 150900000 150999999 197
nn1 151000000 151099999 510
nn1 151100000 151199999 177
nn1 151200000 151299999 184
nn1 151300000 151399999 337
nn1 151400000 151499999 372
nn1 151500000 151599999 1347
nn1 151600000 151699999 343
nn1 151700000 151799999 227
nn1 151800000 151899999 209
nn1 151900000 151999999 253
nn1 152000000 152099999 158
nn1 152100000 152199999 26
nn1 152200000 152299999 253
nn1 152300000 152399999 478
nn1 152400000 152499999 286
nn1 152500000 152599999 189
nn1 152600000 152699999 29
nn1 152700000 152799999 3025
nn1 152800000 152899999 2847
nn1 152900000 152999999 96
nn1 153000000 153099999 683
nn1 153100000 153199999 362
nn1 153200000 153299999 370
nn1 153300000 153399999 41
nn1 153400000 153499999 169
nn1 153500000 153599999 131
nn1 153600000 153699999 94
nn1 153700000 153799999 54
nn1 153800000 153899999 152
nn1 153900000 153999999 189
nn1 154000000 154099999 137
nn1 154100000 154199999 808
nn1 154200000 154299999 499
nn1 154300000 154399999 296
nn1 154400000 154499999 362
nn1 154500000 154599999 265
nn1 154600000 154699999 358
nn1 154700000 154799999 253
nn1 154800000 154899999 85
nn1 154900000 154999999 112
nn1 155000000 155099999 205
nn1 155100000 155199999 65
nn1 155200000 155299999 69
nn1 155300000 155399999 175
nn1 155400000 155499999 349
nn1 155500000 155599999 374
nn1 155600000 155699999 76
nn1 155700000 155799999 322
nn1 155800000 155899999 73
nn1 155900000 155999999 284
nn1 156000000 156099999 129
nn1 156100000 156199999 267
nn1 156200000 156299999 161
nn1 156300000 156399999 564
nn1 156400000 156499999 273
nn1 156500000 156599999 89
nn1 156600000 156699999 115
nn1 156700000 156799999 314
nn1 156800000 156899999 515
nn1 156900000 156999999 139
nn1 157000000 157099999 81
nn1 157100000 157199999 87
nn1 157200000 157299999 485
nn1 157300000 157399999 487
nn1 157400000 157499999 196
nn1 157500000 157599999 172
nn1 157600000 157699999 160
nn1 157700000 157799999 303
nn1 157800000 157899999 151
nn1 157900000 157999999 53
nn1 158000000 158099999 439
nn1 158100000 158199999 436
nn1 158200000 158299999 391
nn1 158300000 158399999 343
nn1 158400000 158499999 499
nn1 158500000 158599999 526
nn1 158600000 158699999 374
nn1 158700000 158799999 142
nn1 158800000 158899999 198
nn1 158900000 158999999 87
nn1 159000000 159099999 123
nn1 159100000 159199999 256
nn1 159200000 159299999 59
nn1 159300000 159399999 94
nn1 159400000 159499999 78
nn1 159500000 159599999 85
nn1 159600000 159699999 109
nn1 159700000 159799999 583
nn1 159800000 159899999 185
nn1 159900000 159999999 620
nn1 160000000 160099999 68
nn1 160100000 160199999 541
nn1 160200000 160299999 218
nn1 160300000 160399999 179
nn1 160400000 160499999 211
nn1 160500000 160599999 159
nn1 160600000 160699999 492
nn1 160700000 160799999 248
nn1 160800000 160899999 183
nn1 160900000 160999999 554
nn1 161000000 161099999 575
nn1 161100000 161199999 470
nn1 161200000 161299999 78
nn1 161300000 161399999 124
nn1 161400000 161499999 495
nn1 161500000 161599999 283
nn1 161600000 161699999 347
nn1 161700000 161799999 193
nn1 161800000 161899999 106
nn1 161900000 161999999 279
nn1 162000000 162099999 142
nn1 162100000 162199999 725
nn1 162200000 162299999 333
nn1 162300000 162399999 435
nn1 162400000 162499999 490
nn1 162500000 162599999 480
nn1 162600000 162699999 458
nn1 162700000 162799999 433
nn1 162800000 162899999 25
nn1 162900000 162999999 426
nn1 163000000 163099999 575
nn1 163100000 163199999 363
nn1 163200000 163299999 291
nn1 163300000 163399999 220
nn1 163400000 163499999 276
nn1 163500000 163599999 27
nn1 163600000 163699999 60
nn1 163700000 163799999 126
nn1 163800000 163899999 80
nn1 163900000 163999999 122
nn1 164000000 164099999 463
nn1 164100000 164199999 829
nn1 164200000 164299999 303
nn1 164300000 164399999 80
nn1 164400000 164499999 357
nn1 164500000 164599999 311
nn1 164600000 164699999 211
nn1 164700000 164799999 159
nn1 164800000 164899999 61
nn1 164900000 164999999 73
nn1 165000000 165099999 208
nn1 165100000 165199999 648
nn1 165200000 165299999 276
nn1 165300000 165399999 530
nn1 165400000 165499999 258
nn1 165500000 165599999 621
nn1 165600000 165699999 164
nn1 165700000 165799999 468
nn1 165800000 165899999 555
nn1 165900000 165999999 252
nn1 166000000 166099999 25
nn1 166100000 166199999 64
nn1 166200000 166299999 250
nn1 166300000 166399999 149
nn1 166400000 166499999 139
nn1 166500000 166599999 155
nn1 166600000 166699999 440
nn1 166700000 166799999 222
nn1 166800000 166899999 279
nn1 166900000 166999999 286
nn1 167000000 167099999 126
nn1 167100000 167199999 250
nn1 167200000 167299999 280
nn1 167300000 167399999 386
nn1 167400000 167499999 341
nn1 167500000 167599999 266
nn1 167600000 167699999 0
nn1 167700000 167799999 164
nn1 167800000 167899999 156
nn1 167900000 167999999 226
nn1 168000000 168099999 272
nn1 168100000 168199999 49
nn1 168200000 168299999 167
nn1 168300000 168399999 114
nn1 168400000 168499999 96
nn1 168500000 168599999 297
nn1 168600000 168699999 45
nn1 168700000 168799999 327
nn1 168800000 168899999 114
nn1 168900000 168999999 23
nn1 169000000 169099999 170
nn1 169100000 169199999 202
nn1 169200000 169299999 98
nn1 169300000 169399999 236
nn1 169400000 169499999 197
nn1 169500000 169599999 197
nn1 169600000 169699999 204
nn1 169700000 169799999 261
nn1 169800000 169899999 179
nn1 169900000 169999999 75
nn1 170000000 170099999 590
nn1 170100000 170199999 271
nn1 170200000 170299999 290
nn1 170300000 170399999 41
nn1 170400000 170499999 133
nn1 170500000 170599999 252
nn1 170600000 170699999 131
nn1 170700000 170799999 475
nn1 170800000 170899999 279
nn1 170900000 170999999 276
nn1 171000000 171099999 46
nn1 171100000 171199999 184
nn1 171200000 171299999 468
nn1 171300000 171399999 272
nn1 171400000 171499999 227
nn1 171500000 171599999 404
nn1 171600000 171699999 422
nn1 171700000 171799999 254
nn1 171800000 171899999 468
nn1 171900000 171999999 237
nn1 172000000 172099999 105
nn1 172100000 172199999 127
nn1 172200000 172299999 102
nn1 172300000 172399999 151
nn1 172400000 172499999 48
nn1 172500000 172599999 42
nn1 172600000 172699999 446
nn1 172700000 172799999 101
nn1 172800000 172899999 74
nn1 172900000 172999999 566
nn1 173000000 173099999 54
nn1 173100000 173199999 217
nn1 173200000 173299999 209
nn1 173300000 173399999 500
nn1 173400000 173499999 265
nn1 173500000 173599999 651
nn1 173600000 173699999 58
nn1 173700000 173799999 46
nn1 173800000 173899999 259
nn1 173900000 173999999 123
nn1 174000000 174099999 182
nn1 174100000 174199999 420
nn1 174200000 174299999 186
nn1 174300000 174399999 247
nn1 174400000 174499999 35
nn1 174500000 174599999 303
nn1 174600000 174699999 98
nn1 174700000 174799999 98
nn1 174800000 174899999 1147
nn1 174900000 174999999 123
nn1 175000000 175099999 106
nn1 175100000 175199999 257
nn1 175200000 175299999 231
nn1 175300000 175399999 42
nn1 175400000 175499999 437
nn1 175500000 175599999 243
nn1 175600000 175699999 340
nn1 175700000 175799999 108
nn1 175800000 175899999 257
nn1 175900000 175999999 353
nn1 176000000 176099999 316
nn1 176100000 176199999 680
nn1 176200000 176299999 157
nn1 176300000 176399999 166
nn1 176400000 176499999 75
nn1 176500000 176599999 213
nn1 176600000 176699999 136
nn1 176700000 176799999 257
nn1 176800000 176899999 151
nn1 176900000 176999999 69
nn1 177000000 177099999 123
nn1 177100000 177199999 150
nn1 177200000 177299999 270
nn1 177300000 177399999 34
nn1 177400000 177499999 196
nn1 177500000 177599999 401
nn1 177600000 177699999 565
nn1 177700000 177799999 114
nn1 177800000 177899999 172
nn1 177900000 177999999 145
nn1 178000000 178099999 173
nn1 178100000 178199999 357
nn1 178200000 178299999 147
nn1 178300000 178399999 601
nn1 178400000 178499999 220
nn1 178500000 178599999 232
nn1 178600000 178699999 232
nn1 178700000 178799999 235
nn1 178800000 178899999 300
nn1 178900000 178999999 42
nn1 179000000 179099999 196
nn1 179100000 179199999 244
nn1 179200000 179299999 205
nn1 179300000 179399999 210
nn1 179400000 179499999 353
nn1 179500000 179599999 236
nn1 179600000 179699999 232
nn1 179700000 179799999 443
nn1 179800000 179899999 206
nn1 179900000 179999999 47
nn1 180000000 180099999 84
nn1 180100000 180199999 63
nn1 180200000 180299999 255
nn1 180300000 180399999 270
nn1 180400000 180499999 391
nn1 180500000 180599999 545
nn1 180600000 180699999 407
nn1 180700000 180799999 409
nn1 180800000 180899999 252
nn1 180900000 180999999 244
nn1 181000000 181099999 165
nn1 181100000 181199999 277
nn1 181200000 181299999 132
nn1 181300000 181399999 242
nn1 181400000 181499999 219
nn1 181500000 181599999 522
nn1 181600000 181699999 394
nn1 181700000 181799999 70
nn1 181800000 181899999 356
nn1 181900000 181999999 301
nn1 182000000 182099999 431
nn1 182100000 182199999 268
nn1 182200000 182299999 540
nn1 182300000 182399999 560
nn1 182400000 182499999 568
nn1 182500000 182599999 351
nn1 182600000 182699999 1001
nn1 182700000 182799999 198
nn1 182800000 182899999 156
nn1 182900000 182999999 361
nn1 183000000 183099999 366
nn1 183100000 183199999 120
nn1 183200000 183299999 60
nn1 183300000 183399999 213
nn1 183400000 183499999 403
nn1 183500000 183599999 132
nn1 183600000 183699999 153
nn1 183700000 183799999 499
nn1 183800000 183899999 400
nn1 183900000 183999999 445
nn1 184000000 184099999 188
nn1 184100000 184199999 171
nn1 184200000 184299999 81
nn1 184300000 184399999 154
nn1 184400000 184499999 93
nn1 184500000 184599999 247
nn1 184600000 184699999 86
nn1 184700000 184799999 757
nn1 184800000 184899999 268
nn1 184900000 184999999 272
nn1 185000000 185099999 127
nn1 185100000 185199999 55
nn1 185200000 185299999 59
nn1 185300000 185399999 273
nn1 185400000 185499999 404
nn1 185500000 185599999 367
nn1 185600000 185699999 39
nn1 185700000 185799999 629
nn1 185800000 185899999 53
nn1 185900000 185999999 20
nn1 186000000 186099999 177
nn1 186100000 186199999 320
nn1 186200000 186299999 338
nn1 186300000 186399999 133
nn1 186400000 186499999 289
nn1 186500000 186599999 139
nn1 186600000 186699999 148
nn1 186700000 186799999 34
nn1 186800000 186899999 52
nn1 186900000 186999999 123
nn1 187000000 187099999 124
nn1 187100000 187199999 277
nn1 187200000 187299999 389
nn1 187300000 187399999 91
nn1 187400000 187499999 41
nn1 187500000 187599999 190
nn1 187600000 187699999 530
nn1 187700000 187799999 222
nn1 187800000 187899999 902
nn1 187900000 187999999 719
nn1 188000000 188099999 56
nn1 188100000 188199999 25
nn1 188200000 188299999 116
nn1 188300000 188399999 119
nn1 188400000 188499999 221
nn1 188500000 188599999 39
nn1 188600000 188699999 603
nn1 188700000 188799999 395
nn1 188800000 188899999 346
nn1 188900000 188999999 360
nn1 189000000 189099999 303
nn1 189100000 189199999 1279
nn1 189200000 189299999 395
nn1 189300000 189399999 688
nn1 189400000 189499999 456
nn1 189500000 189599999 476
nn1 189600000 189699999 212
nn1 189700000 189799999 504
nn1 189800000 189899999 405
nn1 189900000 189999999 92
nn1 190000000 190099999 713
nn1 190100000 190199999 61
nn1 190200000 190299999 216
nn1 190300000 190399999 122
nn1 190400000 190499999 147
nn1 190500000 190599999 274
nn1 190600000 190699999 172
nn1 190700000 190799999 368
nn1 190800000 190899999 41
nn1 190900000 190999999 158
nn1 191000000 191099999 63
nn1 191100000 191199999 293
nn1 191200000 191299999 249
nn1 191300000 191399999 659
nn1 191400000 191499999 229
nn1 191500000 191599999 91
nn1 191600000 191699999 264
nn1 191700000 191799999 1821
nn1 191800000 191899999 306
nn1 191900000 191999999 110
nn1 192000000 192099999 546
nn1 192100000 192199999 69
nn1 192200000 192299999 94
nn1 192300000 192399999 111
nn1 192400000 192499999 601
nn1 192500000 192599999 551
nn1 192600000 192699999 533
nn1 192700000 192799999 824
nn1 192800000 192899999 597
nn1 192900000 192999999 669
nn1 193000000 193099999 356
nn1 193100000 193199999 148
nn1 193200000 193299999 444
nn1 193300000 193399999 428
nn1 193400000 193499999 103
nn1 193500000 193599999 421
nn1 193600000 193699999 754
nn1 193700000 193799999 340
nn1 193800000 193899999 774
nn1 193900000 193999999 286
nn1 194000000 194099999 94
nn1 194100000 194199999 656
nn1 194200000 194299999 1314
nn1 194300000 194399999 1272
nn1 194400000 194499999 483
nn1 194500000 194599999 207
nn1 194600000 194699999 126
nn1 194700000 194799999 201
nn1 194800000 194899999 608
nn1 194900000 194999999 615
nn1 195000000 195099999 485
nn1 195100000 195199999 1845
nn1 195200000 195299999 1401
nn1 195300000 195399999 2439
nn1 195400000 195499999 1787
nn1 195500000 195599999 3890
nn1 195600000 195699999 6552
nn1 195700000 195799999 3604
nn1 195800000 195899999 10659
nn1 195900000 195999999 26225
nn1 196000000 196099999 48158
nn1 196100000 196199999 31128
nn1 196200000 196299999 20336
nn1 196300000 196399999 29933
nn1 196400000 196499999 24916
nn1 196500000 196599999 24179
nn1 196600000 196699999 27704
nn1 196700000 196799999 18020
nn1 196800000 196899999 2025
nn1 196900000 196999999 2708
nn1 197000000 197099999 2948
nn1 197100000 197199999 2323
nn1 197200000 197299999 5474
nn1 197300000 197399999 14936
nn1 197400000 197499999 817
nn1 197500000 197518696 195
nn2 0 99999 7099
nn2 100000 199999 196
nn2 200000 299999 797
nn2 300000 399999 1868
nn2 400000 499999 1722
nn2 500000 599999 1655
nn2 600000 699999 1390
nn2 700000 799999 766
nn2 800000 899999 1523
nn2 900000 999999 221
nn2 1000000 1099999 281
nn2 1100000 1199999 240
nn2 1200000 1299999 88
nn2 1300000 1399999 281
nn2 1400000 1499999 84
nn2 1500000 1599999 457
nn2 1600000 1699999 155
nn2 1700000 1799999 264
nn2 1800000 1899999 152
nn2 1900000 1999999 228
nn2 2000000 2099999 256
nn2 2100000 2199999 309
nn2 2200000 2299999 77
nn2 2300000 2399999 200
nn2 2400000 2499999 79
nn2 2500000 2599999 391
nn2 2600000 2699999 276
nn2 2700000 2799999 76
nn2 2800000 2899999 93
nn2 2900000 2999999 111
nn2 3000000 3099999 548
nn2 3100000 3199999 622
nn2 3200000 3299999 95
nn2 3300000 3399999 249
nn2 3400000 3499999 189
nn2 3500000 3599999 272
nn2 3600000 3699999 69
nn2 3700000 3799999 97
nn2 3800000 3899999 307
nn2 3900000 3999999 120
nn2 4000000 4099999 904
nn2 4100000 4199999 158
nn2 4200000 4299999 1450
nn2 4300000 4399999 465
nn2 4400000 4499999 325
nn2 4500000 4599999 148
nn2 4600000 4699999 750
nn2 4700000 4799999 120
nn2 4800000 4899999 1060
nn2 4900000 4999999 150
nn2 5000000 5099999 269
nn2 5100000 5199999 176
nn2 5200000 5299999 102
nn2 5300000 5399999 103
nn2 5400000 5499999 49
nn2 5500000 5599999 505
nn2 5600000 5699999 297
nn2 5700000 5799999 187
nn2 5800000 5899999 167
nn2 5900000 5999999 57
nn2 6000000 6099999 102
nn2 6100000 6199999 368
nn2 6200000 6299999 170
nn2 6300000 6399999 277
nn2 6400000 6499999 180
nn2 6500000 6599999 119
nn2 6600000 6699999 169
nn2 6700000 6799999 1000
nn2 6800000 6899999 1044
nn2 6900000 6999999 640
nn2 7000000 7099999 87
nn2 7100000 7199999 66
nn2 7200000 7299999 72
nn2 7300000 7399999 586
nn2 7400000 7499999 276
nn2 7500000 7599999 731
nn2 7600000 7699999 197
nn2 7700000 7799999 187
nn2 7800000 7899999 227
nn2 7900000 7999999 70
nn2 8000000 8099999 144
nn2 8100000 8199999 315
nn2 8200000 8299999 666
nn2 8300000 8399999 131
nn2 8400000 8499999 508
nn2 8500000 8599999 222
nn2 8600000 8699999 273
nn2 8700000 8799999 321
nn2 8800000 8899999 359
nn2 8900000 8999999 640
nn2 9000000 9099999 284
nn2 9100000 9199999 329
nn2 9200000 9299999 253
nn2 9300000 9399999 465
nn2 9400000 9499999 358
nn2 9500000 9599999 276
nn2 9600000 9699999 617
nn2 9700000 9799999 330
nn2 9800000 9899999 335
nn2 9900000 9999999 674
nn2 10000000 10099999 203
nn2 10100000 10199999 135
nn2 10200000 10299999 192
nn2 10300000 10399999 349
nn2 10400000 10499999 118
nn2 10500000 10599999 260
nn2 10600000 10699999 766
nn2 10700000 10799999 168
nn2 10800000 10899999 278
nn2 10900000 10999999 271
nn2 11000000 11099999 241
nn2 11100000 11199999 1780
nn2 11200000 11299999 329
nn2 11300000 11399999 141
nn2 11400000 11499999 158
nn2 11500000 11599999 294
nn2 11600000 11699999 232
nn2 11700000 11799999 154
nn2 11800000 11899999 202
nn2 11900000 11999999 107
nn2 12000000 12099999 118
nn2 12100000 12199999 461
nn2 12200000 12299999 576
nn2 12300000 12399999 330
nn2 12400000 12499999 295
nn2 12500000 12599999 694
nn2 12600000 12699999 431
nn2 12700000 12799999 345
nn2 12800000 12899999 167
nn2 12900000 12999999 1383
nn2 13000000 13099999 61
nn2 13100000 13199999 143
nn2 13200000 13299999 88
nn2 13300000 13399999 292
nn2 13400000 13499999 172
nn2 13500000 13599999 313
nn2 13600000 13699999 222
nn2 13700000 13799999 355
nn2 13800000 13899999 317
nn2 13900000 13999999 402
nn2 14000000 14099999 469
nn2 14100000 14199999 342
nn2 14200000 14299999 325
nn2 14300000 14399999 67
nn2 14400000 14499999 222
nn2 14500000 14599999 67
nn2 14600000 14699999 981
nn2 14700000 14799999 1319
nn2 14800000 14899999 124
nn2 14900000 14999999 294
nn2 15000000 15099999 205
nn2 15100000 15199999 289
nn2 15200000 15299999 204
nn2 15300000 15399999 116
nn2 15400000 15499999 432
nn2 15500000 15599999 400
nn2 15600000 15699999 482
nn2 15700000 15799999 301
nn2 15800000 15899999 166
nn2 15900000 15999999 959
nn2 16000000 16099999 183
nn2 16100000 16199999 212
nn2 16200000 16299999 345
nn2 16300000 16399999 227
nn2 16400000 16499999 229
nn2 16500000 16599999 433
nn2 16600000 16699999 100
nn2 16700000 16799999 97
nn2 16800000 16899999 89
nn2 16900000 16999999 155
nn2 17000000 17099999 60
nn2 17100000 17199999 332
nn2 17200000 17299999 268
nn2 17300000 17399999 226
nn2 17400000 17499999 199
nn2 17500000 17599999 244
nn2 17600000 17699999 505
nn2 17700000 17799999 134
nn2 17800000 17899999 148
nn2 17900000 17999999 47
nn2 18000000 18099999 81
nn2 18100000 18199999 213
nn2 18200000 18299999 24
nn2 18300000 18399999 184
nn2 18400000 18499999 427
nn2 18500000 18599999 215
nn2 18600000 18699999 163
nn2 18700000 18799999 248
nn2 18800000 18899999 0
nn2 18900000 18999999 332
nn2 19000000 19099999 285
nn2 19100000 19199999 274
nn2 19200000 19299999 94
nn2 19300000 19399999 156
nn2 19400000 19499999 250
nn2 19500000 19599999 34
nn2 19600000 19699999 135
nn2 19700000 19799999 72
nn2 19800000 19899999 75
nn2 19900000 19999999 88
nn2 20000000 20099999 158
nn2 20100000 20199999 755
nn2 20200000 20299999 200
nn2 20300000 20399999 62
nn2 20400000 20499999 231
nn2 20500000 20599999 70
nn2 20600000 20699999 138
nn2 20700000 20799999 179
nn2 20800000 20899999 278
nn2 20900000 20999999 57
nn2 21000000 21099999 106
nn2 21100000 21199999 0
nn2 21200000 21299999 67
nn2 21300000 21399999 145
nn2 21400000 21499999 58
nn2 21500000 21599999 35
nn2 21600000 21699999 197
nn2 21700000 21799999 75
nn2 21800000 21899999 163
nn2 21900000 21999999 207
nn2 22000000 22099999 205
nn2 22100000 22199999 63
nn2 22200000 22299999 65
nn2 22300000 22399999 80
nn2 22400000 22499999 29
nn2 22500000 22599999 173
nn2 22600000 22699999 49
nn2 22700000 22799999 58
nn2 22800000 22899999 611
nn2 22900000 22999999 62
nn2 23000000 23099999 233
nn2 23100000 23199999 118
nn2 23200000 23299999 374
nn2 23300000 23399999 182
nn2 23400000 23499999 604
nn2 23500000 23599999 235
nn2 23600000 23699999 103
nn2 23700000 23799999 292
nn2 23800000 23899999 54
nn2 23900000 23999999 576
nn2 24000000 24099999 113
nn2 24100000 24199999 48
nn2 24200000 24299999 64
nn2 24300000 24399999 106
nn2 24400000 24499999 112
nn2 24500000 24599999 104
nn2 24600000 24699999 23
nn2 24700000 24799999 368
nn2 24800000 24899999 153
nn2 24900000 24999999 193
nn2 25000000 25099999 126
nn2 25100000 25199999 238
nn2 25200000 25299999 20
nn2 25300000 25399999 66
nn2 25400000 25499999 170
nn2 25500000 25599999 191
nn2 25600000 25699999 233
nn2 25700000 25799999 195
nn2 25800000 25899999 77
nn2 25900000 25999999 270
nn2 26000000 26099999 85
nn2 26100000 26199999 77
nn2 26200000 26299999 20
nn2 26300000 26399999 64
nn2 26400000 26499999 77
nn2 26500000 26599999 194
nn2 26600000 26699999 50
nn2 26700000 26799999 207
nn2 26800000 26899999 122
nn2 26900000 26999999 98
nn2 27000000 27099999 466
nn2 27100000 27199999 278
nn2 27200000 27299999 219
nn2 27300000 27399999 192
nn2 27400000 27499999 111
nn2 27500000 27599999 72
nn2 27600000 27699999 156
nn2 27700000 27799999 259
nn2 27800000 27899999 116
nn2 27900000 27999999 350
nn2 28000000 28099999 299
nn2 28100000 28199999 511
nn2 28200000 28299999 449
nn2 28300000 28399999 179
nn2 28400000 28499999 296
nn2 28500000 28599999 221
nn2 28600000 28699999 216
nn2 28700000 28799999 152
nn2 28800000 28899999 142
nn2 28900000 28999999 68
nn2 29000000 29099999 181
nn2 29100000 29199999 504
nn2 29200000 29299999 761
nn2 29300000 29399999 296
nn2 29400000 29499999 177
nn2 29500000 29599999 56
nn2 29600000 29699999 160
nn2 29700000 29799999 359
nn2 29800000 29899999 228
nn2 29900000 29999999 104
nn2 30000000 30099999 98
nn2 30100000 30199999 40
nn2 30200000 30299999 157
nn2 30300000 30399999 59
nn2 30400000 30499999 36
nn2 30500000 30599999 144
nn2 30600000 30699999 294
nn2 30700000 30799999 105
nn2 30800000 30899999 120
nn2 30900000 30999999 126
nn2 31000000 31099999 317
nn2 31100000 31199999 105
nn2 31200000 31299999 92
nn2 31300000 31399999 156
nn2 31400000 31499999 467
nn2 31500000 31599999 120
nn2 31600000 31699999 372
nn2 31700000 31799999 245
nn2 31800000 31899999 182
nn2 31900000 31999999 172
nn2 32000000 32099999 74
nn2 32100000 32199999 210
nn2 32200000 32299999 290
nn2 32300000 32399999 88
nn2 32400000 32499999 65
nn2 32500000 32599999 91
nn2 32600000 32699999 170
nn2 32700000 32799999 505
nn2 32800000 32899999 254
nn2 32900000 32999999 337
nn2 33000000 33099999 197
nn2 33100000 33199999 594
nn2 33200000 33299999 206
nn2 33300000 33399999 116
nn2 33400000 33499999 96
nn2 33500000 33599999 342
nn2 33600000 33699999 377
nn2 33700000 33799999 677
nn2 33800000 33899999 20
nn2 33900000 33999999 36
nn2 34000000 34099999 53
nn2 34100000 34199999 672
nn2 34200000 34299999 279
nn2 34300000 34399999 58
nn2 34400000 34499999 106
nn2 34500000 34599999 477
nn2 34600000 34699999 120
nn2 34700000 34799999 113
nn2 34800000 34899999 117
nn2 34900000 34999999 613
nn2 35000000 35099999 171
nn2 35100000 35199999 129
nn2 35200000 35299999 150
nn2 35300000 35399999 42
nn2 35400000 35499999 394
nn2 35500000 35599999 412
nn2 35600000 35699999 649
nn2 35700000 35799999 263
nn2 35800000 35899999 28
nn2 35900000 35999999 262
nn2 36000000 36099999 654
nn2 36100000 36199999 293
nn2 36200000 36299999 186
nn2 36300000 36399999 246
nn2 36400000 36499999 894
nn2 36500000 36599999 17
nn2 36600000 36699999 122
nn2 36700000 36799999 270
nn2 36800000 36899999 513
nn2 36900000 36999999 270
nn2 37000000 37099999 188
nn2 37100000 37199999 692
nn2 37200000 37299999 316
nn2 37300000 37399999 175
nn2 37400000 37499999 288
nn2 37500000 37599999 182
nn2 37600000 37699999 327
nn2 37700000 37799999 880
nn2 37800000 37899999 279
nn2 37900000 37999999 325
nn2 38000000 38099999 317
nn2 38100000 38199999 334
nn2 38200000 38299999 322
nn2 38300000 38399999 255
nn2 38400000 38499999 808
nn2 38500000 38599999 164
nn2 38600000 38699999 92
nn2 38700000 38799999 240
nn2 38800000 38899999 473
nn2 38900000 38999999 279
nn2 39000000 39099999 62
nn2 39100000 39199999 97
nn2 39200000 39299999 63
nn2 39300000 39399999 88
nn2 39400000 39499999 370
nn2 39500000 39599999 447
nn2 39600000 39699999 181
nn2 39700000 39799999 158
nn2 39800000 39899999 429
nn2 39900000 39999999 176
nn2 40000000 40099999 310
nn2 40100000 40199999 170
nn2 40200000 40299999 67
nn2 40300000 40399999 57
nn2 40400000 40499999 43
nn2 40500000 40599999 252
nn2 40600000 40699999 105
nn2 40700000 40799999 45
nn2 40800000 40899999 122
nn2 40900000 40999999 381
nn2 41000000 41099999 124
nn2 41100000 41199999 109
nn2 41200000 41299999 348
nn2 41300000 41399999 72
nn2 41400000 41499999 73
nn2 41500000 41599999 253
nn2 41600000 41699999 182
nn2 41700000 41799999 359
nn2 41800000 41899999 217
nn2 41900000 41999999 51
nn2 42000000 42099999 225
nn2 42100000 42199999 92
nn2 42200000 42299999 379
nn2 42300000 42399999 217
nn2 42400000 42499999 167
nn2 42500000 42599999 174
nn2 42600000 42699999 124
nn2 42700000 42799999 86
nn2 42800000 42899999 89
nn2 42900000 42999999 92
nn2 43000000 43099999 54
nn2 43100000 43199999 298
nn2 43200000 43299999 69
nn2 43300000 43399999 545
nn2 43400000 43499999 298
nn2 43500000 43599999 113
nn2 43600000 43699999 383
nn2 43700000 43799999 396
nn2 43800000 43899999 217
nn2 43900000 43999999 447
nn2 44000000 44099999 354
nn2 44100000 44199999 277
nn2 44200000 44299999 395
nn2 44300000 44399999 101
nn2 44400000 44499999 177
nn2 44500000 44599999 97
nn2 44600000 44699999 118
nn2 44700000 44799999 207
nn2 44800000 44899999 149
nn2 44900000 44999999 364
nn2 45000000 45099999 458
nn2 45100000 45199999 763
nn2 45200000 45299999 342
nn2 45300000 45399999 509
nn2 45400000 45499999 332
nn2 45500000 45599999 472
nn2 45600000 45699999 245
nn2 45700000 45799999 65
nn2 45800000 45899999 53
nn2 45900000 45999999 105
nn2 46000000 46099999 414
nn2 46100000 46199999 175
nn2 46200000 46299999 193
nn2 46300000 46399999 162
nn2 46400000 46499999 37
nn2 46500000 46599999 92
nn2 46600000 46699999 200
nn2 46700000 46799999 261
nn2 46800000 46899999 253
nn2 46900000 46999999 642
nn2 47000000 47099999 133
nn2 47100000 47199999 209
nn2 47200000 47299999 121
nn2 47300000 47399999 189
nn2 47400000 47499999 109
nn2 47500000 47599999 767
nn2 47600000 47699999 211
nn2 47700000 47799999 275
nn2 47800000 47899999 176
nn2 47900000 47999999 195
nn2 48000000 48099999 238
nn2 48100000 48199999 666
nn2 48200000 48299999 729
nn2 48300000 48399999 82
nn2 48400000 48499999 688
nn2 48500000 48599999 1038
nn2 48600000 48699999 304
nn2 48700000 48799999 471
nn2 48800000 48899999 259
nn2 48900000 48999999 409
nn2 49000000 49099999 312
nn2 49100000 49199999 624
nn2 49200000 49299999 200
nn2 49300000 49399999 1024
nn2 49400000 49499999 243
nn2 49500000 49599999 510
nn2 49600000 49699999 189
nn2 49700000 49799999 184
nn2 49800000 49899999 113
nn2 49900000 49999999 215
nn2 50000000 50099999 298
nn2 50100000 50199999 356
nn2 50200000 50299999 92
nn2 50300000 50399999 231
nn2 50400000 50499999 170
nn2 50500000 50599999 806
nn2 50600000 50699999 365
nn2 50700000 50799999 223
nn2 50800000 50899999 395
nn2 50900000 50999999 139
nn2 51000000 51099999 713
nn2 51100000 51199999 417
nn2 51200000 51299999 171
nn2 51300000 51399999 134
nn2 51400000 51499999 323
nn2 51500000 51599999 674
nn2 51600000 51699999 164
nn2 51700000 51799999 180
nn2 51800000 51899999 140
nn2 51900000 51999999 105
nn2 52000000 52099999 127
nn2 52100000 52199999 150
nn2 52200000 52299999 180
nn2 52300000 52399999 82
nn2 52400000 52499999 71
nn2 52500000 52599999 347
nn2 52600000 52699999 209
nn2 52700000 52799999 285
nn2 52800000 52899999 297
nn2 52900000 52999999 166
nn2 53000000 53099999 279
nn2 53100000 53199999 236
nn2 53200000 53299999 210
nn2 53300000 53399999 701
nn2 53400000 53499999 81
nn2 53500000 53599999 293
nn2 53600000 53699999 136
nn2 53700000 53799999 0
nn2 53800000 53899999 146
nn2 53900000 53999999 743
nn2 54000000 54099999 121
nn2 54100000 54199999 74
nn2 54200000 54299999 344
nn2 54300000 54399999 338
nn2 54400000 54499999 161
nn2 54500000 54599999 649
nn2 54600000 54699999 450
nn2 54700000 54799999 77
nn2 54800000 54899999 201
nn2 54900000 54999999 349
nn2 55000000 55099999 193
nn2 55100000 55199999 65
nn2 55200000 55299999 171
nn2 55300000 55399999 212
nn2 55400000 55499999 139
nn2 55500000 55599999 126
nn2 55600000 55699999 116
nn2 55700000 55799999 49
nn2 55800000 55899999 166
nn2 55900000 55999999 87
nn2 56000000 56099999 206
nn2 56100000 56199999 297
nn2 56200000 56299999 134
nn2 56300000 56399999 43
nn2 56400000 56499999 134
nn2 56500000 56599999 116
nn2 56600000 56699999 224
nn2 56700000 56799999 150
nn2 56800000 56899999 264
nn2 56900000 56999999 484
nn2 57000000 57099999 327
nn2 57100000 57199999 480
nn2 57200000 57299999 65
nn2 57300000 57399999 531
nn2 57400000 57499999 53
nn2 57500000 57599999 92
nn2 57600000 57699999 244
nn2 57700000 57799999 183
nn2 57800000 57899999 275
nn2 57900000 57999999 637
nn2 58000000 58099999 388
nn2 58100000 58199999 99
nn2 58200000 58299999 293
nn2 58300000 58399999 295
nn2 58400000 58499999 352
nn2 58500000 58599999 145
nn2 58600000 58699999 329
nn2 58700000 58799999 156
nn2 58800000 58899999 87
nn2 58900000 58999999 60
nn2 59000000 59099999 475
nn2 59100000 59199999 256
nn2 59200000 59299999 329
nn2 59300000 59399999 181
nn2 59400000 59499999 287
nn2 59500000 59599999 871
nn2 59600000 59699999 915
nn2 59700000 59799999 426
nn2 59800000 59899999 229
nn2 59900000 59999999 81
nn2 60000000 60099999 308
nn2 60100000 60199999 73
nn2 60200000 60299999 74
nn2 60300000 60399999 220
nn2 60400000 60499999 324
nn2 60500000 60599999 196
nn2 60600000 60699999 135
nn2 60700000 60799999 115
nn2 60800000 60899999 134
nn2 60900000 60999999 495
nn2 61000000 61099999 1154
nn2 61100000 61199999 162
nn2 61200000 61299999 180
nn2 61300000 61399999 64
nn2 61400000 61499999 258
nn2 61500000 61599999 625
nn2 61600000 61699999 463
nn2 61700000 61799999 339
nn2 61800000 61899999 475
nn2 61900000 61999999 501
nn2 62000000 62099999 200
nn2 62100000 62199999 314
nn2 62200000 62299999 412
nn2 62300000 62399999 42
nn2 62400000 62499999 118
nn2 62500000 62599999 0
nn2 62600000 62699999 94
nn2 62700000 62799999 544
nn2 62800000 62899999 289
nn2 62900000 62999999 279
nn2 63000000 63099999 399
nn2 63100000 63199999 483
nn2 63200000 63299999 104
nn2 63300000 63399999 841
nn2 63400000 63499999 197
nn2 63500000 63599999 84
nn2 63600000 63699999 204
nn2 63700000 63799999 501
nn2 63800000 63899999 389
nn2 63900000 63999999 98
nn2 64000000 64099999 312
nn2 64100000 64199999 114
nn2 64200000 64299999 243
nn2 64300000 64399999 313
nn2 64400000 64499999 45
nn2 64500000 64599999 424
nn2 64600000 64699999 372
nn2 64700000 64799999 51
nn2 64800000 64899999 292
nn2 64900000 64999999 108
nn2 65000000 65099999 171
nn2 65100000 65199999 144
nn2 65200000 65299999 338
nn2 65300000 65399999 671
nn2 65400000 65499999 155
nn2 65500000 65599999 339
nn2 65600000 65699999 81
nn2 65700000 65799999 200
nn2 65800000 65899999 60
nn2 65900000 65999999 759
nn2 66000000 66099999 223
nn2 66100000 66199999 132
nn2 66200000 66299999 90
nn2 66300000 66399999 571
nn2 66400000 66499999 432
nn2 66500000 66599999 121
nn2 66600000 66699999 98
nn2 66700000 66799999 83
nn2 66800000 66899999 1198
nn2 66900000 66999999 323
nn2 67000000 67099999 117
nn2 67100000 67199999 172
nn2 67200000 67299999 866
nn2 67300000 67399999 303
nn2 67400000 67499999 514
nn2 67500000 67599999 171
nn2 67600000 67699999 512
nn2 67700000 67799999 178
nn2 67800000 67899999 182
nn2 67900000 67999999 281
nn2 68000000 68099999 46
nn2 68100000 68199999 72
nn2 68200000 68299999 92
nn2 68300000 68399999 182
nn2 68400000 68499999 240
nn2 68500000 68599999 595
nn2 68600000 68699999 92
nn2 68700000 68799999 50
nn2 68800000 68899999 136
nn2 68900000 68999999 77
nn2 69000000 69099999 85
nn2 69100000 69199999 448
nn2 69200000 69299999 153
nn2 69300000 69399999 174
nn2 69400000 69499999 438
nn2 69500000 69599999 195
nn2 69600000 69699999 67
nn2 69700000 69799999 320
nn2 69800000 69899999 242
nn2 69900000 69999999 67
nn2 70000000 70099999 199
nn2 70100000 70199999 43
nn2 70200000 70299999 40
nn2 70300000 70399999 579
nn2 70400000 70499999 66
nn2 70500000 70599999 186
nn2 70600000 70699999 26
nn2 70700000 70799999 465
nn2 70800000 70899999 335
nn2 70900000 70999999 144
nn2 71000000 71099999 373
nn2 71100000 71199999 290
nn2 71200000 71299999 325
nn2 71300000 71399999 95
nn2 71400000 71499999 42
nn2 71500000 71599999 312
nn2 71600000 71699999 340
nn2 71700000 71799999 168
nn2 71800000 71899999 116
nn2 71900000 71999999 227
nn2 72000000 72099999 158
nn2 72100000 72199999 500
nn2 72200000 72299999 214
nn2 72300000 72399999 224
nn2 72400000 72499999 168
nn2 72500000 72599999 192
nn2 72600000 72699999 701
nn2 72700000 72799999 427
nn2 72800000 72899999 670
nn2 72900000 72999999 43
nn2 73000000 73099999 190
nn2 73100000 73199999 226
nn2 73200000 73299999 1633
nn2 73300000 73399999 458
nn2 73400000 73499999 195
nn2 73500000 73599999 174
nn2 73600000 73699999 137
nn2 73700000 73799999 353
nn2 73800000 73899999 265
nn2 73900000 73999999 345
nn2 74000000 74099999 233
nn2 74100000 74199999 141
nn2 74200000 74299999 1200
nn2 74300000 74399999 159
nn2 74400000 74499999 52
nn2 74500000 74599999 107
nn2 74600000 74699999 29
nn2 74700000 74799999 259
nn2 74800000 74899999 160
nn2 74900000 74999999 489
nn2 75000000 75099999 672
nn2 75100000 75199999 980
nn2 75200000 75299999 699
nn2 75300000 75399999 217
nn2 75400000 75499999 736
nn2 75500000 75599999 443
nn2 75600000 75699999 956
nn2 75700000 75799999 547
nn2 75800000 75899999 493
nn2 75900000 75999999 227
nn2 76000000 76099999 59
nn2 76100000 76199999 30
nn2 76200000 76299999 52
nn2 76300000 76399999 179
nn2 76400000 76499999 493
nn2 76500000 76599999 133
nn2 76600000 76699999 144
nn2 76700000 76799999 289
nn2 76800000 76899999 56
nn2 76900000 76999999 130
nn2 77000000 77099999 127
nn2 77100000 77199999 499
nn2 77200000 77299999 107
nn2 77300000 77399999 161
nn2 77400000 77499999 66
nn2 77500000 77599999 202
nn2 77600000 77699999 68
nn2 77700000 77799999 35
nn2 77800000 77899999 17
nn2 77900000 77999999 299
nn2 78000000 78099999 126
nn2 78100000 78199999 297
nn2 78200000 78299999 220
nn2 78300000 78399999 135
nn2 78400000 78499999 257
nn2 78500000 78599999 351
nn2 78600000 78699999 81
nn2 78700000 78799999 174
nn2 78800000 78899999 27
nn2 78900000 78999999 174
nn2 79000000 79099999 104
nn2 79100000 79199999 381
nn2 79200000 79299999 155
nn2 79300000 79399999 410
nn2 79400000 79499999 147
nn2 79500000 79599999 95
nn2 79600000 79699999 85
nn2 79700000 79799999 70
nn2 79800000 79899999 186
nn2 79900000 79999999 323
nn2 80000000 80099999 244
nn2 80100000 80199999 262
nn2 80200000 80299999 166
nn2 80300000 80399999 92
nn2 80400000 80499999 24
nn2 80500000 80599999 66
nn2 80600000 80699999 106
nn2 80700000 80799999 75
nn2 80800000 80899999 600
nn2 80900000 80999999 39
nn2 81000000 81099999 85
nn2 81100000 81199999 146
nn2 81200000 81299999 164
nn2 81300000 81399999 293
nn2 81400000 81499999 127
nn2 81500000 81599999 37
nn2 81600000 81699999 262
nn2 81700000 81799999 438
nn2 81800000 81899999 515
nn2 81900000 81999999 132
nn2 82000000 82099999 442
nn2 82100000 82199999 113
nn2 82200000 82299999 423
nn2 82300000 82399999 107
nn2 82400000 82499999 298
nn2 82500000 82599999 318
nn2 82600000 82699999 90
nn2 82700000 82799999 96
nn2 82800000 82899999 154
nn2 82900000 82999999 190
nn2 83000000 83099999 225
nn2 83100000 83199999 384
nn2 83200000 83299999 208
nn2 83300000 83399999 33
nn2 83400000 83499999 271
nn2 83500000 83599999 124
nn2 83600000 83699999 752
nn2 83700000 83799999 666
nn2 83800000 83899999 225
nn2 83900000 83999999 342
nn2 84000000 84099999 52
nn2 84100000 84199999 108
nn2 84200000 84299999 1205
nn2 84300000 84399999 271
nn2 84400000 84499999 192
nn2 84500000 84599999 155
nn2 84600000 84699999 526
nn2 84700000 84799999 60
nn2 84800000 84899999 464
nn2 84900000 84999999 291
nn2 85000000 85099999 270
nn2 85100000 85199999 558
nn2 85200000 85299999 129
nn2 85300000 85399999 221
nn2 85400000 85499999 210
nn2 85500000 85599999 937
nn2 85600000 85699999 431
nn2 85700000 85799999 307
nn2 85800000 85899999 72
nn2 85900000 85999999 86
nn2 86000000 86099999 196
nn2 86100000 86199999 188
nn2 86200000 86299999 136
nn2 86300000 86399999 307
nn2 86400000 86499999 324
nn2 86500000 86599999 213
nn2 86600000 86699999 142
nn2 86700000 86799999 786
nn2 86800000 86899999 191
nn2 86900000 86999999 0
nn2 87000000 87099999 230
nn2 87100000 87199999 0
nn2 87200000 87299999 248
nn2 87300000 87399999 416
nn2 87400000 87499999 98
nn2 87500000 87599999 54
nn2 87600000 87699999 55
nn2 87700000 87799999 224
nn2 87800000 87899999 302
nn2 87900000 87999999 680
nn2 88000000 88099999 177
nn2 88100000 88199999 313
nn2 88200000 88299999 127
nn2 88300000 88399999 23
nn2 88400000 88499999 472
nn2 88500000 88599999 350
nn2 88600000 88699999 364
nn2 88700000 88799999 120
nn2 88800000 88899999 164
nn2 88900000 88999999 90
nn2 89000000 89099999 76
nn2 89100000 89199999 95
nn2 89200000 89299999 204
nn2 89300000 89399999 133
nn2 89400000 89499999 303
nn2 89500000 89599999 339
nn2 89600000 89699999 217
nn2 89700000 89799999 94
nn2 89800000 89899999 182
nn2 89900000 89999999 273
nn2 90000000 90099999 57
nn2 90100000 90199999 144
nn2 90200000 90299999 73
nn2 90300000 90399999 30
nn2 90400000 90499999 245
nn2 90500000 90599999 258
nn2 90600000 90699999 200
nn2 90700000 90799999 409
nn2 90800000 90899999 92
nn2 90900000 90999999 59
nn2 91000000 91099999 364
nn2 91100000 91199999 140
nn2 91200000 91299999 131
nn2 91300000 91399999 375
nn2 91400000 91499999 201
nn2 91500000 91599999 431
nn2 91600000 91699999 134
nn2 91700000 91799999 613
nn2 91800000 91899999 399
nn2 91900000 91999999 450
nn2 92000000 92099999 0
nn2 92100000 92199999 201
nn2 92200000 92299999 129
nn2 92300000 92399999 287
nn2 92400000 92499999 117
nn2 92500000 92599999 209
nn2 92600000 92699999 212
nn2 92700000 92799999 156
nn2 92800000 92899999 139
nn2 92900000 92999999 213
nn2 93000000 93099999 260
nn2 93100000 93199999 1078
nn2 93200000 93299999 301
nn2 93300000 93399999 719
nn2 93400000 93499999 315
nn2 93500000 93599999 538
nn2 93600000 93699999 362
nn2 93700000 93799999 385
nn2 93800000 93899999 286
nn2 93900000 93999999 707
nn2 94000000 94099999 655
nn2 94100000 94199999 841
nn2 94200000 94299999 1646
nn2 94300000 94399999 467
nn2 94400000 94499999 2289
nn2 94500000 94599999 1738
nn2 94600000 94699999 11937
nn2 94700000 94799999 33439
nn2 94800000 94899999 26226
nn2 94900000 94999999 23951
nn2 95000000 95099999 18861
nn2 95100000 95199999 1673
nn2 95200000 95299999 747
nn2 95300000 95399999 23872
nn2 95400000 95499999 15777
nn2 95500000 95599999 7163
nn2 95600000 95699999 20187
nn2 95700000 95799999 31673
nn2 95800000 95899999 1241
nn2 95900000 95999999 11279
nn2 96000000 96099999 26057
nn2 96100000 96199999 26062
nn2 96200000 96299999 30192
nn2 96300000 96399999 23012
nn2 96400000 96499999 110
nn2 96500000 96599999 69
nn2 96600000 96699999 787
nn2 96700000 96799999 772
nn2 96800000 96899999 307
nn2 96900000 96999999 127
nn2 97000000 97069654 102
nn2a 0 99999 3908
nn2a 100000 199999 1081
nn2a 200000 299999 4837
nn2a 300000 399999 14585
nn2a 400000 499999 6409
nn2a 500000 599999 4213
nn2a 600000 699999 2362
nn2a 700000 799999 1781
nn2a 800000 899999 1343
nn2a 900000 999999 2984
nn2a 1000000 1099999 1077
nn2a 1100000 1199999 300
nn2a 1200000 1299999 326
nn2a 1300000 1399999 432
nn2a 1400000 1499999 698
nn2a 1500000 1599999 381
nn2a 1600000 1699999 342
nn2a 1700000 1799999 571
nn2a 1800000 1899999 617
nn2a 1900000 1999999 310
nn2a 2000000 2099999 1675
nn2a 2100000 2199999 1029
nn2a 2200000 2299999 212
nn2a 2300000 2399999 467
nn2a 2400000 2499999 1150
nn2a 2500000 2599999 720
nn2a 2600000 2699999 1022
nn2a 2700000 2799999 340
nn2a 2800000 2899999 197
nn2a 2900000 2999999 909
nn2a 3000000 3099999 586
nn2a 3100000 3199999 340
nn2a 3200000 3299999 306
nn2a 3300000 3399999 352
nn2a 3400000 3499999 89
nn2a 3500000 3599999 778
nn2a 3600000 3699999 747
nn2a 3700000 3799999 311
nn2a 3800000 3899999 688
nn2a 3900000 3999999 3361
nn2a 4000000 4099999 2217
nn2a 4100000 4199999 2366
nn2a 4200000 4299999 360
nn2a 4300000 4399999 259
nn2a 4400000 4499999 659
nn2a 4500000 4599999 861
nn2a 4600000 4699999 839
nn2a 4700000 4799999 257
nn2a 4800000 4899999 534
nn2a 4900000 4999999 442
nn2a 5000000 5099999 472
nn2a 5100000 5199999 943
nn2a 5200000 5299999 488
nn2a 5300000 5399999 485
nn2a 5400000 5499999 176
nn2a 5500000 5599999 324
nn2a 5600000 5699999 540
nn2a 5700000 5799999 632
nn2a 5800000 5899999 332
nn2a 5900000 5999999 1102
nn2a 6000000 6099999 201
nn2a 6100000 6199999 402
nn2a 6200000 6299999 145
nn2a 6300000 6399999 834
nn2a 6400000 6499999 446
nn2a 6500000 6599999 384
nn2a 6600000 6699999 51
nn2a 6700000 6799999 385
nn2a 6800000 6899999 1070
nn2a 6900000 6999999 194
nn2a 7000000 7099999 35
nn2a 7100000 7199999 98
nn2a 7200000 7299999 202
nn2a 7300000 7399999 506
nn2a 7400000 7499999 183
nn2a 7500000 7599999 203
nn2a 7600000 7699999 99
nn2a 7700000 7799999 584
nn2a 7800000 7899999 397
nn2a 7900000 7999999 2302
nn2a 8000000 8099999 189
nn2a 8100000 8199999 817
nn2a 8200000 8299999 93
nn2a 8300000 8399999 158
nn2a 8400000 8499999 198
nn2a 8500000 8599999 248
nn2a 8600000 8699999 1100
nn2a 8700000 8799999 113
nn2a 8800000 8899999 305
nn2a 8900000 8999999 637
nn2a 9000000 9099999 23
nn2a 9100000 9199999 15
nn2a 9200000 9299999 52
nn2a 9300000 9399999 161
nn2a 9400000 9499999 367
nn2a 9500000 9599999 101
nn2a 9600000 9699999 186
nn2a 9700000 9799999 26
nn2a 9800000 9899999 350
nn2a 9900000 9999999 204
nn2a 10000000 10099999 73
nn2a 10100000 10199999 286
nn2a 10200000 10299999 451
nn2a 10300000 10399999 342
nn2a 10400000 10499999 423
nn2a 10500000 10599999 293
nn2a 10600000 10699999 174
nn2a 10700000 10799999 151
nn2a 10800000 10899999 626
nn2a 10900000 10999999 140
nn2a 11000000 11099999 80
nn2a 11100000 11199999 103
nn2a 11200000 11299999 89
nn2a 11300000 11399999 113
nn2a 11400000 11499999 367
nn2a 11500000 11599999 169
nn2a 11600000 11699999 54
nn2a 11700000 11799999 192
nn2a 11800000 11899999 68
nn2a 11900000 11999999 631
nn2a 12000000 12099999 125
nn2a 12100000 12199999 108
nn2a 12200000 12299999 59
nn2a 12300000 12399999 214
nn2a 12400000 12499999 75
nn2a 12500000 12599999 87
nn2a 12600000 12699999 126
nn2a 12700000 12799999 73
nn2a 12800000 12899999 389
nn2a 12900000 12999999 205
nn2a 13000000 13099999 529
nn2a 13100000 13199999 745
nn2a 13200000 13299999 159
nn2a 13300000 13399999 58
nn2a 13400000 13499999 135
nn2a 13500000 13599999 181
nn2a 13600000 13699999 214
nn2a 13700000 13799999 212
nn2a 13800000 13899999 504
nn2a 13900000 13999999 195
nn2a 14000000 14099999 955
nn2a 14100000 14199999 440
nn2a 14200000 14299999 455
nn2a 14300000 14399999 174
nn2a 14400000 14499999 513
nn2a 14500000 14599999 240
nn2a 14600000 14699999 208
nn2a 14700000 14799999 359
nn2a 14800000 14899999 497
nn2a 14900000 14999999 430
nn2a 15000000 15099999 198
nn2a 15100000 15199999 261
nn2a 15200000 15299999 470
nn2a 15300000 15399999 636
nn2a 15400000 15499999 139
nn2a 15500000 15599999 21
nn2a 15600000 15699999 504
nn2a 15700000 15799999 244
nn2a 15800000 15899999 266
nn2a 15900000 15999999 478
nn2a 16000000 16099999 363
nn2a 16100000 16199999 212
nn2a 16200000 16299999 380
nn2a 16300000 16399999 115
nn2a 16400000 16499999 136
nn2a 16500000 16599999 78
nn2a 16600000 16699999 518
nn2a 16700000 16799999 615
nn2a 16800000 16899999 258
nn2a 16900000 16999999 189
nn2a 17000000 17099999 286
nn2a 17100000 17199999 138
nn2a 17200000 17299999 406
nn2a 17300000 17399999 1262
nn2a 17400000 17499999 274
nn2a 17500000 17599999 345
nn2a 17600000 17699999 1675
nn2a 17700000 17799999 359
nn2a 17800000 17899999 140
nn2a 17900000 17999999 1606
nn2a 18000000 18099999 246
nn2a 18100000 18199999 38
nn2a 18200000 18299999 86
nn2a 18300000 18399999 93
nn2a 18400000 18499999 0
nn2a 18500000 18599999 111
nn2a 18600000 18699999 304
nn2a 18700000 18799999 79
nn2a 18800000 18899999 90
nn2a 18900000 18999999 39
nn2a 19000000 19099999 163
nn2a 19100000 19199999 184
nn2a 19200000 19299999 347
nn2a 19300000 19399999 0
nn2a 19400000 19499999 108
nn2a 19500000 19599999 208
nn2a 19600000 19699999 339
nn2a 19700000 19799999 451
nn2a 19800000 19899999 83
nn2a 19900000 19999999 174
nn2a 20000000 20099999 533
nn2a 20100000 20199999 196
nn2a 20200000 20299999 52
nn2a 20300000 20399999 464
nn2a 20400000 20499999 286
nn2a 20500000 20599999 248
nn2a 20600000 20699999 175
nn2a 20700000 20799999 514
nn2a 20800000 20899999 338
nn2a 20900000 20999999 86
nn2a 21000000 21099999 309
nn2a 21100000 21199999 95
nn2a 21200000 21299999 233
nn2a 21300000 21399999 19
nn2a 21400000 21499999 367
nn2a 21500000 21599999 437
nn2a 21600000 21699999 733
nn2a 21700000 21799999 18
nn2a 21800000 21899999 77
nn2a 21900000 21999999 144
nn2a 22000000 22099999 504
nn2a 22100000 22199999 17
nn2a 22200000 22299999 167
nn2a 22300000 22399999 124
nn2a 22400000 22499999 256
nn2a 22500000 22599999 478
nn2a 22600000 22699999 200
nn2a 22700000 22799999 385
nn2a 22800000 22899999 145
nn2a 22900000 22999999 123
nn2a 23000000 23099999 208
nn2a 23100000 23199999 633
nn2a 23200000 23299999 266
nn2a 23300000 23399999 121
nn2a 23400000 23499999 426
nn2a 23500000 23599999 297
nn2a 23600000 23699999 106
nn2a 23700000 23799999 370
nn2a 23800000 23899999 304
nn2a 23900000 23999999 219
nn2a 24000000 24099999 318
nn2a 24100000 24199999 166
nn2a 24200000 24299999 421
nn2a 24300000 24399999 1856
nn2a 24400000 24499999 177
nn2a 24500000 24599999 233
nn2a 24600000 24699999 261
nn2a 24700000 24799999 301
nn2a 24800000 24899999 213
nn2a 24900000 24999999 586
nn2a 25000000 25099999 45
nn2a 25100000 25199999 233
nn2a 25200000 25299999 151
nn2a 25300000 25399999 157
nn2a 25400000 25499999 150
nn2a 25500000 25599999 288
nn2a 25600000 25699999 142
nn2a 25700000 25799999 55
nn2a 25800000 25899999 259
nn2a 25900000 25999999 0
nn2a 26000000 26099999 76
nn2a 26100000 26199999 108
nn2a 26200000 26299999 90
nn2a 26300000 26399999 179
nn2a 26400000 26499999 325
nn2a 26500000 26599999 42
nn2a 26600000 26699999 297
nn2a 26700000 26799999 151
nn2a 26800000 26899999 240
nn2a 26900000 26999999 55
nn2a 27000000 27099999 148
nn2a 27100000 27199999 215
nn2a 27200000 27299999 32
nn2a 27300000 27399999 0
nn2a 27400000 27499999 150
nn2a 27500000 27599999 118
nn2a 27600000 27699999 23
nn2a 27700000 27799999 19
nn2a 27800000 27899999 365
nn2a 27900000 27999999 365
nn2a 28000000 28099999 205
nn2a 28100000 28199999 28
nn2a 28200000 28299999 147
nn2a 28300000 28399999 225
nn2a 28400000 28499999 120
nn2a 28500000 28599999 252
nn2a 28600000 28699999 82
nn2a 28700000 28799999 142
nn2a 28800000 28899999 390
nn2a 28900000 28999999 52
nn2a 29000000 29099999 236
nn2a 29100000 29199999 233
nn2a 29200000 29299999 149
nn2a 29300000 29399999 795
nn2a 29400000 29499999 104
nn2a 29500000 29599999 200
nn2a 29600000 29699999 87
nn2a 29700000 29799999 406
nn2a 29800000 29899999 151
nn2a 29900000 29999999 956
nn2a 30000000 30099999 140
nn2a 30100000 30199999 0
nn2a 30200000 30299999 482
nn2a 30300000 30399999 391
nn2a 30400000 30499999 316
nn2a 30500000 30599999 267
nn2a 30600000 30699999 584
nn2a 30700000 30799999 437
nn2a 30800000 30899999 278
nn2a 30900000 30999999 1386
nn2a 31000000 31099999 356
nn2a 31100000 31199999 266
nn2a 31200000 31299999 420
nn2a 31300000 31399999 138
nn2a 31400000 31499999 354
nn2a 31500000 31599999 654
nn2a 31600000 31699999 233
nn2a 31700000 31799999 820
nn2a 31800000 31899999 686
nn2a 31900000 31999999 225
nn2a 32000000 32099999 244
nn2a 32100000 32199999 118
nn2a 32200000 32299999 2580
nn2a 32300000 32399999 3601
nn2a 32400000 32499999 61
nn2a 32500000 32599999 95
nn2a 32600000 32699999 289
nn2a 32700000 32799999 87
nn2a 32800000 32899999 787
nn2a 32900000 32999999 248
nn2a 33000000 33099999 127
nn2a 33100000 33199999 615
nn2a 33200000 33299999 237
nn2a 33300000 33399999 96
nn2a 33400000 33499999 479
nn2a 33500000 33599999 424
nn2a 33600000 33699999 116
nn2a 33700000 33799999 279
nn2a 33800000 33899999 208
nn2a 33900000 33999999 259
nn2a 34000000 34099999 328
nn2a 34100000 34199999 405
nn2a 34200000 34299999 18
nn2a 34300000 34399999 47
nn2a 34400000 34499999 142
nn2a 34500000 34599999 72
nn2a 34600000 34699999 288
nn2a 34700000 34799999 236
nn2a 34800000 34899999 947
nn2a 34900000 34999999 402
nn2a 35000000 35099999 219
nn2a 35100000 35199999 191
nn2a 35200000 35299999 55
nn2a 35300000 35399999 135
nn2a 35400000 35499999 590
nn2a 35500000 35599999 89
nn2a 35600000 35699999 19
nn2a 35700000 35799999 0
nn2a 35800000 35899999 95
nn2a 35900000 35999999 184
nn2a 36000000 36099999 142
nn2a 36100000 36199999 131
nn2a 36200000 36299999 266
nn2a 36300000 36399999 180
nn2a 36400000 36499999 559
nn2a 36500000 36599999 110
nn2a 36600000 36699999 168
nn2a 36700000 36799999 1219
nn2a 36800000 36899999 253
nn2a 36900000 36999999 402
nn2a 37000000 37099999 564
nn2a 37100000 37199999 147
nn2a 37200000 37299999 198
nn2a 37300000 37399999 428
nn2a 37400000 37499999 309
nn2a 37500000 37599999 164
nn2a 37600000 37699999 71
nn2a 37700000 37799999 315
nn2a 37800000 37899999 51
nn2a 37900000 37999999 60
nn2a 38000000 38099999 298
nn2a 38100000 38199999 566
nn2a 38200000 38299999 73
nn2a 38300000 38399999 115
nn2a 38400000 38499999 405
nn2a 38500000 38599999 141
nn2a 38600000 38699999 72
nn2a 38700000 38799999 317
nn2a 38800000 38899999 167
nn2a 38900000 38999999 124
nn2a 39000000 39099999 58
nn2a 39100000 39199999 17
nn2a 39200000 39299999 42
nn2a 39300000 39399999 194
nn2a 39400000 39499999 63
nn2a 39500000 39599999 187
nn2a 39600000 39699999 374
nn2a 39700000 39799999 180
nn2a 39800000 39899999 411
nn2a 39900000 39999999 381
nn2a 40000000 40099999 621
nn2a 40100000 40199999 816
nn2a 40200000 40299999 189
nn2a 40300000 40399999 519
nn2a 40400000 40499999 438
nn2a 40500000 40599999 247
nn2a 40600000 40699999 798
nn2a 40700000 40799999 390
nn2a 40800000 40899999 613
nn2a 40900000 40999999 499
nn2a 41000000 41099999 174
nn2a 41100000 41199999 334
nn2a 41200000 41299999 202
nn2a 41300000 41399999 175
nn2a 41400000 41499999 218
nn2a 41500000 41599999 84
nn2a 41600000 41699999 202
nn2a 41700000 41799999 215
nn2a 41800000 41899999 203
nn2a 41900000 41999999 228
nn2a 42000000 42099999 167
nn2a 42100000 42199999 423
nn2a 42200000 42299999 299
nn2a 42300000 42399999 548
nn2a 42400000 42499999 233
nn2a 42500000 42599999 434
nn2a 42600000 42699999 384
nn2a 42700000 42799999 527
nn2a 42800000 42899999 255
nn2a 42900000 42999999 567
nn2a 43000000 43099999 149
nn2a 43100000 43199999 355
nn2a 43200000 43299999 188
nn2a 43300000 43399999 254
nn2a 43400000 43499999 165
nn2a 43500000 43599999 49
nn2a 43600000 43699999 150
nn2a 43700000 43799999 227
nn2a 43800000 43899999 274
nn2a 43900000 43999999 231
nn2a 44000000 44099999 169
nn2a 44100000 44199999 239
nn2a 44200000 44299999 438
nn2a 44300000 44399999 374
nn2a 44400000 44499999 173
nn2a 44500000 44599999 283
nn2a 44600000 44699999 115
nn2a 44700000 44799999 167
nn2a 44800000 44899999 558
nn2a 44900000 44999999 198
nn2a 45000000 45099999 80
nn2a 45100000 45199999 121
nn2a 45200000 45299999 137
nn2a 45300000 45399999 239
nn2a 45400000 45499999 1056
nn2a 45500000 45599999 510
nn2a 45600000 45699999 191
nn2a 45700000 45799999 380
nn2a 45800000 45899999 76
nn2a 45900000 45999999 178
nn2a 46000000 46099999 764
nn2a 46100000 46199999 242
nn2a 46200000 46299999 170
nn2a 46300000 46399999 394
nn2a 46400000 46499999 512
nn2a 46500000 46599999 327
nn2a 46600000 46699999 535
nn2a 46700000 46799999 371
nn2a 46800000 46899999 120
nn2a 46900000 46999999 231
nn2a 47000000 47099999 209
nn2a 47100000 47199999 346
nn2a 47200000 47299999 577
nn2a 47300000 47399999 49
nn2a 47400000 47499999 581
nn2a 47500000 47599999 279
nn2a 47600000 47699999 129
nn2a 47700000 47799999 129
nn2a 47800000 47899999 149
nn2a 47900000 47999999 246
nn2a 48000000 48099999 585
nn2a 48100000 48199999 127
nn2a 48200000 48299999 152
nn2a 48300000 48399999 225
nn2a 48400000 48499999 279
nn2a 48500000 48599999 648
nn2a 48600000 48699999 123
nn2a 48700000 48799999 285
nn2a 48800000 48899999 212
nn2a 48900000 48999999 125
nn2a 49000000 49099999 34
nn2a 49100000 49199999 49
nn2a 49200000 49299999 341
nn2a 49300000 49399999 381
nn2a 49400000 49499999 225
nn2a 49500000 49599999 24
nn2a 49600000 49699999 167
nn2a 49700000 49799999 514
nn2a 49800000 49899999 191
nn2a 49900000 49999999 382
nn2a 50000000 50099999 243
nn2a 50100000 50199999 225
nn2a 50200000 50299999 103
nn2a 50300000 50399999 554
nn2a 50400000 50499999 266
nn2a 50500000 50599999 629
nn2a 50600000 50699999 431
nn2a 50700000 50799999 111
nn2a 50800000 50899999 21
nn2a 50900000 50999999 172
nn2a 51000000 51099999 571
nn2a 51100000 51199999 277
nn2a 51200000 51299999 156
nn2a 51300000 51399999 306
nn2a 51400000 51499999 286
nn2a 51500000 51599999 657
nn2a 51600000 51699999 651
nn2a 51700000 51799999 1212
nn2a 51800000 51899999 978
nn2a 51900000 51999999 3602
nn2a 52000000 52099999 3283
nn2a 52100000 52199999 1649
nn2a 52200000 52299999 2368
nn2a 52300000 52355976 1915
nn3 0 99999 14937
nn3 100000 199999 61
nn3 200000 299999 173
nn3 300000 399999 228
nn3 400000 499999 197
nn3 500000 599999 556
nn3 600000 699999 474
nn3 700000 799999 420
nn3 800000 899999 451
nn3 900000 999999 1020
nn3 1000000 1099999 1029
nn3 1100000 1199999 606
nn3 1200000 1299999 454
nn3 1300000 1399999 240
nn3 1400000 1499999 489
nn3 1500000 1599999 691
nn3 1600000 1699999 18
nn3 1700000 1799999 144
nn3 1800000 1899999 302
nn3 1900000 1999999 463
nn3 2000000 2099999 311
nn3 2100000 2199999 321
nn3 2200000 2299999 150
nn3 2300000 2399999 153
nn3 2400000 2499999 444
nn3 2500000 2599999 758
nn3 2600000 2699999 2111
nn3 2700000 2799999 226
nn3 2800000 2899999 239
nn3 2900000 2999999 937
nn3 3000000 3099999 696
nn3 3100000 3199999 263
nn3 3200000 3299999 407
nn3 3300000 3399999 413
nn3 3400000 3499999 1057
nn3 3500000 3599999 1031
nn3 3600000 3699999 1766
nn3 3700000 3799999 1133
nn3 3800000 3899999 1159
nn3 3900000 3999999 575
nn3 4000000 4099999 380
nn3 4100000 4199999 597
nn3 4200000 4299999 220
nn3 4300000 4399999 334
nn3 4400000 4499999 448
nn3 4500000 4599999 251
nn3 4600000 4699999 1561
nn3 4700000 4799999 299
nn3 4800000 4899999 592
nn3 4900000 4999999 324
nn3 5000000 5099999 653
nn3 5100000 5199999 984
nn3 5200000 5299999 542
nn3 5300000 5399999 2569
nn3 5400000 5499999 989
nn3 5500000 5599999 1787
nn3 5600000 5699999 1930
nn3 5700000 5799999 3543
nn3 5800000 5899999 3103
nn3 5900000 5999999 3356
nn3 6000000 6099999 821
nn3 6100000 6199999 2857
nn3 6200000 6299999 605
nn3 6300000 6399999 550
nn3 6400000 6499999 9877
nn3 6500000 6599999 6264
nn3 6600000 6699999 1076
nn3 6700000 6799999 384
nn3 6800000 6899999 573
nn3 6900000 6999999 569
nn3 7000000 7099999 206
nn3 7100000 7199999 408
nn3 7200000 7299999 214
nn3 7300000 7399999 206
nn3 7400000 7499999 345
nn3 7500000 7599999 254
nn3 7600000 7699999 235
nn3 7700000 7799999 195
nn3 7800000 7899999 0
nn3 7900000 7999999 82
nn3 8000000 8099999 26
nn3 8100000 8199999 28
nn3 8200000 8299999 267
nn3 8300000 8399999 105
nn3 8400000 8499999 91
nn3 8500000 8599999 46
nn3 8600000 8699999 408
nn3 8700000 8799999 149
nn3 8800000 8899999 166
nn3 8900000 8999999 169
nn3 9000000 9099999 242
nn3 9100000 9199999 602
nn3 9200000 9299999 252
nn3 9300000 9399999 714
nn3 9400000 9499999 609
nn3 9500000 9599999 349
nn3 9600000 9699999 398
nn3 9700000 9799999 326
nn3 9800000 9899999 306
nn3 9900000 9999999 204
nn3 10000000 10099999 661
nn3 10100000 10199999 89
nn3 10200000 10299999 91
nn3 10300000 10399999 102
nn3 10400000 10499999 649
nn3 10500000 10599999 349
nn3 10600000 10699999 77
nn3 10700000 10799999 133
nn3 10800000 10899999 187
nn3 10900000 10999999 99
nn3 11000000 11099999 607
nn3 11100000 11199999 171
nn3 11200000 11299999 88
nn3 11300000 11399999 806
nn3 11400000 11499999 193
nn3 11500000 11599999 448
nn3 11600000 11699999 216
nn3 11700000 11799999 53
nn3 11800000 11899999 299
nn3 11900000 11999999 152
nn3 12000000 12099999 30
nn3 12100000 12199999 180
nn3 12200000 12299999 68
nn3 12300000 12399999 25
nn3 12400000 12499999 103
nn3 12500000 12599999 336
nn3 12600000 12699999 269
nn3 12700000 12799999 54
nn3 12800000 12899999 84
nn3 12900000 12999999 72
nn3 13000000 13099999 260
nn3 13100000 13199999 80
nn3 13200000 13299999 298
nn3 13300000 13399999 266
nn3 13400000 13499999 55
nn3 13500000 13599999 134
nn3 13600000 13699999 123
nn3 13700000 13799999 119
nn3 13800000 13899999 549
nn3 13900000 13999999 200
nn3 14000000 14099999 143
nn3 14100000 14199999 337
nn3 14200000 14299999 349
nn3 14300000 14399999 413
nn3 14400000 14499999 503
nn3 14500000 14599999 162
nn3 14600000 14699999 1265
nn3 14700000 14799999 714
nn3 14800000 14899999 688
nn3 14900000 14999999 283
nn3 15000000 15099999 491
nn3 15100000 15199999 239
nn3 15200000 15299999 349
nn3 15300000 15399999 91
nn3 15400000 15499999 137
nn3 15500000 15599999 172
nn3 15600000 15699999 183
nn3 15700000 15799999 104
nn3 15800000 15899999 31
nn3 15900000 15999999 107
nn3 16000000 16099999 119
nn3 16100000 16199999 852
nn3 16200000 16299999 355
nn3 16300000 16399999 197
nn3 16400000 16499999 302
nn3 16500000 16599999 910
nn3 16600000 16699999 86
nn3 16700000 16799999 184
nn3 16800000 16899999 97
nn3 16900000 16999999 57
nn3 17000000 17099999 262
nn3 17100000 17199999 343
nn3 17200000 17299999 342
nn3 17300000 17399999 122
nn3 17400000 17499999 142
nn3 17500000 17599999 79
nn3 17600000 17699999 147
nn3 17700000 17799999 85
nn3 17800000 17899999 465
nn3 17900000 17999999 64
nn3 18000000 18099999 98
nn3 18100000 18199999 255
nn3 18200000 18299999 34
nn3 18300000 18399999 70
nn3 18400000 18499999 62
nn3 18500000 18599999 51
nn3 18600000 18699999 562
nn3 18700000 18799999 203
nn3 18800000 18899999 20
nn3 18900000 18999999 212
nn3 19000000 19099999 64
nn3 19100000 19199999 326
nn3 19200000 19299999 236
nn3 19300000 19399999 226
nn3 19400000 19499999 242
nn3 19500000 19599999 416
nn3 19600000 19699999 210
nn3 19700000 19799999 169
nn3 19800000 19899999 169
nn3 19900000 19999999 42
nn3 20000000 20099999 96
nn3 20100000 20199999 224
nn3 20200000 20299999 253
nn3 20300000 20399999 86
nn3 20400000 20499999 47
nn3 20500000 20599999 219
nn3 20600000 20699999 181
nn3 20700000 20799999 221
nn3 20800000 20899999 392
nn3 20900000 20999999 101
nn3 21000000 21099999 96
nn3 21100000 21199999 45
nn3 21200000 21299999 302
nn3 21300000 21399999 75
nn3 21400000 21499999 76
nn3 21500000 21599999 52
nn3 21600000 21699999 157
nn3 21700000 21799999 95
nn3 21800000 21899999 70
nn3 21900000 21999999 371
nn3 22000000 22099999 86
nn3 22100000 22199999 73
nn3 22200000 22299999 119
nn3 22300000 22399999 49
nn3 22400000 22499999 62
nn3 22500000 22599999 182
nn3 22600000 22699999 184
nn3 22700000 22799999 554
nn3 22800000 22899999 376
nn3 22900000 22999999 356
nn3 23000000 23099999 323
nn3 23100000 23199999 181
nn3 23200000 23299999 31
nn3 23300000 23399999 252
nn3 23400000 23499999 166
nn3 23500000 23599999 577
nn3 23600000 23699999 231
nn3 23700000 23799999 140
nn3 23800000 23899999 51
nn3 23900000 23999999 286
nn3 24000000 24099999 43
nn3 24100000 24199999 72
nn3 24200000 24299999 546
nn3 24300000 24399999 425
nn3 24400000 24499999 167
nn3 24500000 24599999 135
nn3 24600000 24699999 152
nn3 24700000 24799999 86
nn3 24800000 24899999 39
nn3 24900000 24999999 40
nn3 25000000 25099999 212
nn3 25100000 25199999 182
nn3 25200000 25299999 80
nn3 25300000 25399999 72
nn3 25400000 25499999 16
nn3 25500000 25599999 315
nn3 25600000 25699999 144
nn3 25700000 25799999 154
nn3 25800000 25899999 169
nn3 25900000 25999999 76
nn3 26000000 26099999 158
nn3 26100000 26199999 103
nn3 26200000 26299999 140
nn3 26300000 26399999 31
nn3 26400000 26499999 65
nn3 26500000 26599999 123
nn3 26600000 26699999 130
nn3 26700000 26799999 656
nn3 26800000 26899999 127
nn3 26900000 26999999 121
nn3 27000000 27099999 317
nn3 27100000 27199999 179
nn3 27200000 27299999 186
nn3 27300000 27399999 186
nn3 27400000 27499999 500
nn3 27500000 27599999 111
nn3 27600000 27699999 71
nn3 27700000 27799999 75
nn3 27800000 27899999 143
nn3 27900000 27999999 68
nn3 28000000 28099999 18
nn3 28100000 28199999 199
nn3 28200000 28299999 88
nn3 28300000 28399999 150
nn3 28400000 28499999 433
nn3 28500000 28599999 225
nn3 28600000 28699999 270
nn3 28700000 28799999 250
nn3 28800000 28899999 502
nn3 28900000 28999999 399
nn3 29000000 29099999 15
nn3 29100000 29199999 113
nn3 29200000 29299999 159
nn3 29300000 29399999 550
nn3 29400000 29499999 118
nn3 29500000 29599999 98
nn3 29600000 29699999 160
nn3 29700000 29799999 637
nn3 29800000 29899999 114
nn3 29900000 29999999 147
nn3 30000000 30099999 40
nn3 30100000 30199999 55
nn3 30200000 30299999 15
nn3 30300000 30399999 19
nn3 30400000 30499999 433
nn3 30500000 30599999 237
nn3 30600000 30699999 328
nn3 30700000 30799999 98
nn3 30800000 30899999 61
nn3 30900000 30999999 597
nn3 31000000 31099999 82
nn3 31100000 31199999 521
nn3 31200000 31299999 280
nn3 31300000 31399999 260
nn3 31400000 31499999 199
nn3 31500000 31599999 102
nn3 31600000 31699999 96
nn3 31700000 31799999 731
nn3 31800000 31899999 455
nn3 31900000 31999999 317
nn3 32000000 32099999 280
nn3 32100000 32199999 93
nn3 32200000 32299999 111
nn3 32300000 32399999 131
nn3 32400000 32499999 45
nn3 32500000 32599999 30
nn3 32600000 32699999 88
nn3 32700000 32799999 425
nn3 32800000 32899999 138
nn3 32900000 32999999 215
nn3 33000000 33099999 341
nn3 33100000 33199999 69
nn3 33200000 33299999 104
nn3 33300000 33399999 181
nn3 33400000 33499999 115
nn3 33500000 33599999 555
nn3 33600000 33699999 252
nn3 33700000 33799999 86
nn3 33800000 33899999 50
nn3 33900000 33999999 1058
nn3 34000000 34099999 126
nn3 34100000 34199999 355
nn3 34200000 34299999 95
nn3 34300000 34399999 554
nn3 34400000 34499999 93
nn3 34500000 34599999 289
nn3 34600000 34699999 290
nn3 34700000 34799999 352
nn3 34800000 34899999 525
nn3 34900000 34999999 275
nn3 35000000 35099999 414
nn3 35100000 35199999 165
nn3 35200000 35299999 59
nn3 35300000 35399999 238
nn3 35400000 35499999 300
nn3 35500000 35599999 407
nn3 35600000 35699999 76
nn3 35700000 35799999 221
nn3 35800000 35899999 189
nn3 35900000 35999999 255
nn3 36000000 36099999 592
nn3 36100000 36199999 198
nn3 36200000 36299999 23
nn3 36300000 36399999 105
nn3 36400000 36499999 42
nn3 36500000 36599999 69
nn3 36600000 36699999 129
nn3 36700000 36799999 47
nn3 36800000 36899999 146
nn3 36900000 36999999 141
nn3 37000000 37099999 240
nn3 37100000 37199999 93
nn3 37200000 37299999 87
nn3 37300000 37399999 263
nn3 37400000 37499999 109
nn3 37500000 37599999 247
nn3 37600000 37699999 80
nn3 37700000 37799999 88
nn3 37800000 37899999 151
nn3 37900000 37999999 137
nn3 38000000 38099999 178
nn3 38100000 38199999 314
nn3 38200000 38299999 535
nn3 38300000 38399999 125
nn3 38400000 38499999 62
nn3 38500000 38599999 269
nn3 38600000 38699999 235
nn3 38700000 38799999 118
nn3 38800000 38899999 131
nn3 38900000 38999999 117
nn3 39000000 39099999 144
nn3 39100000 39199999 167
nn3 39200000 39299999 257
nn3 39300000 39399999 137
nn3 39400000 39499999 609
nn3 39500000 39599999 1191
nn3 39600000 39699999 260
nn3 39700000 39799999 581
nn3 39800000 39899999 1460
nn3 39900000 39999999 44
nn3 40000000 40099999 205
nn3 40100000 40199999 69
nn3 40200000 40299999 902
nn3 40300000 40399999 0
nn3 40400000 40499999 0
nn3 40500000 40599999 105
nn3 40600000 40699999 166
nn3 40700000 40799999 378
nn3 40800000 40899999 89
nn3 40900000 40999999 43
nn3 41000000 41099999 138
nn3 41100000 41199999 263
nn3 41200000 41299999 266
nn3 41300000 41399999 269
nn3 41400000 41499999 338
nn3 41500000 41599999 203
nn3 41600000 41699999 188
nn3 41700000 41799999 133
nn3 41800000 41899999 175
nn3 41900000 41999999 118
nn3 42000000 42099999 171
nn3 42100000 42199999 175
nn3 42200000 42299999 801
nn3 42300000 42399999 232
nn3 42400000 42499999 262
nn3 42500000 42599999 132
nn3 42600000 42699999 259
nn3 42700000 42799999 113
nn3 42800000 42899999 1207
nn3 42900000 42999999 310
nn3 43000000 43099999 632
nn3 43100000 43199999 185
nn3 43200000 43299999 681
nn3 43300000 43399999 173
nn3 43400000 43499999 675
nn3 43500000 43599999 487
nn3 43600000 43699999 221
nn3 43700000 43799999 1776
nn3 43800000 43899999 360
nn3 43900000 43999999 345
nn3 44000000 44099999 226
nn3 44100000 44199999 446
nn3 44200000 44299999 105
nn3 44300000 44399999 314
nn3 44400000 44499999 345
nn3 44500000 44599999 404
nn3 44600000 44699999 301
nn3 44700000 44799999 186
nn3 44800000 44899999 299
nn3 44900000 44999999 630
nn3 45000000 45099999 203
nn3 45100000 45199999 475
nn3 45200000 45299999 357
nn3 45300000 45399999 684
nn3 45400000 45499999 288
nn3 45500000 45599999 136
nn3 45600000 45699999 138
nn3 45700000 45799999 101
nn3 45800000 45899999 36
nn3 45900000 45999999 107
nn3 46000000 46099999 159
nn3 46100000 46199999 249
nn3 46200000 46299999 237
nn3 46300000 46399999 612
nn3 46400000 46499999 205
nn3 46500000 46599999 65
nn3 46600000 46699999 384
nn3 46700000 46799999 246
nn3 46800000 46899999 141
nn3 46900000 46999999 46
nn3 47000000 47099999 304
nn3 47100000 47199999 0
nn3 47200000 47299999 144
nn3 47300000 47399999 182
nn3 47400000 47499999 166
nn3 47500000 47599999 385
nn3 47600000 47699999 494
nn3 47700000 47799999 274
nn3 47800000 47899999 356
nn3 47900000 47999999 558
nn3 48000000 48099999 136
nn3 48100000 48199999 84
nn3 48200000 48299999 178
nn3 48300000 48399999 264
nn3 48400000 48499999 261
nn3 48500000 48599999 100
nn3 48600000 48699999 164
nn3 48700000 48799999 325
nn3 48800000 48899999 107
nn3 48900000 48999999 34
nn3 49000000 49099999 82
nn3 49100000 49199999 92
nn3 49200000 49299999 105
nn3 49300000 49399999 120
nn3 49400000 49499999 497
nn3 49500000 49599999 315
nn3 49600000 49699999 20
nn3 49700000 49799999 168
nn3 49800000 49899999 533
nn3 49900000 49999999 206
nn3 50000000 50099999 134
nn3 50100000 50199999 47
nn3 50200000 50299999 40
nn3 50300000 50399999 170
nn3 50400000 50499999 405
nn3 50500000 50599999 157
nn3 50600000 50699999 82
nn3 50700000 50799999 55
nn3 50800000 50899999 46
nn3 50900000 50999999 305
nn3 51000000 51099999 88
nn3 51100000 51199999 183
nn3 51200000 51299999 766
nn3 51300000 51399999 314
nn3 51400000 51499999 100
nn3 51500000 51599999 781
nn3 51600000 51699999 935
nn3 51700000 51799999 506
nn3 51800000 51899999 167
nn3 51900000 51999999 170
nn3 52000000 52099999 266
nn3 52100000 52199999 363
nn3 52200000 52299999 138
nn3 52300000 52399999 129
nn3 52400000 52499999 166
nn3 52500000 52599999 264
nn3 52600000 52699999 178
nn3 52700000 52799999 96
nn3 52800000 52899999 47
nn3 52900000 52999999 65
nn3 53000000 53099999 152
nn3 53100000 53199999 475
nn3 53200000 53299999 338
nn3 53300000 53399999 72
nn3 53400000 53499999 89
nn3 53500000 53599999 151
nn3 53600000 53699999 473
nn3 53700000 53799999 169
nn3 53800000 53899999 83
nn3 53900000 53999999 302
nn3 54000000 54099999 63
nn3 54100000 54199999 205
nn3 54200000 54299999 322
nn3 54300000 54399999 283
nn3 54400000 54499999 333
nn3 54500000 54599999 554
nn3 54600000 54699999 242
nn3 54700000 54799999 360
nn3 54800000 54899999 562
nn3 54900000 54999999 614
nn3 55000000 55099999 97
nn3 55100000 55199999 110
nn3 55200000 55299999 93
nn3 55300000 55399999 447
nn3 55400000 55499999 50
nn3 55500000 55599999 157
nn3 55600000 55699999 38
nn3 55700000 55799999 184
nn3 55800000 55899999 354
nn3 55900000 55999999 142
nn3 56000000 56099999 176
nn3 56100000 56199999 275
nn3 56200000 56299999 235
nn3 56300000 56399999 1040
nn3 56400000 56499999 339
nn3 56500000 56599999 76
nn3 56600000 56699999 215
nn3 56700000 56799999 319
nn3 56800000 56899999 432
nn3 56900000 56999999 271
nn3 57000000 57099999 428
nn3 57100000 57199999 436
nn3 57200000 57299999 229
nn3 57300000 57399999 180
nn3 57400000 57499999 145
nn3 57500000 57599999 928
nn3 57600000 57699999 353
nn3 57700000 57799999 31
nn3 57800000 57899999 145
nn3 57900000 57999999 112
nn3 58000000 58099999 296
nn3 58100000 58199999 187
nn3 58200000 58299999 301
nn3 58300000 58399999 389
nn3 58400000 58499999 591
nn3 58500000 58599999 211
nn3 58600000 58699999 325
nn3 58700000 58799999 392
nn3 58800000 58899999 457
nn3 58900000 58999999 218
nn3 59000000 59099999 341
nn3 59100000 59199999 134
nn3 59200000 59299999 272
nn3 59300000 59399999 391
nn3 59400000 59499999 49
nn3 59500000 59599999 335
nn3 59600000 59699999 210
nn3 59700000 59799999 557
nn3 59800000 59899999 234
nn3 59900000 59999999 796
nn3 60000000 60099999 241
nn3 60100000 60199999 166
nn3 60200000 60299999 484
nn3 60300000 60399999 1039
nn3 60400000 60499999 126
nn3 60500000 60599999 110
nn3 60600000 60699999 252
nn3 60700000 60799999 58
nn3 60800000 60899999 373
nn3 60900000 60999999 146
nn3 61000000 61099999 118
nn3 61100000 61199999 26
nn3 61200000 61299999 40
nn3 61300000 61399999 351
nn3 61400000 61499999 253
nn3 61500000 61599999 70
nn3 61600000 61699999 303
nn3 61700000 61799999 125
nn3 61800000 61899999 34
nn3 61900000 61999999 56
nn3 62000000 62099999 73
nn3 62100000 62199999 106
nn3 62200000 62299999 1242
nn3 62300000 62399999 97
nn3 62400000 62499999 334
nn3 62500000 62599999 134
nn3 62600000 62699999 73
nn3 62700000 62799999 383
nn3 62800000 62899999 678
nn3 62900000 62999999 344
nn3 63000000 63099999 382
nn3 63100000 63199999 136
nn3 63200000 63299999 210
nn3 63300000 63399999 194
nn3 63400000 63499999 322
nn3 63500000 63599999 140
nn3 63600000 63699999 0
nn3 63700000 63799999 111
nn3 63800000 63899999 298
nn3 63900000 63999999 257
nn3 64000000 64099999 131
nn3 64100000 64199999 86
nn3 64200000 64299999 79
nn3 64300000 64399999 56
nn3 64400000 64499999 231
nn3 64500000 64599999 356
nn3 64600000 64699999 124
nn3 64700000 64799999 50
nn3 64800000 64899999 35
nn3 64900000 64999999 104
nn3 65000000 65099999 55
nn3 65100000 65199999 559
nn3 65200000 65299999 309
nn3 65300000 65399999 133
nn3 65400000 65499999 557
nn3 65500000 65599999 114
nn3 65600000 65699999 170
nn3 65700000 65799999 167
nn3 65800000 65899999 231
nn3 65900000 65999999 95
nn3 66000000 66099999 101
nn3 66100000 66199999 109
nn3 66200000 66299999 18
nn3 66300000 66399999 59
nn3 66400000 66499999 39
nn3 66500000 66599999 127
nn3 66600000 66699999 0
nn3 66700000 66799999 145
nn3 66800000 66899999 480
nn3 66900000 66999999 137
nn3 67000000 67099999 234
nn3 67100000 67199999 183
nn3 67200000 67299999 147
nn3 67300000 67399999 107
nn3 67400000 67499999 77
nn3 67500000 67599999 107
nn3 67600000 67699999 69
nn3 67700000 67799999 0
nn3 67800000 67899999 423
nn3 67900000 67999999 213
nn3 68000000 68099999 633
nn3 68100000 68199999 580
nn3 68200000 68299999 399
nn3 68300000 68399999 165
nn3 68400000 68499999 161
nn3 68500000 68599999 134
nn3 68600000 68699999 227
nn3 68700000 68799999 152
nn3 68800000 68899999 621
nn3 68900000 68999999 238
nn3 69000000 69099999 172
nn3 69100000 69199999 169
nn3 69200000 69299999 468
nn3 69300000 69399999 43
nn3 69400000 69499999 67
nn3 69500000 69599999 208
nn3 69600000 69699999 199
nn3 69700000 69799999 77
nn3 69800000 69899999 281
nn3 69900000 69999999 339
nn3 70000000 70099999 502
nn3 70100000 70199999 1032
nn3 70200000 70299999 422
nn3 70300000 70399999 619
nn3 70400000 70499999 294
nn3 70500000 70599999 140
nn3 70600000 70699999 287
nn3 70700000 70799999 140
nn3 70800000 70899999 417
nn3 70900000 70999999 504
nn3 71000000 71099999 475
nn3 71100000 71199999 204
nn3 71200000 71299999 1044
nn3 71300000 71399999 596
nn3 71400000 71499999 307
nn3 71500000 71599999 48
nn3 71600000 71699999 102
nn3 71700000 71799999 253
nn3 71800000 71899999 229
nn3 71900000 71999999 374
nn3 72000000 72099999 221
nn3 72100000 72199999 177
nn3 72200000 72299999 452
nn3 72300000 72399999 87
nn3 72400000 72499999 367
nn3 72500000 72599999 186
nn3 72600000 72699999 358
nn3 72700000 72799999 731
nn3 72800000 72899999 353
nn3 72900000 72999999 278
nn3 73000000 73099999 811
nn3 73100000 73199999 325
nn3 73200000 73299999 188
nn3 73300000 73399999 301
nn3 73400000 73499999 204
nn3 73500000 73599999 209
nn3 73600000 73699999 45
nn3 73700000 73799999 44
nn3 73800000 73899999 88
nn3 73900000 73999999 244
nn3 74000000 74099999 44
nn3 74100000 74199999 118
nn3 74200000 74299999 120
nn3 74300000 74399999 107
nn3 74400000 74499999 317
nn3 74500000 74599999 55
nn3 74600000 74699999 346
nn3 74700000 74799999 170
nn3 74800000 74899999 161
nn3 74900000 74999999 196
nn3 75000000 75099999 71
nn3 75100000 75199999 163
nn3 75200000 75299999 215
nn3 75300000 75399999 206
nn3 75400000 75499999 185
nn3 75500000 75599999 104
nn3 75600000 75699999 159
nn3 75700000 75799999 48
nn3 75800000 75899999 306
nn3 75900000 75999999 138
nn3 76000000 76099999 114
nn3 76100000 76199999 1147
nn3 76200000 76299999 445
nn3 76300000 76399999 589
nn3 76400000 76499999 702
nn3 76500000 76599999 93
nn3 76600000 76699999 104
nn3 76700000 76799999 0
nn3 76800000 76899999 123
nn3 76900000 76999999 129
nn3 77000000 77099999 68
nn3 77100000 77199999 251
nn3 77200000 77299999 270
nn3 77300000 77399999 284
nn3 77400000 77499999 676
nn3 77500000 77599999 217
nn3 77600000 77699999 72
nn3 77700000 77799999 119
nn3 77800000 77899999 22
nn3 77900000 77999999 18
nn3 78000000 78099999 63
nn3 78100000 78199999 22
nn3 78200000 78299999 23
nn3 78300000 78399999 59
nn3 78400000 78499999 43
nn3 78500000 78599999 256
nn3 78600000 78699999 161
nn3 78700000 78799999 214
nn3 78800000 78899999 163
nn3 78900000 78999999 255
nn3 79000000 79099999 371
nn3 79100000 79199999 526
nn3 79200000 79299999 110
nn3 79300000 79399999 247
nn3 79400000 79499999 132
nn3 79500000 79599999 205
nn3 79600000 79699999 56
nn3 79700000 79799999 321
nn3 79800000 79899999 30
nn3 79900000 79999999 281
nn3 80000000 80099999 1238
nn3 80100000 80199999 1182
nn3 80200000 80299999 299
nn3 80300000 80399999 1371
nn3 80400000 80499999 535
nn3 80500000 80599999 379
nn3 80600000 80699999 1366
nn3 80700000 80799999 3172
nn3 80800000 80899999 541
nn3 80900000 80999999 681
nn3 81000000 81099999 318
nn3 81100000 81199999 742
nn3 81200000 81299999 535
nn3 81300000 81399999 114
nn3 81400000 81499999 19
nn3 81500000 81599999 82
nn3 81600000 81699999 250
nn3 81700000 81799999 197
nn3 81800000 81899999 232
nn3 81900000 81999999 187
nn3 82000000 82099999 32
nn3 82100000 82199999 147
nn3 82200000 82299999 162
nn3 82300000 82399999 280
nn3 82400000 82499999 143
nn3 82500000 82599999 78
nn3 82600000 82699999 166
nn3 82700000 82799999 212
nn3 82800000 82899999 270
nn3 82900000 82999999 170
nn3 83000000 83099999 211
nn3 83100000 83199999 52
nn3 83200000 83299999 339
nn3 83300000 83399999 626
nn3 83400000 83499999 242
nn3 83500000 83599999 73
nn3 83600000 83699999 431
nn3 83700000 83799999 277
nn3 83800000 83899999 576
nn3 83900000 83999999 551
nn3 84000000 84099999 213
nn3 84100000 84199999 212
nn3 84200000 84299999 277
nn3 84300000 84399999 419
nn3 84400000 84499999 307
nn3 84500000 84599999 167
nn3 84600000 84699999 56
nn3 84700000 84799999 58
nn3 84800000 84899999 410
nn3 84900000 84999999 33
nn3 85000000 85099999 155
nn3 85100000 85199999 715
nn3 85200000 85299999 1554
nn3 85300000 85399999 139
nn3 85400000 85499999 47
nn3 85500000 85599999 287
nn3 85600000 85699999 422
nn3 85700000 85799999 171
nn3 85800000 85899999 163
nn3 85900000 85999999 211
nn3 86000000 86099999 675
nn3 86100000 86199999 708
nn3 86200000 86299999 42
nn3 86300000 86399999 363
nn3 86400000 86499999 195
nn3 86500000 86599999 67
nn3 86600000 86699999 33
nn3 86700000 86799999 102
nn3 86800000 86899999 172
nn3 86900000 86999999 107
nn3 87000000 87099999 154
nn3 87100000 87199999 400
nn3 87200000 87299999 53
nn3 87300000 87399999 186
nn3 87400000 87499999 458
nn3 87500000 87599999 38
nn3 87600000 87699999 129
nn3 87700000 87799999 525
nn3 87800000 87899999 180
nn3 87900000 87999999 397
nn3 88000000 88099999 504
nn3 88100000 88199999 293
nn3 88200000 88299999 311
nn3 88300000 88399999 415
nn3 88400000 88499999 17
nn3 88500000 88599999 240
nn3 88600000 88699999 61
nn3 88700000 88799999 637
nn3 88800000 88899999 424
nn3 88900000 88999999 258
nn3 89000000 89099999 496
nn3 89100000 89199999 384
nn3 89200000 89299999 710
nn3 89300000 89399999 297
nn3 89400000 89499999 356
nn3 89500000 89599999 177
nn3 89600000 89699999 264
nn3 89700000 89799999 1007
nn3 89800000 89899999 216
nn3 89900000 89999999 310
nn3 90000000 90099999 133
nn3 90100000 90199999 302
nn3 90200000 90299999 299
nn3 90300000 90399999 142
nn3 90400000 90499999 87
nn3 90500000 90599999 148
nn3 90600000 90699999 115
nn3 90700000 90799999 165
nn3 90800000 90899999 398
nn3 90900000 90999999 257
nn3 91000000 91099999 534
nn3 91100000 91199999 352
nn3 91200000 91299999 25
nn3 91300000 91399999 143
nn3 91400000 91499999 66
nn3 91500000 91599999 213
nn3 91600000 91699999 302
nn3 91700000 91799999 291
nn3 91800000 91899999 78
nn3 91900000 91999999 122
nn3 92000000 92099999 72
nn3 92100000 92199999 137
nn3 92200000 92299999 152
nn3 92300000 92399999 301
nn3 92400000 92499999 1625
nn3 92500000 92599999 246
nn3 92600000 92699999 276
nn3 92700000 92799999 479
nn3 92800000 92899999 119
nn3 92900000 92999999 253
nn3 93000000 93099999 574
nn3 93100000 93199999 115
nn3 93200000 93299999 279
nn3 93300000 93399999 211
nn3 93400000 93499999 666
nn3 93500000 93599999 404
nn3 93600000 93699999 360
nn3 93700000 93799999 509
nn3 93800000 93899999 341
nn3 93900000 93999999 1077
nn3 94000000 94099999 526
nn3 94100000 94199999 646
nn3 94200000 94299999 169
nn3 94300000 94399999 147
nn3 94400000 94499999 578
nn3 94500000 94599999 499
nn3 94600000 94699999 668
nn3 94700000 94799999 351
nn3 94800000 94899999 230
nn3 94900000 94999999 333
nn3 95000000 95099999 1488
nn3 95100000 95199999 540
nn3 95200000 95299999 212
nn3 95300000 95399999 274
nn3 95400000 95499999 328
nn3 95500000 95599999 732
nn3 95600000 95699999 776
nn3 95700000 95799999 487
nn3 95800000 95899999 89
nn3 95900000 95999999 728
nn3 96000000 96099999 255
nn3 96100000 96199999 140
nn3 96200000 96299999 390
nn3 96300000 96399999 91
nn3 96400000 96499999 215
nn3 96500000 96599999 321
nn3 96600000 96699999 92
nn3 96700000 96799999 60
nn3 96800000 96899999 66
nn3 96900000 96999999 153
nn3 97000000 97099999 210
nn3 97100000 97199999 493
nn3 97200000 97299999 349
nn3 97300000 97399999 467
nn3 97400000 97499999 118
nn3 97500000 97599999 281
nn3 97600000 97699999 250
nn3 97700000 97799999 155
nn3 97800000 97899999 99
nn3 97900000 97999999 285
nn3 98000000 98099999 222
nn3 98100000 98199999 89
nn3 98200000 98299999 142
nn3 98300000 98399999 383
nn3 98400000 98499999 183
nn3 98500000 98599999 802
nn3 98600000 98699999 232
nn3 98700000 98799999 68
nn3 98800000 98899999 227
nn3 98900000 98999999 19
nn3 99000000 99099999 189
nn3 99100000 99199999 73
nn3 99200000 99299999 114
nn3 99300000 99399999 124
nn3 99400000 99499999 36
nn3 99500000 99599999 21
nn3 99600000 99699999 419
nn3 99700000 99799999 75
nn3 99800000 99899999 213
nn3 99900000 99999999 93
nn3 100000000 100099999 288
nn3 100100000 100199999 103
nn3 100200000 100299999 165
nn3 100300000 100399999 209
nn3 100400000 100499999 176
nn3 100500000 100599999 275
nn3 100600000 100699999 152
nn3 100700000 100799999 343
nn3 100800000 100899999 347
nn3 100900000 100999999 382
nn3 101000000 101099999 92
nn3 101100000 101199999 323
nn3 101200000 101299999 515
nn3 101300000 101399999 207
nn3 101400000 101499999 124
nn3 101500000 101599999 167
nn3 101600000 101699999 468
nn3 101700000 101799999 324
nn3 101800000 101899999 384
nn3 101900000 101999999 647
nn3 102000000 102099999 481
nn3 102100000 102199999 501
nn3 102200000 102299999 505
nn3 102300000 102399999 224
nn3 102400000 102499999 989
nn3 102500000 102599999 139
nn3 102600000 102699999 544
nn3 102700000 102799999 392
nn3 102800000 102899999 539
nn3 102900000 102999999 1007
nn3 103000000 103099999 828
nn3 103100000 103199999 229
nn3 103200000 103299999 668
nn3 103300000 103399999 168
nn3 103400000 103499999 375
nn3 103500000 103599999 1381
nn3 103600000 103699999 1122
nn3 103700000 103799999 648
nn3 103800000 103899999 172
nn3 103900000 103999999 335
nn3 104000000 104099999 283
nn3 104100000 104199999 211
nn3 104200000 104299999 119
nn3 104300000 104399999 174
nn3 104400000 104499999 450
nn3 104500000 104599999 87
nn3 104600000 104699999 42
nn3 104700000 104799999 256
nn3 104800000 104899999 227
nn3 104900000 104999999 149
nn3 105000000 105099999 279
nn3 105100000 105199999 96
nn3 105200000 105299999 139
nn3 105300000 105399999 113
nn3 105400000 105499999 177
nn3 105500000 105599999 123
nn3 105600000 105699999 15
nn3 105700000 105799999 529
nn3 105800000 105899999 757
nn3 105900000 105999999 165
nn3 106000000 106099999 2104
nn3 106100000 106199999 1882
nn3 106200000 106299999 915
nn3 106300000 106399999 297
nn3 106400000 106499999 203
nn3 106500000 106599999 660
nn3 106600000 106699999 896
nn3 106700000 106799999 325
nn3 106800000 106899999 1099
nn3 106900000 106999999 2282
nn3 107000000 107099999 1361
nn3 107100000 107199999 2488
nn3 107200000 107299999 838
nn3 107300000 107399999 1031
nn3 107400000 107499999 446
nn3 107500000 107599999 167
nn3 107600000 107699999 478
nn3 107700000 107799999 317
nn3 107800000 107899999 282
nn3 107900000 107999999 381
nn3 108000000 108099999 278
nn3 108100000 108199999 695
nn3 108200000 108299999 210
nn3 108300000 108399999 73
nn3 108400000 108499999 378
nn3 108500000 108599999 248
nn3 108600000 108699999 181
nn3 108700000 108799999 257
nn3 108800000 108899999 199
nn3 108900000 108999999 502
nn3 109000000 109099999 302
nn3 109100000 109199999 321
nn3 109200000 109299999 138
nn3 109300000 109399999 672
nn3 109400000 109499999 344
nn3 109500000 109599999 528
nn3 109600000 109699999 555
nn3 109700000 109799999 410
nn3 109800000 109899999 1561
nn3 109900000 109999999 324
nn3 110000000 110099999 135
nn3 110100000 110199999 197
nn3 110200000 110299999 196
nn3 110300000 110399999 1484
nn3 110400000 110499999 956
nn3 110500000 110599999 744
nn3 110600000 110699999 699
nn3 110700000 110799999 1721
nn3 110800000 110899999 3325
nn3 110900000 110999999 1191
nn3 111000000 111099999 2318
nn3 111100000 111199999 3220
nn3 111200000 111299999 3374
nn3 111300000 111382486 1914
nn4 0 99999 13379
nn4 100000 199999 2889
nn4 200000 299999 9656
nn4 300000 399999 9735
nn4 400000 499999 13122
nn4 500000 599999 26828
nn4 600000 699999 10620
nn4 700000 799999 2314
nn4 800000 899999 991
nn4 900000 999999 683
nn4 1000000 1099999 652
nn4 1100000 1199999 442
nn4 1200000 1299999 3332
nn4 1300000 1399999 674
nn4 1400000 1499999 773
nn4 1500000 1599999 1991
nn4 1600000 1699999 3222
nn4 1700000 1799999 1343
nn4 1800000 1899999 1122
nn4 1900000 1999999 531
nn4 2000000 2099999 1257
nn4 2100000 2199999 279
nn4 2200000 2299999 859
nn4 2300000 2399999 562
nn4 2400000 2499999 633
nn4 2500000 2599999 466
nn4 2600000 2699999 1066
nn4 2700000 2799999 1530
nn4 2800000 2899999 1231
nn4 2900000 2999999 729
nn4 3000000 3099999 1130
nn4 3100000 3199999 46
nn4 3200000 3299999 865
nn4 3300000 3399999 155
nn4 3400000 3499999 55
nn4 3500000 3599999 371
nn4 3600000 3699999 68
nn4 3700000 3799999 57
nn4 3800000 3899999 71
nn4 3900000 3999999 69
nn4 4000000 4099999 67
nn4 4100000 4199999 18
nn4 4200000 4299999 133
nn4 4300000 4399999 69
nn4 4400000 4499999 54
nn4 4500000 4599999 37
nn4 4600000 4699999 59
nn4 4700000 4799999 91
nn4 4800000 4899999 227
nn4 4900000 4999999 423
nn4 5000000 5099999 104
nn4 5100000 5199999 277
nn4 5200000 5299999 461
nn4 5300000 5399999 853
nn4 5400000 5499999 740
nn4 5500000 5599999 1336
nn4 5600000 5699999 1074
nn4 5700000 5799999 554
nn4 5800000 5899999 137
nn4 5900000 5999999 562
nn4 6000000 6099999 855
nn4 6100000 6199999 191
nn4 6200000 6299999 378
nn4 6300000 6399999 133
nn4 6400000 6499999 72
nn4 6500000 6599999 204
nn4 6600000 6699999 617
nn4 6700000 6799999 469
nn4 6800000 6899999 514
nn4 6900000 6999999 260
nn4 7000000 7099999 201
nn4 7100000 7199999 335
nn4 7200000 7299999 292
nn4 7300000 7399999 416
nn4 7400000 7499999 531
nn4 7500000 7599999 337
nn4 7600000 7699999 181
nn4 7700000 7799999 192
nn4 7800000 7899999 446
nn4 7900000 7999999 390
nn4 8000000 8099999 310
nn4 8100000 8199999 180
nn4 8200000 8299999 587
nn4 8300000 8399999 120
nn4 8400000 8499999 349
nn4 8500000 8599999 213
nn4 8600000 8699999 150
nn4 8700000 8799999 516
nn4 8800000 8899999 418
nn4 8900000 8999999 287
nn4 9000000 9099999 450
nn4 9100000 9199999 108
nn4 9200000 9299999 208
nn4 9300000 9399999 244
nn4 9400000 9499999 70
nn4 9500000 9599999 123
nn4 9600000 9699999 70
nn4 9700000 9799999 246
nn4 9800000 9899999 598
nn4 9900000 9999999 653
nn4 10000000 10099999 122
nn4 10100000 10199999 266
nn4 10200000 10299999 153
nn4 10300000 10399999 126
nn4 10400000 10499999 263
nn4 10500000 10599999 217
nn4 10600000 10699999 196
nn4 10700000 10799999 42
nn4 10800000 10899999 46
nn4 10900000 10999999 0
nn4 11000000 11099999 182
nn4 11100000 11199999 106
nn4 11200000 11299999 79
nn4 11300000 11399999 556
nn4 11400000 11499999 218
nn4 11500000 11599999 575
nn4 11600000 11699999 124
nn4 11700000 11799999 131
nn4 11800000 11899999 457
nn4 11900000 11999999 81
nn4 12000000 12099999 578
nn4 12100000 12199999 126
nn4 12200000 12299999 17
nn4 12300000 12399999 154
nn4 12400000 12499999 775
nn4 12500000 12599999 104
nn4 12600000 12699999 290
nn4 12700000 12799999 525
nn4 12800000 12899999 25
nn4 12900000 12999999 377
nn4 13000000 13099999 153
nn4 13100000 13199999 51
nn4 13200000 13299999 199
nn4 13300000 13399999 148
nn4 13400000 13499999 281
nn4 13500000 13599999 63
nn4 13600000 13699999 71
nn4 13700000 13799999 265
nn4 13800000 13899999 1393
nn4 13900000 13999999 274
nn4 14000000 14099999 293
nn4 14100000 14199999 70
nn4 14200000 14299999 81
nn4 14300000 14399999 503
nn4 14400000 14499999 147
nn4 14500000 14599999 232
nn4 14600000 14699999 252
nn4 14700000 14799999 333
nn4 14800000 14899999 169
nn4 14900000 14999999 144
nn4 15000000 15099999 80
nn4 15100000 15199999 189
nn4 15200000 15299999 234
nn4 15300000 15399999 235
nn4 15400000 15499999 336
nn4 15500000 15599999 143
nn4 15600000 15699999 67
nn4 15700000 15799999 18
nn4 15800000 15899999 50
nn4 15900000 15999999 69
nn4 16000000 16099999 229
nn4 16100000 16199999 17
nn4 16200000 16299999 18
nn4 16300000 16399999 211
nn4 16400000 16499999 407
nn4 16500000 16599999 57
nn4 16600000 16699999 115
nn4 16700000 16799999 190
nn4 16800000 16899999 158
nn4 16900000 16999999 42
nn4 17000000 17099999 158
nn4 17100000 17199999 129
nn4 17200000 17299999 264
nn4 17300000 17399999 143
nn4 17400000 17499999 85
nn4 17500000 17599999 528
nn4 17600000 17699999 144
nn4 17700000 17799999 433
nn4 17800000 17899999 100
nn4 17900000 17999999 289
nn4 18000000 18099999 616
nn4 18100000 18199999 152
nn4 18200000 18299999 145
nn4 18300000 18399999 231
nn4 18400000 18499999 67
nn4 18500000 18599999 158
nn4 18600000 18699999 19
nn4 18700000 18799999 121
nn4 18800000 18899999 19
nn4 18900000 18999999 163
nn4 19000000 19099999 57
nn4 19100000 19199999 180
nn4 19200000 19299999 193
nn4 19300000 19399999 78
nn4 19400000 19499999 444
nn4 19500000 19599999 110
nn4 19600000 19699999 126
nn4 19700000 19799999 131
nn4 19800000 19899999 141
nn4 19900000 19999999 129
nn4 20000000 20099999 78
nn4 20100000 20199999 170
nn4 20200000 20299999 98
nn4 20300000 20399999 85
nn4 20400000 20499999 94
nn4 20500000 20599999 216
nn4 20600000 20699999 179
nn4 20700000 20799999 309
nn4 20800000 20899999 109
nn4 20900000 20999999 71
nn4 21000000 21099999 176
nn4 21100000 21199999 37
nn4 21200000 21299999 90
nn4 21300000 21399999 378
nn4 21400000 21499999 441
nn4 21500000 21599999 198
nn4 21600000 21699999 249
nn4 21700000 21799999 532
nn4 21800000 21899999 258
nn4 21900000 21999999 379
nn4 22000000 22099999 613
nn4 22100000 22199999 469
nn4 22200000 22299999 241
nn4 22300000 22399999 355
nn4 22400000 22499999 274
nn4 22500000 22599999 163
nn4 22600000 22699999 431
nn4 22700000 22799999 131
nn4 22800000 22899999 1434
nn4 22900000 22999999 445
nn4 23000000 23099999 287
nn4 23100000 23199999 187
nn4 23200000 23299999 123
nn4 23300000 23399999 120
nn4 23400000 23499999 175
nn4 23500000 23599999 215
nn4 23600000 23699999 207
nn4 23700000 23799999 152
nn4 23800000 23899999 102
nn4 23900000 23999999 55
nn4 24000000 24099999 56
nn4 24100000 24199999 174
nn4 24200000 24299999 292
nn4 24300000 24399999 232
nn4 24400000 24499999 151
nn4 24500000 24599999 0
nn4 24600000 24699999 266
nn4 24700000 24799999 334
nn4 24800000 24899999 356
nn4 24900000 24999999 464
nn4 25000000 25099999 520
nn4 25100000 25199999 283
nn4 25200000 25299999 212
nn4 25300000 25399999 314
nn4 25400000 25499999 108
nn4 25500000 25599999 218
nn4 25600000 25699999 165
nn4 25700000 25799999 223
nn4 25800000 25899999 1004
nn4 25900000 25999999 362
nn4 26000000 26099999 114
nn4 26100000 26199999 260
nn4 26200000 26299999 543
nn4 26300000 26399999 346
nn4 26400000 26499999 60
nn4 26500000 26599999 395
nn4 26600000 26699999 240
nn4 26700000 26799999 121
nn4 26800000 26899999 97
nn4 26900000 26999999 96
nn4 27000000 27099999 75
nn4 27100000 27199999 82
nn4 27200000 27299999 79
nn4 27300000 27399999 43
nn4 27400000 27499999 243
nn4 27500000 27599999 152
nn4 27600000 27699999 134
nn4 27700000 27799999 69
nn4 27800000 27899999 76
nn4 27900000 27999999 138
nn4 28000000 28099999 278
nn4 28100000 28199999 259
nn4 28200000 28299999 300
nn4 28300000 28399999 108
nn4 28400000 28499999 113
nn4 28500000 28599999 150
nn4 28600000 28699999 91
nn4 28700000 28799999 100
nn4 28800000 28899999 19
nn4 28900000 28999999 106
nn4 29000000 29099999 84
nn4 29100000 29199999 119
nn4 29200000 29299999 49
nn4 29300000 29399999 197
nn4 29400000 29499999 315
nn4 29500000 29599999 197
nn4 29600000 29699999 219
nn4 29700000 29799999 162
nn4 29800000 29899999 1806
nn4 29900000 29999999 1064
nn4 30000000 30099999 147
nn4 30100000 30199999 169
nn4 30200000 30299999 102
nn4 30300000 30399999 409
nn4 30400000 30499999 442
nn4 30500000 30599999 306
nn4 30600000 30699999 88
nn4 30700000 30799999 96
nn4 30800000 30899999 406
nn4 30900000 30999999 191
nn4 31000000 31099999 236
nn4 31100000 31199999 600
nn4 31200000 31299999 721
nn4 31300000 31399999 126
nn4 31400000 31499999 503
nn4 31500000 31599999 309
nn4 31600000 31699999 218
nn4 31700000 31799999 43
nn4 31800000 31899999 79
nn4 31900000 31999999 352
nn4 32000000 32099999 144
nn4 32100000 32199999 52
nn4 32200000 32299999 74
nn4 32300000 32399999 43
nn4 32400000 32499999 40
nn4 32500000 32599999 392
nn4 32600000 32699999 257
nn4 32700000 32799999 147
nn4 32800000 32899999 136
nn4 32900000 32999999 71
nn4 33000000 33099999 85
nn4 33100000 33199999 364
nn4 33200000 33299999 356
nn4 33300000 33399999 116
nn4 33400000 33499999 293
nn4 33500000 33599999 1319
nn4 33600000 33699999 77
nn4 33700000 33799999 165
nn4 33800000 33899999 145
nn4 33900000 33999999 160
nn4 34000000 34099999 217
nn4 34100000 34199999 264
nn4 34200000 34299999 672
nn4 34300000 34399999 436
nn4 34400000 34499999 224
nn4 34500000 34599999 55
nn4 34600000 34699999 91
nn4 34700000 34799999 160
nn4 34800000 34899999 301
nn4 34900000 34999999 169
nn4 35000000 35099999 226
nn4 35100000 35199999 181
nn4 35200000 35299999 192
nn4 35300000 35399999 65
nn4 35400000 35499999 43
nn4 35500000 35599999 113
nn4 35600000 35699999 176
nn4 35700000 35799999 76
nn4 35800000 35899999 75
nn4 35900000 35999999 94
nn4 36000000 36099999 56
nn4 36100000 36199999 62
nn4 36200000 36299999 211
nn4 36300000 36399999 425
nn4 36400000 36499999 201
nn4 36500000 36599999 214
nn4 36600000 36699999 229
nn4 36700000 36799999 206
nn4 36800000 36899999 257
nn4 36900000 36999999 119
nn4 37000000 37099999 62
nn4 37100000 37199999 365
nn4 37200000 37299999 184
nn4 37300000 37399999 153
nn4 37400000 37499999 388
nn4 37500000 37599999 299
nn4 37600000 37699999 175
nn4 37700000 37799999 389
nn4 37800000 37899999 162
nn4 37900000 37999999 22
nn4 38000000 38099999 433
nn4 38100000 38199999 96
nn4 38200000 38299999 109
nn4 38300000 38399999 195
nn4 38400000 38499999 103
nn4 38500000 38599999 218
nn4 38600000 38699999 61
nn4 38700000 38799999 319
nn4 38800000 38899999 162
nn4 38900000 38999999 86
nn4 39000000 39099999 113
nn4 39100000 39199999 111
nn4 39200000 39299999 103
nn4 39300000 39399999 173
nn4 39400000 39499999 46
nn4 39500000 39599999 261
nn4 39600000 39699999 290
nn4 39700000 39799999 217
nn4 39800000 39899999 189
nn4 39900000 39999999 288
nn4 40000000 40099999 86
nn4 40100000 40199999 254
nn4 40200000 40299999 76
nn4 40300000 40399999 67
nn4 40400000 40499999 112
nn4 40500000 40599999 387
nn4 40600000 40699999 73
nn4 40700000 40799999 238
nn4 40800000 40899999 83
nn4 40900000 40999999 89
nn4 41000000 41099999 105
nn4 41100000 41199999 319
nn4 41200000 41299999 374
nn4 41300000 41399999 356
nn4 41400000 41499999 311
nn4 41500000 41599999 160
nn4 41600000 41699999 429
nn4 41700000 41799999 817
nn4 41800000 41899999 785
nn4 41900000 41999999 95
nn4 42000000 42099999 601
nn4 42100000 42199999 804
nn4 42200000 42299999 395
nn4 42300000 42399999 106
nn4 42400000 42499999 104
nn4 42500000 42599999 109
nn4 42600000 42699999 113
nn4 42700000 42799999 53
nn4 42800000 42899999 96
nn4 42900000 42999999 187
nn4 43000000 43099999 99
nn4 43100000 43199999 176
nn4 43200000 43299999 109
nn4 43300000 43399999 274
nn4 43400000 43499999 402
nn4 43500000 43599999 93
nn4 43600000 43699999 72
nn4 43700000 43799999 105
nn4 43800000 43899999 91
nn4 43900000 43999999 45
nn4 44000000 44099999 102
nn4 44100000 44199999 125
nn4 44200000 44299999 53
nn4 44300000 44399999 220
nn4 44400000 44499999 24
nn4 44500000 44599999 1297
nn4 44600000 44699999 235
nn4 44700000 44799999 145
nn4 44800000 44899999 312
nn4 44900000 44999999 1097
nn4 45000000 45099999 574
nn4 45100000 45199999 163
nn4 45200000 45299999 205
nn4 45300000 45399999 217
nn4 45400000 45499999 329
nn4 45500000 45599999 271
nn4 45600000 45699999 682
nn4 45700000 45799999 372
nn4 45800000 45899999 78
nn4 45900000 45999999 126
nn4 46000000 46099999 1317
nn4 46100000 46199999 132
nn4 46200000 46299999 99
nn4 46300000 46399999 290
nn4 46400000 46499999 226
nn4 46500000 46599999 180
nn4 46600000 46699999 385
nn4 46700000 46799999 106
nn4 46800000 46899999 208
nn4 46900000 46999999 278
nn4 47000000 47099999 82
nn4 47100000 47199999 138
nn4 47200000 47299999 115
nn4 47300000 47399999 223
nn4 47400000 47499999 145
nn4 47500000 47599999 159
nn4 47600000 47699999 168
nn4 47700000 47799999 101
nn4 47800000 47899999 72
nn4 47900000 47999999 1889
nn4 48000000 48099999 266
nn4 48100000 48199999 62
nn4 48200000 48299999 41
nn4 48300000 48399999 76
nn4 48400000 48499999 20
nn4 48500000 48599999 167
nn4 48600000 48699999 112
nn4 48700000 48799999 18
nn4 48800000 48899999 110
nn4 48900000 48999999 147
nn4 49000000 49099999 86
nn4 49100000 49199999 26
nn4 49200000 49299999 31
nn4 49300000 49399999 137
nn4 49400000 49499999 103
nn4 49500000 49599999 105
nn4 49600000 49699999 124
nn4 49700000 49799999 16
nn4 49800000 49899999 107
nn4 49900000 49999999 273
nn4 50000000 50099999 128
nn4 50100000 50199999 110
nn4 50200000 50299999 92
nn4 50300000 50399999 116
nn4 50400000 50499999 96
nn4 50500000 50599999 106
nn4 50600000 50699999 164
nn4 50700000 50799999 331
nn4 50800000 50899999 139
nn4 50900000 50999999 176
nn4 51000000 51099999 68
nn4 51100000 51199999 157
nn4 51200000 51299999 344
nn4 51300000 51399999 84
nn4 51400000 51499999 519
nn4 51500000 51599999 595
nn4 51600000 51699999 140
nn4 51700000 51799999 347
nn4 51800000 51899999 1031
nn4 51900000 51999999 332
nn4 52000000 52099999 91
nn4 52100000 52199999 245
nn4 52200000 52299999 771
nn4 52300000 52399999 781
nn4 52400000 52499999 95
nn4 52500000 52599999 281
nn4 52600000 52699999 192
nn4 52700000 52799999 97
nn4 52800000 52899999 196
nn4 52900000 52999999 0
nn4 53000000 53099999 105
nn4 53100000 53199999 220
nn4 53200000 53299999 496
nn4 53300000 53399999 842
nn4 53400000 53499999 261
nn4 53500000 53599999 234
nn4 53600000 53699999 49
nn4 53700000 53799999 141
nn4 53800000 53899999 144
nn4 53900000 53999999 448
nn4 54000000 54099999 102
nn4 54100000 54199999 229
nn4 54200000 54299999 454
nn4 54300000 54399999 103
nn4 54400000 54499999 38
nn4 54500000 54599999 46
nn4 54600000 54699999 92
nn4 54700000 54799999 72
nn4 54800000 54899999 45
nn4 54900000 54999999 286
nn4 55000000 55099999 253
nn4 55100000 55199999 43
nn4 55200000 55299999 56
nn4 55300000 55399999 19
nn4 55400000 55499999 73
nn4 55500000 55599999 81
nn4 55600000 55699999 165
nn4 55700000 55799999 209
nn4 55800000 55899999 144
nn4 55900000 55999999 187
nn4 56000000 56099999 209
nn4 56100000 56199999 240
nn4 56200000 56299999 759
nn4 56300000 56399999 344
nn4 56400000 56499999 54
nn4 56500000 56599999 1637
nn4 56600000 56699999 924
nn4 56700000 56799999 566
nn4 56800000 56899999 153
nn4 56900000 56999999 274
nn4 57000000 57099999 408
nn4 57100000 57199999 334
nn4 57200000 57299999 159
nn4 57300000 57399999 1326
nn4 57400000 57499999 450
nn4 57500000 57599999 3419
nn4 57600000 57699999 227
nn4 57700000 57799999 94
nn4 57800000 57899999 128
nn4 57900000 57999999 89
nn4 58000000 58099999 199
nn4 58100000 58199999 178
nn4 58200000 58299999 91
nn4 58300000 58399999 419
nn4 58400000 58499999 124
nn4 58500000 58599999 64
nn4 58600000 58699999 215
nn4 58700000 58799999 57
nn4 58800000 58899999 87
nn4 58900000 58999999 137
nn4 59000000 59099999 715
nn4 59100000 59199999 111
nn4 59200000 59299999 35
nn4 59300000 59399999 143
nn4 59400000 59499999 116
nn4 59500000 59599999 17
nn4 59600000 59699999 199
nn4 59700000 59799999 891
nn4 59800000 59899999 407
nn4 59900000 59999999 321
nn4 60000000 60099999 434
nn4 60100000 60199999 43
nn4 60200000 60299999 236
nn4 60300000 60399999 635
nn4 60400000 60499999 144
nn4 60500000 60599999 264
nn4 60600000 60699999 82
nn4 60700000 60799999 439
nn4 60800000 60899999 592
nn4 60900000 60999999 455
nn4 61000000 61099999 64
nn4 61100000 61199999 107
nn4 61200000 61299999 0
nn4 61300000 61399999 55
nn4 61400000 61499999 338
nn4 61500000 61599999 205
nn4 61600000 61699999 447
nn4 61700000 61799999 516
nn4 61800000 61899999 299
nn4 61900000 61999999 698
nn4 62000000 62099999 549
nn4 62100000 62199999 749
nn4 62200000 62299999 113
nn4 62300000 62399999 176
nn4 62400000 62499999 116
nn4 62500000 62599999 19
nn4 62600000 62699999 158
nn4 62700000 62799999 327
nn4 62800000 62899999 31
nn4 62900000 62999999 51
nn4 63000000 63099999 74
nn4 63100000 63199999 37
nn4 63200000 63299999 121
nn4 63300000 63399999 69
nn4 63400000 63499999 173
nn4 63500000 63599999 45
nn4 63600000 63699999 194
nn4 63700000 63799999 130
nn4 63800000 63899999 60
nn4 63900000 63999999 338
nn4 64000000 64099999 134
nn4 64100000 64199999 63
nn4 64200000 64299999 56
nn4 64300000 64399999 397
nn4 64400000 64499999 95
nn4 64500000 64599999 127
nn4 64600000 64699999 41
nn4 64700000 64799999 126
nn4 64800000 64899999 46
nn4 64900000 64999999 65
nn4 65000000 65099999 70
nn4 65100000 65199999 65
nn4 65200000 65299999 69
nn4 65300000 65399999 0
nn4 65400000 65499999 102
nn4 65500000 65599999 405
nn4 65600000 65699999 134
nn4 65700000 65799999 281
nn4 65800000 65899999 408
nn4 65900000 65999999 196
nn4 66000000 66099999 267
nn4 66100000 66199999 153
nn4 66200000 66299999 638
nn4 66300000 66399999 0
nn4 66400000 66499999 236
nn4 66500000 66599999 68
nn4 66600000 66699999 46
nn4 66700000 66799999 4010
nn4 66800000 66899999 2062
nn4 66900000 66999999 20
nn4 67000000 67099999 55
nn4 67100000 67199999 490
nn4 67200000 67299999 97
nn4 67300000 67399999 376
nn4 67400000 67499999 44
nn4 67500000 67599999 162
nn4 67600000 67699999 103
nn4 67700000 67799999 165
nn4 67800000 67899999 129
nn4 67900000 67999999 62
nn4 68000000 68099999 125
nn4 68100000 68199999 219
nn4 68200000 68299999 125
nn4 68300000 68399999 236
nn4 68400000 68499999 56
nn4 68500000 68599999 92
nn4 68600000 68699999 180
nn4 68700000 68799999 273
nn4 68800000 68899999 151
nn4 68900000 68999999 228
nn4 69000000 69099999 348
nn4 69100000 69199999 483
nn4 69200000 69299999 120
nn4 69300000 69399999 67
nn4 69400000 69499999 43
nn4 69500000 69599999 262
nn4 69600000 69699999 563
nn4 69700000 69799999 79
nn4 69800000 69899999 291
nn4 69900000 69999999 77
nn4 70000000 70099999 127
nn4 70100000 70199999 268
nn4 70200000 70299999 316
nn4 70300000 70399999 151
nn4 70400000 70499999 168
nn4 70500000 70599999 1058
nn4 70600000 70699999 106
nn4 70700000 70799999 328
nn4 70800000 70899999 247
nn4 70900000 70999999 172
nn4 71000000 71099999 86
nn4 71100000 71199999 664
nn4 71200000 71299999 396
nn4 71300000 71399999 748
nn4 71400000 71499999 3607
nn4 71500000 71599999 1624
nn4 71600000 71699999 3601
nn4 71700000 71799999 2110
nn4 71800000 71899999 1464
nn4 71900000 71999999 2510
nn4 72000000 72099999 1443
nn4 72100000 72199999 1361
nn4 72200000 72274758 880
nn4a 0 99999 572
nn4a 100000 199999 341
nn4a 200000 299999 656
nn4a 300000 399999 718
nn4a 400000 499999 959
nn4a 500000 599999 2441
nn4a 600000 699999 2845
nn4a 700000 799999 2093
nn4a 800000 899999 1965
nn4a 900000 999999 2232
nn4a 1000000 1099999 3639
nn4a 1100000 1199999 1752
nn4a 1200000 1299999 1929
nn4a 1300000 1399999 1199
nn4a 1400000 1499999 872
nn4a 1500000 1599999 1783
nn4a 1600000 1699999 3577
nn4a 1700000 1799999 3892
nn4a 1800000 1899999 4417
nn4a 1900000 1999999 2582
nn4a 2000000 2099999 2462
nn4a 2100000 2199999 1753
nn4a 2200000 2299999 998
nn4a 2300000 2399999 2830
nn4a 2400000 2499999 1714
nn4a 2500000 2599999 1639
nn4a 2600000 2699999 260
nn4a 2700000 2799999 297
nn4a 2800000 2899999 425
nn4a 2900000 2999999 837
nn4a 3000000 3099999 619
nn4a 3100000 3199999 281
nn4a 3200000 3299999 585
nn4a 3300000 3399999 367
nn4a 3400000 3499999 774
nn4a 3500000 3599999 678
nn4a 3600000 3699999 685
nn4a 3700000 3799999 799
nn4a 3800000 3899999 870
nn4a 3900000 3999999 1705
nn4a 4000000 4099999 918
nn4a 4100000 4199999 1001
nn4a 4200000 4299999 261
nn4a 4300000 4399999 419
nn4a 4400000 4499999 724
nn4a 4500000 4599999 1582
nn4a 4600000 4699999 179
nn4a 4700000 4799999 185
nn4a 4800000 4899999 287
nn4a 4900000 4999999 601
nn4a 5000000 5099999 626
nn4a 5100000 5199999 1578
nn4a 5200000 5299999 1171
nn4a 5300000 5399999 327
nn4a 5400000 5499999 273
nn4a 5500000 5599999 101
nn4a 5600000 5699999 22
nn4a 5700000 5799999 66
nn4a 5800000 5899999 18
nn4a 5900000 5999999 209
nn4a 6000000 6099999 92
nn4a 6100000 6199999 18
nn4a 6200000 6299999 53
nn4a 6300000 6399999 56
nn4a 6400000 6499999 46
nn4a 6500000 6599999 87
nn4a 6600000 6699999 82
nn4a 6700000 6799999 122
nn4a 6800000 6899999 65
nn4a 6900000 6999999 238
nn4a 7000000 7099999 161
nn4a 7100000 7199999 20
nn4a 7200000 7299999 157
nn4a 7300000 7399999 0
nn4a 7400000 7499999 27
nn4a 7500000 7599999 83
nn4a 7600000 7699999 46
nn4a 7700000 7799999 85
nn4a 7800000 7899999 182
nn4a 7900000 7999999 22
nn4a 8000000 8099999 26
nn4a 8100000 8199999 77
nn4a 8200000 8299999 38
nn4a 8300000 8399999 43
nn4a 8400000 8499999 239
nn4a 8500000 8599999 252
nn4a 8600000 8699999 499
nn4a 8700000 8799999 0
nn4a 8800000 8899999 247
nn4a 8900000 8999999 392
nn4a 9000000 9099999 676
nn4a 9100000 9199999 352
nn4a 9200000 9299999 375
nn4a 9300000 9399999 1220
nn4a 9400000 9499999 475
nn4a 9500000 9599999 492
nn4a 9600000 9699999 58
nn4a 9700000 9799999 0
nn4a 9800000 9899999 235
nn4a 9900000 9999999 106
nn4a 10000000 10099999 64
nn4a 10100000 10199999 307
nn4a 10200000 10299999 105
nn4a 10300000 10399999 27
nn4a 10400000 10499999 437
nn4a 10500000 10599999 638
nn4a 10600000 10699999 595
nn4a 10700000 10799999 835
nn4a 10800000 10899999 1435
nn4a 10900000 10999999 1036
nn4a 11000000 11099999 776
nn4a 11100000 11199999 362
nn4a 11200000 11299999 287
nn4a 11300000 11399999 1619
nn4a 11400000 11499999 742
nn4a 11500000 11599999 410
nn4a 11600000 11699999 744
nn4a 11700000 11799999 389
nn4a 11800000 11899999 589
nn4a 11900000 11999999 156
nn4a 12000000 12099999 336
nn4a 12100000 12199999 405
nn4a 12200000 12299999 1700
nn4a 12300000 12399999 470
nn4a 12400000 12499999 765
nn4a 12500000 12599999 200
nn4a 12600000 12699999 66
nn4a 12700000 12799999 447
nn4a 12800000 12899999 391
nn4a 12900000 12999999 589
nn4a 13000000 13099999 88
nn4a 13100000 13199999 178
nn4a 13200000 13299999 94
nn4a 13300000 13399999 341
nn4a 13400000 13499999 527
nn4a 13500000 13599999 330
nn4a 13600000 13699999 383
nn4a 13700000 13799999 147
nn4a 13800000 13899999 520
nn4a 13900000 13999999 285
nn4a 14000000 14099999 297
nn4a 14100000 14199999 821
nn4a 14200000 14299999 389
nn4a 14300000 14399999 65
nn4a 14400000 14499999 197
nn4a 14500000 14599999 141
nn4a 14600000 14699999 47
nn4a 14700000 14799999 112
nn4a 14800000 14899999 70
nn4a 14900000 14999999 107
nn4a 15000000 15099999 173
nn4a 15100000 15199999 237
nn4a 15200000 15299999 138
nn4a 15300000 15399999 151
nn4a 15400000 15499999 317
nn4a 15500000 15599999 688
nn4a 15600000 15699999 380
nn4a 15700000 15799999 252
nn4a 15800000 15899999 175
nn4a 15900000 15999999 109
nn4a 16000000 16099999 58
nn4a 16100000 16199999 281
nn4a 16200000 16299999 642
nn4a 16300000 16399999 994
nn4a 16400000 16499999 1092
nn4a 16500000 16599999 571
nn4a 16600000 16699999 198
nn4a 16700000 16799999 405
nn4a 16800000 16899999 448
nn4a 16900000 16999999 278
nn4a 17000000 17099999 424
nn4a 17100000 17199999 291
nn4a 17200000 17299999 456
nn4a 17300000 17399999 535
nn4a 17400000 17499999 317
nn4a 17500000 17599999 1486
nn4a 17600000 17699999 544
nn4a 17700000 17799999 414
nn4a 17800000 17899999 273
nn4a 17900000 17999999 335
nn4a 18000000 18099999 193
nn4a 18100000 18199999 91
nn4a 18200000 18299999 62
nn4a 18300000 18399999 118
nn4a 18400000 18499999 348
nn4a 18500000 18599999 622
nn4a 18600000 18699999 343
nn4a 18700000 18799999 380
nn4a 18800000 18899999 422
nn4a 18900000 18999999 369
nn4a 19000000 19099999 409
nn4a 19100000 19199999 372
nn4a 19200000 19299999 1043
nn4a 19300000 19399999 0
nn4a 19400000 19499999 0
nn4a 19500000 19599999 0
nn4a 19600000 19699999 752
nn4a 19700000 19703776 1294
nn5 0 99999 14325
nn5 100000 199999 3407
nn5 200000 299999 682
nn5 300000 399999 143
nn5 400000 499999 263
nn5 500000 599999 185
nn5 600000 699999 100
nn5 700000 799999 382
nn5 800000 899999 517
nn5 900000 999999 725
nn5 1000000 1099999 619
nn5 1100000 1199999 566
nn5 1200000 1299999 231
nn5 1300000 1399999 1835
nn5 1400000 1499999 43
nn5 1500000 1599999 324
nn5 1600000 1699999 57
nn5 1700000 1799999 0
nn5 1800000 1899999 459
nn5 1900000 1999999 226
nn5 2000000 2099999 127
nn5 2100000 2199999 71
nn5 2200000 2299999 348
nn5 2300000 2399999 93
nn5 2400000 2499999 86
nn5 2500000 2599999 134
nn5 2600000 2699999 98
nn5 2700000 2799999 1087
nn5 2800000 2899999 194
nn5 2900000 2999999 256
nn5 3000000 3099999 108
nn5 3100000 3199999 21
nn5 3200000 3299999 180
nn5 3300000 3399999 65
nn5 3400000 3499999 192
nn5 3500000 3599999 288
nn5 3600000 3699999 39
nn5 3700000 3799999 273
nn5 3800000 3899999 39
nn5 3900000 3999999 133
nn5 4000000 4099999 46
nn5 4100000 4199999 0
nn5 4200000 4299999 673
nn5 4300000 4399999 171
nn5 4400000 4499999 905
nn5 4500000 4599999 183
nn5 4600000 4699999 217
nn5 4700000 4799999 295
nn5 4800000 4899999 208
nn5 4900000 4999999 0
nn5 5000000 5099999 0
nn5 5100000 5199999 0
nn5 5200000 5299999 818
nn5 5300000 5399999 2114
nn5 5400000 5499999 534
nn5 5500000 5599999 327
nn5 5600000 5699999 345
nn5 5700000 5799999 253
nn5 5800000 5899999 204
nn5 5900000 5999999 432
nn5 6000000 6099999 481
nn5 6100000 6199999 695
nn5 6200000 6299999 241
nn5 6300000 6399999 411
nn5 6400000 6499999 403
nn5 6500000 6599999 4153
nn5 6600000 6699999 4187
nn5 6700000 6799999 1468
nn5 6800000 6899999 3283
nn5 6900000 6999999 7142
nn5 7000000 7099999 6914
nn5 7100000 7199999 397
nn5 7200000 7299999 133
nn5 7300000 7399999 91
nn5 7400000 7499999 297
nn5 7500000 7599999 290
nn5 7600000 7699999 330
nn5 7700000 7799999 233
nn5 7800000 7899999 198
nn5 7900000 7999999 454
nn5 8000000 8099999 413
nn5 8100000 8199999 295
nn5 8200000 8299999 186
nn5 8300000 8399999 329
nn5 8400000 8499999 160
nn5 8500000 8599999 217
nn5 8600000 8699999 26
nn5 8700000 8799999 94
nn5 8800000 8899999 303
nn5 8900000 8999999 179
nn5 9000000 9099999 557
nn5 9100000 9199999 81
nn5 9200000 9299999 39
nn5 9300000 9399999 84
nn5 9400000 9499999 463
nn5 9500000 9599999 520
nn5 9600000 9699999 318
nn5 9700000 9799999 324
nn5 9800000 9899999 193
nn5 9900000 9999999 194
nn5 10000000 10099999 88
nn5 10100000 10199999 115
nn5 10200000 10299999 407
nn5 10300000 10399999 254
nn5 10400000 10499999 236
nn5 10500000 10599999 374
nn5 10600000 10699999 406
nn5 10700000 10799999 67
nn5 10800000 10899999 73
nn5 10900000 10999999 125
nn5 11000000 11099999 119
nn5 11100000 11199999 178
nn5 11200000 11299999 310
nn5 11300000 11399999 100
nn5 11400000 11499999 128
nn5 11500000 11599999 79
nn5 11600000 11699999 624
nn5 11700000 11799999 391
nn5 11800000 11899999 246
nn5 11900000 11999999 149
nn5 12000000 12099999 219
nn5 12100000 12199999 102
nn5 12200000 12299999 772
nn5 12300000 12399999 123
nn5 12400000 12499999 121
nn5 12500000 12599999 528
nn5 12600000 12699999 406
nn5 12700000 12799999 200
nn5 12800000 12899999 263
nn5 12900000 12999999 409
nn5 13000000 13099999 168
nn5 13100000 13199999 188
nn5 13200000 13299999 1195
nn5 13300000 13399999 701
nn5 13400000 13499999 100
nn5 13500000 13599999 94
nn5 13600000 13699999 149
nn5 13700000 13799999 1121
nn5 13800000 13899999 962
nn5 13900000 13999999 439
nn5 14000000 14099999 596
nn5 14100000 14199999 904
nn5 14200000 14299999 2256
nn5 14300000 14399999 391
nn5 14400000 14499999 363
nn5 14500000 14599999 84
nn5 14600000 14699999 208
nn5 14700000 14799999 358
nn5 14800000 14899999 110
nn5 14900000 14999999 0
nn5 15000000 15099999 77
nn5 15100000 15199999 125
nn5 15200000 15299999 336
nn5 15300000 15399999 118
nn5 15400000 15499999 100
nn5 15500000 15599999 232
nn5 15600000 15699999 61
nn5 15700000 15799999 192
nn5 15800000 15899999 533
nn5 15900000 15999999 1081
nn5 16000000 16099999 353
nn5 16100000 16199999 871
nn5 16200000 16299999 919
nn5 16300000 16399999 538
nn5 16400000 16499999 389
nn5 16500000 16599999 380
nn5 16600000 16699999 155
nn5 16700000 16799999 265
nn5 16800000 16899999 595
nn5 16900000 16999999 2113
nn5 17000000 17099999 6015
nn5 17100000 17199999 1014
nn5 17200000 17299999 145
nn5 17300000 17399999 142
nn5 17400000 17499999 79
nn5 17500000 17599999 696
nn5 17600000 17699999 546
nn5 17700000 17799999 140
nn5 17800000 17899999 331
nn5 17900000 17999999 187
nn5 18000000 18099999 71
nn5 18100000 18199999 124
nn5 18200000 18299999 320
nn5 18300000 18399999 370
nn5 18400000 18499999 384
nn5 18500000 18599999 201
nn5 18600000 18699999 117
nn5 18700000 18799999 249
nn5 18800000 18899999 277
nn5 18900000 18999999 49
nn5 19000000 19099999 176
nn5 19100000 19199999 265
nn5 19200000 19299999 399
nn5 19300000 19399999 420
nn5 19400000 19499999 137
nn5 19500000 19599999 412
nn5 19600000 19699999 115
nn5 19700000 19799999 56
nn5 19800000 19899999 16
nn5 19900000 19999999 61
nn5 20000000 20099999 75
nn5 20100000 20199999 119
nn5 20200000 20299999 106
nn5 20300000 20399999 245
nn5 20400000 20499999 166
nn5 20500000 20599999 50
nn5 20600000 20699999 83
nn5 20700000 20799999 73
nn5 20800000 20899999 31
nn5 20900000 20999999 157
nn5 21000000 21099999 108
nn5 21100000 21199999 77
nn5 21200000 21299999 90
nn5 21300000 21399999 71
nn5 21400000 21499999 77
nn5 21500000 21599999 249
nn5 21600000 21699999 2125
nn5 21700000 21799999 535
nn5 21800000 21899999 497
nn5 21900000 21999999 1032
nn5 22000000 22099999 398
nn5 22100000 22199999 442
nn5 22200000 22299999 217
nn5 22300000 22399999 409
nn5 22400000 22499999 559
nn5 22500000 22599999 65
nn5 22600000 22699999 178
nn5 22700000 22799999 63
nn5 22800000 22899999 304
nn5 22900000 22999999 705
nn5 23000000 23099999 742
nn5 23100000 23199999 87
nn5 23200000 23299999 596
nn5 23300000 23399999 349
nn5 23400000 23499999 414
nn5 23500000 23599999 369
nn5 23600000 23699999 613
nn5 23700000 23799999 712
nn5 23800000 23899999 1624
nn5 23900000 23999999 617
nn5 24000000 24099999 1303
nn5 24100000 24199999 913
nn5 24200000 24299999 109
nn5 24300000 24399999 293
nn5 24400000 24499999 428
nn5 24500000 24599999 804
nn5 24600000 24699999 449
nn5 24700000 24799999 448
nn5 24800000 24899999 277
nn5 24900000 24999999 132
nn5 25000000 25099999 562
nn5 25100000 25199999 716
nn5 25200000 25299999 357
nn5 25300000 25399999 0
nn5 25400000 25499999 160
nn5 25500000 25599999 88
nn5 25600000 25699999 85
nn5 25700000 25799999 242
nn5 25800000 25899999 211
nn5 25900000 25999999 63
nn5 26000000 26099999 290
nn5 26100000 26199999 267
nn5 26200000 26299999 192
nn5 26300000 26399999 573
nn5 26400000 26499999 223
nn5 26500000 26599999 377
nn5 26600000 26699999 366
nn5 26700000 26799999 128
nn5 26800000 26899999 375
nn5 26900000 26999999 143
nn5 27000000 27099999 242
nn5 27100000 27199999 61
nn5 27200000 27299999 237
nn5 27300000 27399999 341
nn5 27400000 27499999 474
nn5 27500000 27599999 402
nn5 27600000 27699999 322
nn5 27700000 27799999 363
nn5 27800000 27899999 255
nn5 27900000 27999999 208
nn5 28000000 28099999 576
nn5 28100000 28199999 819
nn5 28200000 28299999 789
nn5 28300000 28399999 478
nn5 28400000 28499999 444
nn5 28500000 28599999 772
nn5 28600000 28699999 359
nn5 28700000 28799999 117
nn5 28800000 28899999 147
nn5 28900000 28999999 442
nn5 29000000 29099999 431
nn5 29100000 29199999 307
nn5 29200000 29299999 29
nn5 29300000 29399999 0
nn5 29400000 29499999 301
nn5 29500000 29599999 403
nn5 29600000 29699999 283
nn5 29700000 29799999 107
nn5 29800000 29899999 132
nn5 29900000 29999999 36
nn5 30000000 30099999 110
nn5 30100000 30199999 262
nn5 30200000 30299999 172
nn5 30300000 30399999 98
nn5 30400000 30499999 114
nn5 30500000 30599999 156
nn5 30600000 30699999 164
nn5 30700000 30799999 66
nn5 30800000 30899999 278
nn5 30900000 30999999 195
nn5 31000000 31099999 531
nn5 31100000 31199999 71
nn5 31200000 31299999 26
nn5 31300000 31399999 46
nn5 31400000 31499999 1126
nn5 31500000 31599999 237
nn5 31600000 31699999 764
nn5 31700000 31799999 57
nn5 31800000 31899999 174
nn5 31900000 31999999 187
nn5 32000000 32099999 172
nn5 32100000 32199999 104
nn5 32200000 32299999 75
nn5 32300000 32399999 101
nn5 32400000 32499999 138
nn5 32500000 32599999 131
nn5 32600000 32699999 213
nn5 32700000 32799999 443
nn5 32800000 32899999 186
nn5 32900000 32999999 115
nn5 33000000 33099999 80
nn5 33100000 33199999 121
nn5 33200000 33299999 451
nn5 33300000 33399999 53
nn5 33400000 33499999 125
nn5 33500000 33599999 59
nn5 33600000 33699999 77
nn5 33700000 33799999 883
nn5 33800000 33899999 160
nn5 33900000 33999999 191
nn5 34000000 34099999 17
nn5 34100000 34199999 172
nn5 34200000 34299999 407
nn5 34300000 34399999 96
nn5 34400000 34499999 273
nn5 34500000 34599999 325
nn5 34600000 34699999 169
nn5 34700000 34799999 337
nn5 34800000 34899999 105
nn5 34900000 34999999 447
nn5 35000000 35099999 37
nn5 35100000 35199999 149
nn5 35200000 35299999 92
nn5 35300000 35399999 844
nn5 35400000 35499999 96
nn5 35500000 35599999 119
nn5 35600000 35699999 60
nn5 35700000 35799999 97
nn5 35800000 35899999 85
nn5 35900000 35999999 126
nn5 36000000 36099999 156
nn5 36100000 36199999 274
nn5 36200000 36299999 899
nn5 36300000 36399999 370
nn5 36400000 36499999 411
nn5 36500000 36599999 397
nn5 36600000 36699999 308
nn5 36700000 36799999 332
nn5 36800000 36899999 525
nn5 36900000 36999999 1213
nn5 37000000 37099999 62
nn5 37100000 37199999 115
nn5 37200000 37299999 303
nn5 37300000 37399999 26
nn5 37400000 37499999 937
nn5 37500000 37599999 118
nn5 37600000 37699999 309
nn5 37700000 37799999 68
nn5 37800000 37899999 246
nn5 37900000 37999999 528
nn5 38000000 38099999 692
nn5 38100000 38199999 1073
nn5 38200000 38299999 681
nn5 38300000 38399999 1362
nn5 38400000 38499999 1196
nn5 38500000 38599999 1009
nn5 38600000 38699999 240
nn5 38700000 38799999 498
nn5 38800000 38899999 536
nn5 38900000 38999999 454
nn5 39000000 39099999 205
nn5 39100000 39199999 448
nn5 39200000 39299999 1545
nn5 39300000 39399999 781
nn5 39400000 39499999 850
nn5 39500000 39599999 584
nn5 39600000 39699999 330
nn5 39700000 39799999 329
nn5 39800000 39899999 400
nn5 39900000 39999999 170
nn5 40000000 40099999 227
nn5 40100000 40199999 63
nn5 40200000 40299999 155
nn5 40300000 40399999 328
nn5 40400000 40499999 104
nn5 40500000 40599999 67
nn5 40600000 40699999 92
nn5 40700000 40799999 136
nn5 40800000 40899999 175
nn5 40900000 40999999 19
nn5 41000000 41099999 172
nn5 41100000 41199999 434
nn5 41200000 41299999 305
nn5 41300000 41399999 21
nn5 41400000 41499999 197
nn5 41500000 41599999 137
nn5 41600000 41699999 58
nn5 41700000 41799999 62
nn5 41800000 41899999 182
nn5 41900000 41999999 99
nn5 42000000 42099999 176
nn5 42100000 42199999 24
nn5 42200000 42299999 96
nn5 42300000 42399999 39
nn5 42400000 42499999 288
nn5 42500000 42599999 482
nn5 42600000 42699999 124
nn5 42700000 42799999 124
nn5 42800000 42899999 133
nn5 42900000 42999999 63
nn5 43000000 43099999 115
nn5 43100000 43199999 266
nn5 43200000 43299999 193
nn5 43300000 43399999 255
nn5 43400000 43499999 190
nn5 43500000 43599999 89
nn5 43600000 43699999 270
nn5 43700000 43799999 202
nn5 43800000 43899999 598
nn5 43900000 43999999 311
nn5 44000000 44099999 148
nn5 44100000 44199999 191
nn5 44200000 44299999 574
nn5 44300000 44399999 150
nn5 44400000 44499999 186
nn5 44500000 44599999 502
nn5 44600000 44699999 284
nn5 44700000 44799999 155
nn5 44800000 44899999 116
nn5 44900000 44999999 165
nn5 45000000 45099999 132
nn5 45100000 45199999 208
nn5 45200000 45299999 515
nn5 45300000 45399999 315
nn5 45400000 45499999 501
nn5 45500000 45599999 129
nn5 45600000 45699999 261
nn5 45700000 45799999 247
nn5 45800000 45899999 142
nn5 45900000 45999999 22
nn5 46000000 46099999 335
nn5 46100000 46199999 304
nn5 46200000 46299999 140
nn5 46300000 46399999 281
nn5 46400000 46499999 230
nn5 46500000 46599999 67
nn5 46600000 46699999 98
nn5 46700000 46799999 75
nn5 46800000 46899999 318
nn5 46900000 46999999 111
nn5 47000000 47099999 138
nn5 47100000 47199999 59
nn5 47200000 47299999 173
nn5 47300000 47399999 281
nn5 47400000 47499999 109
nn5 47500000 47599999 458
nn5 47600000 47699999 164
nn5 47700000 47799999 117
nn5 47800000 47899999 91
nn5 47900000 47999999 340
nn5 48000000 48099999 275
nn5 48100000 48199999 806
nn5 48200000 48299999 1267
nn5 48300000 48399999 300
nn5 48400000 48499999 468
nn5 48500000 48599999 348
nn5 48600000 48699999 141
nn5 48700000 48799999 296
nn5 48800000 48899999 701
nn5 48900000 48999999 289
nn5 49000000 49099999 110
nn5 49100000 49199999 58
nn5 49200000 49299999 112
nn5 49300000 49399999 106
nn5 49400000 49499999 137
nn5 49500000 49599999 863
nn5 49600000 49699999 398
nn5 49700000 49799999 446
nn5 49800000 49899999 564
nn5 49900000 49999999 309
nn5 50000000 50099999 1176
nn5 50100000 50199999 524
nn5 50200000 50299999 418
nn5 50300000 50399999 392
nn5 50400000 50499999 455
nn5 50500000 50599999 920
nn5 50600000 50699999 572
nn5 50700000 50799999 596
nn5 50800000 50899999 164
nn5 50900000 50999999 417
nn5 51000000 51099999 861
nn5 51100000 51199999 120
nn5 51200000 51299999 80
nn5 51300000 51399999 73
nn5 51400000 51499999 142
nn5 51500000 51599999 106
nn5 51600000 51699999 187
nn5 51700000 51799999 207
nn5 51800000 51899999 337
nn5 51900000 51999999 431
nn5 52000000 52099999 873
nn5 52100000 52199999 300
nn5 52200000 52299999 205
nn5 52300000 52399999 761
nn5 52400000 52499999 368
nn5 52500000 52599999 669
nn5 52600000 52699999 377
nn5 52700000 52799999 231
nn5 52800000 52899999 261
nn5 52900000 52999999 281
nn5 53000000 53099999 191
nn5 53100000 53199999 355
nn5 53200000 53299999 979
nn5 53300000 53399999 229
nn5 53400000 53499999 264
nn5 53500000 53599999 150
nn5 53600000 53699999 680
nn5 53700000 53799999 102
nn5 53800000 53899999 332
nn5 53900000 53999999 191
nn5 54000000 54099999 362
nn5 54100000 54199999 606
nn5 54200000 54299999 755
nn5 54300000 54399999 842
nn5 54400000 54499999 375
nn5 54500000 54599999 274
nn5 54600000 54699999 524
nn5 54700000 54799999 2141
nn5 54800000 54899999 815
nn5 54900000 54999999 583
nn5 55000000 55099999 194
nn5 55100000 55199999 668
nn5 55200000 55299999 1529
nn5 55300000 55399999 557
nn5 55400000 55499999 813
nn5 55500000 55599999 161
nn5 55600000 55699999 460
nn5 55700000 55799999 398
nn5 55800000 55899999 359
nn5 55900000 55999999 572
nn5 56000000 56099999 260
nn5 56100000 56199999 1503
nn5 56200000 56299999 609
nn5 56300000 56399999 1039
nn5 56400000 56499999 849
nn5 56500000 56599999 661
nn5 56600000 56699999 567
nn5 56700000 56799999 1183
nn5 56800000 56899999 1058
nn5 56900000 56999999 421
nn5 57000000 57099999 807
nn5 57100000 57199999 805
nn5 57200000 57299999 297
nn5 57300000 57399999 289
nn5 57400000 57499999 716
nn5 57500000 57599999 252
nn5 57600000 57699999 928
nn5 57700000 57799999 281
nn5 57800000 57899999 458
nn5 57900000 57999999 1004
nn5 58000000 58099999 972
nn5 58100000 58199999 248
nn5 58200000 58299999 685
nn5 58300000 58399999 3214
nn5 58400000 58499999 4188
nn5 58500000 58599999 760
nn5 58600000 58699999 1617
nn5 58700000 58799999 954
nn5 58800000 58899999 417
nn5 58900000 58999999 1213
nn5 59000000 59099999 718
nn5 59100000 59199999 759
nn5 59200000 59299999 826
nn5 59300000 59399999 835
nn5 59400000 59499999 619
nn5 59500000 59599999 638
nn5 59600000 59699999 927
nn5 59700000 59799999 884
nn5 59800000 59899999 992
nn5 59900000 59999999 292
nn5 60000000 60045830 1375
nn6 0 99999 10171
nn6 100000 199999 998
nn6 200000 299999 344
nn6 300000 399999 306
nn6 400000 499999 1033
nn6 500000 599999 1089
nn6 600000 699999 1487
nn6 700000 799999 962
nn6 800000 899999 848
nn6 900000 999999 585
nn6 1000000 1099999 351
nn6 1100000 1199999 361
nn6 1200000 1299999 1602
nn6 1300000 1399999 300
nn6 1400000 1499999 453
nn6 1500000 1599999 344
nn6 1600000 1699999 334
nn6 1700000 1799999 877
nn6 1800000 1899999 455
nn6 1900000 1999999 263
nn6 2000000 2099999 558
nn6 2100000 2199999 356
nn6 2200000 2299999 639
nn6 2300000 2399999 279
nn6 2400000 2499999 159
nn6 2500000 2599999 441
nn6 2600000 2699999 306
nn6 2700000 2799999 410
nn6 2800000 2899999 140
nn6 2900000 2999999 148
nn6 3000000 3099999 450
nn6 3100000 3199999 621
nn6 3200000 3299999 687
nn6 3300000 3399999 810
nn6 3400000 3499999 1002
nn6 3500000 3599999 240
nn6 3600000 3699999 382
nn6 3700000 3799999 363
nn6 3800000 3899999 198
nn6 3900000 3999999 110
nn6 4000000 4099999 2142
nn6 4100000 4199999 304
nn6 4200000 4299999 347
nn6 4300000 4399999 352
nn6 4400000 4499999 554
nn6 4500000 4599999 509
nn6 4600000 4699999 134
nn6 4700000 4799999 180
nn6 4800000 4899999 137
nn6 4900000 4999999 110
nn6 5000000 5099999 137
nn6 5100000 5199999 323
nn6 5200000 5299999 658
nn6 5300000 5399999 264
nn6 5400000 5499999 150
nn6 5500000 5599999 598
nn6 5600000 5699999 267
nn6 5700000 5799999 193
nn6 5800000 5899999 98
nn6 5900000 5999999 219
nn6 6000000 6099999 339
nn6 6100000 6199999 605
nn6 6200000 6299999 986
nn6 6300000 6399999 321
nn6 6400000 6499999 773
nn6 6500000 6599999 287
nn6 6600000 6699999 251
nn6 6700000 6799999 130
nn6 6800000 6899999 107
nn6 6900000 6999999 182
nn6 7000000 7099999 113
nn6 7100000 7199999 15
nn6 7200000 7299999 33
nn6 7300000 7399999 118
nn6 7400000 7499999 286
nn6 7500000 7599999 460
nn6 7600000 7699999 130
nn6 7700000 7799999 257
nn6 7800000 7899999 520
nn6 7900000 7999999 136
nn6 8000000 8099999 199
nn6 8100000 8199999 350
nn6 8200000 8299999 398
nn6 8300000 8399999 571
nn6 8400000 8499999 637
nn6 8500000 8599999 893
nn6 8600000 8699999 148
nn6 8700000 8799999 62
nn6 8800000 8899999 287
nn6 8900000 8999999 110
nn6 9000000 9099999 179
nn6 9100000 9199999 193
nn6 9200000 9299999 68
nn6 9300000 9399999 393
nn6 9400000 9499999 567
nn6 9500000 9599999 430
nn6 9600000 9699999 675
nn6 9700000 9799999 733
nn6 9800000 9899999 458
nn6 9900000 9999999 296
nn6 10000000 10099999 213
nn6 10100000 10199999 357
nn6 10200000 10299999 63
nn6 10300000 10399999 87
nn6 10400000 10499999 175
nn6 10500000 10599999 153
nn6 10600000 10699999 45
nn6 10700000 10799999 30
nn6 10800000 10899999 73
nn6 10900000 10999999 126
nn6 11000000 11099999 126
nn6 11100000 11199999 315
nn6 11200000 11299999 94
nn6 11300000 11399999 137
nn6 11400000 11499999 39
nn6 11500000 11599999 327
nn6 11600000 11699999 329
nn6 11700000 11799999 289
nn6 11800000 11899999 292
nn6 11900000 11999999 396
nn6 12000000 12099999 631
nn6 12100000 12199999 417
nn6 12200000 12299999 1233
nn6 12300000 12399999 2046
nn6 12400000 12499999 764
nn6 12500000 12599999 4988
nn6 12600000 12699999 1267
nn6 12700000 12799999 853
nn6 12800000 12899999 1878
nn6 12900000 12999999 1417
nn6 13000000 13099999 2873
nn6 13100000 13199999 1079
nn6 13200000 13299999 2324
nn6 13300000 13399999 2500
nn6 13400000 13499999 2141
nn6 13500000 13599999 1503
nn6 13600000 13699999 259
nn6 13700000 13799999 247
nn6 13800000 13899999 47
nn6 13900000 13999999 107
nn6 14000000 14099999 425
nn6 14100000 14199999 119
nn6 14200000 14299999 89
nn6 14300000 14399999 23
nn6 14400000 14499999 178
nn6 14500000 14599999 603
nn6 14600000 14699999 19
nn6 14700000 14799999 370
nn6 14800000 14899999 699
nn6 14900000 14999999 203
nn6 15000000 15099999 534
nn6 15100000 15199999 85
nn6 15200000 15299999 556
nn6 15300000 15399999 209
nn6 15400000 15499999 74
nn6 15500000 15599999 526
nn6 15600000 15699999 590
nn6 15700000 15799999 187
nn6 15800000 15899999 501
nn6 15900000 15999999 224
nn6 16000000 16099999 214
nn6 16100000 16199999 289
nn6 16200000 16299999 295
nn6 16300000 16399999 292
nn6 16400000 16499999 343
nn6 16500000 16599999 386
nn6 16600000 16699999 182
nn6 16700000 16799999 116
nn6 16800000 16899999 444
nn6 16900000 16999999 258
nn6 17000000 17099999 64
nn6 17100000 17199999 125
nn6 17200000 17299999 142
nn6 17300000 17399999 248
nn6 17400000 17499999 235
nn6 17500000 17599999 236
nn6 17600000 17699999 719
nn6 17700000 17799999 198
nn6 17800000 17899999 256
nn6 17900000 17999999 256
nn6 18000000 18099999 612
nn6 18100000 18199999 841
nn6 18200000 18299999 1346
nn6 18300000 18399999 3032
nn6 18400000 18499999 697
nn6 18500000 18599999 1053
nn6 18600000 18699999 1651
nn6 18700000 18799999 1028
nn6 18800000 18899999 318
nn6 18900000 18999999 136
nn6 19000000 19099999 400
nn6 19100000 19199999 272
nn6 19200000 19299999 209
nn6 19300000 19399999 475
nn6 19400000 19499999 286
nn6 19500000 19599999 304
nn6 19600000 19699999 297
nn6 19700000 19799999 333
nn6 19800000 19899999 452
nn6 19900000 19999999 546
nn6 20000000 20099999 342
nn6 20100000 20199999 323
nn6 20200000 20299999 375
nn6 20300000 20399999 40
nn6 20400000 20499999 179
nn6 20500000 20599999 394
nn6 20600000 20699999 228
nn6 20700000 20799999 281
nn6 20800000 20899999 73
nn6 20900000 20999999 369
nn6 21000000 21099999 740
nn6 21100000 21199999 165
nn6 21200000 21299999 39
nn6 21300000 21399999 224
nn6 21400000 21499999 0
nn6 21500000 21599999 189
nn6 21600000 21699999 196
nn6 21700000 21799999 189
nn6 21800000 21899999 92
nn6 21900000 21999999 37
nn6 22000000 22099999 63
nn6 22100000 22199999 144
nn6 22200000 22299999 334
nn6 22300000 22399999 230
nn6 22400000 22499999 126
nn6 22500000 22599999 166
nn6 22600000 22699999 69
nn6 22700000 22799999 78
nn6 22800000 22899999 47
nn6 22900000 22999999 788
nn6 23000000 23099999 269
nn6 23100000 23199999 314
nn6 23200000 23299999 193
nn6 23300000 23399999 322
nn6 23400000 23499999 321
nn6 23500000 23599999 329
nn6 23600000 23699999 276
nn6 23700000 23799999 441
nn6 23800000 23899999 1997
nn6 23900000 23999999 1636
nn6 24000000 24099999 711
nn6 24100000 24199999 1392
nn6 24200000 24299999 1200
nn6 24300000 24399999 1629
nn6 24400000 24499999 773
nn6 24500000 24599999 1235
nn6 24600000 24699999 535
nn6 24700000 24799999 698
nn6 24800000 24899999 421
nn6 24900000 24999999 208
nn6 25000000 25099999 317
nn6 25100000 25199999 108
nn6 25200000 25299999 47
nn6 25300000 25399999 86
nn6 25400000 25499999 102
nn6 25500000 25599999 75
nn6 25600000 25699999 33
nn6 25700000 25799999 20
nn6 25800000 25899999 79
nn6 25900000 25999999 87
nn6 26000000 26099999 71
nn6 26100000 26199999 488
nn6 26200000 26299999 760
nn6 26300000 26399999 347
nn6 26400000 26499999 706
nn6 26500000 26599999 426
nn6 26600000 26699999 345
nn6 26700000 26799999 891
nn6 26800000 26899999 288
nn6 26900000 26999999 111
nn6 27000000 27099999 394
nn6 27100000 27199999 86
nn6 27200000 27299999 44
nn6 27300000 27399999 67
nn6 27400000 27499999 203
nn6 27500000 27599999 685
nn6 27600000 27699999 1040
nn6 27700000 27799999 199
nn6 27800000 27899999 384
nn6 27900000 27999999 90
nn6 28000000 28099999 317
nn6 28100000 28199999 89
nn6 28200000 28299999 162
nn6 28300000 28399999 179
nn6 28400000 28499999 382
nn6 28500000 28599999 157
nn6 28600000 28699999 42
nn6 28700000 28799999 385
nn6 28800000 28899999 123
nn6 28900000 28999999 130
nn6 29000000 29099999 85
nn6 29100000 29199999 65
nn6 29200000 29299999 41
nn6 29300000 29399999 545
nn6 29400000 29499999 236
nn6 29500000 29599999 160
nn6 29600000 29699999 179
nn6 29700000 29799999 155
nn6 29800000 29899999 313
nn6 29900000 29999999 348
nn6 30000000 30099999 143
nn6 30100000 30199999 520
nn6 30200000 30299999 498
nn6 30300000 30399999 132
nn6 30400000 30499999 19
nn6 30500000 30599999 0
nn6 30600000 30699999 0
nn6 30700000 30799999 286
nn6 30800000 30899999 217
nn6 30900000 30999999 103
nn6 31000000 31099999 156
nn6 31100000 31199999 41
nn6 31200000 31299999 58
nn6 31300000 31399999 148
nn6 31400000 31499999 415
nn6 31500000 31599999 116
nn6 31600000 31699999 131
nn6 31700000 31799999 85
nn6 31800000 31899999 108
nn6 31900000 31999999 98
nn6 32000000 32099999 339
nn6 32100000 32199999 118
nn6 32200000 32299999 177
nn6 32300000 32399999 88
nn6 32400000 32499999 125
nn6 32500000 32599999 289
nn6 32600000 32699999 27
nn6 32700000 32799999 244
nn6 32800000 32899999 505
nn6 32900000 32999999 434
nn6 33000000 33099999 193
nn6 33100000 33199999 99
nn6 33200000 33299999 88
nn6 33300000 33399999 203
nn6 33400000 33499999 144
nn6 33500000 33599999 31
nn6 33600000 33699999 336
nn6 33700000 33799999 239
nn6 33800000 33899999 199
nn6 33900000 33999999 116
nn6 34000000 34099999 45
nn6 34100000 34199999 138
nn6 34200000 34299999 610
nn6 34300000 34399999 456
nn6 34400000 34499999 51
nn6 34500000 34599999 163
nn6 34600000 34699999 880
nn6 34700000 34799999 760
nn6 34800000 34899999 229
nn6 34900000 34999999 373
nn6 35000000 35099999 519
nn6 35100000 35199999 93
nn6 35200000 35299999 1196
nn6 35300000 35399999 279
nn6 35400000 35499999 1018
nn6 35500000 35599999 1767
nn6 35600000 35699999 1774
nn6 35700000 35799999 892
nn6 35800000 35899999 1008
nn6 35900000 35999999 360
nn6 36000000 36099999 1657
nn6 36100000 36199999 1914
nn6 36200000 36299999 1150
nn6 36300000 36399999 3118
nn6 36400000 36499999 3738
nn6 36500000 36599999 1228
nn6 36600000 36699999 2065
nn6 36700000 36750195 2458
nn7 0 99999 220
nn7 100000 199999 216
nn7 200000 299999 106
nn7 300000 399999 14977
nn7 400000 499999 995
nn7 500000 599999 1973
nn7 600000 699999 394
nn7 700000 799999 110
nn7 800000 899999 283
nn7 900000 999999 674
nn7 1000000 1099999 1282
nn7 1100000 1199999 1435
nn7 1200000 1299999 1545
nn7 1300000 1399999 712
nn7 1400000 1499999 817
nn7 1500000 1599999 1111
nn7 1600000 1699999 1294
nn7 1700000 1799999 791
nn7 1800000 1899999 791
nn7 1900000 1999999 859
nn7 2000000 2099999 58
nn7 2100000 2199999 289
nn7 2200000 2299999 1189
nn7 2300000 2399999 1038
nn7 2400000 2499999 678
nn7 2500000 2599999 362
nn7 2600000 2699999 379
nn7 2700000 2799999 691
nn7 2800000 2899999 282
nn7 2900000 2999999 291
nn7 3000000 3099999 239
nn7 3100000 3199999 29
nn7 3200000 3299999 201
nn7 3300000 3399999 159
nn7 3400000 3499999 255
nn7 3500000 3599999 272
nn7 3600000 3699999 231
nn7 3700000 3799999 275
nn7 3800000 3899999 277
nn7 3900000 3999999 1729
nn7 4000000 4099999 389
nn7 4100000 4199999 105
nn7 4200000 4299999 381
nn7 4300000 4399999 718
nn7 4400000 4499999 110
nn7 4500000 4599999 58
nn7 4600000 4699999 241
nn7 4700000 4799999 226
nn7 4800000 4899999 108
nn7 4900000 4999999 144
nn7 5000000 5099999 125
nn7 5100000 5199999 59
nn7 5200000 5299999 49
nn7 5300000 5399999 29
nn7 5400000 5499999 23
nn7 5500000 5599999 303
nn7 5600000 5699999 205
nn7 5700000 5799999 95
nn7 5800000 5899999 478
nn7 5900000 5999999 206
nn7 6000000 6099999 131
nn7 6100000 6199999 213
nn7 6200000 6299999 110
nn7 6300000 6399999 617
nn7 6400000 6499999 263
nn7 6500000 6599999 197
nn7 6600000 6699999 138
nn7 6700000 6799999 210
nn7 6800000 6899999 191
nn7 6900000 6999999 271
nn7 7000000 7099999 96
nn7 7100000 7199999 107
nn7 7200000 7299999 130
nn7 7300000 7399999 173
nn7 7400000 7499999 99
nn7 7500000 7599999 272
nn7 7600000 7699999 155
nn7 7700000 7799999 225
nn7 7800000 7899999 189
nn7 7900000 7999999 89
nn7 8000000 8099999 69
nn7 8100000 8199999 2078
nn7 8200000 8299999 25
nn7 8300000 8399999 61
nn7 8400000 8499999 142
nn7 8500000 8599999 240
nn7 8600000 8699999 188
nn7 8700000 8799999 275
nn7 8800000 8899999 1606
nn7 8900000 8999999 1023
nn7 9000000 9099999 448
nn7 9100000 9199999 355
nn7 9200000 9299999 1172
nn7 9300000 9399999 363
nn7 9400000 9499999 579
nn7 9500000 9599999 730
nn7 9600000 9699999 455
nn7 9700000 9799999 40
nn7 9800000 9899999 111
nn7 9900000 9999999 89
nn7 10000000 10099999 402
nn7 10100000 10199999 226
nn7 10200000 10299999 0
nn7 10300000 10399999 527
nn7 10400000 10499999 66
nn7 10500000 10599999 121
nn7 10600000 10699999 458
nn7 10700000 10799999 205
nn7 10800000 10899999 251
nn7 10900000 10999999 249
nn7 11000000 11099999 209
nn7 11100000 11199999 349
nn7 11200000 11299999 507
nn7 11300000 11399999 72
nn7 11400000 11499999 249
nn7 11500000 11599999 519
nn7 11600000 11699999 370
nn7 11700000 11799999 397
nn7 11800000 11899999 239
nn7 11900000 11999999 1009
nn7 12000000 12099999 240
nn7 12100000 12199999 343
nn7 12200000 12299999 392
nn7 12300000 12399999 45
nn7 12400000 12499999 125
nn7 12500000 12599999 0
nn7 12600000 12699999 23
nn7 12700000 12799999 74
nn7 12800000 12899999 202
nn7 12900000 12999999 18
nn7 13000000 13099999 106
nn7 13100000 13199999 95
nn7 13200000 13299999 73
nn7 13300000 13399999 62
nn7 13400000 13499999 56
nn7 13500000 13599999 196
nn7 13600000 13699999 68
nn7 13700000 13799999 226
nn7 13800000 13899999 397
nn7 13900000 13999999 160
nn7 14000000 14099999 518
nn7 14100000 14199999 877
nn7 14200000 14299999 938
nn7 14300000 14399999 272
nn7 14400000 14499999 344
nn7 14500000 14599999 119
nn7 14600000 14699999 377
nn7 14700000 14799999 103
nn7 14800000 14899999 3693
nn7 14900000 14999999 3896
nn7 15000000 15099999 3046
nn7 15100000 15199999 4109
nn7 15200000 15299999 1718
nn7 15300000 15399999 4479
nn7 15400000 15499999 5078
nn7 15500000 15599999 1546
nn7 15600000 15699999 451
nn7 15700000 15799999 192
nn7 15800000 15899999 538
nn7 15900000 15999999 504
nn7 16000000 16099999 86
nn7 16100000 16199999 321
nn7 16200000 16299999 447
nn7 16300000 16399999 42
nn7 16400000 16499999 131
nn7 16500000 16599999 65
nn7 16600000 16699999 28
nn7 16700000 16799999 173
nn7 16800000 16899999 153
nn7 16900000 16999999 131
nn7 17000000 17099999 232
nn7 17100000 17199999 209
nn7 17200000 17299999 66
nn7 17300000 17399999 85
nn7 17400000 17499999 186
nn7 17500000 17599999 153
nn7 17600000 17699999 71
nn7 17700000 17799999 196
nn7 17800000 17899999 233
nn7 17900000 17999999 158
nn7 18000000 18099999 100
nn7 18100000 18199999 237
nn7 18200000 18299999 186
nn7 18300000 18399999 211
nn7 18400000 18499999 95
nn7 18500000 18599999 424
nn7 18600000 18699999 62
nn7 18700000 18799999 47
nn7 18800000 18899999 218
nn7 18900000 18999999 424
nn7 19000000 19099999 378
nn7 19100000 19199999 122
nn7 19200000 19299999 42
nn7 19300000 19399999 860
nn7 19400000 19499999 451
nn7 19500000 19599999 137
nn7 19600000 19699999 363
nn7 19700000 19799999 1183
nn7 19800000 19899999 369
nn7 19900000 19999999 245
nn7 20000000 20099999 106
nn7 20100000 20199999 167
nn7 20200000 20299999 413
nn7 20300000 20399999 243
nn7 20400000 20499999 99
nn7 20500000 20599999 397
nn7 20600000 20699999 841
nn7 20700000 20799999 696
nn7 20800000 20899999 409
nn7 20900000 20999999 287
nn7 21000000 21099999 82
nn7 21100000 21199999 156
nn7 21200000 21299999 1610
nn7 21300000 21399999 2727
nn7 21400000 21499999 126
nn7 21500000 21599999 282
nn7 21600000 21699999 2143
nn7 21700000 21799999 175
nn7 21800000 21899999 585
nn7 21900000 21999999 48
nn7 22000000 22099999 369
nn7 22100000 22199999 199
nn7 22200000 22299999 118
nn7 22300000 22399999 20
nn7 22400000 22499999 214
nn7 22500000 22599999 34
nn7 22600000 22699999 173
nn7 22700000 22799999 204
nn7 22800000 22899999 189
nn7 22900000 22999999 69
nn7 23000000 23099999 450
nn7 23100000 23199999 133
nn7 23200000 23299999 70
nn7 23300000 23399999 631
nn7 23400000 23499999 186
nn7 23500000 23599999 66
nn7 23600000 23699999 61
nn7 23700000 23799999 134
nn7 23800000 23899999 500
nn7 23900000 23999999 323
nn7 24000000 24099999 468
nn7 24100000 24199999 146
nn7 24200000 24299999 76
nn7 24300000 24399999 294
nn7 24400000 24499999 108
nn7 24500000 24599999 479
nn7 24600000 24699999 104
nn7 24700000 24799999 42
nn7 24800000 24899999 378
nn7 24900000 24999999 1131
nn7 25000000 25099999 595
nn7 25100000 25199999 300
nn7 25200000 25299999 271
nn7 25300000 25399999 390
nn7 25400000 25499999 689
nn7 25500000 25599999 333
nn7 25600000 25699999 321
nn7 25700000 25799999 411
nn7 25800000 25899999 617
nn7 25900000 25999999 368
nn7 26000000 26099999 384
nn7 26100000 26199999 292
nn7 26200000 26299999 195
nn7 26300000 26399999 541
nn7 26400000 26499999 128
nn7 26500000 26599999 214
nn7 26600000 26699999 199
nn7 26700000 26799999 756
nn7 26800000 26899999 228
nn7 26900000 26999999 399
nn7 27000000 27099999 372
nn7 27100000 27199999 234
nn7 27200000 27299999 247
nn7 27300000 27399999 232
nn7 27400000 27499999 572
nn7 27500000 27599999 183
nn7 27600000 27699999 278
nn7 27700000 27799999 94
nn7 27800000 27899999 292
nn7 27900000 27999999 111
nn7 28000000 28099999 279
nn7 28100000 28199999 16
nn7 28200000 28299999 64
nn7 28300000 28399999 120
nn7 28400000 28499999 22
nn7 28500000 28599999 16
nn7 28600000 28699999 101
nn7 28700000 28799999 15
nn7 28800000 28899999 62
nn7 28900000 28999999 101
nn7 29000000 29099999 19
nn7 29100000 29199999 21
nn7 29200000 29299999 522
nn7 29300000 29399999 393
nn7 29400000 29499999 409
nn7 29500000 29599999 318
nn7 29600000 29699999 191
nn7 29700000 29799999 939
nn7 29800000 29899999 199
nn7 29900000 29999999 191
nn7 30000000 30099999 334
nn7 30100000 30199999 61
nn7 30200000 30299999 80
nn7 30300000 30399999 65
nn7 30400000 30499999 0
nn7 30500000 30599999 148
nn7 30600000 30699999 243
nn7 30700000 30799999 51
nn7 30800000 30899999 86
nn7 30900000 30999999 47
nn7 31000000 31099999 273
nn7 31100000 31199999 269
nn7 31200000 31299999 91
nn7 31300000 31399999 38
nn7 31400000 31499999 60
nn7 31500000 31599999 166
nn7 31600000 31699999 116
nn7 31700000 31799999 205
nn7 31800000 31899999 58
nn7 31900000 31999999 196
nn7 32000000 32099999 429
nn7 32100000 32199999 169
nn7 32200000 32299999 322
nn7 32300000 32399999 212
nn7 32400000 32499999 215
nn7 32500000 32599999 336
nn7 32600000 32699999 119
nn7 32700000 32799999 177
nn7 32800000 32899999 310
nn7 32900000 32999999 100
nn7 33000000 33099999 114
nn7 33100000 33199999 322
nn7 33200000 33299999 227
nn7 33300000 33399999 368
nn7 33400000 33499999 276
nn7 33500000 33599999 626
nn7 33600000 33699999 36
nn7 33700000 33799999 83
nn7 33800000 33899999 129
nn7 33900000 33999999 513
nn7 34000000 34099999 131
nn7 34100000 34199999 181
nn7 34200000 34299999 495
nn7 34300000 34399999 602
nn7 34400000 34499999 296
nn7 34500000 34599999 517
nn7 34600000 34699999 809
nn7 34700000 34799999 324
nn7 34800000 34899999 320
nn7 34900000 34999999 1531
nn7 35000000 35099999 403
nn7 35100000 35199999 303
nn7 35200000 35299999 348
nn7 35300000 35399999 111
nn7 35400000 35499999 442
nn7 35500000 35599999 816
nn7 35600000 35699999 142
nn7 35700000 35799999 178
nn7 35800000 35899999 883
nn7 35900000 35999999 682
nn7 36000000 36099999 448
nn7 36100000 36199999 369
nn7 36200000 36299999 723
nn7 36300000 36399999 500
nn7 36400000 36499999 2102
nn7 36500000 36599999 1355
nn7 36600000 36699999 1015
nn7 36700000 36799999 817
nn7 36800000 36899999 147
nn7 36900000 36999999 343
nn7 37000000 37099999 219
nn7 37100000 37199999 1753
nn7 37200000 37299999 1002
nn7 37300000 37399999 912
nn7 37400000 37499999 1416
nn7 37500000 37599999 1644
nn7 37600000 37699999 2016
nn7 37700000 37799999 3394
nn7 37800000 37899999 1951
nn7 37900000 37999999 1344
nn7 38000000 38099999 2290
nn7 38100000 38130504 243
nn8 0 99999 1464
nn8 100000 199999 294
nn8 200000 299999 225
nn8 300000 399999 160
nn8 400000 499999 52
nn8 500000 599999 71
nn8 600000 699999 311
nn8 700000 799999 161
nn8 800000 899999 284
nn8 900000 999999 243
nn8 1000000 1099999 581
nn8 1100000 1199999 432
nn8 1200000 1299999 109
nn8 1300000 1399999 228
nn8 1400000 1499999 378
nn8 1500000 1599999 143
nn8 1600000 1699999 420
nn8 1700000 1799999 137
nn8 1800000 1899999 471
nn8 1900000 1999999 118
nn8 2000000 2099999 359
nn8 2100000 2199999 884
nn8 2200000 2299999 776
nn8 2300000 2399999 71
nn8 2400000 2499999 378
nn8 2500000 2599999 315
nn8 2600000 2699999 376
nn8 2700000 2799999 1151
nn8 2800000 2899999 362
nn8 2900000 2999999 492
nn8 3000000 3099999 1113
nn8 3100000 3199999 803
nn8 3200000 3299999 684
nn8 3300000 3399999 167
nn8 3400000 3499999 236
nn8 3500000 3599999 1315
nn8 3600000 3699999 256
nn8 3700000 3799999 1000
nn8 3800000 3899999 1582
nn8 3900000 3999999 1406
nn8 4000000 4099999 415
nn8 4100000 4199999 464
nn8 4200000 4299999 106
nn8 4300000 4399999 649
nn8 4400000 4499999 565
nn8 4500000 4599999 435
nn8 4600000 4699999 2351
nn8 4700000 4799999 1445
nn8 4800000 4899999 2604
nn8 4900000 4999999 1080
nn8 5000000 5099999 1079
nn8 5100000 5199999 468
nn8 5200000 5299999 1814
nn8 5300000 5399999 2120
nn8 5400000 5499999 1376
nn8 5500000 5599999 325
nn8 5600000 5699999 373
nn8 5700000 5799999 966
nn8 5800000 5899999 631
nn8 5900000 5999999 668
nn8 6000000 6099999 243
nn8 6100000 6199999 562
nn8 6200000 6299999 310
nn8 6300000 6399999 2089
nn8 6400000 6499999 727
nn8 6500000 6599999 557
nn8 6600000 6699999 1260
nn8 6700000 6799999 1264
nn8 6800000 6899999 1485
nn8 6900000 6999999 699
nn8 7000000 7099999 51
nn8 7100000 7199999 529
nn8 7200000 7299999 112
nn8 7300000 7399999 54
nn8 7400000 7499999 71
nn8 7500000 7599999 171
nn8 7600000 7699999 87
nn8 7700000 7799999 82
nn8 7800000 7899999 63
nn8 7900000 7999999 131
nn8 8000000 8099999 133
nn8 8100000 8199999 152
nn8 8200000 8299999 224
nn8 8300000 8399999 126
nn8 8400000 8499999 970
nn8 8500000 8599999 317
nn8 8600000 8699999 108
nn8 8700000 8799999 23
nn8 8800000 8899999 314
nn8 8900000 8999999 118
nn8 9000000 9099999 1592
nn8 9100000 9199999 564
nn8 9200000 9299999 317
nn8 9300000 9399999 295
nn8 9400000 9499999 386
nn8 9500000 9599999 194
nn8 9600000 9699999 310
nn8 9700000 9799999 70
nn8 9800000 9899999 52
nn8 9900000 9999999 263
nn8 10000000 10099999 105
nn8 10100000 10199999 58
nn8 10200000 10299999 169
nn8 10300000 10399999 68
nn8 10400000 10499999 42
nn8 10500000 10599999 65
nn8 10600000 10699999 103
nn8 10700000 10799999 117
nn8 10800000 10899999 546
nn8 10900000 10999999 212
nn8 11000000 11099999 23
nn8 11100000 11199999 102
nn8 11200000 11299999 102
nn8 11300000 11399999 24
nn8 11400000 11499999 178
nn8 11500000 11599999 458
nn8 11600000 11699999 137
nn8 11700000 11799999 276
nn8 11800000 11899999 198
nn8 11900000 11999999 125
nn8 12000000 12099999 268
nn8 12100000 12199999 271
nn8 12200000 12299999 794
nn8 12300000 12399999 125
nn8 12400000 12499999 20
nn8 12500000 12599999 0
nn8 12600000 12699999 66
nn8 12700000 12799999 244
nn8 12800000 12899999 194
nn8 12900000 12999999 106
nn8 13000000 13099999 437
nn8 13100000 13199999 418
nn8 13200000 13299999 232
nn8 13300000 13399999 465
nn8 13400000 13499999 325
nn8 13500000 13599999 148
nn8 13600000 13699999 677
nn8 13700000 13799999 541
nn8 13800000 13899999 542
nn8 13900000 13999999 243
nn8 14000000 14099999 262
nn8 14100000 14199999 130
nn8 14200000 14299999 261
nn8 14300000 14399999 841
nn8 14400000 14499999 1177
nn8 14500000 14599999 176
nn8 14600000 14699999 256
nn8 14700000 14799999 595
nn8 14800000 14899999 215
nn8 14900000 14999999 421
nn8 15000000 15099999 71
nn8 15100000 15199999 104
nn8 15200000 15299999 106
nn8 15300000 15399999 105
nn8 15400000 15499999 968
nn8 15500000 15599999 420
nn8 15600000 15699999 197
nn8 15700000 15799999 230
nn8 15800000 15899999 206
nn8 15900000 15999999 382
nn8 16000000 16099999 690
nn8 16100000 16199999 457
nn8 16200000 16299999 230
nn8 16300000 16399999 401
nn8 16400000 16499999 287
nn8 16500000 16599999 185
nn8 16600000 16699999 50
nn8 16700000 16799999 119
nn8 16800000 16899999 66
nn8 16900000 16999999 84
nn8 17000000 17099999 149
nn8 17100000 17199999 172
nn8 17200000 17299999 475
nn8 17300000 17399999 51
nn8 17400000 17499999 169
nn8 17500000 17599999 120
nn8 17600000 17699999 78
nn8 17700000 17799999 17
nn8 17800000 17899999 24
nn8 17900000 17999999 81
nn8 18000000 18099999 117
nn8 18100000 18199999 53
nn8 18200000 18299999 147
nn8 18300000 18399999 85
nn8 18400000 18499999 145
nn8 18500000 18599999 504
nn8 18600000 18699999 465
nn8 18700000 18799999 103
nn8 18800000 18899999 70
nn8 18900000 18999999 119
nn8 19000000 19099999 68
nn8 19100000 19199999 75
nn8 19200000 19299999 364
nn8 19300000 19399999 1161
nn8 19400000 19499999 1120
nn8 19500000 19599999 334
nn8 19600000 19699999 267
nn8 19700000 19799999 471
nn8 19800000 19899999 589
nn8 19900000 19999999 1048
nn8 20000000 20099999 2539
nn8 20100000 20199999 1555
nn8 20200000 20299999 2615
nn8 20300000 20399999 1750
nn8 20400000 20499999 2553
nn8 20500000 20599999 844
nn8 20600000 20699999 1892
nn8 20700000 20799999 380
nn8 20800000 20899999 1077
nn8 20900000 20999999 280
nn8 21000000 21099999 460
nn8 21100000 21199999 1917
nn8 21200000 21299999 649
nn8 21300000 21399999 1057
nn8 21400000 21499999 862
nn8 21500000 21599999 1335
nn8 21600000 21699999 1742
nn8 21700000 21799999 398
nn8 21800000 21899999 343
nn8 21900000 21999999 276
nn8 22000000 22099999 134
nn8 22100000 22199999 385
nn8 22200000 22299999 154
nn8 22300000 22399999 256
nn8 22400000 22499999 206
nn8 22500000 22599999 209
nn8 22600000 22699999 398
nn8 22700000 22799999 263
nn8 22800000 22899999 38
nn8 22900000 22999999 43
nn8 23000000 23099999 104
nn8 23100000 23199999 57
nn8 23200000 23299999 422
nn8 23300000 23399999 212
nn8 23400000 23499999 843
nn8 23500000 23599999 75
nn8 23600000 23699999 1083
nn8 23700000 23799999 264
nn8 23800000 23899999 481
nn8 23900000 23999999 659
nn8 24000000 24099999 344
nn8 24100000 24199999 406
nn8 24200000 24299999 287
nn8 24300000 24399999 302
nn8 24400000 24499999 221
nn8 24500000 24599999 327
nn8 24600000 24699999 281
nn8 24700000 24799999 246
nn8 24800000 24899999 632
nn8 24900000 24999999 2212
nn8 25000000 25099999 1374
nn8 25100000 25199999 362
nn8 25200000 25299999 249
nn8 25300000 25399999 335
nn8 25400000 25499999 236
nn8 25500000 25599999 681
nn8 25600000 25699999 147
nn8 25700000 25799999 161
nn8 25800000 25899999 309
nn8 25900000 25999999 545
nn8 26000000 26099999 251
nn8 26100000 26199999 405
nn8 26200000 26299999 76
nn8 26300000 26399999 74
nn8 26400000 26499999 586
nn8 26500000 26599999 541
nn8 26600000 26699999 247
nn8 26700000 26799999 148
nn8 26800000 26899999 1594
nn8 26900000 26999999 396
nn8 27000000 27099999 669
nn8 27100000 27199999 323
nn8 27200000 27299999 918
nn8 27300000 27399999 346
nn8 27400000 27499999 326
nn8 27500000 27599999 1077
nn8 27600000 27699999 568
nn8 27700000 27799999 359
nn8 27800000 27899999 677
nn8 27900000 27999999 281
nn8 28000000 28099999 1268
nn8 28100000 28199999 539
nn8 28200000 28299999 1003
nn8 28300000 28399999 2203
nn8 28400000 28499999 1586
nn8 28500000 28599999 1592
nn8 28600000 28699999 872
nn8 28700000 28799999 450
nn8 28800000 28899999 577
nn8 28900000 28999999 1031
nn8 29000000 29099999 835
nn8 29100000 29199999 784
nn8 29200000 29299999 1159
nn8 29300000 29399999 427
nn8 29400000 29499999 532
nn8 29500000 29599999 517
nn8 29600000 29699999 1465
nn8 29700000 29734179 530
nn9 0 99999 12757
nn9 100000 199999 274
nn9 200000 299999 612
nn9 300000 399999 332
nn9 400000 499999 1438
nn9 500000 599999 264
nn9 600000 699999 993
nn9 700000 799999 1628
nn9 800000 899999 307
nn9 900000 999999 446
nn9 1000000 1099999 433
nn9 1100000 1199999 700
nn9 1200000 1299999 596
nn9 1300000 1399999 733
nn9 1400000 1499999 1060
nn9 1500000 1599999 1163
nn9 1600000 1699999 625
nn9 1700000 1799999 624
nn9 1800000 1899999 1981
nn9 1900000 1999999 477
nn9 2000000 2099999 199
nn9 2100000 2199999 708
nn9 2200000 2299999 169
nn9 2300000 2399999 104
nn9 2400000 2499999 84
nn9 2500000 2599999 62
nn9 2600000 2699999 143
nn9 2700000 2799999 45
nn9 2800000 2899999 124
nn9 2900000 2999999 24
nn9 3000000 3099999 748
nn9 3100000 3199999 57
nn9 3200000 3299999 39
nn9 3300000 3399999 76
nn9 3400000 3499999 100
nn9 3500000 3599999 160
nn9 3600000 3699999 402
nn9 3700000 3799999 334
nn9 3800000 3899999 250
nn9 3900000 3999999 1086
nn9 4000000 4099999 200
nn9 4100000 4199999 1293
nn9 4200000 4299999 206
nn9 4300000 4399999 999
nn9 4400000 4499999 905
nn9 4500000 4599999 698
nn9 4600000 4699999 1196
nn9 4700000 4799999 278
nn9 4800000 4899999 297
nn9 4900000 4999999 107
nn9 5000000 5099999 442
nn9 5100000 5199999 368
nn9 5200000 5299999 73
nn9 5300000 5399999 66
nn9 5400000 5499999 190
nn9 5500000 5599999 120
nn9 5600000 5699999 63
nn9 5700000 5799999 58
nn9 5800000 5899999 64
nn9 5900000 5999999 63
nn9 6000000 6099999 72
nn9 6100000 6199999 67
nn9 6200000 6299999 921
nn9 6300000 6399999 388
nn9 6400000 6499999 249
nn9 6500000 6599999 287
nn9 6600000 6699999 728
nn9 6700000 6799999 356
nn9 6800000 6899999 246
nn9 6900000 6999999 124
nn9 7000000 7099999 476
nn9 7100000 7199999 143
nn9 7200000 7299999 553
nn9 7300000 7399999 1475
nn9 7400000 7499999 74
nn9 7500000 7599999 184
nn9 7600000 7699999 221
nn9 7700000 7799999 444
nn9 7800000 7899999 330
nn9 7900000 7999999 370
nn9 8000000 8099999 308
nn9 8100000 8199999 2186
nn9 8200000 8299999 7284
nn9 8300000 8399999 3601
nn9 8400000 8499999 572
nn9 8500000 8599999 2095
nn9 8600000 8699999 1695
nn9 8700000 8799999 600
nn9 8800000 8899999 2500
nn9 8900000 8999999 965
nn9 9000000 9099999 413
nn9 9100000 9199999 1451
nn9 9200000 9299999 3328
nn9 9300000 9399999 1341
nn9 9400000 9499999 1189
nn9 9500000 9599999 603
nn9 9600000 9699999 407
nn9 9700000 9799999 312
nn9 9800000 9899999 541
nn9 9900000 9999999 426
nn9 10000000 10099999 313
nn9 10100000 10199999 408
nn9 10200000 10299999 699
nn9 10300000 10399999 185
nn9 10400000 10499999 270
nn9 10500000 10599999 243
nn9 10600000 10699999 269
nn9 10700000 10799999 572
nn9 10800000 10899999 535
nn9 10900000 10999999 415
nn9 11000000 11099999 683
nn9 11100000 11199999 215
nn9 11200000 11299999 1835
nn9 11300000 11399999 529
nn9 11400000 11499999 455
nn9 11500000 11599999 561
nn9 11600000 11699999 92
nn9 11700000 11799999 110
nn9 11800000 11899999 274
nn9 11900000 11999999 156
nn9 12000000 12099999 143
nn9 12100000 12199999 190
nn9 12200000 12299999 1305
nn9 12300000 12399999 1242
nn9 12400000 12499999 87
nn9 12500000 12599999 126
nn9 12600000 12699999 352
nn9 12700000 12799999 180
nn9 12800000 12899999 108
nn9 12900000 12999999 186
nn9 13000000 13099999 97
nn9 13100000 13199999 26
nn9 13200000 13299999 284
nn9 13300000 13399999 16
nn9 13400000 13499999 110
nn9 13500000 13599999 534
nn9 13600000 13699999 265
nn9 13700000 13799999 221
nn9 13800000 13899999 446
nn9 13900000 13999999 278
nn9 14000000 14099999 758
nn9 14100000 14199999 259
nn9 14200000 14299999 110
nn9 14300000 14399999 135
nn9 14400000 14499999 131
nn9 14500000 14599999 183
nn9 14600000 14699999 171
nn9 14700000 14799999 476
nn9 14800000 14899999 204
nn9 14900000 14999999 446
nn9 15000000 15099999 85
nn9 15100000 15199999 236
nn9 15200000 15299999 258
nn9 15300000 15399999 129
nn9 15400000 15499999 182
nn9 15500000 15599999 332
nn9 15600000 15699999 152
nn9 15700000 15799999 350
nn9 15800000 15899999 347
nn9 15900000 15999999 333
nn9 16000000 16099999 203
nn9 16100000 16199999 530
nn9 16200000 16299999 1330
nn9 16300000 16399999 180
nn9 16400000 16499999 460
nn9 16500000 16599999 265
nn9 16600000 16699999 142
nn9 16700000 16799999 214
nn9 16800000 16899999 61
nn9 16900000 16999999 55
nn9 17000000 17099999 0
nn9 17100000 17199999 147
nn9 17200000 17299999 34
nn9 17300000 17399999 380
nn9 17400000 17499999 157
nn9 17500000 17599999 162
nn9 17600000 17699999 147
nn9 17700000 17799999 24
nn9 17800000 17899999 74
nn9 17900000 17999999 71
nn9 18000000 18099999 100
nn9 18100000 18199999 292
nn9 18200000 18299999 90
nn9 18300000 18399999 117
nn9 18400000 18499999 123
nn9 18500000 18599999 1247
nn9 18600000 18699999 530
nn9 18700000 18799999 670
nn9 18800000 18899999 325
nn9 18900000 18999999 1057
nn9 19000000 19099999 2920
nn9 19100000 19199999 475
nn9 19200000 19299999 792
nn9 19300000 19399999 2855
nn9 19400000 19499999 816
nn9 19500000 19599999 1136
nn9 19600000 19699999 905
nn9 19700000 19799999 1977
nn9 19800000 19899999 1540
nn9 19900000 19999999 1582
nn9 20000000 20099999 1073
nn9 20100000 20199999 702
nn9 20200000 20299999 672
nn9 20300000 20399999 1122
nn9 20400000 20499999 992
nn9 20500000 20599999 643
nn9 20600000 20699999 440
nn9 20700000 20799999 115
nn9 20800000 20899999 713
nn9 20900000 20999999 149
nn9 21000000 21099999 458
nn9 21100000 21199999 1579
nn9 21200000 21299999 967
nn9 21300000 21399999 569
nn9 21400000 21499999 1621
nn9 21500000 21599999 251
nn9 21600000 21699999 621
nn9 21700000 21799999 302
nn9 21800000 21899999 324
nn9 21900000 21999999 366
nn9 22000000 22099999 168
nn9 22100000 22199999 190
nn9 22200000 22299999 211
nn9 22300000 22399999 148
nn9 22400000 22499999 404
nn9 22500000 22599999 154
nn9 22600000 22699999 214
nn9 22700000 22799999 562
nn9 22800000 22899999 901
nn9 22900000 22999999 278
nn9 23000000 23099999 267
nn9 23100000 23199999 38
nn9 23200000 23299999 162
nn9 23300000 23399999 70
nn9 23400000 23499999 102
nn9 23500000 23599999 3896
nn9 23600000 23699999 5418
nn9 23700000 23799999 114
nn9 23800000 23899999 76
nn9 23900000 23999999 0
nn9 24000000 24099999 176
nn9 24100000 24199999 158
nn9 24200000 24299999 1078
nn9 24300000 24360532 506
nn10 0 99999 6805
nn10 100000 199999 442
nn10 200000 299999 2088
nn10 300000 399999 4742
nn10 400000 499999 4894
nn10 500000 599999 2264
nn10 600000 699999 653
nn10 700000 799999 737
nn10 800000 899999 1623
nn10 900000 999999 3385
nn10 1000000 1099999 1592
nn10 1100000 1199999 1812
nn10 1200000 1299999 2303
nn10 1300000 1399999 2007
nn10 1400000 1499999 496
nn10 1500000 1599999 376
nn10 1600000 1699999 653
nn10 1700000 1799999 1626
nn10 1800000 1899999 965
nn10 1900000 1999999 539
nn10 2000000 2099999 96
nn10 2100000 2199999 182
nn10 2200000 2299999 447
nn10 2300000 2399999 117
nn10 2400000 2499999 592
nn10 2500000 2599999 944
nn10 2600000 2699999 1374
nn10 2700000 2799999 1139
nn10 2800000 2899999 1227
nn10 2900000 2999999 410
nn10 3000000 3099999 423
nn10 3100000 3199999 252
nn10 3200000 3299999 107
nn10 3300000 3399999 173
nn10 3400000 3499999 511
nn10 3500000 3599999 284
nn10 3600000 3699999 860
nn10 3700000 3799999 382
nn10 3800000 3899999 179
nn10 3900000 3999999 149
nn10 4000000 4099999 408
nn10 4100000 4199999 200
nn10 4200000 4299999 76
nn10 4300000 4399999 99
nn10 4400000 4499999 79
nn10 4500000 4599999 2253
nn10 4600000 4699999 1626
nn10 4700000 4799999 181
nn10 4800000 4899999 204
nn10 4900000 4999999 403
nn10 5000000 5099999 328
nn10 5100000 5199999 555
nn10 5200000 5299999 356
nn10 5300000 5399999 760
nn10 5400000 5499999 132
nn10 5500000 5599999 526
nn10 5600000 5699999 324
nn10 5700000 5799999 1566
nn10 5800000 5899999 484
nn10 5900000 5999999 686
nn10 6000000 6099999 397
nn10 6100000 6199999 305
nn10 6200000 6299999 609
nn10 6300000 6399999 156
nn10 6400000 6499999 510
nn10 6500000 6599999 82
nn10 6600000 6699999 105
nn10 6700000 6799999 86
nn10 6800000 6899999 188
nn10 6900000 6999999 221
nn10 7000000 7099999 653
nn10 7100000 7199999 630
nn10 7200000 7299999 1078
nn10 7300000 7399999 1131
nn10 7400000 7499999 1286
nn10 7500000 7599999 3850
nn10 7600000 7699999 927
nn10 7700000 7799999 327
nn10 7800000 7899999 494
nn10 7900000 7999999 251
nn10 8000000 8099999 305
nn10 8100000 8199999 618
nn10 8200000 8299999 588
nn10 8300000 8399999 167
nn10 8400000 8499999 35
nn10 8500000 8599999 215
nn10 8600000 8699999 607
nn10 8700000 8799999 73
nn10 8800000 8899999 73
nn10 8900000 8999999 241
nn10 9000000 9099999 89
nn10 9100000 9199999 484
nn10 9200000 9299999 485
nn10 9300000 9399999 541
nn10 9400000 9499999 99
nn10 9500000 9599999 395
nn10 9600000 9699999 633
nn10 9700000 9799999 489
nn10 9800000 9899999 150
nn10 9900000 9999999 41
nn10 10000000 10099999 554
nn10 10100000 10199999 486
nn10 10200000 10299999 134
nn10 10300000 10399999 290
nn10 10400000 10499999 243
nn10 10500000 10599999 438
nn10 10600000 10699999 182
nn10 10700000 10799999 359
nn10 10800000 10899999 36
nn10 10900000 10999999 33
nn10 11000000 11099999 48
nn10 11100000 11199999 249
nn10 11200000 11299999 187
nn10 11300000 11399999 244
nn10 11400000 11499999 557
nn10 11500000 11599999 485
nn10 11600000 11699999 315
nn10 11700000 11799999 851
nn10 11800000 11899999 1928
nn10 11900000 11999999 183
nn10 12000000 12099999 32
nn10 12100000 12199999 147
nn10 12200000 12299999 34
nn10 12300000 12399999 111
nn10 12400000 12499999 168
nn10 12500000 12599999 552
nn10 12600000 12699999 475
nn10 12700000 12799999 565
nn10 12800000 12899999 202
nn10 12900000 12999999 757
nn10 13000000 13099999 388
nn10 13100000 13199999 132
nn10 13200000 13299999 236
nn10 13300000 13399999 305
nn10 13400000 13499999 157
nn10 13500000 13599999 332
nn10 13600000 13699999 339
nn10 13700000 13799999 417
nn10 13800000 13899999 238
nn10 13900000 13999999 131
nn10 14000000 14099999 54
nn10 14100000 14199999 162
nn10 14200000 14299999 437
nn10 14300000 14399999 436
nn10 14400000 14499999 319
nn10 14500000 14599999 183
nn10 14600000 14699999 48
nn10 14700000 14799999 691
nn10 14800000 14899999 175
nn10 14900000 14999999 137
nn10 15000000 15099999 205
nn10 15100000 15199999 365
nn10 15200000 15299999 1238
nn10 15300000 15399999 79
nn10 15400000 15499999 314
nn10 15500000 15599999 317
nn10 15600000 15699999 43
nn10 15700000 15799999 568
nn10 15800000 15899999 420
nn10 15900000 15999999 186
nn10 16000000 16099999 234
nn10 16100000 16199999 320
nn10 16200000 16299999 35
nn10 16300000 16399999 664
nn10 16400000 16499999 242
nn10 16500000 16599999 220
nn10 16600000 16699999 458
nn10 16700000 16799999 183
nn10 16800000 16899999 495
nn10 16900000 16999999 90
nn10 17000000 17099999 424
nn10 17100000 17199999 868
nn10 17200000 17299999 57
nn10 17300000 17399999 474
nn10 17400000 17499999 168
nn10 17500000 17599999 394
nn10 17600000 17699999 489
nn10 17700000 17799999 3169
nn10 17800000 17899999 3082
nn10 17900000 17999999 4632
nn10 18000000 18099999 810
nn10 18100000 18199999 2622
nn10 18200000 18299999 2402
nn10 18300000 18399999 478
nn10 18400000 18499999 212
nn10 18500000 18599999 488
nn10 18600000 18699999 130
nn10 18700000 18799999 855
nn10 18800000 18899999 493
nn10 18900000 18999999 2892
nn10 19000000 19099999 161
nn10 19100000 19199999 1220
nn10 19200000 19299999 1399
nn10 19300000 19399999 1620
nn10 19400000 19499999 1237
nn10 19500000 19599999 944
nn10 19600000 19699999 1085
nn10 19700000 19799999 247
nn10 19800000 19899999 406
nn10 19900000 19999999 556
nn10 20000000 20098048 1482
nn11 0 99999 2896
nn11 100000 199999 508
nn11 200000 299999 552
nn11 300000 399999 873
nn11 400000 499999 887
nn11 500000 599999 1002
nn11 600000 699999 1657
nn11 700000 799999 725
nn11 800000 899999 1030
nn11 900000 999999 1433
nn11 1000000 1099999 1275
nn11 1100000 1199999 4213
nn11 1200000 1299999 3049
nn11 1300000 1399999 2208
nn11 1400000 1499999 4680
nn11 1500000 1599999 3426
nn11 1600000 1699999 4350
nn11 1700000 1799999 2262
nn11 1800000 1899999 741
nn11 1900000 1999999 153
nn11 2000000 2099999 439
nn11 2100000 2199999 1900
nn11 2200000 2299999 1257
nn11 2300000 2399999 6947
nn11 2400000 2499999 2660
nn11 2500000 2599999 1150
nn11 2600000 2699999 2520
nn11 2700000 2799999 515
nn11 2800000 2899999 200
nn11 2900000 2999999 673
nn11 3000000 3099999 198
nn11 3100000 3199999 601
nn11 3200000 3299999 346
nn11 3300000 3399999 186
nn11 3400000 3499999 151
nn11 3500000 3599999 112
nn11 3600000 3699999 61
nn11 3700000 3799999 34
nn11 3800000 3899999 0
nn11 3900000 3999999 74
nn11 4000000 4099999 126
nn11 4100000 4199999 106
nn11 4200000 4299999 284
nn11 4300000 4399999 342
nn11 4400000 4499999 257
nn11 4500000 4599999 444
nn11 4600000 4699999 255
nn11 4700000 4799999 390
nn11 4800000 4899999 63
nn11 4900000 4999999 113
nn11 5000000 5099999 139
nn11 5100000 5199999 226
nn11 5200000 5299999 398
nn11 5300000 5399999 794
nn11 5400000 5499999 279
nn11 5500000 5599999 356
nn11 5600000 5699999 252
nn11 5700000 5799999 128
nn11 5800000 5899999 117
nn11 5900000 5999999 70
nn11 6000000 6099999 156
nn11 6100000 6199999 186
nn11 6200000 6299999 176
nn11 6300000 6399999 0
nn11 6400000 6499999 69
nn11 6500000 6599999 44
nn11 6600000 6699999 102
nn11 6700000 6799999 70
nn11 6800000 6899999 98
nn11 6900000 6999999 117
nn11 7000000 7099999 216
nn11 7100000 7199999 0
nn11 7200000 7299999 202
nn11 7300000 7399999 46
nn11 7400000 7499999 18
nn11 7500000 7599999 106
nn11 7600000 7699999 0
nn11 7700000 7799999 128
nn11 7800000 7899999 92
nn11 7900000 7999999 302
nn11 8000000 8099999 51
nn11 8100000 8199999 128
nn11 8200000 8299999 204
nn11 8300000 8399999 70
nn11 8400000 8499999 80
nn11 8500000 8599999 499
nn11 8600000 8699999 458
nn11 8700000 8799999 350
nn11 8800000 8899999 141
nn11 8900000 8999999 332
nn11 9000000 9099999 169
nn11 9100000 9199999 485
nn11 9200000 9299999 599
nn11 9300000 9399999 93
nn11 9400000 9499999 299
nn11 9500000 9599999 38
nn11 9600000 9699999 622
nn11 9700000 9799999 134
nn11 9800000 9899999 912
nn11 9900000 9999999 143
nn11 10000000 10099999 395
nn11 10100000 10199999 233
nn11 10200000 10299999 309
nn11 10300000 10399999 192
nn11 10400000 10499999 123
nn11 10500000 10599999 86
nn11 10600000 10699999 77
nn11 10700000 10799999 113
nn11 10800000 10899999 730
nn11 10900000 10999999 76
nn11 11000000 11099999 220
nn11 11100000 11199999 175
nn11 11200000 11299999 109
nn11 11300000 11399999 355
nn11 11400000 11499999 581
nn11 11500000 11599999 216
nn11 11600000 11699999 529
nn11 11700000 11799999 425
nn11 11800000 11899999 347
nn11 11900000 11999999 78
nn11 12000000 12099999 173
nn11 12100000 12199999 100
nn11 12200000 12299999 275
nn11 12300000 12399999 639
nn11 12400000 12499999 522
nn11 12500000 12599999 148
nn11 12600000 12699999 78
nn11 12700000 12799999 285
nn11 12800000 12899999 148
nn11 12900000 12999999 54
nn11 13000000 13099999 563
nn11 13100000 13199999 91
nn11 13200000 13299999 350
nn11 13300000 13399999 602
nn11 13400000 13499999 847
nn11 13500000 13599999 302
nn11 13600000 13699999 178
nn11 13700000 13799999 317
nn11 13800000 13899999 238
nn11 13900000 13999999 280
nn11 14000000 14099999 45
nn11 14100000 14199999 839
nn11 14200000 14299999 47
nn11 14300000 14399999 58
nn11 14400000 14499999 122
nn11 14500000 14599999 23
nn11 14600000 14699999 76
nn11 14700000 14799999 248
nn11 14800000 14899999 351
nn11 14900000 14999999 42
nn11 15000000 15099999 669
nn11 15100000 15199999 300
nn11 15200000 15299999 140
nn11 15300000 15399999 93
nn11 15400000 15499999 88
nn11 15500000 15599999 1348
nn11 15600000 15699999 471
nn11 15700000 15799999 135
nn11 15800000 15899999 350
nn11 15900000 15999999 830
nn11 16000000 16099999 114
nn11 16100000 16199999 182
nn11 16200000 16299999 1113
nn11 16300000 16399999 173
nn11 16400000 16499999 233
nn11 16500000 16599999 47
nn11 16600000 16699999 257
nn11 16700000 16799999 385
nn11 16800000 16899999 319
nn11 16900000 16999999 204
nn11 17000000 17099999 139
nn11 17100000 17199999 1367
nn11 17200000 17299999 2784
nn11 17300000 17399999 2647
nn11 17400000 17499999 1483
nn11 17500000 17599999 592
nn11 17600000 17699999 648
nn11 17700000 17799999 1214
nn11 17800000 17899999 1776
nn11 17900000 17999999 2173
nn11 18000000 18099999 1870
nn11 18100000 18199999 1669
nn11 18200000 18299999 1179
nn11 18300000 18399999 1726
nn11 18400000 18499999 669
nn11 18500000 18599999 3000
nn11 18600000 18699999 1286
nn11 18700000 18799999 1886
nn11 18800000 18899999 2635
nn11 18900000 18999999 1875
nn11 19000000 19099999 1055
nn11 19100000 19199999 1631
nn11 19200000 19299999 997
nn11 19300000 19399999 840
nn11 19400000 19499999 361
nn11 19500000 19599999 2117
nn11 19600000 19699999 2198
nn11 19700000 19799999 461
nn11 19800000 19899999 0
nn11 19900000 19999999 0
nn11 20000000 20099999 960
nn11 20100000 20148113 16155
nn12 0 99999 3593
nn12 100000 199999 327
nn12 200000 299999 552
nn12 300000 399999 570
nn12 400000 499999 810
nn12 500000 599999 756
nn12 600000 699999 700
nn12 700000 799999 1278
nn12 800000 899999 576
nn12 900000 999999 386
nn12 1000000 1099999 717
nn12 1100000 1199999 595
nn12 1200000 1299999 319
nn12 1300000 1399999 1304
nn12 1400000 1499999 1290
nn12 1500000 1599999 517
nn12 1600000 1699999 223
nn12 1700000 1799999 354
nn12 1800000 1899999 576
nn12 1900000 1999999 327
nn12 2000000 2099999 100
nn12 2100000 2199999 287
nn12 2200000 2299999 129
nn12 2300000 2399999 58
nn12 2400000 2499999 75
nn12 2500000 2599999 440
nn12 2600000 2699999 122
nn12 2700000 2799999 389
nn12 2800000 2899999 121
nn12 2900000 2999999 139
nn12 3000000 3099999 219
nn12 3100000 3199999 302
nn12 3200000 3299999 229
nn12 3300000 3399999 105
nn12 3400000 3499999 431
nn12 3500000 3599999 756
nn12 3600000 3699999 857
nn12 3700000 3799999 1425
nn12 3800000 3899999 582
nn12 3900000 3999999 736
nn12 4000000 4099999 562
nn12 4100000 4199999 213
nn12 4200000 4299999 245
nn12 4300000 4399999 153
nn12 4400000 4499999 315
nn12 4500000 4599999 540
nn12 4600000 4699999 891
nn12 4700000 4799999 98
nn12 4800000 4899999 167
nn12 4900000 4999999 130
nn12 5000000 5099999 134
nn12 5100000 5199999 64
nn12 5200000 5299999 136
nn12 5300000 5399999 561
nn12 5400000 5499999 578
nn12 5500000 5599999 122
nn12 5600000 5699999 204
nn12 5700000 5799999 637
nn12 5800000 5899999 370
nn12 5900000 5999999 311
nn12 6000000 6099999 221
nn12 6100000 6199999 480
nn12 6200000 6299999 1050
nn12 6300000 6399999 801
nn12 6400000 6499999 565
nn12 6500000 6599999 612
nn12 6600000 6699999 337
nn12 6700000 6799999 412
nn12 6800000 6899999 943
nn12 6900000 6999999 155
nn12 7000000 7099999 153
nn12 7100000 7199999 180
nn12 7200000 7299999 362
nn12 7300000 7399999 61
nn12 7400000 7499999 156
nn12 7500000 7599999 52
nn12 7600000 7699999 162
nn12 7700000 7799999 150
nn12 7800000 7899999 305
nn12 7900000 7999999 102
nn12 8000000 8099999 164
nn12 8100000 8199999 911
nn12 8200000 8299999 645
nn12 8300000 8399999 1923
nn12 8400000 8499999 4349
nn12 8500000 8599999 3677
nn12 8600000 8699999 451
nn12 8700000 8799999 650
nn12 8800000 8899999 501
nn12 8900000 8999999 405
nn12 9000000 9099999 392
nn12 9100000 9199999 349
nn12 9200000 9299999 152
nn12 9300000 9399999 634
nn12 9400000 9499999 204
nn12 9500000 9599999 385
nn12 9600000 9699999 263
nn12 9700000 9799999 335
nn12 9800000 9899999 943
nn12 9900000 9999999 461
nn12 10000000 10099999 1807
nn12 10100000 10199999 690
nn12 10200000 10299999 603
nn12 10300000 10399999 400
nn12 10400000 10499999 382
nn12 10500000 10599999 402
nn12 10600000 10699999 405
nn12 10700000 10799999 1042
nn12 10800000 10899999 2296
nn12 10900000 10999999 2738
nn12 11000000 11099999 1269
nn12 11100000 11199999 589
nn12 11200000 11299999 623
nn12 11300000 11399999 94
nn12 11400000 11499999 1069
nn12 11500000 11599999 267
nn12 11600000 11699999 287
nn12 11700000 11799999 102
nn12 11800000 11899999 48
nn12 11900000 11999999 19
nn12 12000000 12099999 390
nn12 12100000 12199999 541
nn12 12200000 12299999 95
nn12 12300000 12399999 99
nn12 12400000 12499999 34
nn12 12500000 12599999 54
nn12 12600000 12699999 121
nn12 12700000 12799999 226
nn12 12800000 12899999 0
nn12 12900000 12999999 405
nn12 13000000 13099999 153
nn12 13100000 13199999 623
nn12 13200000 13299999 160
nn12 13300000 13399999 470
nn12 13400000 13499999 493
nn12 13500000 13599999 498
nn12 13600000 13699999 502
nn12 13700000 13799999 334
nn12 13800000 13899999 427
nn12 13900000 13999999 512
nn12 14000000 14099999 135
nn12 14100000 14199999 75
nn12 14200000 14299999 452
nn12 14300000 14399999 230
nn12 14400000 14499999 213
nn12 14500000 14599999 207
nn12 14600000 14699999 108
nn12 14700000 14799999 264
nn12 14800000 14899999 140
nn12 14900000 14999999 521
nn12 15000000 15099999 310
nn12 15100000 15199999 316
nn12 15200000 15299999 90
nn12 15300000 15399999 169
nn12 15400000 15499999 367
nn12 15500000 15599999 115
nn12 15600000 15699999 190
nn12 15700000 15799999 153
nn12 15800000 15899999 100
nn12 15900000 15999999 136
nn12 16000000 16099999 37
nn12 16100000 16199999 98
nn12 16200000 16299999 212
nn12 16300000 16399999 173
nn12 16400000 16499999 329
nn12 16500000 16599999 306
nn12 16600000 16699999 165
nn12 16700000 16799999 3034
nn12 16800000 16899999 6282
nn12 16900000 16999999 419
nn12 17000000 17099999 1290
nn12 17100000 17199999 2206
nn12 17200000 17299999 3243
nn12 17300000 17399999 3679
nn12 17400000 17499999 1762
nn12 17500000 17599999 1179
nn12 17600000 17699999 1312
nn12 17700000 17799999 871
nn12 17800000 17899999 847
nn12 17900000 17999999 284
nn12 18000000 18099999 125
nn12 18100000 18199999 562
nn12 18200000 18299999 809
nn12 18300000 18399999 587
nn12 18400000 18499999 524
nn12 18500000 18599999 514
nn12 18600000 18699999 264
nn12 18700000 18799999 1143
nn12 18800000 18899999 1404
nn12 18900000 18999999 674
nn12 19000000 19099999 416
nn12 19100000 19199999 3851
nn12 19200000 19299999 1146
nn12 19300000 19399999 290
nn12 19400000 19499999 566
nn12 19500000 19599999 956
nn12 19600000 19699999 437
nn12 19700000 19799999 96
nn12 19800000 19899999 626
nn12 19900000 19999999 970
nn12 20000000 20099999 3398
nn12 20100000 20199999 32
nn12 20200000 20299999 0
nn12 20300000 20399999 0
nn12 20400000 20499999 856
nn12 20500000 20554282 564
nn13 0 99999 3880
nn13 100000 199999 271
nn13 200000 299999 328
nn13 300000 399999 760
nn13 400000 499999 1339
nn13 500000 599999 1236
nn13 600000 699999 758
nn13 700000 799999 1161
nn13 800000 899999 1166
nn13 900000 999999 1082
nn13 1000000 1099999 2200
nn13 1100000 1199999 1109
nn13 1200000 1299999 783
nn13 1300000 1399999 972
nn13 1400000 1499999 868
nn13 1500000 1599999 1281
nn13 1600000 1699999 1161
nn13 1700000 1799999 1105
nn13 1800000 1899999 450
nn13 1900000 1999999 533
nn13 2000000 2099999 543
nn13 2100000 2199999 189
nn13 2200000 2299999 341
nn13 2300000 2399999 870
nn13 2400000 2499999 626
nn13 2500000 2599999 1410
nn13 2600000 2699999 1134
nn13 2700000 2799999 1849
nn13 2800000 2899999 309
nn13 2900000 2999999 967
nn13 3000000 3099999 806
nn13 3100000 3199999 501
nn13 3200000 3299999 407
nn13 3300000 3399999 119
nn13 3400000 3499999 241
nn13 3500000 3599999 136
nn13 3600000 3699999 72
nn13 3700000 3799999 370
nn13 3800000 3899999 575
nn13 3900000 3999999 435
nn13 4000000 4099999 521
nn13 4100000 4199999 254
nn13 4200000 4299999 384
nn13 4300000 4399999 360
nn13 4400000 4499999 681
nn13 4500000 4599999 327
nn13 4600000 4699999 273
nn13 4700000 4799999 1091
nn13 4800000 4899999 828
nn13 4900000 4999999 925
nn13 5000000 5099999 1153
nn13 5100000 5199999 2599
nn13 5200000 5299999 2725
nn13 5300000 5399999 2262
nn13 5400000 5499999 742
nn13 5500000 5599999 337
nn13 5600000 5699999 247
nn13 5700000 5799999 231
nn13 5800000 5899999 198
nn13 5900000 5999999 394
nn13 6000000 6099999 1097
nn13 6100000 6199999 418
nn13 6200000 6299999 1658
nn13 6300000 6399999 206
nn13 6400000 6499999 321
nn13 6500000 6599999 396
nn13 6600000 6699999 178
nn13 6700000 6799999 219
nn13 6800000 6899999 343
nn13 6900000 6999999 396
nn13 7000000 7099999 363
nn13 7100000 7199999 250
nn13 7200000 7299999 601
nn13 7300000 7399999 434
nn13 7400000 7499999 185
nn13 7500000 7599999 237
nn13 7600000 7699999 785
nn13 7700000 7799999 429
nn13 7800000 7899999 1876
nn13 7900000 7999999 4176
nn13 8000000 8099999 2696
nn13 8100000 8199999 4273
nn13 8200000 8299999 1957
nn13 8300000 8399999 387
nn13 8400000 8499999 89
nn13 8500000 8599999 982
nn13 8600000 8699999 115
nn13 8700000 8799999 331
nn13 8800000 8899999 425
nn13 8900000 8999999 391
nn13 9000000 9099999 625
nn13 9100000 9199999 1316
nn13 9200000 9299999 653
nn13 9300000 9399999 710
nn13 9400000 9499999 712
nn13 9500000 9599999 1305
nn13 9600000 9699999 547
nn13 9700000 9799999 2451
nn13 9800000 9899999 1706
nn13 9900000 9999999 1613
nn13 10000000 10099999 440
nn13 10100000 10199999 92
nn13 10200000 10299999 201
nn13 10300000 10399999 157
nn13 10400000 10499999 483
nn13 10500000 10599999 251
nn13 10600000 10699999 114
nn13 10700000 10799999 171
nn13 10800000 10899999 62
nn13 10900000 10999999 401
nn13 11000000 11099999 389
nn13 11100000 11199999 198
nn13 11200000 11299999 0
nn13 11300000 11399999 48
nn13 11400000 11499999 69
nn13 11500000 11599999 168
nn13 11600000 11699999 109
nn13 11700000 11799999 156
nn13 11800000 11899999 21
nn13 11900000 11999999 47
nn13 12000000 12099999 106
nn13 12100000 12199999 146
nn13 12200000 12299999 169
nn13 12300000 12399999 49
nn13 12400000 12499999 144
nn13 12500000 12599999 156
nn13 12600000 12699999 44
nn13 12700000 12799999 256
nn13 12800000 12899999 170
nn13 12900000 12999999 45
nn13 13000000 13099999 139
nn13 13100000 13199999 222
nn13 13200000 13299999 190
nn13 13300000 13399999 106
nn13 13400000 13499999 690
nn13 13500000 13599999 549
nn13 13600000 13699999 271
nn13 13700000 13799999 17
nn13 13800000 13899999 342
nn13 13900000 13999999 182
nn13 14000000 14099999 181
nn13 14100000 14199999 64
nn13 14200000 14299999 0
nn13 14300000 14399999 108
nn13 14400000 14499999 37
nn13 14500000 14599999 378
nn13 14600000 14699999 587
nn13 14700000 14799999 274
nn13 14800000 14899999 126
nn13 14900000 14999999 955
nn13 15000000 15099999 920
nn13 15100000 15199999 660
nn13 15200000 15299999 188
nn13 15300000 15399999 161
nn13 15400000 15499999 349
nn13 15500000 15599999 1445
nn13 15600000 15699999 302
nn13 15700000 15799999 523
nn13 15800000 15899999 1609
nn13 15900000 15999999 608
nn13 16000000 16099999 1204
nn13 16100000 16199999 871
nn13 16200000 16299999 2100
nn13 16300000 16399999 3712
nn13 16400000 16499999 2117
nn13 16500000 16599999 638
nn13 16600000 16699999 236
nn13 16700000 16799999 631
nn13 16800000 16899999 852
nn13 16900000 16999999 931
nn13 17000000 17099999 1991
nn13 17100000 17199999 2017
nn13 17200000 17299999 4109
nn13 17300000 17399999 2732
nn13 17400000 17499999 907
nn13 17500000 17599999 306
nn13 17600000 17699999 1068
nn13 17700000 17799999 889
nn13 17800000 17899999 219
nn13 17900000 17999999 1343
nn13 18000000 18099999 76
nn13 18100000 18199999 0
nn13 18200000 18299999 920
nn13 18300000 18371304 10973
nn14 0 99999 973
nn14 100000 199999 345
nn14 200000 299999 70
nn14 300000 399999 390
nn14 400000 499999 86
nn14 500000 599999 124
nn14 600000 699999 44
nn14 700000 799999 253
nn14 800000 899999 635
nn14 900000 999999 900
nn14 1000000 1099999 487
nn14 1100000 1199999 539
nn14 1200000 1299999 450
nn14 1300000 1399999 361
nn14 1400000 1499999 165
nn14 1500000 1599999 196
nn14 1600000 1699999 312
nn14 1700000 1799999 782
nn14 1800000 1899999 299
nn14 1900000 1999999 142
nn14 2000000 2099999 803
nn14 2100000 2199999 201
nn14 2200000 2299999 774
nn14 2300000 2399999 352
nn14 2400000 2499999 2791
nn14 2500000 2599999 1025
nn14 2600000 2699999 2391
nn14 2700000 2799999 780
nn14 2800000 2899999 427
nn14 2900000 2999999 232
nn14 3000000 3099999 309
nn14 3100000 3199999 935
nn14 3200000 3299999 1915
nn14 3300000 3399999 532
nn14 3400000 3499999 380
nn14 3500000 3599999 286
nn14 3600000 3699999 86
nn14 3700000 3799999 96
nn14 3800000 3899999 270
nn14 3900000 3999999 938
nn14 4000000 4099999 1237
nn14 4100000 4199999 3069
nn14 4200000 4299999 2279
nn14 4300000 4399999 992
nn14 4400000 4499999 2071
nn14 4500000 4599999 2047
nn14 4600000 4699999 872
nn14 4700000 4799999 2062
nn14 4800000 4899999 1665
nn14 4900000 4999999 3800
nn14 5000000 5099999 1915
nn14 5100000 5199999 2536
nn14 5200000 5299999 1210
nn14 5300000 5399999 309
nn14 5400000 5499999 1157
nn14 5500000 5599999 289
nn14 5600000 5699999 588
nn14 5700000 5799999 985
nn14 5800000 5899999 709
nn14 5900000 5999999 890
nn14 6000000 6099999 1491
nn14 6100000 6199999 1465
nn14 6200000 6299999 1591
nn14 6300000 6399999 323
nn14 6400000 6499999 1609
nn14 6500000 6599999 2096
nn14 6600000 6699999 806
nn14 6700000 6799999 1587
nn14 6800000 6899999 905
nn14 6900000 6999999 1605
nn14 7000000 7099999 1546
nn14 7100000 7199999 1484
nn14 7200000 7299999 503
nn14 7300000 7399999 354
nn14 7400000 7499999 549
nn14 7500000 7599999 361
nn14 7600000 7699999 308
nn14 7700000 7799999 44
nn14 7800000 7899999 169
nn14 7900000 7999999 94
nn14 8000000 8099999 494
nn14 8100000 8199999 202
nn14 8200000 8299999 213
nn14 8300000 8399999 393
nn14 8400000 8499999 609
nn14 8500000 8599999 823
nn14 8600000 8699999 316
nn14 8700000 8799999 436
nn14 8800000 8899999 584
nn14 8900000 8999999 606
nn14 9000000 9099999 268
nn14 9100000 9199999 452
nn14 9200000 9299999 153
nn14 9300000 9399999 222
nn14 9400000 9499999 152
nn14 9500000 9599999 143
nn14 9600000 9699999 145
nn14 9700000 9799999 77
nn14 9800000 9899999 117
nn14 9900000 9999999 1042
nn14 10000000 10099999 279
nn14 10100000 10199999 530
nn14 10200000 10299999 311
nn14 10300000 10399999 236
nn14 10400000 10499999 68
nn14 10500000 10599999 203
nn14 10600000 10699999 20
nn14 10700000 10799999 16
nn14 10800000 10899999 50
nn14 10900000 10999999 331
nn14 11000000 11099999 54
nn14 11100000 11199999 109
nn14 11200000 11299999 152
nn14 11300000 11399999 34
nn14 11400000 11499999 64
nn14 11500000 11599999 422
nn14 11600000 11699999 318
nn14 11700000 11799999 209
nn14 11800000 11899999 484
nn14 11900000 11999999 88
nn14 12000000 12099999 550
nn14 12100000 12199999 874
nn14 12200000 12299999 866
nn14 12300000 12399999 2336
nn14 12400000 12499999 1505
nn14 12500000 12599999 429
nn14 12600000 12699999 876
nn14 12700000 12799999 3931
nn14 12800000 12899999 1217
nn14 12900000 12999999 535
nn14 13000000 13099999 1990
nn14 13100000 13199999 3133
nn14 13200000 13299999 4265
nn14 13300000 13399999 1631
nn14 13400000 13499999 349
nn14 13500000 13599999 1859
nn14 13600000 13699999 2069
nn14 13700000 13799999 1217
nn14 13800000 13899999 2631
nn14 13900000 13999999 3904
nn14 14000000 14099999 1867
nn14 14100000 14199999 714
nn14 14200000 14299999 763
nn14 14300000 14399999 795
nn14 14400000 14499999 549
nn14 14500000 14599999 1381
nn14 14600000 14699999 818
nn14 14700000 14799999 729
nn14 14800000 14899999 616
nn14 14900000 14999999 395
nn14 15000000 15099999 634
nn14 15100000 15199999 1281
nn14 15200000 15299999 6378
nn14 15300000 15399999 1045
nn14 15400000 15499999 0
nn14 15500000 15599999 0
nn14 15600000 15699999 0
nn14 15700000 15799999 1206
nn14 15800000 15813833 102
nn15 0 99999 1378
nn15 100000 199999 355
nn15 200000 299999 350
nn15 300000 399999 689
nn15 400000 499999 1235
nn15 500000 599999 600
nn15 600000 699999 555
nn15 700000 799999 765
nn15 800000 899999 548
nn15 900000 999999 1357
nn15 1000000 1099999 201
nn15 1100000 1199999 123
nn15 1200000 1299999 225
nn15 1300000 1399999 654
nn15 1400000 1499999 414
nn15 1500000 1599999 897
nn15 1600000 1699999 765
nn15 1700000 1799999 1316
nn15 1800000 1899999 831
nn15 1900000 1999999 635
nn15 2000000 2099999 1126
nn15 2100000 2199999 552
nn15 2200000 2299999 394
nn15 2300000 2399999 89
nn15 2400000 2499999 113
nn15 2500000 2599999 72
nn15 2600000 2699999 305
nn15 2700000 2799999 355
nn15 2800000 2899999 671
nn15 2900000 2999999 81
nn15 3000000 3099999 0
nn15 3100000 3199999 158
nn15 3200000 3299999 390
nn15 3300000 3399999 98
nn15 3400000 3499999 343
nn15 3500000 3599999 298
nn15 3600000 3699999 58
nn15 3700000 3799999 115
nn15 3800000 3899999 144
nn15 3900000 3999999 51
nn15 4000000 4099999 311
nn15 4100000 4199999 113
nn15 4200000 4299999 20
nn15 4300000 4399999 125
nn15 4400000 4499999 310
nn15 4500000 4599999 1074
nn15 4600000 4699999 1557
nn15 4700000 4799999 1871
nn15 4800000 4899999 779
nn15 4900000 4999999 340
nn15 5000000 5099999 802
nn15 5100000 5199999 958
nn15 5200000 5299999 559
nn15 5300000 5399999 936
nn15 5400000 5499999 246
nn15 5500000 5599999 1044
nn15 5600000 5699999 691
nn15 5700000 5799999 1071
nn15 5800000 5899999 478
nn15 5900000 5999999 373
nn15 6000000 6099999 382
nn15 6100000 6199999 2196
nn15 6200000 6299999 904
nn15 6300000 6399999 616
nn15 6400000 6499999 427
nn15 6500000 6599999 2242
nn15 6600000 6699999 1564
nn15 6700000 6799999 983
nn15 6800000 6899999 1732
nn15 6900000 6999999 2437
nn15 7000000 7099999 1270
nn15 7100000 7199999 1475
nn15 7200000 7299999 2413
nn15 7300000 7399999 1633
nn15 7400000 7499999 1206
nn15 7500000 7599999 1221
nn15 7600000 7699999 148
nn15 7700000 7799999 720
nn15 7800000 7899999 520
nn15 7900000 7999999 1390
nn15 8000000 8099999 1238
nn15 8100000 8199999 389
nn15 8200000 8299999 370
nn15 8300000 8399999 491
nn15 8400000 8499999 1380
nn15 8500000 8599999 807
nn15 8600000 8699999 353
nn15 8700000 8799999 222
nn15 8800000 8899999 148
nn15 8900000 8999999 422
nn15 9000000 9099999 1019
nn15 9100000 9199999 560
nn15 9200000 9299999 934
nn15 9300000 9399999 1161
nn15 9400000 9499999 1548
nn15 9500000 9599999 621
nn15 9600000 9699999 188
nn15 9700000 9799999 640
nn15 9800000 9899999 1238
nn15 9900000 9999999 1291
nn15 10000000 10099999 2523
nn15 10100000 10199999 1750
nn15 10200000 10299999 3181
nn15 10300000 10399999 625
nn15 10400000 10499999 719
nn15 10500000 10599999 589
nn15 10600000 10699999 344
nn15 10700000 10799999 536
nn15 10800000 10899999 1318
nn15 10900000 10999999 4833
nn15 11000000 11099999 151
nn15 11100000 11199999 2545
nn15 11200000 11299999 4759
nn15 11300000 11399999 6361
nn15 11400000 11499999 2053
nn15 11500000 11599999 1252
nn15 11600000 11699999 628
nn15 11700000 11799999 148
nn15 11800000 11899999 216
nn15 11900000 11999999 365
nn15 12000000 12099999 462
nn15 12100000 12199999 358
nn15 12200000 12299999 573
nn15 12300000 12399999 2661
nn15 12400000 12499999 2024
nn15 12500000 12599999 739
nn15 12600000 12699999 3943
nn15 12700000 12799999 1952
nn15 12800000 12880243 348
nn16 0 99999 21319
nn16 100000 199999 5734
nn16 200000 299999 5802
nn16 300000 399999 22578
nn16 400000 499999 24712
nn16 500000 599999 23641
nn16 600000 699999 31519
nn16 700000 799999 37242
nn16 800000 899999 29101
nn16 900000 999999 30542
nn16 1000000 1099999 30385
nn16 1100000 1199999 32061
nn16 1200000 1299999 26860
nn16 1300000 1399999 30453
nn16 1400000 1499999 40832
nn16 1500000 1599999 34534
nn16 1600000 1699999 33780
nn16 1700000 1799999 37536
nn16 1800000 1899999 43664
nn16 1900000 1999999 30322
nn16 2000000 2099999 41149
nn16 2100000 2199999 35996
nn16 2200000 2299999 37387
nn16 2300000 2399999 8653
nn16 2400000 2499999 1722
nn16 2500000 2599999 3267
nn16 2600000 2699999 4084
nn16 2700000 2799999 3967
nn16 2800000 2899999 4411
nn16 2900000 2999999 4629
nn16 3000000 3099999 3789
nn16 3100000 3199999 3861
nn16 3200000 3299999 4279
nn16 3300000 3399999 4851
nn16 3400000 3499999 5297
nn16 3500000 3599999 3185
nn16 3600000 3699999 4201
nn16 3700000 3799999 3993
nn16 3800000 3899999 4309
nn16 3900000 3999999 4850
nn16 4000000 4099999 4133
nn16 4100000 4199999 5120
nn16 4200000 4299999 3673
nn16 4300000 4399999 3434
nn16 4400000 4499999 3735
nn16 4500000 4599999 2066
nn16 4600000 4635106 109
nn17 0 99999 490
nn17 100000 199999 142
nn17 200000 299999 235
nn17 300000 399999 186
nn17 400000 499999 949
nn17 500000 599999 1487
nn17 600000 699999 956
nn17 700000 799999 806
nn17 800000 899999 862
nn17 900000 999999 1519
nn17 1000000 1099999 1919
nn17 1100000 1199999 1149
nn17 1200000 1299999 719
nn17 1300000 1399999 27
nn17 1400000 1499999 244
nn17 1500000 1599999 391
nn17 1600000 1699999 726
nn17 1700000 1799999 1644
nn17 1800000 1899999 902
nn17 1900000 1999999 1073
nn17 2000000 2099999 521
nn17 2100000 2199999 410
nn17 2200000 2299999 1942
nn17 2300000 2399999 2282
nn17 2400000 2499999 1135
nn17 2500000 2599999 926
nn17 2600000 2699999 1763
nn17 2700000 2799999 2364
nn17 2800000 2899999 1302
nn17 2900000 2999999 669
nn17 3000000 3099999 853
nn17 3100000 3199999 1619
nn17 3200000 3299999 2680
nn17 3300000 3399999 1215
nn17 3400000 3499999 1566
nn17 3500000 3599999 1273
nn17 3600000 3699999 1043
nn17 3700000 3799999 1093
nn17 3800000 3899999 405
nn17 3900000 3999999 1486
nn17 4000000 4099999 914
nn17 4100000 4199999 779
nn17 4200000 4299999 683
nn17 4300000 4399999 974
nn17 4400000 4499999 2117
nn17 4500000 4599999 1945
nn17 4600000 4699999 2595
nn17 4700000 4799999 268
nn17 4800000 4899999 3333
nn17 4900000 4999999 2638
nn17 5000000 5099999 592
nn17 5100000 5199999 640
nn17 5200000 5299999 755
nn17 5300000 5399999 1159
nn17 5400000 5499999 3010
nn17 5500000 5599999 3267
nn17 5600000 5699999 1174
nn17 5700000 5799999 1183
nn17 5800000 5899999 738
nn17 5900000 5999999 309
nn17 6000000 6099999 294
nn17 6100000 6199999 436
nn17 6200000 6299999 518
nn17 6300000 6399999 670
nn17 6400000 6499999 555
nn17 6500000 6599999 1004
nn17 6600000 6699999 352
nn17 6700000 6799999 570
nn17 6800000 6899999 686
nn17 6900000 6999999 1386
nn17 7000000 7099999 1729
nn17 7100000 7199999 1479
nn17 7200000 7299999 873
nn17 7300000 7399999 655
nn17 7400000 7499999 425
nn17 7500000 7599999 422
nn17 7600000 7699999 244
nn17 7700000 7799999 312
nn17 7800000 7899999 507
nn17 7900000 7999999 3340
nn17 8000000 8099999 4129
nn17 8100000 8199999 321
nn17 8200000 8299999 413
nn17 8300000 8399999 560
nn17 8400000 8499999 1278
nn17 8500000 8599999 717
nn17 8600000 8699999 1165
nn17 8700000 8799999 536
nn17 8800000 8899999 923
nn17 8900000 8999999 768
nn17 9000000 9099999 1228
nn17 9100000 9199999 357
nn17 9200000 9299999 982
nn17 9300000 9399999 798
nn17 9400000 9499999 3128
nn17 9500000 9599999 465
nn17 9600000 9699999 388
nn17 9700000 9799999 2775
nn17 9800000 9899999 1873
nn17 9900000 9999999 2949
nn17 10000000 10099999 2147
nn17 10100000 10199999 1418
nn17 10200000 10299999 2599
nn17 10300000 10399999 1658
nn17 10400000 10499999 38
nn17 10500000 10599999 134
nn17 10600000 10683667 646
nn18 0 99999 11359
nn18 100000 199999 779
nn18 200000 299999 693
nn18 300000 399999 1404
nn18 400000 499999 2173
nn18 500000 599999 2596
nn18 600000 699999 2258
nn18 700000 799999 2649
nn18 800000 899999 872
nn18 900000 999999 672
nn18 1000000 1099999 738
nn18 1100000 1199999 127
nn18 1200000 1299999 259
nn18 1300000 1399999 94
nn18 1400000 1499999 110
nn18 1500000 1599999 87
nn18 1600000 1699999 229
nn18 1700000 1799999 257
nn18 1800000 1899999 521
nn18 1900000 1999999 554
nn18 2000000 2099999 21
nn18 2100000 2199999 358
nn18 2200000 2299999 482
nn18 2300000 2399999 432
nn18 2400000 2499999 108
nn18 2500000 2599999 714
nn18 2600000 2699999 459
nn18 2700000 2799999 331
nn18 2800000 2899999 341
nn18 2900000 2999999 632
nn18 3000000 3099999 519
nn18 3100000 3199999 316
nn18 3200000 3299999 635
nn18 3300000 3399999 590
nn18 3400000 3499999 160
nn18 3500000 3599999 1196
nn18 3600000 3699999 618
nn18 3700000 3799999 1444
nn18 3800000 3899999 855
nn18 3900000 3999999 1377
nn18 4000000 4099999 272
nn18 4100000 4199999 685
nn18 4200000 4299999 322
nn18 4300000 4399999 168
nn18 4400000 4499999 604
nn18 4500000 4599999 219
nn18 4600000 4699999 649
nn18 4700000 4799999 1664
nn18 4800000 4899999 2110
nn18 4900000 4999999 3618
nn18 5000000 5099999 4708
nn18 5100000 5199999 5789
nn18 5200000 5299999 4152
nn18 5300000 5399999 352
nn18 5400000 5499999 2109
nn18 5500000 5599999 4192
nn18 5600000 5699999 4608
nn18 5700000 5799999 3706
nn18 5800000 5899999 3038
nn18 5900000 5999999 1484
nn18 6000000 6099999 731
nn18 6100000 6199999 640
nn18 6200000 6299999 1311
nn18 6300000 6399999 1625
nn18 6400000 6499999 1896
nn18 6500000 6599999 2843
nn18 6600000 6699999 2834
nn18 6700000 6799999 1239
nn18 6800000 6899999 1564
nn18 6900000 6999999 862
nn18 7000000 7099999 1573
nn18 7100000 7199999 1782
nn18 7200000 7299999 462
nn18 7300000 7399999 317
nn18 7400000 7499999 794
nn18 7500000 7599999 623
nn18 7600000 7699999 231
nn18 7700000 7799999 278
nn18 7800000 7899999 599
nn18 7900000 7999999 688
nn18 8000000 8099999 559
nn18 8100000 8199999 1561
nn18 8200000 8299999 493
nn18 8300000 8399999 995
nn18 8400000 8499999 700
nn18 8500000 8599999 776
nn18 8600000 8699999 1063
nn18 8700000 8799999 2960
nn18 8800000 8899999 1738
nn18 8900000 8999999 2394
nn18 9000000 9099999 2131
nn18 9100000 9199999 399
nn18 9200000 9299999 1137
nn18 9300000 9399999 348
nn18 9400000 9499999 682
nn18 9500000 9599999 599
nn18 9600000 9699999 363
nn18 9700000 9799999 267
nn18 9800000 9899999 518
nn18 9900000 9999999 1120
nn18 10000000 10099999 132
nn18 10100000 10199999 472
nn18 10200000 10299999 734
nn18 10300000 10399999 40
nn18 10400000 10499999 350
nn18 10500000 10599999 191
nn18 10600000 10699999 508
nn18 10700000 10799999 72
nn18 10800000 10899999 195
nn18 10900000 10999999 124
nn18 11000000 11099999 588
nn18 11100000 11165485 3080
nn19 0 99999 3964
nn19 100000 199999 3251
nn19 200000 299999 2757
nn19 300000 399999 1590
nn19 400000 499999 2013
nn19 500000 599999 1009
nn19 600000 699999 1212
nn19 700000 799999 908
nn19 800000 899999 2617
nn19 900000 999999 3514
nn19 1000000 1099999 1137
nn19 1100000 1199999 1019
nn19 1200000 1299999 530
nn19 1300000 1399999 399
nn19 1400000 1499999 241
nn19 1500000 1599999 469
nn19 1600000 1699999 296
nn19 1700000 1799999 428
nn19 1800000 1899999 213
nn19 1900000 1999999 365
nn19 2000000 2099999 401
nn19 2100000 2199999 1205
nn19 2200000 2299999 591
nn19 2300000 2399999 288
nn19 2400000 2499999 246
nn19 2500000 2599999 201
nn19 2600000 2699999 510
nn19 2700000 2799999 347
nn19 2800000 2899999 1783
nn19 2900000 2999999 2063
nn19 3000000 3099999 618
nn19 3100000 3199999 143
nn19 3200000 3299999 278
nn19 3300000 3399999 440
nn19 3400000 3499999 995
nn19 3500000 3599999 490
nn19 3600000 3699999 922
nn19 3700000 3799999 462
nn19 3800000 3899999 304
nn19 3900000 3999999 140
nn19 4000000 4099999 1226
nn19 4100000 4199999 405
nn19 4200000 4299999 506
nn19 4300000 4399999 2471
nn19 4400000 4499999 3662
nn19 4500000 4599999 1797
nn19 4600000 4699999 1516
nn19 4700000 4799999 525
nn19 4800000 4899999 626
nn19 4900000 4999999 2137
nn19 5000000 5099999 819
nn19 5100000 5199999 857
nn19 5200000 5299999 1162
nn19 5300000 5399999 818
nn19 5400000 5499999 547
nn19 5500000 5599999 1898
nn19 5600000 5699999 1484
nn19 5700000 5799999 4165
nn19 5800000 5899999 1535
nn19 5900000 5999999 3475
nn19 6000000 6099999 4039
nn19 6100000 6199999 4955
nn19 6200000 6299999 4920
nn19 6300000 6399999 592
nn19 6400000 6499999 649
nn19 6500000 6599999 1939
nn19 6600000 6699999 476
nn19 6700000 6799999 565
nn19 6800000 6899999 410
nn19 6900000 6999999 617
nn19 7000000 7099999 1060
nn19 7100000 7199999 718
nn19 7200000 7299999 1705
nn19 7300000 7399999 250
nn19 7400000 7499999 1153
nn19 7500000 7599999 386
nn19 7600000 7699999 730
nn19 7700000 7799999 56
nn19 7800000 7899999 2901
nn19 7900000 7999999 502
nn19 8000000 8099999 167
nn19 8100000 8199999 310
nn19 8200000 8299999 509
nn19 8300000 8399999 619
nn19 8400000 8499999 1052
nn19 8500000 8599999 1711
nn19 8600000 8699999 1627
nn19 8700000 8799999 461
nn19 8800000 8899999 2028
nn19 8900000 8999999 1600
nn19 9000000 9099999 961
nn19 9100000 9199999 932
nn19 9200000 9299999 296
nn19 9300000 9399999 595
nn19 9400000 9499999 398
nn19 9500000 9599999 371
nn19 9600000 9699999 1099
nn19 9700000 9799999 2378
nn19 9800000 9899999 644
nn19 9900000 9999999 186
nn19 10000000 10099999 537
nn19 10100000 10199999 1356
nn19 10200000 10254927 19638
nn20 0 99999 10181
nn20 100000 199999 597
nn20 200000 299999 861
nn20 300000 399999 64
nn20 400000 499999 218
nn20 500000 599999 784
nn20 600000 699999 268
nn20 700000 799999 511
nn20 800000 899999 842
nn20 900000 999999 935
nn20 1000000 1099999 173
nn20 1100000 1199999 191
nn20 1200000 1299999 286
nn20 1300000 1399999 460
nn20 1400000 1499999 648
nn20 1500000 1599999 585
nn20 1600000 1699999 181
nn20 1700000 1799999 288
nn20 1800000 1899999 119
nn20 1900000 1999999 572
nn20 2000000 2099999 651
nn20 2100000 2199999 199
nn20 2200000 2299999 275
nn20 2300000 2399999 717
nn20 2400000 2499999 878
nn20 2500000 2599999 812
nn20 2600000 2699999 145
nn20 2700000 2799999 290
nn20 2800000 2899999 860
nn20 2900000 2999999 752
nn20 3000000 3099999 669
nn20 3100000 3199999 324
nn20 3200000 3299999 573
nn20 3300000 3399999 1430
nn20 3400000 3499999 4310
nn20 3500000 3599999 2620
nn20 3600000 3699999 2543
nn20 3700000 3799999 3060
nn20 3800000 3899999 3237
nn20 3900000 3999999 3360
nn20 4000000 4099999 3578
nn20 4100000 4199999 5417
nn20 4200000 4299999 2269
nn20 4300000 4399999 1658
nn20 4400000 4499999 3133
nn20 4500000 4599999 3675
nn20 4600000 4699999 3209
nn20 4700000 4799999 1162
nn20 4800000 4899999 1237
nn20 4900000 4999999 715
nn20 5000000 5099999 1513
nn20 5100000 5199999 344
nn20 5200000 5299999 641
nn20 5300000 5399999 1367
nn20 5400000 5499999 835
nn20 5500000 5599999 777
nn20 5600000 5699999 465
nn20 5700000 5799999 353
nn20 5800000 5899999 1027
nn20 5900000 5999999 896
nn20 6000000 6099999 1683
nn20 6100000 6199999 746
nn20 6200000 6299999 495
nn20 6300000 6399999 1197
nn20 6400000 6499999 269
nn20 6500000 6599999 167
nn20 6600000 6699999 148
nn20 6700000 6799999 201
nn20 6800000 6899999 192
nn20 6900000 6999999 66
nn20 7000000 7099999 36
nn20 7100000 7199999 239
nn20 7200000 7299999 123
nn20 7300000 7399999 484
nn20 7400000 7499999 360
nn20 7500000 7599999 271
nn20 7600000 7699999 525
nn20 7700000 7799999 90
nn20 7800000 7899999 20
nn20 7900000 7999999 243
nn20 8000000 8099999 111
nn20 8100000 8199999 140
nn20 8200000 8299999 153
nn20 8300000 8399999 124
nn20 8400000 8499999 1215
nn20 8500000 8599999 1511
nn20 8600000 8699999 1119
nn20 8700000 8799999 1031
nn20 8800000 8899999 1457
nn20 8900000 8999999 2888
nn20 9000000 9099999 2422
nn20 9100000 9199999 1180
nn20 9200000 9299999 968
nn20 9300000 9399999 1759
nn20 9400000 9499999 480
nn20 9500000 9599999 525
nn20 9600000 9699999 615
nn20 9700000 9799999 598
nn20 9800000 9899999 434
nn20 9900000 9999999 347
nn20 10000000 10099999 219
nn20 10100000 10199999 422
nn20 10200000 10299999 532
nn20 10300000 10399999 1240
nn20 10400000 10499999 803
nn20 10500000 10599999 382
nn20 10600000 10699999 228
nn20 10700000 10799999 262
nn20 10800000 10899999 124
nn20 10900000 10999999 82
nn20 11000000 11099999 187
nn20 11100000 11199999 569
nn20 11200000 11299999 540
nn20 11300000 11399999 1585
nn20 11400000 11499999 672
nn20 11500000 11599999 1468
nn20 11600000 11699999 1361
nn20 11700000 11799999 1852
nn20 11800000 11899999 1395
nn20 11900000 11999999 769
nn20 12000000 12099999 1142
nn20 12100000 12199999 1450
nn20 12200000 12299999 435
nn20 12300000 12399999 670
nn20 12400000 12499999 612
nn20 12500000 12599999 94
nn20 12600000 12699999 478
nn20 12700000 12799999 612
nn20 12800000 12899999 164
nn20 12900000 12999999 913
nn20 13000000 13099999 925
nn20 13100000 13199999 845
nn20 13200000 13299999 598
nn20 13300000 13399999 478
nn20 13400000 13499999 1452
nn20 13500000 13599999 1289
nn20 13600000 13699999 1783
nn20 13700000 13799999 959
nn20 13800000 13899999 1026
nn20 13900000 13999999 639
nn20 14000000 14099999 927
nn20 14100000 14199999 1031
nn20 14200000 14299999 301
nn20 14300000 14399999 266
nn20 14400000 14499999 190
nn20 14500000 14599999 0
nn20 14600000 14699999 38
nn20 14700000 14769858 8684
nn21 0 99999 2989
nn21 100000 199999 1783
nn21 200000 299999 383
nn21 300000 399999 337
nn21 400000 499999 473
nn21 500000 599999 2423
nn21 600000 699999 4503
nn21 700000 799999 1532
nn21 800000 899999 1717
nn21 900000 999999 778
nn21 1000000 1099999 1946
nn21 1100000 1199999 933
nn21 1200000 1299999 1326
nn21 1300000 1399999 307
nn21 1400000 1499999 293
nn21 1500000 1599999 156
nn21 1600000 1699999 409
nn21 1700000 1799999 622
nn21 1800000 1899999 502
nn21 1900000 1999999 630
nn21 2000000 2099999 296
nn21 2100000 2199999 1068
nn21 2200000 2299999 746
nn21 2300000 2399999 564
nn21 2400000 2499999 596
nn21 2500000 2599999 383
nn21 2600000 2699999 768
nn21 2700000 2799999 3452
nn21 2800000 2899999 2916
nn21 2900000 2999999 3395
nn21 3000000 3099999 1284
nn21 3100000 3199999 500
nn21 3200000 3299999 906
nn21 3300000 3399999 332
nn21 3400000 3499999 546
nn21 3500000 3599999 722
nn21 3600000 3699999 340
nn21 3700000 3799999 773
nn21 3800000 3899999 1978
nn21 3900000 3999999 2035
nn21 4000000 4099999 416
nn21 4100000 4199999 503
nn21 4200000 4299999 1707
nn21 4300000 4399999 3456
nn21 4400000 4499999 3339
nn21 4500000 4599999 2333
nn21 4600000 4699999 657
nn21 4700000 4799999 659
nn21 4800000 4899999 2382
nn21 4900000 4999999 2702
nn21 5000000 5099999 1573
nn21 5100000 5199999 537
nn21 5200000 5299999 506
nn21 5300000 5399999 302
nn21 5400000 5499999 257
nn21 5500000 5599999 485
nn21 5600000 5699999 653
nn21 5700000 5799999 812
nn21 5800000 5899999 934
nn21 5900000 5999999 944
nn21 6000000 6099999 2150
nn21 6100000 6199999 2315
nn21 6200000 6299999 1378
nn21 6300000 6399999 1541
nn21 6400000 6499999 2218
nn21 6500000 6599999 8458
nn21 6600000 6699999 2716
nn21 6700000 6799999 759
nn21 6800000 6899999 2213
nn21 6900000 6999999 206
nn21 7000000 7099999 38
nn21 7100000 7199999 0
nn21 7200000 7299999 0
nn21 7300000 7395262 850
nn22 0 99999 12518
nn22 100000 199999 500
nn22 200000 299999 234
nn22 300000 399999 285
nn22 400000 499999 1519
nn22 500000 599999 833
nn22 600000 699999 440
nn22 700000 799999 175
nn22 800000 899999 456
nn22 900000 999999 618
nn22 1000000 1099999 466
nn22 1100000 1199999 1841
nn22 1200000 1299999 3774
nn22 1300000 1399999 11661
nn22 1400000 1499999 26595
nn22 1500000 1599999 8876
nn22 1600000 1699999 1956
nn22 1700000 1799999 1545
nn22 1800000 1899999 419
nn22 1900000 1999999 168
nn22 2000000 2099999 244
nn22 2100000 2199999 134
nn22 2200000 2299999 1082
nn22 2300000 2399999 3812
nn22 2400000 2499999 2180
nn22 2500000 2599999 2237
nn22 2600000 2699999 2054
nn22 2700000 2799999 880
nn22 2800000 2899999 1524
nn22 2900000 2999999 379
nn22 3000000 3099999 3972
nn22 3100000 3199999 2135
nn22 3200000 3299999 5034
nn22 3300000 3399999 14519
nn22 3400000 3499999 28222
nn22 3500000 3599999 18700
nn22 3600000 3699999 10797
nn22 3700000 3799999 981
nn22 3800000 3899999 207
nn22 3900000 3999999 722
nn22 4000000 4099999 126
nn22 4100000 4199999 250
nn22 4200000 4299999 165
nn22 4300000 4399999 74
nn22 4400000 4499999 134
nn22 4500000 4599999 200
nn22 4600000 4699999 2840
nn22 4700000 4799999 13669
nn22 4800000 4899999 3473
nn22 4900000 4999999 0
nn22 5000000 5099999 0
nn22 5100000 5199999 698
nn22 5200000 5238597 2216
nn23 0 99999 11824
nn23 100000 199999 646
nn23 200000 299999 3562
nn23 300000 399999 2435
nn23 400000 499999 3574
nn23 500000 599999 3299
nn23 600000 699999 3940
nn23 700000 799999 5374
nn23 800000 899999 5911
nn23 900000 999999 2468
nn23 1000000 1099999 391
nn23 1100000 1199999 604
nn23 1200000 1299999 381
nn23 1300000 1399999 3339
nn23 1400000 1499999 1460
nn23 1500000 1599999 2720
nn23 1600000 1699999 2441
nn23 1700000 1799999 3708
nn23 1800000 1899999 1433
nn23 1900000 1999999 2543
nn23 2000000 2099999 1234
nn23 2100000 2199999 1148
nn23 2200000 2299999 1138
nn23 2300000 2399999 983
nn23 2400000 2499999 213
nn23 2500000 2599999 2367
nn23 2600000 2699999 550
nn23 2700000 2799999 373
nn23 2800000 2899999 469
nn23 2900000 2999999 1057
nn23 3000000 3099999 2259
nn23 3100000 3199999 1093
nn23 3200000 3299999 1732
nn23 3300000 3399999 2443
nn23 3400000 3499999 1071
nn23 3500000 3599999 4761
nn23 3600000 3699999 6560
nn23 3700000 3799999 10398
nn23 3800000 3899999 8466
nn23 3900000 3999999 5373
nn23 4000000 4099999 2463
nn23 4100000 4199999 759
nn23 4200000 4299999 589
nn23 4300000 4399999 748
nn23 4400000 4499999 1097
nn23 4500000 4599999 2909
nn23 4600000 4699999 4768
nn23 4700000 4799999 1070
nn23 4800000 4899999 619
nn23 4900000 4999999 589
nn23 5000000 5099999 624
nn23 5100000 5199999 1132
nn23 5200000 5299999 3485
nn23 5300000 5399999 1261
nn23 5400000 5499999 771
nn23 5500000 5599999 1233
nn23 5600000 5699999 2290
nn23 5700000 5799999 1184
nn23 5800000 5899999 1386
nn23 5900000 5999999 405
nn23 6000000 6099999 38
nn23 6100000 6199999 0
nn23 6200000 6299999 384
nn23 6300000 6329449 12974
nn24 0 99999 13181
nn24 100000 199999 864
nn24 200000 299999 2755
nn24 300000 399999 3548
nn24 400000 499999 3569
nn24 500000 599999 1639
nn24 600000 699999 1092
nn24 700000 799999 1225
nn24 800000 899999 724
nn24 900000 999999 1264
nn24 1000000 1099999 811
nn24 1100000 1199999 542
nn24 1200000 1299999 162
nn24 1300000 1399999 858
nn24 1400000 1499999 764
nn24 1500000 1599999 569
nn24 1600000 1699999 702
nn24 1700000 1799999 1422
nn24 1800000 1899999 1631
nn24 1900000 1999999 1934
nn24 2000000 2099999 2111
nn24 2100000 2199999 2322
nn24 2200000 2299999 1529
nn24 2300000 2399999 1400
nn24 2400000 2499999 2395
nn24 2500000 2599999 1173
nn24 2600000 2699999 622
nn24 2700000 2799999 244
nn24 2800000 2899999 255
nn24 2900000 2999999 841
nn24 3000000 3099999 203
nn24 3100000 3199999 558
nn24 3200000 3299999 740
nn24 3300000 3399999 1215
nn24 3400000 3499999 752
nn24 3500000 3599999 1682
nn24 3600000 3699999 1030
nn24 3700000 3799999 954
nn24 3800000 3899999 1757
nn24 3900000 3999999 637
nn24 4000000 4099999 1811
nn24 4100000 4199999 1650
nn24 4200000 4299999 3939
nn24 4300000 4399999 1464
nn24 4400000 4499999 1469
nn24 4500000 4599999 1717
nn24 4600000 4699999 1120
nn24 4700000 4799999 532
nn24 4800000 4899999 773
nn24 4900000 4999999 970
nn24 5000000 5099999 1305
nn24 5100000 5199999 1694
nn24 5200000 5299999 2002
nn24 5300000 5399999 1793
nn24 5400000 5499999 2247
nn24 5500000 5599999 975
nn24 5600000 5699999 1847
nn24 5700000 5799999 1683
nn24 5800000 5899999 721
nn24 5900000 5999999 679
nn24 6000000 6099999 742
nn24 6100000 6199999 875
nn24 6200000 6299999 826
nn24 6300000 6399999 1882
nn24 6400000 6499999 74
nn24 6500000 6599999 62
nn24 6600000 6699999 114
nn24 6700000 6799999 0
nn24 6800000 6899999 736
nn24 6900000 6998170 1229
nn25 0 99999 1040
nn25 100000 199999 4378
nn25 200000 299999 21715
nn25 300000 399999 12220
nn25 400000 499999 21512
nn25 500000 599999 5100
nn25 600000 699999 462
nn25 700000 799999 6520
nn25 800000 899999 9174
nn25 900000 999999 904
nn25 1000000 1099999 19733
nn25 1100000 1199999 22760
nn25 1200000 1299999 25172
nn25 1300000 1399999 25785
nn25 1400000 1499999 9534
nn25 1500000 1599999 2969
nn25 1600000 1699999 11912
nn25 1700000 1799999 14790
nn25 1800000 1899999 16953
nn25 1900000 1999999 4794
nn25 2000000 2099999 6298
nn25 2100000 2199999 1026
nn25 2200000 2299999 13606
nn25 2300000 2399999 25599
nn25 2400000 2499999 12190
nn25 2500000 2599999 11466
nn25 2600000 2699999 15470
nn25 2700000 2799999 4661
nn25 2800000 2899999 541
nn25 2900000 2999999 761
nn25 3000000 3099999 438
nn25 3100000 3199999 2182
nn25 3200000 3299999 6672
nn25 3300000 3399999 6989
nn25 3400000 3499999 4720
nn25 3500000 3599999 2357
nn25 3600000 3699999 18797
nn25 3700000 3799999 18319
nn25 3800000 3899999 12265
nn25 3900000 3999999 1427
nn25 4000000 4099999 147
nn25 4100000 4199999 0
nn25 4200000 4299999 700
nn25 4300000 4333314 164
nn26 0 99999 3001
nn26 100000 199999 1846
nn26 200000 299999 2691
nn26 300000 399999 2916
nn26 400000 499999 2112
nn26 500000 599999 4345
nn26 600000 699999 3818
nn26 700000 799999 1718
nn26 800000 899999 2436
nn26 900000 999999 987
nn26 1000000 1099999 2287
nn26 1100000 1199999 5978
nn26 1200000 1299999 14216
nn26 1300000 1399999 10156
nn26 1400000 1499999 2659
nn26 1500000 1599999 1757
nn26 1600000 1699999 1763
nn26 1700000 1799999 3793
nn26 1800000 1899999 2398
nn26 1900000 1999999 1187
nn26 2000000 2099999 2015
nn26 2100000 2199999 2945
nn26 2200000 2299999 1175
nn26 2300000 2399999 1691
nn26 2400000 2499999 935
nn26 2500000 2599999 1821
nn26 2600000 2699999 857
nn26 2700000 2799999 875
nn26 2800000 2899999 1727
nn26 2900000 2999999 676
nn26 3000000 3099999 817
nn26 3100000 3199999 1003
nn26 3200000 3299999 1359
nn26 3300000 3399999 560
nn26 3400000 3499999 1296
nn26 3500000 3599999 2208
nn26 3600000 3699999 2675
nn26 3700000 3799999 631
nn26 3800000 3899999 644
nn26 3900000 3999999 764
nn26 4000000 4099999 303
nn26 4100000 4199999 2328
nn26 4200000 4299999 1189
nn26 4300000 4399999 1450
nn26 4400000 4499999 5562
nn26 4500000 4599999 2697
nn26 4600000 4699999 1289
nn26 4700000 4799999 1303
nn26 4800000 4899999 4525
nn26 4900000 4999999 5540
nn26 5000000 5099999 2111
nn26 5100000 5199999 1458
nn26 5200000 5299999 2502
nn26 5300000 5399999 2350
nn26 5400000 5499999 1433
nn26 5500000 5599999 476
nn26 5600000 5699999 203
nn26 5700000 5799999 313
nn26 5800000 5899999 1260
nn26 5900000 5993406 1046
nn27 0 99999 10861
nn27 100000 199999 1595
nn27 200000 299999 2716
nn27 300000 399999 3664
nn27 400000 499999 3293
nn27 500000 599999 4618
nn27 600000 699999 1519
nn27 700000 799999 3185
nn27 800000 899999 12295
nn27 900000 999999 5411
nn27 1000000 1099999 6330
nn27 1100000 1199999 4828
nn27 1200000 1299999 6353
nn27 1300000 1399999 10467
nn27 1400000 1499999 7697
nn27 1500000 1599999 8164
nn27 1600000 1699999 2349
nn27 1700000 1799999 2983
nn27 1800000 1899999 4654
nn27 1900000 1999999 1933
nn27 2000000 2099999 1218
nn27 2100000 2199999 1697
nn27 2200000 2299999 2791
nn27 2300000 2399999 1925
nn27 2400000 2499999 13683
nn27 2500000 2599999 16868
nn27 2600000 2699999 11423
nn27 2700000 2799999 2427
nn27 2800000 2899999 1522
nn27 2900000 2999999 2559
nn27 3000000 3099999 1485
nn27 3100000 3199999 1178
nn27 3200000 3299999 1545
nn27 3300000 3399999 1669
nn27 3400000 3499999 879
nn27 3500000 3599999 224
nn27 3600000 3699999 307
nn27 3700000 3799999 544
nn27 3800000 3899999 1251
nn27 3900000 3999999 3079
nn27 4000000 4099999 8091
nn27 4100000 4199999 10992
nn27 4200000 4299999 2565
nn27 4300000 4399999 4446
nn27 4400000 4499999 3295
nn27 4500000 4599999 1103
nn27 4600000 4699999 505
nn27 4700000 4799999 496
nn27 4800000 4899999 652
nn27 4900000 4999999 574
nn27 5000000 5099999 1029
nn27 5100000 5199999 1174
nn27 5200000 5299999 920
nn27 5300000 5399999 1748
nn27 5400000 5499999 1185
nn27 5500000 5599999 721
nn27 5600000 5699999 1991
nn27 5700000 5799999 1050
nn27 5800000 5899999 0
nn27 5900000 5999999 228
nn27 6000000 6099999 228
nn27 6100000 6199999 736
nn27 6200000 6242314 502
nn28 0 99999 2295
nn28 100000 199999 597
nn28 200000 299999 686
nn28 300000 399999 2629
nn28 400000 499999 1302
nn28 500000 599999 904
nn28 600000 699999 1163
nn28 700000 799999 702
nn28 800000 899999 1097
nn28 900000 999999 5193
nn28 1000000 1099999 8763
nn28 1100000 1199999 2660
nn28 1200000 1299999 790
nn28 1300000 1399999 4059
nn28 1400000 1499999 4503
nn28 1500000 1599999 7959
nn28 1600000 1699999 13669
nn28 1700000 1799999 5677
nn28 1800000 1899999 9054
nn28 1900000 1999999 7454
nn28 2000000 2099999 2839
nn28 2100000 2199999 4177
nn28 2200000 2299999 3565
nn28 2300000 2399999 3182
nn28 2400000 2499999 4802
nn28 2500000 2599999 4988
nn28 2600000 2699999 7272
nn28 2700000 2799999 4481
nn28 2800000 2899999 8251
nn28 2900000 2999999 2345
nn28 3000000 3099999 2054
nn28 3100000 3199999 1007
nn28 3200000 3299999 2650
nn28 3300000 3399999 1458
nn28 3400000 3499999 2154
nn28 3500000 3599999 6282
nn28 3600000 3699999 7313
nn28 3700000 3799999 7854
nn28 3800000 3899999 11787
nn28 3900000 3999999 4266
nn28 4000000 4099999 6174
nn28 4100000 4199999 5057
nn28 4200000 4299999 1649
nn28 4300000 4399999 1177
nn28 4400000 4499999 303
nn28 4500000 4599999 712
nn28 4600000 4699999 545
nn28 4700000 4799999 300
nn28 4800000 4899999 350
nn28 4900000 4999999 807
nn28 5000000 5099999 903
nn28 5100000 5199999 62
nn28 5200000 5299999 24
nn28 5300000 5399999 562
nn28 5400000 5499999 1080
nn28 5500000 5598070 12013
nn29 0 99999 31831
nn29 100000 199999 23865
nn29 200000 299999 31745
nn29 300000 399999 21993
nn29 400000 499999 20260
nn29 500000 599999 27776
nn29 600000 699999 10797
nn29 700000 799999 3019
nn29 800000 899999 2413
nn29 900000 999999 4241
nn29 1000000 1099999 739
nn29 1100000 1199999 2432
nn29 1200000 1299999 2039
nn29 1300000 1399999 1707
nn29 1400000 1499999 598
nn29 1500000 1599999 571
nn29 1600000 1699999 1550
nn29 1700000 1799999 2628
nn29 1800000 1899999 2821
nn29 1900000 1999999 3074
nn29 2000000 2099999 2583
nn29 2100000 2199999 2784
nn29 2200000 2299999 3300
nn29 2300000 2399999 2823
nn29 2400000 2499999 694
nn29 2500000 2599999 4928
nn29 2600000 2699999 1418
nn29 2700000 2799999 3318
nn29 2800000 2899999 1370
nn29 2900000 2999999 2481
nn29 3000000 3099999 1605
nn29 3100000 3199999 1069
nn29 3200000 3299999 685
nn29 3300000 3399999 2992
nn29 3400000 3499999 881
nn29 3500000 3502936 0
nn30 0 99999 24045
nn30 100000 199999 21554
nn30 200000 299999 21007
nn30 300000 399999 26123
nn30 400000 499999 13292
nn30 500000 599999 3372
nn30 600000 699999 10775
nn30 700000 799999 25331
nn30 800000 899999 25939
nn30 900000 999999 19929
nn30 1000000 1099999 17163
nn30 1100000 1199999 14229
nn30 1200000 1299999 9135
nn30 1300000 1399999 5155
nn30 1400000 1499999 6214
nn30 1500000 1599999 4967
nn30 1600000 1699999 6802
nn30 1700000 1799999 3899
nn30 1800000 1899999 62
nn30 1900000 1999999 0
nn30 2000000 2072913 634
nn31 0 99999 35864
nn31 100000 199999 30770
nn31 200000 299999 12095
nn31 300000 399999 12427
nn31 400000 499999 3561
nn31 500000 599999 4718
nn31 600000 699999 3710
nn31 700000 799999 3910
nn31 800000 899999 4001
nn31 900000 999999 3595
nn31 1000000 1099999 4501
nn31 1100000 1199999 10810
nn31 1200000 1299999 929
nn31 1300000 1399999 220
nn31 1400000 1499999 523
nn31 1500000 1599999 320
nn31 1600000 1699999 831
nn31 1700000 1799999 3169
nn31 1800000 1899999 2938
nn31 1900000 1999999 2026
nn31 2000000 2099999 38
nn31 2100000 2199999 38
nn31 2200000 2299999 0
nn31 2300000 2399999 1038
nn31 2400000 2403615 40
nn32 0 99999 21004
nn32 100000 199999 27447
nn32 200000 299999 16953
nn32 300000 399999 38589
nn32 400000 499999 25555
nn32 500000 599999 12086
nn32 600000 699999 16400
nn32 700000 799999 21053
nn32 800000 899999 20677
nn32 900000 999999 30516
nn32 1000000 1099999 27673
nn32 1100000 1199999 34294
nn32 1200000 1299999 36946
nn32 1300000 1399999 25642
nn32 1400000 1499999 36280
nn32 1500000 1599999 12834
nn32 1600000 1699999 4064
nn32 1700000 1799999 4630
nn32 1800000 1899999 747
nn32 1900000 1999999 4752
nn32 2000000 2099999 5774
nn32 2100000 2199999 5591
nn32 2200000 2299999 5844
nn32 2300000 2399999 4840
nn32 2400000 2499999 2904
nn32 2500000 2599999 114
nn32 2600000 2699999 0
nn32 2700000 2799999 7513
nn32 2800000 2803647 3185
nn33 0 99999 11143
nn33 100000 199999 12105
nn33 200000 299999 11688
nn33 300000 399999 15604
nn33 400000 499999 22007
nn33 500000 599999 18108
nn33 600000 699999 7558
nn33 700000 799999 588
nn33 800000 899999 1511
nn33 900000 999999 1857
nn33 1000000 1099999 6322
nn33 1100000 1199999 21594
nn33 1200000 1299999 13945
nn33 1300000 1399999 8037
nn33 1400000 1499999 10955
nn33 1500000 1599999 13207
nn33 1600000 1699999 9640
nn33 1700000 1799999 25592
nn33 1800000 1899999 20977
nn33 1900000 1999999 9583
nn33 2000000 2099999 2414
nn33 2100000 2199999 1061
nn33 2200000 2299999 942
nn33 2300000 2399999 10106
nn33 2400000 2499999 12280
nn33 2500000 2599999 19889
nn33 2600000 2699999 30556
nn33 2700000 2799999 5931
nn33 2800000 2899999 3153
nn33 2900000 2999999 2288
nn33 3000000 3099999 114
nn33 3100000 3199999 38
nn33 3200000 3299999 38
nn33 3300000 3399999 382
nn33 3400000 3483575 12261
nn34 0 99999 23821
nn34 100000 199999 30074
nn34 200000 299999 32159
nn34 300000 399999 20236
nn34 400000 499999 9739
nn34 500000 599999 28522
nn34 600000 699999 18419
nn34 700000 799999 18663
nn34 800000 899999 25544
nn34 900000 999999 31337
nn34 1000000 1099999 28953
nn34 1100000 1199999 24155
nn34 1200000 1299999 1086
nn34 1300000 1399999 1741
nn34 1400000 1499999 2625
nn34 1500000 1599999 2309
nn34 1600000 1699999 76
nn34 1700000 1799999 114
nn34 1800000 1899999 38
nn34 1900000 1999999 230
nn34 2000000 2037436 2754
nn35 0 99999 36214
nn35 100000 199999 29549
nn35 200000 299999 29571
nn35 300000 399999 29216
nn35 400000 499999 27141
nn35 500000 599999 34610
nn35 600000 699999 40576
nn35 700000 799999 38844
nn35 800000 899999 14233
nn35 900000 999999 15703
nn35 1000000 1099999 29921
nn35 1100000 1199999 30076
nn35 1200000 1299999 11892
nn35 1300000 1399999 5104
nn35 1400000 1499999 4809
nn35 1500000 1599999 3618
nn35 1600000 1699999 258
nn35 1700000 1799999 114
nn35 1800000 1899999 776
nn35 1900000 1948696 13235
nn36 0 99999 13459
nn36 100000 199999 32035
nn36 200000 299999 23737
nn36 300000 399999 30990
nn36 400000 499999 34437
nn36 500000 599999 35843
nn36 600000 699999 36830
nn36 700000 799999 24883
nn36 800000 899999 2648
nn36 900000 999999 3577
nn36 1000000 1099999 5735
nn36 1100000 1199999 4408
nn36 1200000 1299999 4197
nn36 1300000 1399999 2720
nn36 1400000 1499999 4087
nn36 1500000 1599999 412
nn36 1600000 1648179 114
nn37 0 99999 16135
nn37 100000 199999 21189
nn37 200000 299999 25396
nn37 300000 399999 29023
nn37 400000 499999 24676
nn37 500000 599999 25409
nn37 600000 699999 26549
nn37 700000 799999 35738
nn37 800000 899999 21204
nn37 900000 999999 393
nn37 1000000 1099999 2150
nn37 1100000 1199999 6010
nn37 1200000 1299999 5855
nn37 1300000 1399999 5825
nn37 1400000 1499999 4847
nn37 1500000 1599999 20
nn37 1600000 1699999 100
nn37 1700000 1799999 20
nn37 1800000 1899999 8510
nn37 1900000 1903433 2463
nn38 0 99999 27256
nn38 100000 199999 31084
nn38 200000 299999 35267
nn38 300000 399999 26070
nn38 400000 499999 34581
nn38 500000 599999 23358
nn38 600000 699999 26807
nn38 700000 799999 29123
nn38 800000 899999 14854
nn38 900000 999999 618
nn38 1000000 1099999 559
nn38 1100000 1199999 849
nn38 1200000 1299999 920
nn38 1300000 1399999 7693
nn38 1400000 1499999 12544
nn38 1500000 1599999 1331
nn38 1600000 1699999 954
nn38 1700000 1799999 179
nn38 1800000 1899999 76
nn38 1900000 1999999 716
nn38 2000000 2099999 1280
nn38 2100000 2199999 1320
nn38 2200000 2229092 5166
nnZ 0 99999 948
nnZ 100000 199999 335
nnZ 200000 299999 777
nnZ 300000 399999 1197
nnZ 400000 499999 188
nnZ 500000 599999 847
nnZ 600000 699999 686
nnZ 700000 799999 417
nnZ 800000 899999 2232
nnZ 900000 999999 886
nnZ 1000000 1099999 346
nnZ 1100000 1199999 341
nnZ 1200000 1299999 574
nnZ 1300000 1399999 322
nnZ 1400000 1499999 68
nnZ 1500000 1599999 838
nnZ 1600000 1699999 240
nnZ 1700000 1799999 569
nnZ 1800000 1899999 416
nnZ 1900000 1999999 489
nnZ 2000000 2099999 597
nnZ 2100000 2199999 285
nnZ 2200000 2299999 415
nnZ 2300000 2399999 91
nnZ 2400000 2499999 756
nnZ 2500000 2599999 286
nnZ 2600000 2699999 1236
nnZ 2700000 2799999 440
nnZ 2800000 2899999 401
nnZ 2900000 2999999 436
nnZ 3000000 3099999 285
nnZ 3100000 3199999 354
nnZ 3200000 3299999 317
nnZ 3300000 3399999 505
nnZ 3400000 3499999 455
nnZ 3500000 3599999 379
nnZ 3600000 3699999 479
nnZ 3700000 3799999 244
nnZ 3800000 3899999 416
nnZ 3900000 3999999 726
nnZ 4000000 4099999 759
nnZ 4100000 4199999 95
nnZ 4200000 4299999 257
nnZ 4300000 4399999 348
nnZ 4400000 4499999 275
nnZ 4500000 4599999 165
nnZ 4600000 4699999 164
nnZ 4700000 4799999 384
nnZ 4800000 4899999 115
nnZ 4900000 4999999 725
nnZ 5000000 5099999 260
nnZ 5100000 5199999 122
nnZ 5200000 5299999 227
nnZ 5300000 5399999 790
nnZ 5400000 5499999 762
nnZ 5500000 5599999 228
nnZ 5600000 5699999 219
nnZ 5700000 5799999 618
nnZ 5800000 5899999 0
nnZ 5900000 5999999 452
nnZ 6000000 6099999 100
nnZ 6100000 6199999 25
nnZ 6200000 6299999 917
nnZ 6300000 6399999 332
nnZ 6400000 6499999 76
nnZ 6500000 6599999 204
nnZ 6600000 6699999 263
nnZ 6700000 6799999 40
nnZ 6800000 6899999 104
nnZ 6900000 6999999 531
nnZ 7000000 7099999 157
nnZ 7100000 7199999 90
nnZ 7200000 7299999 1478
nnZ 7300000 7399999 142
nnZ 7400000 7499999 695
nnZ 7500000 7599999 188
nnZ 7600000 7699999 203
nnZ 7700000 7799999 202
nnZ 7800000 7899999 255
nnZ 7900000 7999999 645
nnZ 8000000 8099999 351
nnZ 8100000 8199999 228
nnZ 8200000 8299999 459
nnZ 8300000 8399999 286
nnZ 8400000 8499999 460
nnZ 8500000 8599999 261
nnZ 8600000 8699999 55
nnZ 8700000 8799999 473
nnZ 8800000 8899999 316
nnZ 8900000 8999999 137
nnZ 9000000 9099999 238
nnZ 9100000 9199999 148
nnZ 9200000 9299999 164
nnZ 9300000 9399999 158
nnZ 9400000 9499999 161
nnZ 9500000 9599999 289
nnZ 9600000 9699999 391
nnZ 9700000 9799999 125
nnZ 9800000 9899999 227
nnZ 9900000 9999999 375
nnZ 10000000 10099999 52
nnZ 10100000 10199999 384
nnZ 10200000 10299999 641
nnZ 10300000 10399999 143
nnZ 10400000 10499999 293
nnZ 10500000 10599999 450
nnZ 10600000 10699999 1645
nnZ 10700000 10799999 66
nnZ 10800000 10899999 386
nnZ 10900000 10999999 532
nnZ 11000000 11099999 592
nnZ 11100000 11199999 311
nnZ 11200000 11299999 710
nnZ 11300000 11399999 170
nnZ 11400000 11499999 549
nnZ 11500000 11599999 181
nnZ 11600000 11699999 447
nnZ 11700000 11799999 118
nnZ 11800000 11899999 479
nnZ 11900000 11999999 307
nnZ 12000000 12099999 307
nnZ 12100000 12199999 716
nnZ 12200000 12299999 225
nnZ 12300000 12399999 217
nnZ 12400000 12499999 387
nnZ 12500000 12599999 153
nnZ 12600000 12699999 732
nnZ 12700000 12799999 96
nnZ 12800000 12899999 653
nnZ 12900000 12999999 205
nnZ 13000000 13099999 298
nnZ 13100000 13199999 405
nnZ 13200000 13299999 480
nnZ 13300000 13399999 275
nnZ 13400000 13499999 165
nnZ 13500000 13599999 182
nnZ 13600000 13699999 347
nnZ 13700000 13799999 252
nnZ 13800000 13899999 486
nnZ 13900000 13999999 283
nnZ 14000000 14099999 606
nnZ 14100000 14199999 1041
nnZ 14200000 14299999 384
nnZ 14300000 14399999 233
nnZ 14400000 14499999 616
nnZ 14500000 14599999 470
nnZ 14600000 14699999 761
nnZ 14700000 14799999 296
nnZ 14800000 14899999 342
nnZ 14900000 14999999 890
nnZ 15000000 15099999 578
nnZ 15100000 15199999 592
nnZ 15200000 15299999 494
nnZ 15300000 15399999 380
nnZ 15400000 15499999 414
nnZ 15500000 15599999 112
nnZ 15600000 15699999 205
nnZ 15700000 15799999 384
nnZ 15800000 15899999 109
nnZ 15900000 15999999 474
nnZ 16000000 16099999 248
nnZ 16100000 16199999 1286
nnZ 16200000 16299999 57
nnZ 16300000 16399999 453
nnZ 16400000 16499999 301
nnZ 16500000 16599999 549
nnZ 16600000 16699999 122
nnZ 16700000 16799999 210
nnZ 16800000 16899999 248
nnZ 16900000 16999999 150
nnZ 17000000 17099999 67
nnZ 17100000 17199999 200
nnZ 17200000 17299999 85
nnZ 17300000 17399999 1043
nnZ 17400000 17499999 1830
nnZ 17500000 17599999 180
nnZ 17600000 17699999 230
nnZ 17700000 17799999 79
nnZ 17800000 17899999 98
nnZ 17900000 17999999 321
nnZ 18000000 18099999 79
nnZ 18100000 18199999 735
nnZ 18200000 18299999 143
nnZ 18300000 18399999 805
nnZ 18400000 18499999 187
nnZ 18500000 18599999 21
nnZ 18600000 18699999 357
nnZ 18700000 18799999 370
nnZ 18800000 18899999 278
nnZ 18900000 18999999 267
nnZ 19000000 19099999 316
nnZ 19100000 19199999 389
nnZ 19200000 19299999 186
nnZ 19300000 19399999 133
nnZ 19400000 19499999 666
nnZ 19500000 19599999 697
nnZ 19600000 19699999 382
nnZ 19700000 19799999 187
nnZ 19800000 19899999 1213
nnZ 19900000 19999999 1134
nnZ 20000000 20099999 685
nnZ 20100000 20199999 240
nnZ 20200000 20299999 524
nnZ 20300000 20399999 193
nnZ 20400000 20499999 2148
nnZ 20500000 20599999 391
nnZ 20600000 20699999 136
nnZ 20700000 20799999 254
nnZ 20800000 20899999 199
nnZ 20900000 20999999 93
nnZ 21000000 21099999 596
nnZ 21100000 21199999 66
nnZ 21200000 21299999 257
nnZ 21300000 21399999 138
nnZ 21400000 21499999 106
nnZ 21500000 21599999 144
nnZ 21600000 21699999 303
nnZ 21700000 21799999 172
nnZ 21800000 21899999 348
nnZ 21900000 21999999 88
nnZ 22000000 22099999 202
nnZ 22100000 22199999 111
nnZ 22200000 22299999 192
nnZ 22300000 22399999 23
nnZ 22400000 22499999 361
nnZ 22500000 22599999 584
nnZ 22600000 22699999 335
nnZ 22700000 22799999 122
nnZ 22800000 22899999 228
nnZ 22900000 22999999 118
nnZ 23000000 23099999 79
nnZ 23100000 23199999 272
nnZ 23200000 23299999 245
nnZ 23300000 23399999 848
nnZ 23400000 23499999 459
nnZ 23500000 23599999 325
nnZ 23600000 23699999 516
nnZ 23700000 23799999 1119
nnZ 23800000 23899999 191
nnZ 23900000 23999999 423
nnZ 24000000 24099999 302
nnZ 24100000 24199999 608
nnZ 24200000 24299999 577
nnZ 24300000 24399999 330
nnZ 24400000 24499999 306
nnZ 24500000 24599999 952
nnZ 24600000 24699999 580
nnZ 24700000 24799999 315
nnZ 24800000 24899999 291
nnZ 24900000 24999999 560
nnZ 25000000 25099999 474
nnZ 25100000 25199999 302
nnZ 25200000 25299999 1373
nnZ 25300000 25399999 696
nnZ 25400000 25499999 259
nnZ 25500000 25599999 502
nnZ 25600000 25699999 323
nnZ 25700000 25799999 82
nnZ 25800000 25899999 373
nnZ 25900000 25999999 99
nnZ 26000000 26099999 226
nnZ 26100000 26199999 492
nnZ 26200000 26299999 291
nnZ 26300000 26399999 1053
nnZ 26400000 26499999 270
nnZ 26500000 26599999 131
nnZ 26600000 26699999 884
nnZ 26700000 26799999 239
nnZ 26800000 26899999 361
nnZ 26900000 26999999 847
nnZ 27000000 27099999 1075
nnZ 27100000 27199999 397
nnZ 27200000 27299999 226
nnZ 27300000 27399999 94
nnZ 27400000 27499999 136
nnZ 27500000 27599999 175
nnZ 27600000 27699999 41
nnZ 27700000 27799999 185
nnZ 27800000 27899999 108
nnZ 27900000 27999999 180
nnZ 28000000 28099999 57
nnZ 28100000 28199999 68
nnZ 28200000 28299999 109
nnZ 28300000 28399999 315
nnZ 28400000 28499999 109
nnZ 28500000 28599999 1681
nnZ 28600000 28699999 93
nnZ 28700000 28799999 447
nnZ 28800000 28899999 330
nnZ 28900000 28999999 284
nnZ 29000000 29099999 370
nnZ 29100000 29199999 190
nnZ 29200000 29299999 681
nnZ 29300000 29399999 507
nnZ 29400000 29499999 254
nnZ 29500000 29599999 248
nnZ 29600000 29699999 421
nnZ 29700000 29799999 278
nnZ 29800000 29899999 782
nnZ 29900000 29999999 67
nnZ 30000000 30099999 304
nnZ 30100000 30199999 120
nnZ 30200000 30299999 163
nnZ 30300000 30399999 154
nnZ 30400000 30499999 83
nnZ 30500000 30599999 179
nnZ 30600000 30699999 43
nnZ 30700000 30799999 197
nnZ 30800000 30899999 429
nnZ 30900000 30999999 247
nnZ 31000000 31099999 110
nnZ 31100000 31199999 320
nnZ 31200000 31299999 208
nnZ 31300000 31399999 90
nnZ 31400000 31499999 420
nnZ 31500000 31599999 284
nnZ 31600000 31699999 137
nnZ 31700000 31799999 245
nnZ 31800000 31899999 281
nnZ 31900000 31999999 307
nnZ 32000000 32099999 1212
nnZ 32100000 32199999 1056
nnZ 32200000 32299999 618
nnZ 32300000 32399999 1094
nnZ 32400000 32499999 446
nnZ 32500000 32599999 180
nnZ 32600000 32699999 160
nnZ 32700000 32799999 201
nnZ 32800000 32899999 401
nnZ 32900000 32999999 200
nnZ 33000000 33099999 166
nnZ 33100000 33199999 428
nnZ 33200000 33299999 144
nnZ 33300000 33399999 141
nnZ 33400000 33499999 1486
nnZ 33500000 33599999 114
nnZ 33600000 33699999 122
nnZ 33700000 33799999 39
nnZ 33800000 33899999 269
nnZ 33900000 33999999 167
nnZ 34000000 34099999 322
nnZ 34100000 34199999 308
nnZ 34200000 34299999 804
nnZ 34300000 34399999 743
nnZ 34400000 34499999 216
nnZ 34500000 34599999 577
nnZ 34600000 34699999 494
nnZ 34700000 34799999 166
nnZ 34800000 34899999 353
nnZ 34900000 34999999 127
nnZ 35000000 35099999 137
nnZ 35100000 35199999 447
nnZ 35200000 35299999 448
nnZ 35300000 35399999 186
nnZ 35400000 35499999 58
nnZ 35500000 35599999 340
nnZ 35600000 35699999 828
nnZ 35700000 35799999 693
nnZ 35800000 35899999 115
nnZ 35900000 35999999 295
nnZ 36000000 36099999 185
nnZ 36100000 36199999 255
nnZ 36200000 36299999 646
nnZ 36300000 36399999 903
nnZ 36400000 36499999 136
nnZ 36500000 36599999 116
nnZ 36600000 36699999 339
nnZ 36700000 36799999 265
nnZ 36800000 36899999 221
nnZ 36900000 36999999 91
nnZ 37000000 37099999 256
nnZ 37100000 37199999 519
nnZ 37200000 37299999 0
nnZ 37300000 37399999 672
nnZ 37400000 37499999 235
nnZ 37500000 37599999 503
nnZ 37600000 37699999 269
nnZ 37700000 37799999 525
nnZ 37800000 37899999 262
nnZ 37900000 37999999 70
nnZ 38000000 38099999 342
nnZ 38100000 38199999 224
nnZ 38200000 38299999 219
nnZ 38300000 38399999 242
nnZ 38400000 38499999 281
nnZ 38500000 38599999 301
nnZ 38600000 38699999 224
nnZ 38700000 38799999 447
nnZ 38800000 38899999 446
nnZ 38900000 38999999 279
nnZ 39000000 39099999 550
nnZ 39100000 39199999 161
nnZ 39200000 39299999 46
nnZ 39300000 39399999 116
nnZ 39400000 39499999 711
nnZ 39500000 39599999 445
nnZ 39600000 39699999 1006
nnZ 39700000 39799999 160
nnZ 39800000 39899999 332
nnZ 39900000 39999999 74
nnZ 40000000 40099999 442
nnZ 40100000 40199999 191
nnZ 40200000 40299999 71
nnZ 40300000 40399999 538
nnZ 40400000 40499999 169
nnZ 40500000 40599999 719
nnZ 40600000 40699999 339
nnZ 40700000 40799999 403
nnZ 40800000 40899999 102
nnZ 40900000 40999999 191
nnZ 41000000 41099999 584
nnZ 41100000 41199999 463
nnZ 41200000 41299999 336
nnZ 41300000 41399999 488
nnZ 41400000 41499999 283
nnZ 41500000 41599999 278
nnZ 41600000 41699999 994
nnZ 41700000 41799999 100
nnZ 41800000 41899999 93
nnZ 41900000 41999999 224
nnZ 42000000 42099999 380
nnZ 42100000 42199999 16
nnZ 42200000 42299999 411
nnZ 42300000 42399999 77
nnZ 42400000 42499999 88
nnZ 42500000 42599999 472
nnZ 42600000 42699999 342
nnZ 42700000 42799999 282
nnZ 42800000 42899999 24
nnZ 42900000 42999999 54
nnZ 43000000 43099999 201
nnZ 43100000 43199999 298
nnZ 43200000 43299999 163
nnZ 43300000 43399999 283
nnZ 43400000 43499999 265
nnZ 43500000 43599999 156
nnZ 43600000 43699999 67
nnZ 43700000 43799999 140
nnZ 43800000 43899999 198
nnZ 43900000 43999999 515
nnZ 44000000 44099999 236
nnZ 44100000 44199999 464
nnZ 44200000 44299999 91
nnZ 44300000 44399999 342
nnZ 44400000 44499999 398
nnZ 44500000 44599999 776
nnZ 44600000 44699999 445
nnZ 44700000 44799999 235
nnZ 44800000 44899999 349
nnZ 44900000 44999999 395
nnZ 45000000 45099999 145
nnZ 45100000 45199999 523
nnZ 45200000 45299999 40
nnZ 45300000 45399999 104
nnZ 45400000 45499999 193
nnZ 45500000 45599999 223
nnZ 45600000 45699999 38
nnZ 45700000 45799999 155
nnZ 45800000 45899999 364
nnZ 45900000 45999999 174
nnZ 46000000 46099999 627
nnZ 46100000 46199999 82
nnZ 46200000 46299999 777
nnZ 46300000 46399999 191
nnZ 46400000 46499999 103
nnZ 46500000 46599999 42
nnZ 46600000 46699999 96
nnZ 46700000 46799999 406
nnZ 46800000 46899999 273
nnZ 46900000 46999999 214
nnZ 47000000 47099999 148
nnZ 47100000 47199999 988
nnZ 47200000 47299999 26
nnZ 47300000 47399999 44
nnZ 47400000 47499999 421
nnZ 47500000 47599999 432
nnZ 47600000 47699999 321
nnZ 47700000 47799999 132
nnZ 47800000 47899999 1243
nnZ 47900000 47999999 106
nnZ 48000000 48099999 196
nnZ 48100000 48199999 94
nnZ 48200000 48299999 241
nnZ 48300000 48399999 187
nnZ 48400000 48499999 237
nnZ 48500000 48599999 178
nnZ 48600000 48699999 63
nnZ 48700000 48799999 221
nnZ 48800000 48899999 206
nnZ 48900000 48999999 343
nnZ 49000000 49099999 933
nnZ 49100000 49199999 252
nnZ 49200000 49299999 618
nnZ 49300000 49399999 379
nnZ 49400000 49499999 201
nnZ 49500000 49599999 65
nnZ 49600000 49699999 222
nnZ 49700000 49799999 625
nnZ 49800000 49899999 542
nnZ 49900000 49999999 203
nnZ 50000000 50099999 795
nnZ 50100000 50199999 119
nnZ 50200000 50299999 576
nnZ 50300000 50399999 186
nnZ 50400000 50499999 226
nnZ 50500000 50599999 198
nnZ 50600000 50699999 48
nnZ 50700000 50799999 147
nnZ 50800000 50899999 167
nnZ 50900000 50999999 1298
nnZ 51000000 51099999 25
nnZ 51100000 51199999 71
nnZ 51200000 51299999 90
nnZ 51300000 51399999 213
nnZ 51400000 51499999 278
nnZ 51500000 51599999 453
nnZ 51600000 51699999 225
nnZ 51700000 51799999 172
nnZ 51800000 51899999 479
nnZ 51900000 51999999 432
nnZ 52000000 52099999 1344
nnZ 52100000 52199999 2059
nnZ 52200000 52299999 2515
nnZ 52300000 52399999 1064
nnZ 52400000 52499999 434
nnZ 52500000 52599999 40
nnZ 52600000 52699999 324
nnZ 52700000 52799999 43
nnZ 52800000 52899999 279
nnZ 52900000 52999999 290
nnZ 53000000 53099999 116
nnZ 53100000 53199999 324
nnZ 53200000 53299999 296
nnZ 53300000 53399999 335
nnZ 53400000 53499999 1406
nnZ 53500000 53599999 313
nnZ 53600000 53699999 403
nnZ 53700000 53799999 223
nnZ 53800000 53899999 1023
nnZ 53900000 53999999 298
nnZ 54000000 54099999 0
nnZ 54100000 54199999 347
nnZ 54200000 54299999 144
nnZ 54300000 54399999 25
nnZ 54400000 54499999 1182
nnZ 54500000 54599999 161
nnZ 54600000 54699999 569
nnZ 54700000 54799999 953
nnZ 54800000 54899999 384
nnZ 54900000 54999999 107
nnZ 55000000 55099999 1002
nnZ 55100000 55199999 113
nnZ 55200000 55299999 368
nnZ 55300000 55399999 380
nnZ 55400000 55499999 649
nnZ 55500000 55599999 157
nnZ 55600000 55699999 121
nnZ 55700000 55799999 193
nnZ 55800000 55899999 244
nnZ 55900000 55999999 192
nnZ 56000000 56099999 23
nnZ 56100000 56199999 312
nnZ 56200000 56299999 125
nnZ 56300000 56399999 66
nnZ 56400000 56499999 1250
nnZ 56500000 56599999 540
nnZ 56600000 56699999 151
nnZ 56700000 56799999 258
nnZ 56800000 56899999 218
nnZ 56900000 56999999 364
nnZ 57000000 57099999 116
nnZ 57100000 57199999 419
nnZ 57200000 57299999 45
nnZ 57300000 57399999 738
nnZ 57400000 57499999 178
nnZ 57500000 57599999 272
nnZ 57600000 57699999 651
nnZ 57700000 57799999 171
nnZ 57800000 57899999 274
nnZ 57900000 57999999 253
nnZ 58000000 58099999 718
nnZ 58100000 58199999 22
nnZ 58200000 58299999 141
nnZ 58300000 58399999 259
nnZ 58400000 58499999 169
nnZ 58500000 58599999 180
nnZ 58600000 58699999 279
nnZ 58700000 58799999 78
nnZ 58800000 58899999 488
nnZ 58900000 58999999 271
nnZ 59000000 59099999 536
nnZ 59100000 59199999 62
nnZ 59200000 59299999 59
nnZ 59300000 59399999 216
nnZ 59400000 59499999 327
nnZ 59500000 59599999 707
nnZ 59600000 59699999 441
nnZ 59700000 59799999 27
nnZ 59800000 59899999 166
nnZ 59900000 59999999 395
nnZ 60000000 60099999 47
nnZ 60100000 60199999 522
nnZ 60200000 60299999 119
nnZ 60300000 60399999 109
nnZ 60400000 60499999 503
nnZ 60500000 60599999 492
nnZ 60600000 60699999 220
nnZ 60700000 60799999 334
nnZ 60800000 60899999 54
nnZ 60900000 60999999 233
nnZ 61000000 61099999 44
nnZ 61100000 61199999 147
nnZ 61200000 61299999 78
nnZ 61300000 61399999 1022
nnZ 61400000 61499999 93
nnZ 61500000 61599999 472
nnZ 61600000 61699999 260
nnZ 61700000 61799999 47
nnZ 61800000 61899999 59
nnZ 61900000 61999999 104
nnZ 62000000 62099999 46
nnZ 62100000 62199999 599
nnZ 62200000 62299999 372
nnZ 62300000 62399999 193
nnZ 62400000 62499999 75
nnZ 62500000 62599999 289
nnZ 62600000 62699999 350
nnZ 62700000 62799999 435
nnZ 62800000 62899999 170
nnZ 62900000 62999999 340
nnZ 63000000 63099999 165
nnZ 63100000 63199999 856
nnZ 63200000 63299999 292
nnZ 63300000 63399999 147
nnZ 63400000 63499999 52
nnZ 63500000 63599999 438
nnZ 63600000 63699999 145
nnZ 63700000 63799999 109
nnZ 63800000 63899999 140
nnZ 63900000 63999999 155
nnZ 64000000 64099999 165
nnZ 64100000 64199999 417
nnZ 64200000 64299999 97
nnZ 64300000 64399999 154
nnZ 64400000 64499999 276
nnZ 64500000 64599999 435
nnZ 64600000 64699999 73
nnZ 64700000 64799999 475
nnZ 64800000 64899999 357
nnZ 64900000 64999999 369
nnZ 65000000 65099999 269
nnZ 65100000 65199999 133
nnZ 65200000 65299999 33
nnZ 65300000 65399999 131
nnZ 65400000 65499999 138
nnZ 65500000 65599999 260
nnZ 65600000 65699999 309
nnZ 65700000 65799999 36
nnZ 65800000 65899999 41
nnZ 65900000 65999999 354
nnZ 66000000 66099999 391
nnZ 66100000 66199999 47
nnZ 66200000 66299999 1167
nnZ 66300000 66399999 87
nnZ 66400000 66499999 240
nnZ 66500000 66599999 272
nnZ 66600000 66699999 131
nnZ 66700000 66799999 214
nnZ 66800000 66899999 134
nnZ 66900000 66999999 58
nnZ 67000000 67099999 467
nnZ 67100000 67199999 26
nnZ 67200000 67299999 92
nnZ 67300000 67399999 325
nnZ 67400000 67499999 278
nnZ 67500000 67599999 77
nnZ 67600000 67699999 91
nnZ 67700000 67799999 121
nnZ 67800000 67899999 336
nnZ 67900000 67999999 397
nnZ 68000000 68099999 42
nnZ 68100000 68199999 238
nnZ 68200000 68299999 69
nnZ 68300000 68399999 157
nnZ 68400000 68499999 300
nnZ 68500000 68599999 176
nnZ 68600000 68699999 334
nnZ 68700000 68799999 320
nnZ 68800000 68899999 162
nnZ 68900000 68999999 189
nnZ 69000000 69099999 202
nnZ 69100000 69199999 138
nnZ 69200000 69299999 286
nnZ 69300000 69399999 225
nnZ 69400000 69499999 36
nnZ 69500000 69599999 141
nnZ 69600000 69699999 325
nnZ 69700000 69799999 40
nnZ 69800000 69899999 387
nnZ 69900000 69999999 489
nnZ 70000000 70099999 530
nnZ 70100000 70199999 307
nnZ 70200000 70299999 350
nnZ 70300000 70399999 616
nnZ 70400000 70499999 1053
nnZ 70500000 70599999 2540
nnZ 70600000 70699999 4335
nnZ 70700000 70799999 795
nnZ 70800000 70899999 439
nnZ 70900000 70999999 205
nnZ 71000000 71099999 145
nnZ 71100000 71199999 1009
nnZ 71200000 71299999 1836
nnZ 71300000 71399999 2018
nnZ 71400000 71499999 1056
nnZ 71500000 71599999 727
nnZ 71600000 71699999 667
nnZ 71700000 71799999 2131
nnZ 71800000 71899999 132
nnZ 71900000 71999999 602
nnZ 72000000 72099999 516
nnZ 72100000 72199999 614
nnZ 72200000 72299999 906
nnZ 72300000 72399999 687
nnZ 72400000 72499999 613
nnZ 72500000 72599999 71
nnZ 72600000 72699999 199
nnZ 72700000 72799999 48
nnZ 72800000 72899999 820
nnZ 72900000 72999999 311
nnZ 73000000 73099999 361
nnZ 73100000 73199999 242
nnZ 73200000 73299999 211
nnZ 73300000 73399999 446
nnZ 73400000 73499999 322
nnZ 73500000 73599999 567
nnZ 73600000 73699999 142
nnZ 73700000 73799999 413
nnZ 73800000 73899999 942
nnZ 73900000 73999999 763
nnZ 74000000 74099999 177
nnZ 74100000 74199999 640
nnZ 74200000 74299999 692
nnZ 74300000 74399999 409
nnZ 74400000 74499999 271
nnZ 74500000 74599999 441
nnZ 74600000 74699999 420
nnZ 74700000 74799999 808
nnZ 74800000 74899999 278
nnZ 74900000 74999999 485
nnZ 75000000 75099999 589
nnZ 75100000 75199999 729
nnZ 75200000 75299999 481
nnZ 75300000 75399999 708
nnZ 75400000 75499999 433
nnZ 75500000 75599999 359
nnZ 75600000 75699999 263
nnZ 75700000 75799999 196
nnZ 75800000 75899999 89
nnZ 75900000 75999999 476
nnZ 76000000 76099999 500
nnZ 76100000 76199999 727
nnZ 76200000 76299999 836
nnZ 76300000 76399999 94
nnZ 76400000 76499999 240
nnZ 76500000 76599999 105
nnZ 76600000 76699999 145
nnZ 76700000 76799999 1010
nnZ 76800000 76899999 422
nnZ 76900000 76999999 603
nnZ 77000000 77099999 347
nnZ 77100000 77199999 296
nnZ 77200000 77299999 286
nnZ 77300000 77399999 746
nnZ 77400000 77499999 157
nnZ 77500000 77599999 105
nnZ 77600000 77699999 139
nnZ 77700000 77799999 649
nnZ 77800000 77899999 939
nnZ 77900000 77999999 209
nnZ 78000000 78099999 309
nnZ 78100000 78199999 1667
nnZ 78200000 78299999 1111
nnZ 78300000 78399999 668
nnZ 78400000 78499999 2551
nnZ 78500000 78599999 1279
nnZ 78600000 78699999 2480
nnZ 78700000 78799999 235
nnZ 78800000 78899999 1470
nnZ 78900000 78999999 904
nnZ 79000000 79099999 596
nnZ 79100000 79199999 146
nnZ 79200000 79299999 622
nnZ 79300000 79399999 361
nnZ 79400000 79499999 1372
nnZ 79500000 79599999 1168
nnZ 79600000 79699999 1611
nnZ 79700000 79799999 1646
nnZ 79800000 79899999 2528
nnZ 79900000 79999999 16416
nnZ 80000000 80099999 16338
nnZ 80100000 80199999 19036
nnZ 80200000 80299999 31946
nnZ 80300000 80399999 22032
nnZ 80400000 80499999 18020
nnZ 80500000 80599999 16412
nnZ 80600000 80699999 15380
nnZ 80700000 80799999 1617
nnZ 80800000 80899999 2149
nnZ 80900000 80999999 1316
nnZ 81000000 81099999 1158
nnZ 81100000 81199999 625
nnZ 81200000 81201839 26
nnW 0 99999 34547
nnW 100000 199999 19110
nnW 200000 299999 13216
nnW 300000 399999 17137
nnW 400000 499999 564
nnW 500000 599999 484
nnW 600000 699999 738
nnW 700000 799999 391
nnW 800000 899999 785
nnW 900000 999999 704
nnW 1000000 1099999 8017
nnW 1100000 1199999 1337
nnW 1200000 1299999 590
nnW 1300000 1399999 657
nnW 1400000 1499999 108
nnW 1500000 1599999 444
nnW 1600000 1699999 8481
nnW 1700000 1799999 614
nnW 1800000 1899999 655
nnW 1900000 1999999 504
nnW 2000000 2099999 641
nnW 2100000 2199999 10053
nnW 2200000 2299999 398
nnW 2300000 2399999 521
nnW 2400000 2499999 679
nnW 2500000 2599999 1556
nnW 2600000 2699999 835
nnW 2700000 2799999 666
nnW 2800000 2899999 638
nnW 2900000 2999999 344
nnW 3000000 3099999 5911
nnW 3100000 3199999 610
nnW 3200000 3299999 513
nnW 3300000 3399999 397
nnW 3400000 3499999 290
nnW 3500000 3599999 8286
nnW 3600000 3699999 660
nnW 3700000 3799999 438
nnW 3800000 3899999 619
nnW 3900000 3999999 317
nnW 4000000 4099999 1345
nnW 4100000 4199999 662
nnW 4200000 4299999 436
nnW 4300000 4399999 466
nnW 4400000 4499999 428
nnW 4500000 4599999 655
nnW 4600000 4699999 913
nnW 4700000 4799999 755
nnW 4800000 4899999 913
nnW 4900000 4999999 630
nnW 5000000 5099999 1336
nnW 5100000 5199999 784
nnW 5200000 5299999 550
nnW 5300000 5399999 284
nnW 5400000 5499999 0
nnW 5500000 5599999 0
nnW 5600000 5699999 0
nnW 5700000 5799999 0
nnW 5800000 5899999 0
nnW 5900000 5999999 0
nnW 6000000 6099999 0
nnW 6100000 6199999 0
nnW 6200000 6299999 0
nnW 6300000 6399999 0
nnW 6400000 6499999 0
nnW 6500000 6599999 0
nnW 6600000 6699999 0
nnW 6700000 6799999 0
nnW 6800000 6899999 0
nnW 6900000 6999999 0
nnW 7000000 7099999 0
nnW 7100000 7199999 0
nnW 7200000 7299999 0
nnW 7300000 7399999 0
nnW 7400000 7499999 0
nnW 7500000 7599999 0
nnW 7600000 7699999 0
nnW 7700000 7799999 0
nnW 7800000 7899999 0
nnW 7900000 7999999 0
nnW 8000000 8099999 0
nnW 8100000 8199999 0
nnW 8200000 8299999 501
nnW 8300000 8399999 442
nnW 8400000 8499999 576
nnW 8500000 8599999 1088
nnW 8600000 8699999 610
nnW 8700000 8799999 818
nnW 8800000 8899999 798
nnW 8900000 8999999 946
nnW 9000000 9099999 925
nnW 9100000 9199999 750
nnW 9200000 9299999 514
nnW 9300000 9399999 5080
nnW 9400000 9499999 228
nnW 9500000 9599999 1709
nnW 9600000 9699999 336
nnW 9700000 9799999 62
nnW 9800000 9899999 0
nnW 9900000 9999999 0
nnW 10000000 10099999 237
nnW 10100000 10199999 0
nnW 10200000 10299999 0
nnW 10300000 10399999 0
nnW 10400000 10499999 0
nnW 10500000 10599999 0
nnW 10600000 10699999 376
nnW 10700000 10799999 315
nnW 10800000 10899999 22
nnW 10900000 10999999 0
nnW 11000000 11099999 5916
nnW 11100000 11199999 23278
nnW 11200000 11299999 22388
nnW 11300000 11399999 24853
nnW 11400000 11499999 23372
nnW 11500000 11599999 17435
nnW 11600000 11699999 9432
nnW 11700000 11799999 0
nnW 11800000 11899999 0
nnW 11900000 11999999 0
nnW 12000000 12099999 0
nnW 12100000 12199999 407
nnW 12200000 12299999 214
nnW 12300000 12399999 0
nnW 12400000 12499999 0
nnW 12500000 12599999 0
nnW 12600000 12699999 0
nnW 12700000 12799999 0
nnW 12800000 12857327 210
