nn1 0 99999 3229
nn1 100000 199999 2817
nn1 200000 299999 2643
nn1 300000 399999 2695
nn1 400000 499999 2832
nn1 500000 599999 2525
nn1 600000 699999 2696
nn1 700000 799999 3188
nn1 800000 899999 3113
nn1 900000 999999 3060
nn1 1000000 1099999 2744
nn1 1100000 1199999 2922
nn1 1200000 1299999 2640
nn1 1300000 1399999 2701
nn1 1400000 1499999 2718
nn1 1500000 1599999 2627
nn1 1600000 1699999 2736
nn1 1700000 1799999 2175
nn1 1800000 1899999 2490
nn1 1900000 1999999 2358
nn1 2000000 2099999 2261
nn1 2100000 2199999 2398
nn1 2200000 2299999 2293
nn1 2300000 2399999 2322
nn1 2400000 2499999 2130
nn1 2500000 2599999 1728
nn1 2600000 2699999 1420
nn1 2700000 2799999 1476
nn1 2800000 2899999 2902
nn1 2900000 2999999 2152
nn1 3000000 3099999 2309
nn1 3100000 3199999 2306
nn1 3200000 3299999 2634
nn1 3300000 3399999 2670
nn1 3400000 3499999 2506
nn1 3500000 3599999 2909
nn1 3600000 3699999 2879
nn1 3700000 3799999 2310
nn1 3800000 3899999 2690
nn1 3900000 3999999 2706
nn1 4000000 4099999 2504
nn1 4100000 4199999 2630
nn1 4200000 4299999 2660
nn1 4300000 4399999 2108
nn1 4400000 4499999 2672
nn1 4500000 4599999 2085
nn1 4600000 4699999 2726
nn1 4700000 4799999 2813
nn1 4800000 4899999 2850
nn1 4900000 4999999 2683
nn1 5000000 5099999 2465
nn1 5100000 5199999 3154
nn1 5200000 5299999 2852
nn1 5300000 5399999 3471
nn1 5400000 5499999 2957
nn1 5500000 5599999 2879
nn1 5600000 5699999 3248
nn1 5700000 5799999 3295
nn1 5800000 5899999 3230
nn1 5900000 5999999 3054
nn1 6000000 6099999 3165
nn1 6100000 6199999 3415
nn1 6200000 6299999 2511
nn1 6300000 6399999 3334
nn1 6400000 6499999 2862
nn1 6500000 6599999 2619
nn1 6600000 6699999 2407
nn1 6700000 6799999 2752
nn1 6800000 6899999 2686
nn1 6900000 6999999 2715
nn1 7000000 7099999 2760
nn1 7100000 7199999 2961
nn1 7200000 7299999 3096
nn1 7300000 7399999 3209
nn1 7400000 7499999 2912
nn1 7500000 7599999 3144
nn1 7600000 7699999 2984
nn1 7700000 7799999 3200
nn1 7800000 7899999 3138
nn1 7900000 7999999 2469
nn1 8000000 8099999 2816
nn1 8100000 8199999 2266
nn1 8200000 8299999 2737
nn1 8300000 8399999 2828
nn1 8400000 8499999 2922
nn1 8500000 8599999 2918
nn1 8600000 8699999 2845
nn1 8700000 8799999 2759
nn1 8800000 8899999 3364
nn1 8900000 8999999 3262
nn1 9000000 9099999 2901
nn1 9100000 9199999 3155
nn1 9200000 9299999 2862
nn1 9300000 9399999 2850
nn1 9400000 9499999 3172
nn1 9500000 9599999 3259
nn1 9600000 9699999 2634
nn1 9700000 9799999 3313
nn1 9800000 9899999 2864
nn1 9900000 9999999 2723
nn1 10000000 10099999 2380
nn1 10100000 10199999 2407
nn1 10200000 10299999 2300
nn1 10300000 10399999 2649
nn1 10400000 10499999 2729
nn1 10500000 10599999 2832
nn1 10600000 10699999 2522
nn1 10700000 10799999 2803
nn1 10800000 10899999 2969
nn1 10900000 10999999 3006
nn1 11000000 11099999 2398
nn1 11100000 11199999 2878
nn1 11200000 11299999 2461
nn1 11300000 11399999 2896
nn1 11400000 11499999 2543
nn1 11500000 11599999 2938
nn1 11600000 11699999 2828
nn1 11700000 11799999 2261
nn1 11800000 11899999 2444
nn1 11900000 11999999 2502
nn1 12000000 12099999 2688
nn1 12100000 12199999 2730
nn1 12200000 12299999 2606
nn1 12300000 12399999 3204
nn1 12400000 12499999 2954
nn1 12500000 12599999 3056
nn1 12600000 12699999 2906
nn1 12700000 12799999 3461
nn1 12800000 12899999 3193
nn1 12900000 12999999 3128
nn1 13000000 13099999 3522
nn1 13100000 13199999 3110
nn1 13200000 13299999 3507
nn1 13300000 13399999 3260
nn1 13400000 13499999 3215
nn1 13500000 13599999 2875
nn1 13600000 13699999 2710
nn1 13700000 13799999 2797
nn1 13800000 13899999 3261
nn1 13900000 13999999 3189
nn1 14000000 14099999 3122
nn1 14100000 14199999 3001
nn1 14200000 14299999 2851
nn1 14300000 14399999 2571
nn1 14400000 14499999 2979
nn1 14500000 14599999 2989
nn1 14600000 14699999 3291
nn1 14700000 14799999 2724
nn1 14800000 14899999 2724
nn1 14900000 14999999 2536
nn1 15000000 15099999 2903
nn1 15100000 15199999 2961
nn1 15200000 15299999 2921
nn1 15300000 15399999 3065
nn1 15400000 15499999 2908
nn1 15500000 15599999 3084
nn1 15600000 15699999 3121
nn1 15700000 15799999 2892
nn1 15800000 15899999 3030
nn1 15900000 15999999 2925
nn1 16000000 16099999 2974
nn1 16100000 16199999 2767
nn1 16200000 16299999 2519
nn1 16300000 16399999 2760
nn1 16400000 16499999 2727
nn1 16500000 16599999 2528
nn1 16600000 16699999 3020
nn1 16700000 16799999 2960
nn1 16800000 16899999 2865
nn1 16900000 16999999 2625
nn1 17000000 17099999 2662
nn1 17100000 17199999 2188
nn1 17200000 17299999 3033
nn1 17300000 17399999 2840
nn1 17400000 17499999 2556
nn1 17500000 17599999 2425
nn1 17600000 17699999 3093
nn1 17700000 17799999 3437
nn1 17800000 17899999 2671
nn1 17900000 17999999 2914
nn1 18000000 18099999 2898
nn1 18100000 18199999 3125
nn1 18200000 18299999 2588
nn1 18300000 18399999 2891
nn1 18400000 18499999 2719
nn1 18500000 18599999 3043
nn1 18600000 18699999 2659
nn1 18700000 18799999 2495
nn1 18800000 18899999 3024
nn1 18900000 18999999 2810
nn1 19000000 19099999 2717
nn1 19100000 19199999 3315
nn1 19200000 19299999 3238
nn1 19300000 19399999 2712
nn1 19400000 19499999 3528
nn1 19500000 19599999 2633
nn1 19600000 19699999 2466
nn1 19700000 19799999 2795
nn1 19800000 19899999 2496
nn1 19900000 19999999 3040
nn1 20000000 20099999 2306
nn1 20100000 20199999 3081
nn1 20200000 20299999 2681
nn1 20300000 20399999 2478
nn1 20400000 20499999 2964
nn1 20500000 20599999 2502
nn1 20600000 20699999 2894
nn1 20700000 20799999 2713
nn1 20800000 20899999 2794
nn1 20900000 20999999 3054
nn1 21000000 21099999 2766
nn1 21100000 21199999 2947
nn1 21200000 21299999 2645
nn1 21300000 21399999 2698
nn1 21400000 21499999 2500
nn1 21500000 21599999 2623
nn1 21600000 21699999 2781
nn1 21700000 21799999 2655
nn1 21800000 21899999 2500
nn1 21900000 21999999 2833
nn1 22000000 22099999 3123
nn1 22100000 22199999 2707
nn1 22200000 22299999 2604
nn1 22300000 22399999 3037
nn1 22400000 22499999 2606
nn1 22500000 22599999 2858
nn1 22600000 22699999 2661
nn1 22700000 22799999 2842
nn1 22800000 22899999 2891
nn1 22900000 22999999 2856
nn1 23000000 23099999 3141
nn1 23100000 23199999 2425
nn1 23200000 23299999 2667
nn1 23300000 23399999 2948
nn1 23400000 23499999 2882
nn1 23500000 23599999 3364
nn1 23600000 23699999 3585
nn1 23700000 23799999 3186
nn1 23800000 23899999 3247
nn1 23900000 23999999 2803
nn1 24000000 24099999 2904
nn1 24100000 24199999 3139
nn1 24200000 24299999 2832
nn1 24300000 24399999 2823
nn1 24400000 24499999 2657
nn1 24500000 24599999 2890
nn1 24600000 24699999 2688
nn1 24700000 24799999 2841
nn1 24800000 24899999 3480
nn1 24900000 24999999 3368
nn1 25000000 25099999 2977
nn1 25100000 25199999 3005
nn1 25200000 25299999 3104
nn1 25300000 25399999 2849
nn1 25400000 25499999 3139
nn1 25500000 25599999 2923
nn1 25600000 25699999 2898
nn1 25700000 25799999 2728
nn1 25800000 25899999 2711
nn1 25900000 25999999 2626
nn1 26000000 26099999 2832
nn1 26100000 26199999 2653
nn1 26200000 26299999 3059
nn1 26300000 26399999 2678
nn1 26400000 26499999 2834
nn1 26500000 26599999 3166
nn1 26600000 26699999 2763
nn1 26700000 26799999 2821
nn1 26800000 26899999 2730
nn1 26900000 26999999 3317
nn1 27000000 27099999 2548
nn1 27100000 27199999 2861
nn1 27200000 27299999 2435
nn1 27300000 27399999 2622
nn1 27400000 27499999 3341
nn1 27500000 27599999 2616
nn1 27600000 27699999 2646
nn1 27700000 27799999 2444
nn1 27800000 27899999 2877
nn1 27900000 27999999 2591
nn1 28000000 28099999 3067
nn1 28100000 28199999 3241
nn1 28200000 28299999 2629
nn1 28300000 28399999 2654
nn1 28400000 28499999 2747
nn1 28500000 28599999 2585
nn1 28600000 28699999 3195
nn1 28700000 28799999 2857
nn1 28800000 28899999 2515
nn1 28900000 28999999 2516
nn1 29000000 29099999 2171
nn1 29100000 29199999 2967
nn1 29200000 29299999 2562
nn1 29300000 29399999 2686
nn1 29400000 29499999 2492
nn1 29500000 29599999 2625
nn1 29600000 29699999 2463
nn1 29700000 29799999 2955
nn1 29800000 29899999 2646
nn1 29900000 29999999 2595
nn1 30000000 30099999 2703
nn1 30100000 30199999 2852
nn1 30200000 30299999 2637
nn1 30300000 30399999 2752
nn1 30400000 30499999 2556
nn1 30500000 30599999 2566
nn1 30600000 30699999 2490
nn1 30700000 30799999 2452
nn1 30800000 30899999 2507
nn1 30900000 30999999 2627
nn1 31000000 31099999 2356
nn1 31100000 31199999 2453
nn1 31200000 31299999 2727
nn1 31300000 31399999 2769
nn1 31400000 31499999 2546
nn1 31500000 31599999 2857
nn1 31600000 31699999 2590
nn1 31700000 31799999 2852
nn1 31800000 31899999 3042
nn1 31900000 31999999 3589
nn1 32000000 32099999 3224
nn1 32100000 32199999 3324
nn1 32200000 32299999 3772
nn1 32300000 32399999 3199
nn1 32400000 32499999 2731
nn1 32500000 32599999 3250
nn1 32600000 32699999 3395
nn1 32700000 32799999 3513
nn1 32800000 32899999 3824
nn1 32900000 32999999 3427
nn1 33000000 33099999 3685
nn1 33100000 33199999 3418
nn1 33200000 33299999 3190
nn1 33300000 33399999 3181
nn1 33400000 33499999 3106
nn1 33500000 33599999 3152
nn1 33600000 33699999 3058
nn1 33700000 33799999 3287
nn1 33800000 33899999 3270
nn1 33900000 33999999 3263
nn1 34000000 34099999 3219
nn1 34100000 34199999 3286
nn1 34200000 34299999 3338
nn1 34300000 34399999 3356
nn1 34400000 34499999 3199
nn1 34500000 34599999 2857
nn1 34600000 34699999 2847
nn1 34700000 34799999 3051
nn1 34800000 34899999 3171
nn1 34900000 34999999 3096
nn1 35000000 35099999 2746
nn1 35100000 35199999 3213
nn1 35200000 35299999 3611
nn1 35300000 35399999 3055
nn1 35400000 35499999 3125
nn1 35500000 35599999 3061
nn1 35600000 35699999 3318
nn1 35700000 35799999 3648
nn1 35800000 35899999 3310
nn1 35900000 35999999 3064
nn1 36000000 36099999 3414
nn1 36100000 36199999 3750
nn1 36200000 36299999 3333
nn1 36300000 36399999 3589
nn1 36400000 36499999 3183
nn1 36500000 36599999 3241
nn1 36600000 36699999 2846
nn1 36700000 36799999 3997
nn1 36800000 36899999 3339
nn1 36900000 36999999 3404
nn1 37000000 37099999 3556
nn1 37100000 37199999 3404
nn1 37200000 37299999 3452
nn1 37300000 37399999 3345
nn1 37400000 37499999 3021
nn1 37500000 37599999 3356
nn1 37600000 37699999 3089
nn1 37700000 37799999 3652
nn1 37800000 37899999 3193
nn1 37900000 37999999 3132
nn1 38000000 38099999 2863
nn1 38100000 38199999 3921
nn1 38200000 38299999 3076
nn1 38300000 38399999 3339
nn1 38400000 38499999 3257
nn1 38500000 38599999 3090
nn1 38600000 38699999 3591
nn1 38700000 38799999 3575
nn1 38800000 38899999 3053
nn1 38900000 38999999 3472
nn1 39000000 39099999 3256
nn1 39100000 39199999 3958
nn1 39200000 39299999 3349
nn1 39300000 39399999 2896
nn1 39400000 39499999 3793
nn1 39500000 39599999 3201
nn1 39600000 39699999 2862
nn1 39700000 39799999 3483
nn1 39800000 39899999 3205
nn1 39900000 39999999 3132
nn1 40000000 40099999 3224
nn1 40100000 40199999 2717
nn1 40200000 40299999 3021
nn1 40300000 40399999 3132
nn1 40400000 40499999 2994
nn1 40500000 40599999 2852
nn1 40600000 40699999 2529
nn1 40700000 40799999 3064
nn1 40800000 40899999 2784
nn1 40900000 40999999 3301
nn1 41000000 41099999 2447
nn1 41100000 41199999 2455
nn1 41200000 41299999 2607
nn1 41300000 41399999 2970
nn1 41400000 41499999 2733
nn1 41500000 41599999 2828
nn1 41600000 41699999 2515
nn1 41700000 41799999 2465
nn1 41800000 41899999 2826
nn1 41900000 41999999 2789
nn1 42000000 42099999 2981
nn1 42100000 42199999 2994
nn1 42200000 42299999 3201
nn1 42300000 42399999 2985
nn1 42400000 42499999 2749
nn1 42500000 42599999 3163
nn1 42600000 42699999 3722
nn1 42700000 42799999 3144
nn1 42800000 42899999 3254
nn1 42900000 42999999 2991
nn1 43000000 43099999 2890
nn1 43100000 43199999 3042
nn1 43200000 43299999 3086
nn1 43300000 43399999 3064
nn1 43400000 43499999 2661
nn1 43500000 43599999 3042
nn1 43600000 43699999 3418
nn1 43700000 43799999 3090
nn1 43800000 43899999 3483
nn1 43900000 43999999 2907
nn1 44000000 44099999 3055
nn1 44100000 44199999 2797
nn1 44200000 44299999 3112
nn1 44300000 44399999 2893
nn1 44400000 44499999 3421
nn1 44500000 44599999 3192
nn1 44600000 44699999 2991
nn1 44700000 44799999 3150
nn1 44800000 44899999 3152
nn1 44900000 44999999 3746
nn1 45000000 45099999 3328
nn1 45100000 45199999 3330
nn1 45200000 45299999 3489
nn1 45300000 45399999 3514
nn1 45400000 45499999 3697
nn1 45500000 45599999 3383
nn1 45600000 45699999 3899
nn1 45700000 45799999 3076
nn1 45800000 45899999 3389
nn1 45900000 45999999 3533
nn1 46000000 46099999 3162
nn1 46100000 46199999 3281
nn1 46200000 46299999 3490
nn1 46300000 46399999 3579
nn1 46400000 46499999 3717
nn1 46500000 46599999 3523
nn1 46600000 46699999 3365
nn1 46700000 46799999 3000
nn1 46800000 46899999 3186
nn1 46900000 46999999 3137
nn1 47000000 47099999 3827
nn1 47100000 47199999 3154
nn1 47200000 47299999 3534
nn1 47300000 47399999 3596
nn1 47400000 47499999 3204
nn1 47500000 47599999 3137
nn1 47600000 47699999 3370
nn1 47700000 47799999 3962
nn1 47800000 47899999 3298
nn1 47900000 47999999 3523
nn1 48000000 48099999 3128
nn1 48100000 48199999 3311
nn1 48200000 48299999 3769
nn1 48300000 48399999 3467
nn1 48400000 48499999 3328
nn1 48500000 48599999 3250
nn1 48600000 48699999 3699
nn1 48700000 48799999 3043
nn1 48800000 48899999 3515
nn1 48900000 48999999 3447
nn1 49000000 49099999 3514
nn1 49100000 49199999 2996
nn1 49200000 49299999 3042
nn1 49300000 49399999 3557
nn1 49400000 49499999 3315
nn1 49500000 49599999 3340
nn1 49600000 49699999 3202
nn1 49700000 49799999 2747
nn1 49800000 49899999 3205
nn1 49900000 49999999 3591
nn1 50000000 50099999 3168
nn1 50100000 50199999 3055
nn1 50200000 50299999 2870
nn1 50300000 50399999 2934
nn1 50400000 50499999 2825
nn1 50500000 50599999 2636
nn1 50600000 50699999 2879
nn1 50700000 50799999 2993
nn1 50800000 50899999 2653
nn1 50900000 50999999 3014
nn1 51000000 51099999 2870
nn1 51100000 51199999 3212
nn1 51200000 51299999 2944
nn1 51300000 51399999 2986
nn1 51400000 51499999 2943
nn1 51500000 51599999 2606
nn1 51600000 51699999 2715
nn1 51700000 51799999 2495
nn1 51800000 51899999 2703
nn1 51900000 51999999 2748
nn1 52000000 52099999 2839
nn1 52100000 52199999 2586
nn1 52200000 52299999 2885
nn1 52300000 52399999 2848
nn1 52400000 52499999 3143
nn1 52500000 52599999 2882
nn1 52600000 52699999 2579
nn1 52700000 52799999 3051
nn1 52800000 52899999 3020
nn1 52900000 52999999 2965
nn1 53000000 53099999 2620
nn1 53100000 53199999 2788
nn1 53200000 53299999 2759
nn1 53300000 53399999 3503
nn1 53400000 53499999 2600
nn1 53500000 53599999 3123
nn1 53600000 53699999 2947
nn1 53700000 53799999 3277
nn1 53800000 53899999 3174
nn1 53900000 53999999 3006
nn1 54000000 54099999 3135
nn1 54100000 54199999 3118
nn1 54200000 54299999 2982
nn1 54300000 54399999 2717
nn1 54400000 54499999 3465
nn1 54500000 54599999 3057
nn1 54600000 54699999 3604
nn1 54700000 54799999 3506
nn1 54800000 54899999 3607
nn1 54900000 54999999 3013
nn1 55000000 55099999 3765
nn1 55100000 55199999 3482
nn1 55200000 55299999 3617
nn1 55300000 55399999 3961
nn1 55400000 55499999 3992
nn1 55500000 55599999 3063
nn1 55600000 55699999 2705
nn1 55700000 55799999 3022
nn1 55800000 55899999 3116
nn1 55900000 55999999 3241
nn1 56000000 56099999 3227
nn1 56100000 56199999 3370
nn1 56200000 56299999 3563
nn1 56300000 56399999 3765
nn1 56400000 56499999 3211
nn1 56500000 56599999 2614
nn1 56600000 56699999 3046
nn1 56700000 56799999 2949
nn1 56800000 56899999 2800
nn1 56900000 56999999 3004
nn1 57000000 57099999 2830
nn1 57100000 57199999 2998
nn1 57200000 57299999 2494
nn1 57300000 57399999 2819
nn1 57400000 57499999 2802
nn1 57500000 57599999 3029
nn1 57600000 57699999 2678
nn1 57700000 57799999 2986
nn1 57800000 57899999 2955
nn1 57900000 57999999 2828
nn1 58000000 58099999 2668
nn1 58100000 58199999 2741
nn1 58200000 58299999 2699
nn1 58300000 58399999 2940
nn1 58400000 58499999 3178
nn1 58500000 58599999 3071
nn1 58600000 58699999 2647
nn1 58700000 58799999 2860
nn1 58800000 58899999 3175
nn1 58900000 58999999 3105
nn1 59000000 59099999 2502
nn1 59100000 59199999 3033
nn1 59200000 59299999 2838
nn1 59300000 59399999 2898
nn1 59400000 59499999 2583
nn1 59500000 59599999 2698
nn1 59600000 59699999 2720
nn1 59700000 59799999 3181
nn1 59800000 59899999 3240
nn1 59900000 59999999 2532
nn1 60000000 60099999 2536
nn1 60100000 60199999 2425
nn1 60200000 60299999 2985
nn1 60300000 60399999 2859
nn1 60400000 60499999 2905
nn1 60500000 60599999 2651
nn1 60600000 60699999 2709
nn1 60700000 60799999 2854
nn1 60800000 60899999 2504
nn1 60900000 60999999 2864
nn1 61000000 61099999 2873
nn1 61100000 61199999 2635
nn1 61200000 61299999 2768
nn1 61300000 61399999 2206
nn1 61400000 61499999 2998
nn1 61500000 61599999 3355
nn1 61600000 61699999 2713
nn1 61700000 61799999 2725
nn1 61800000 61899999 3227
nn1 61900000 61999999 2477
nn1 62000000 62099999 2972
nn1 62100000 62199999 3458
nn1 62200000 62299999 3209
nn1 62300000 62399999 2755
nn1 62400000 62499999 3108
nn1 62500000 62599999 2802
nn1 62600000 62699999 2855
nn1 62700000 62799999 3246
nn1 62800000 62899999 2641
nn1 62900000 62999999 2657
nn1 63000000 63099999 2809
nn1 63100000 63199999 3016
nn1 63200000 63299999 2927
nn1 63300000 63399999 2786
nn1 63400000 63499999 2367
nn1 63500000 63599999 2896
nn1 63600000 63699999 2694
nn1 63700000 63799999 3036
nn1 63800000 63899999 2404
nn1 63900000 63999999 2435
nn1 64000000 64099999 2506
nn1 64100000 64199999 2717
nn1 64200000 64299999 2615
nn1 64300000 64399999 2632
nn1 64400000 64499999 3120
nn1 64500000 64599999 2950
nn1 64600000 64699999 3053
nn1 64700000 64799999 2750
nn1 64800000 64899999 3219
nn1 64900000 64999999 2554
nn1 65000000 65099999 2907
nn1 65100000 65199999 2934
nn1 65200000 65299999 2828
nn1 65300000 65399999 2907
nn1 65400000 65499999 3442
nn1 65500000 65599999 3105
nn1 65600000 65699999 3139
nn1 65700000 65799999 3056
nn1 65800000 65899999 3244
nn1 65900000 65999999 2918
nn1 66000000 66099999 2634
nn1 66100000 66199999 3012
nn1 66200000 66299999 2556
nn1 66300000 66399999 2535
nn1 66400000 66499999 2680
nn1 66500000 66599999 2560
nn1 66600000 66699999 3066
nn1 66700000 66799999 2889
nn1 66800000 66899999 2677
nn1 66900000 66999999 2456
nn1 67000000 67099999 3549
nn1 67100000 67199999 2847
nn1 67200000 67299999 3191
nn1 67300000 67399999 3180
nn1 67400000 67499999 2710
nn1 67500000 67599999 2563
nn1 67600000 67699999 3159
nn1 67700000 67799999 2630
nn1 67800000 67899999 2855
nn1 67900000 67999999 3171
nn1 68000000 68099999 2896
nn1 68100000 68199999 2686
nn1 68200000 68299999 3311
nn1 68300000 68399999 2611
nn1 68400000 68499999 3073
nn1 68500000 68599999 2957
nn1 68600000 68699999 3226
nn1 68700000 68799999 3599
nn1 68800000 68899999 3345
nn1 68900000 68999999 3595
nn1 69000000 69099999 3348
nn1 69100000 69199999 3396
nn1 69200000 69299999 3602
nn1 69300000 69399999 3312
nn1 69400000 69499999 3170
nn1 69500000 69599999 3331
nn1 69600000 69699999 3108
nn1 69700000 69799999 3404
nn1 69800000 69899999 3291
nn1 69900000 69999999 3289
nn1 70000000 70099999 3293
nn1 70100000 70199999 3385
nn1 70200000 70299999 2873
nn1 70300000 70399999 3305
nn1 70400000 70499999 3587
nn1 70500000 70599999 2710
nn1 70600000 70699999 3211
nn1 70700000 70799999 2975
nn1 70800000 70899999 3006
nn1 70900000 70999999 2907
nn1 71000000 71099999 2909
nn1 71100000 71199999 2579
nn1 71200000 71299999 2952
nn1 71300000 71399999 2916
nn1 71400000 71499999 2503
nn1 71500000 71599999 2472
nn1 71600000 71699999 3003
nn1 71700000 71799999 2791
nn1 71800000 71899999 3450
nn1 71900000 71999999 2740
nn1 72000000 72099999 3008
nn1 72100000 72199999 2753
nn1 72200000 72299999 2835
nn1 72300000 72399999 3014
nn1 72400000 72499999 3026
nn1 72500000 72599999 2523
nn1 72600000 72699999 2426
nn1 72700000 72799999 2961
nn1 72800000 72899999 3036
nn1 72900000 72999999 2874
nn1 73000000 73099999 2902
nn1 73100000 73199999 2652
nn1 73200000 73299999 2916
nn1 73300000 73399999 2804
nn1 73400000 73499999 3075
nn1 73500000 73599999 2814
nn1 73600000 73699999 2576
nn1 73700000 73799999 2954
nn1 73800000 73899999 2688
nn1 73900000 73999999 2963
nn1 74000000 74099999 2901
nn1 74100000 74199999 3026
nn1 74200000 74299999 2637
nn1 74300000 74399999 2428
nn1 74400000 74499999 2565
nn1 74500000 74599999 2662
nn1 74600000 74699999 3315
nn1 74700000 74799999 2372
nn1 74800000 74899999 3097
nn1 74900000 74999999 3298
nn1 75000000 75099999 2881
nn1 75100000 75199999 2699
nn1 75200000 75299999 2585
nn1 75300000 75399999 2467
nn1 75400000 75499999 2753
nn1 75500000 75599999 2716
nn1 75600000 75699999 2808
nn1 75700000 75799999 2578
nn1 75800000 75899999 2752
nn1 75900000 75999999 2812
nn1 76000000 76099999 3244
nn1 76100000 76199999 2927
nn1 76200000 76299999 2817
nn1 76300000 76399999 3295
nn1 76400000 76499999 2716
nn1 76500000 76599999 3087
nn1 76600000 76699999 3192
nn1 76700000 76799999 2628
nn1 76800000 76899999 3065
nn1 76900000 76999999 2791
nn1 77000000 77099999 3317
nn1 77100000 77199999 3028
nn1 77200000 77299999 2817
nn1 77300000 77399999 3134
nn1 77400000 77499999 2934
nn1 77500000 77599999 2747
nn1 77600000 77699999 2831
nn1 77700000 77799999 2885
nn1 77800000 77899999 2928
nn1 77900000 77999999 2688
nn1 78000000 78099999 2698
nn1 78100000 78199999 3440
nn1 78200000 78299999 2931
nn1 78300000 78399999 2538
nn1 78400000 78499999 3230
nn1 78500000 78599999 2909
nn1 78600000 78699999 3040
nn1 78700000 78799999 2748
nn1 78800000 78899999 2800
nn1 78900000 78999999 3564
nn1 79000000 79099999 3296
nn1 79100000 79199999 3129
nn1 79200000 79299999 3167
nn1 79300000 79399999 3094
nn1 79400000 79499999 3368
nn1 79500000 79599999 3282
nn1 79600000 79699999 3485
nn1 79700000 79799999 3276
nn1 79800000 79899999 3308
nn1 79900000 79999999 3300
nn1 80000000 80099999 3434
nn1 80100000 80199999 3264
nn1 80200000 80299999 3100
nn1 80300000 80399999 2991
nn1 80400000 80499999 3029
nn1 80500000 80599999 3097
nn1 80600000 80699999 2498
nn1 80700000 80799999 2981
nn1 80800000 80899999 3397
nn1 80900000 80999999 3275
nn1 81000000 81099999 3097
nn1 81100000 81199999 3208
nn1 81200000 81299999 3060
nn1 81300000 81399999 4124
nn1 81400000 81499999 3608
nn1 81500000 81599999 3094
nn1 81600000 81699999 3364
nn1 81700000 81799999 2543
nn1 81800000 81899999 3214
nn1 81900000 81999999 2887
nn1 82000000 82099999 3065
nn1 82100000 82199999 2777
nn1 82200000 82299999 2850
nn1 82300000 82399999 2985
nn1 82400000 82499999 3180
nn1 82500000 82599999 3073
nn1 82600000 82699999 3338
nn1 82700000 82799999 3363
nn1 82800000 82899999 2775
nn1 82900000 82999999 2582
nn1 83000000 83099999 2946
nn1 83100000 83199999 3019
nn1 83200000 83299999 2674
nn1 83300000 83399999 2462
nn1 83400000 83499999 2470
nn1 83500000 83599999 2901
nn1 83600000 83699999 2981
nn1 83700000 83799999 2857
nn1 83800000 83899999 2721
nn1 83900000 83999999 2750
nn1 84000000 84099999 3068
nn1 84100000 84199999 2750
nn1 84200000 84299999 3026
nn1 84300000 84399999 2873
nn1 84400000 84499999 2516
nn1 84500000 84599999 2658
nn1 84600000 84699999 2532
nn1 84700000 84799999 2701
nn1 84800000 84899999 2702
nn1 84900000 84999999 2895
nn1 85000000 85099999 3196
nn1 85100000 85199999 2635
nn1 85200000 85299999 3395
nn1 85300000 85399999 2775
nn1 85400000 85499999 2536
nn1 85500000 85599999 2713
nn1 85600000 85699999 2869
nn1 85700000 85799999 3034
nn1 85800000 85899999 2604
nn1 85900000 85999999 2512
nn1 86000000 86099999 2795
nn1 86100000 86199999 2575
nn1 86200000 86299999 2430
nn1 86300000 86399999 2713
nn1 86400000 86499999 2770
nn1 86500000 86599999 2673
nn1 86600000 86699999 2596
nn1 86700000 86799999 3071
nn1 86800000 86899999 3052
nn1 86900000 86999999 2719
nn1 87000000 87099999 2933
nn1 87100000 87199999 2647
nn1 87200000 87299999 2828
nn1 87300000 87399999 2756
nn1 87400000 87499999 2789
nn1 87500000 87599999 2779
nn1 87600000 87699999 3297
nn1 87700000 87799999 2482
nn1 87800000 87899999 2808
nn1 87900000 87999999 2542
nn1 88000000 88099999 2456
nn1 88100000 88199999 2951
nn1 88200000 88299999 3014
nn1 88300000 88399999 2299
nn1 88400000 88499999 2539
nn1 88500000 88599999 2774
nn1 88600000 88699999 3357
nn1 88700000 88799999 2885
nn1 88800000 88899999 2875
nn1 88900000 88999999 3035
nn1 89000000 89099999 2749
nn1 89100000 89199999 3220
nn1 89200000 89299999 2622
nn1 89300000 89399999 2731
nn1 89400000 89499999 2934
nn1 89500000 89599999 2465
nn1 89600000 89699999 2767
nn1 89700000 89799999 2693
nn1 89800000 89899999 2945
nn1 89900000 89999999 2581
nn1 90000000 90099999 2603
nn1 90100000 90199999 2771
nn1 90200000 90299999 2718
nn1 90300000 90399999 2885
nn1 90400000 90499999 2956
nn1 90500000 90599999 2993
nn1 90600000 90699999 2468
nn1 90700000 90799999 2472
nn1 90800000 90899999 2478
nn1 90900000 90999999 2788
nn1 91000000 91099999 3355
nn1 91100000 91199999 2843
nn1 91200000 91299999 2787
nn1 91300000 91399999 2669
nn1 91400000 91499999 2822
nn1 91500000 91599999 2614
nn1 91600000 91699999 2775
nn1 91700000 91799999 3100
nn1 91800000 91899999 3097
nn1 91900000 91999999 3022
nn1 92000000 92099999 3288
nn1 92100000 92199999 3556
nn1 92200000 92299999 3161
nn1 92300000 92399999 3500
nn1 92400000 92499999 3034
nn1 92500000 92599999 2975
nn1 92600000 92699999 3317
nn1 92700000 92799999 3295
nn1 92800000 92899999 2984
nn1 92900000 92999999 2450
nn1 93000000 93099999 3155
nn1 93100000 93199999 2601
nn1 93200000 93299999 3238
nn1 93300000 93399999 2894
nn1 93400000 93499999 2749
nn1 93500000 93599999 3071
nn1 93600000 93699999 3279
nn1 93700000 93799999 3247
nn1 93800000 93899999 3122
nn1 93900000 93999999 3012
nn1 94000000 94099999 3040
nn1 94100000 94199999 3567
nn1 94200000 94299999 3551
nn1 94300000 94399999 3385
nn1 94400000 94499999 3683
nn1 94500000 94599999 3468
nn1 94600000 94699999 2990
nn1 94700000 94799999 2972
nn1 94800000 94899999 3393
nn1 94900000 94999999 3628
nn1 95000000 95099999 3491
nn1 95100000 95199999 3112
nn1 95200000 95299999 3136
nn1 95300000 95399999 3131
nn1 95400000 95499999 3176
nn1 95500000 95599999 3005
nn1 95600000 95699999 3730
nn1 95700000 95799999 3760
nn1 95800000 95899999 3375
nn1 95900000 95999999 3279
nn1 96000000 96099999 3650
nn1 96100000 96199999 3169
nn1 96200000 96299999 3227
nn1 96300000 96399999 3414
nn1 96400000 96499999 3229
nn1 96500000 96599999 2911
nn1 96600000 96699999 3342
nn1 96700000 96799999 2940
nn1 96800000 96899999 2863
nn1 96900000 96999999 3144
nn1 97000000 97099999 2582
nn1 97100000 97199999 2828
nn1 97200000 97299999 3490
nn1 97300000 97399999 3035
nn1 97400000 97499999 2880
nn1 97500000 97599999 2640
nn1 97600000 97699999 2757
nn1 97700000 97799999 2986
nn1 97800000 97899999 2983
nn1 97900000 97999999 3296
nn1 98000000 98099999 2949
nn1 98100000 98199999 3256
nn1 98200000 98299999 2927
nn1 98300000 98399999 3155
nn1 98400000 98499999 3304
nn1 98500000 98599999 3381
nn1 98600000 98699999 3016
nn1 98700000 98799999 3022
nn1 98800000 98899999 3457
nn1 98900000 98999999 3075
nn1 99000000 99099999 2655
nn1 99100000 99199999 3103
nn1 99200000 99299999 3457
nn1 99300000 99399999 3465
nn1 99400000 99499999 3055
nn1 99500000 99599999 3267
nn1 99600000 99699999 3223
nn1 99700000 99799999 2964
nn1 99800000 99899999 3484
nn1 99900000 99999999 3660
nn1 100000000 100099999 3320
nn1 100100000 100199999 3063
nn1 100200000 100299999 3006
nn1 100300000 100399999 3381
nn1 100400000 100499999 3372
nn1 100500000 100599999 3427
nn1 100600000 100699999 3082
nn1 100700000 100799999 3366
nn1 100800000 100899999 3462
nn1 100900000 100999999 3102
nn1 101000000 101099999 3198
nn1 101100000 101199999 2835
nn1 101200000 101299999 3123
nn1 101300000 101399999 3581
nn1 101400000 101499999 2873
nn1 101500000 101599999 3205
nn1 101600000 101699999 3701
nn1 101700000 101799999 3242
nn1 101800000 101899999 3475
nn1 101900000 101999999 3360
nn1 102000000 102099999 3308
nn1 102100000 102199999 3403
nn1 102200000 102299999 3253
nn1 102300000 102399999 3173
nn1 102400000 102499999 3162
nn1 102500000 102599999 3078
nn1 102600000 102699999 3008
nn1 102700000 102799999 2721
nn1 102800000 102899999 2892
nn1 102900000 102999999 2883
nn1 103000000 103099999 3171
nn1 103100000 103199999 2769
nn1 103200000 103299999 2767
nn1 103300000 103399999 2930
nn1 103400000 103499999 2600
nn1 103500000 103599999 2748
nn1 103600000 103699999 2494
nn1 103700000 103799999 2306
nn1 103800000 103899999 2483
nn1 103900000 103999999 2918
nn1 104000000 104099999 2713
nn1 104100000 104199999 2237
nn1 104200000 104299999 2849
nn1 104300000 104399999 2565
nn1 104400000 104499999 3238
nn1 104500000 104599999 3339
nn1 104600000 104699999 3470
nn1 104700000 104799999 3293
nn1 104800000 104899999 3148
nn1 104900000 104999999 3254
nn1 105000000 105099999 3040
nn1 105100000 105199999 3217
nn1 105200000 105299999 3291
nn1 105300000 105399999 3273
nn1 105400000 105499999 3059
nn1 105500000 105599999 3552
nn1 105600000 105699999 3279
nn1 105700000 105799999 3159
nn1 105800000 105899999 2886
nn1 105900000 105999999 2745
nn1 106000000 106099999 3215
nn1 106100000 106199999 2805
nn1 106200000 106299999 2881
nn1 106300000 106399999 2767
nn1 106400000 106499999 3103
nn1 106500000 106599999 3189
nn1 106600000 106699999 2812
nn1 106700000 106799999 2952
nn1 106800000 106899999 2707
nn1 106900000 106999999 2787
nn1 107000000 107099999 3012
nn1 107100000 107199999 2915
nn1 107200000 107299999 2385
nn1 107300000 107399999 2486
nn1 107400000 107499999 2504
nn1 107500000 107599999 2903
nn1 107600000 107699999 3054
nn1 107700000 107799999 2935
nn1 107800000 107899999 3155
nn1 107900000 107999999 2335
nn1 108000000 108099999 2775
nn1 108100000 108199999 3114
nn1 108200000 108299999 3254
nn1 108300000 108399999 2451
nn1 108400000 108499999 2937
nn1 108500000 108599999 3179
nn1 108600000 108699999 2397
nn1 108700000 108799999 2728
nn1 108800000 108899999 2890
nn1 108900000 108999999 2777
nn1 109000000 109099999 3124
nn1 109100000 109199999 3241
nn1 109200000 109299999 3011
nn1 109300000 109399999 2822
nn1 109400000 109499999 2230
nn1 109500000 109599999 3008
nn1 109600000 109699999 2854
nn1 109700000 109799999 3133
nn1 109800000 109899999 2661
nn1 109900000 109999999 2934
nn1 110000000 110099999 2619
nn1 110100000 110199999 2537
nn1 110200000 110299999 2856
nn1 110300000 110399999 2722
nn1 110400000 110499999 2404
nn1 110500000 110599999 2950
nn1 110600000 110699999 2971
nn1 110700000 110799999 3317
nn1 110800000 110899999 3081
nn1 110900000 110999999 2938
nn1 111000000 111099999 2470
nn1 111100000 111199999 2645
nn1 111200000 111299999 2690
nn1 111300000 111399999 2526
nn1 111400000 111499999 3032
nn1 111500000 111599999 2357
nn1 111600000 111699999 2420
nn1 111700000 111799999 2841
nn1 111800000 111899999 2755
nn1 111900000 111999999 2473
nn1 112000000 112099999 2786
nn1 112100000 112199999 3133
nn1 112200000 112299999 2642
nn1 112300000 112399999 3095
nn1 112400000 112499999 2609
nn1 112500000 112599999 2860
nn1 112600000 112699999 2738
nn1 112700000 112799999 2754
nn1 112800000 112899999 2701
nn1 112900000 112999999 2996
nn1 113000000 113099999 2735
nn1 113100000 113199999 2603
nn1 113200000 113299999 2645
nn1 113300000 113399999 2581
nn1 113400000 113499999 2715
nn1 113500000 113599999 2450
nn1 113600000 113699999 2302
nn1 113700000 113799999 2444
nn1 113800000 113899999 2111
nn1 113900000 113999999 2315
nn1 114000000 114099999 2636
nn1 114100000 114199999 2998
nn1 114200000 114299999 2503
nn1 114300000 114399999 2435
nn1 114400000 114499999 2789
nn1 114500000 114599999 2610
nn1 114600000 114699999 2461
nn1 114700000 114799999 2519
nn1 114800000 114899999 2571
nn1 114900000 114999999 2417
nn1 115000000 115099999 2417
nn1 115100000 115199999 2673
nn1 115200000 115299999 2405
nn1 115300000 115399999 2435
nn1 115400000 115499999 2859
nn1 115500000 115599999 3003
nn1 115600000 115699999 2871
nn1 115700000 115799999 2451
nn1 115800000 115899999 2256
nn1 115900000 115999999 2597
nn1 116000000 116099999 2576
nn1 116100000 116199999 3139
nn1 116200000 116299999 2739
nn1 116300000 116399999 2965
nn1 116400000 116499999 3033
nn1 116500000 116599999 2712
nn1 116600000 116699999 2450
nn1 116700000 116799999 3241
nn1 116800000 116899999 2466
nn1 116900000 116999999 2665
nn1 117000000 117099999 2809
nn1 117100000 117199999 2683
nn1 117200000 117299999 3387
nn1 117300000 117399999 4159
nn1 117400000 117499999 3079
nn1 117500000 117599999 2688
nn1 117600000 117699999 2872
nn1 117700000 117799999 2664
nn1 117800000 117899999 2844
nn1 117900000 117999999 4881
nn1 118000000 118099999 2634
nn1 118100000 118199999 2765
nn1 118200000 118299999 2503
nn1 118300000 118399999 2746
nn1 118400000 118499999 2536
nn1 118500000 118599999 2135
nn1 118600000 118699999 2653
nn1 118700000 118799999 2305
nn1 118800000 118899999 2555
nn1 118900000 118999999 2791
nn1 119000000 119099999 3030
nn1 119100000 119199999 2746
nn1 119200000 119299999 2910
nn1 119300000 119399999 8014
nn1 119400000 119499999 5593
nn1 119500000 119599999 2654
nn1 119600000 119699999 2610
nn1 119700000 119799999 2742
nn1 119800000 119899999 3037
nn1 119900000 119999999 3015
nn1 120000000 120099999 2820
nn1 120100000 120199999 2607
nn1 120200000 120299999 2691
nn1 120300000 120399999 3277
nn1 120400000 120499999 3093
nn1 120500000 120599999 3199
nn1 120600000 120699999 2781
nn1 120700000 120799999 2906
nn1 120800000 120899999 3461
nn1 120900000 120999999 3838
nn1 121000000 121099999 3484
nn1 121100000 121199999 2774
nn1 121200000 121299999 2546
nn1 121300000 121399999 3160
nn1 121400000 121499999 2728
nn1 121500000 121599999 3018
nn1 121600000 121699999 3116
nn1 121700000 121799999 3054
nn1 121800000 121899999 3022
nn1 121900000 121999999 3144
nn1 122000000 122099999 3157
nn1 122100000 122199999 2824
nn1 122200000 122299999 2918
nn1 122300000 122399999 2531
nn1 122400000 122499999 2818
nn1 122500000 122599999 2913
nn1 122600000 122699999 2758
nn1 122700000 122799999 3260
nn1 122800000 122899999 3047
nn1 122900000 122999999 2937
nn1 123000000 123099999 2974
nn1 123100000 123199999 3136
nn1 123200000 123299999 3549
nn1 123300000 123399999 3147
nn1 123400000 123499999 2827
nn1 123500000 123599999 3322
nn1 123600000 123699999 2866
nn1 123700000 123799999 2876
nn1 123800000 123899999 3160
nn1 123900000 123999999 2654
nn1 124000000 124099999 2863
nn1 124100000 124199999 2804
nn1 124200000 124299999 2772
nn1 124300000 124399999 3076
nn1 124400000 124499999 2910
nn1 124500000 124599999 2544
nn1 124600000 124699999 2561
nn1 124700000 124799999 2799
nn1 124800000 124899999 2293
nn1 124900000 124999999 2838
nn1 125000000 125099999 2719
nn1 125100000 125199999 3298
nn1 125200000 125299999 2919
nn1 125300000 125399999 3243
nn1 125400000 125499999 2837
nn1 125500000 125599999 2962
nn1 125600000 125699999 3402
nn1 125700000 125799999 3185
nn1 125800000 125899999 2764
nn1 125900000 125999999 2703
nn1 126000000 126099999 2874
nn1 126100000 126199999 2988
nn1 126200000 126299999 2839
nn1 126300000 126399999 2906
nn1 126400000 126499999 2956
nn1 126500000 126599999 3080
nn1 126600000 126699999 3159
nn1 126700000 126799999 3262
nn1 126800000 126899999 2878
nn1 126900000 126999999 2168
nn1 127000000 127099999 3326
nn1 127100000 127199999 2898
nn1 127200000 127299999 3221
nn1 127300000 127399999 2735
nn1 127400000 127499999 2858
nn1 127500000 127599999 2816
nn1 127600000 127699999 3129
nn1 127700000 127799999 2977
nn1 127800000 127899999 3283
nn1 127900000 127999999 2743
nn1 128000000 128099999 2520
nn1 128100000 128199999 2456
nn1 128200000 128299999 2762
nn1 128300000 128399999 2860
nn1 128400000 128499999 2697
nn1 128500000 128599999 2336
nn1 128600000 128699999 2914
nn1 128700000 128799999 2628
nn1 128800000 128899999 2885
nn1 128900000 128999999 2935
nn1 129000000 129099999 2919
nn1 129100000 129199999 2902
nn1 129200000 129299999 2697
nn1 129300000 129399999 3146
nn1 129400000 129499999 2594
nn1 129500000 129599999 3436
nn1 129600000 129699999 2803
nn1 129700000 129799999 3201
nn1 129800000 129899999 2949
nn1 129900000 129999999 733
nn1 130000000 130099999 2929
nn1 130100000 130199999 2531
nn1 130200000 130299999 2808
nn1 130300000 130399999 3028
nn1 130400000 130499999 2672
nn1 130500000 130599999 2940
nn1 130600000 130699999 2751
nn1 130700000 130799999 2274
nn1 130800000 130899999 2982
nn1 130900000 130999999 2599
nn1 131000000 131099999 2921
nn1 131100000 131199999 3052
nn1 131200000 131299999 3032
nn1 131300000 131399999 3121
nn1 131400000 131499999 2812
nn1 131500000 131599999 2598
nn1 131600000 131699999 3010
nn1 131700000 131799999 3241
nn1 131800000 131899999 2729
nn1 131900000 131999999 2874
nn1 132000000 132099999 2955
nn1 132100000 132199999 3551
nn1 132200000 132299999 2759
nn1 132300000 132399999 3010
nn1 132400000 132499999 3020
nn1 132500000 132599999 2891
nn1 132600000 132699999 3167
nn1 132700000 132799999 3013
nn1 132800000 132899999 2711
nn1 132900000 132999999 3314
nn1 133000000 133099999 3106
nn1 133100000 133199999 2704
nn1 133200000 133299999 3281
nn1 133300000 133399999 2713
nn1 133400000 133499999 2683
nn1 133500000 133599999 2712
nn1 133600000 133699999 3017
nn1 133700000 133799999 2381
nn1 133800000 133899999 3011
nn1 133900000 133999999 2854
nn1 134000000 134099999 3122
nn1 134100000 134199999 2645
nn1 134200000 134299999 2617
nn1 134300000 134399999 2557
nn1 134400000 134499999 2464
nn1 134500000 134599999 3152
nn1 134600000 134699999 2405
nn1 134700000 134799999 2819
nn1 134800000 134899999 2732
nn1 134900000 134999999 3129
nn1 135000000 135099999 2770
nn1 135100000 135199999 2688
nn1 135200000 135299999 2992
nn1 135300000 135399999 2254
nn1 135400000 135499999 2296
nn1 135500000 135599999 2598
nn1 135600000 135699999 2958
nn1 135700000 135799999 3624
nn1 135800000 135899999 2715
nn1 135900000 135999999 2561
nn1 136000000 136099999 2593
nn1 136100000 136199999 3008
nn1 136200000 136299999 2374
nn1 136300000 136399999 2292
nn1 136400000 136499999 2197
nn1 136500000 136599999 2789
nn1 136600000 136699999 2665
nn1 136700000 136799999 3124
nn1 136800000 136899999 2648
nn1 136900000 136999999 2565
nn1 137000000 137099999 2900
nn1 137100000 137199999 2590
nn1 137200000 137299999 3098
nn1 137300000 137399999 2840
nn1 137400000 137499999 3343
nn1 137500000 137599999 3244
nn1 137600000 137699999 2838
nn1 137700000 137799999 3147
nn1 137800000 137899999 3168
nn1 137900000 137999999 3102
nn1 138000000 138099999 2739
nn1 138100000 138199999 3424
nn1 138200000 138299999 2705
nn1 138300000 138399999 3250
nn1 138400000 138499999 3035
nn1 138500000 138599999 2960
nn1 138600000 138699999 3232
nn1 138700000 138799999 2704
nn1 138800000 138899999 2949
nn1 138900000 138999999 2602
nn1 139000000 139099999 2762
nn1 139100000 139199999 3052
nn1 139200000 139299999 2761
nn1 139300000 139399999 2572
nn1 139400000 139499999 2845
nn1 139500000 139599999 2429
nn1 139600000 139699999 2520
nn1 139700000 139799999 2914
nn1 139800000 139899999 2813
nn1 139900000 139999999 3014
nn1 140000000 140099999 2917
nn1 140100000 140199999 2868
nn1 140200000 140299999 2576
nn1 140300000 140399999 2816
nn1 140400000 140499999 2653
nn1 140500000 140599999 2632
nn1 140600000 140699999 2553
nn1 140700000 140799999 2970
nn1 140800000 140899999 3187
nn1 140900000 140999999 2744
nn1 141000000 141099999 3444
nn1 141100000 141199999 3079
nn1 141200000 141299999 2721
nn1 141300000 141399999 2649
nn1 141400000 141499999 2252
nn1 141500000 141599999 2964
nn1 141600000 141699999 3159
nn1 141700000 141799999 3336
nn1 141800000 141899999 2868
nn1 141900000 141999999 2353
nn1 142000000 142099999 2738
nn1 142100000 142199999 3027
nn1 142200000 142299999 2628
nn1 142300000 142399999 2642
nn1 142400000 142499999 2533
nn1 142500000 142599999 2811
nn1 142600000 142699999 2547
nn1 142700000 142799999 2680
nn1 142800000 142899999 2510
nn1 142900000 142999999 2565
nn1 143000000 143099999 2723
nn1 143100000 143199999 2673
nn1 143200000 143299999 2800
nn1 143300000 143399999 2428
nn1 143400000 143499999 2603
nn1 143500000 143599999 2584
nn1 143600000 143699999 2653
nn1 143700000 143799999 2543
nn1 143800000 143899999 2619
nn1 143900000 143999999 2535
nn1 144000000 144099999 2976
nn1 144100000 144199999 2539
nn1 144200000 144299999 2262
nn1 144300000 144399999 2395
nn1 144400000 144499999 2457
nn1 144500000 144599999 2218
nn1 144600000 144699999 2360
nn1 144700000 144799999 2685
nn1 144800000 144899999 2357
nn1 144900000 144999999 2600
nn1 145000000 145099999 2349
nn1 145100000 145199999 2489
nn1 145200000 145299999 2369
nn1 145300000 145399999 2336
nn1 145400000 145499999 2228
nn1 145500000 145599999 2707
nn1 145600000 145699999 2812
nn1 145700000 145799999 2425
nn1 145800000 145899999 2667
nn1 145900000 145999999 2233
nn1 146000000 146099999 2238
nn1 146100000 146199999 2377
nn1 146200000 146299999 2475
nn1 146300000 146399999 2439
nn1 146400000 146499999 2696
nn1 146500000 146599999 2352
nn1 146600000 146699999 2433
nn1 146700000 146799999 2460
nn1 146800000 146899999 2339
nn1 146900000 146999999 2310
nn1 147000000 147099999 2233
nn1 147100000 147199999 2550
nn1 147200000 147299999 2457
nn1 147300000 147399999 2579
nn1 147400000 147499999 2890
nn1 147500000 147599999 2180
nn1 147600000 147699999 2801
nn1 147700000 147799999 2741
nn1 147800000 147899999 2546
nn1 147900000 147999999 2492
nn1 148000000 148099999 2394
nn1 148100000 148199999 2620
nn1 148200000 148299999 2480
nn1 148300000 148399999 2640
nn1 148400000 148499999 2685
nn1 148500000 148599999 2667
nn1 148600000 148699999 3045
nn1 148700000 148799999 2542
nn1 148800000 148899999 2540
nn1 148900000 148999999 2799
nn1 149000000 149099999 2902
nn1 149100000 149199999 2709
nn1 149200000 149299999 3374
nn1 149300000 149399999 2670
nn1 149400000 149499999 3248
nn1 149500000 149599999 3403
nn1 149600000 149699999 2992
nn1 149700000 149799999 2978
nn1 149800000 149899999 3036
nn1 149900000 149999999 2634
nn1 150000000 150099999 3150
nn1 150100000 150199999 2983
nn1 150200000 150299999 2863
nn1 150300000 150399999 2953
nn1 150400000 150499999 3152
nn1 150500000 150599999 2896
nn1 150600000 150699999 3090
nn1 150700000 150799999 2863
nn1 150800000 150899999 2951
nn1 150900000 150999999 2748
nn1 151000000 151099999 3118
nn1 151100000 151199999 2868
nn1 151200000 151299999 2438
nn1 151300000 151399999 2454
nn1 151400000 151499999 2780
nn1 151500000 151599999 2531
nn1 151600000 151699999 2711
nn1 151700000 151799999 2890
nn1 151800000 151899999 2883
nn1 151900000 151999999 2713
nn1 152000000 152099999 3198
nn1 152100000 152199999 3254
nn1 152200000 152299999 2821
nn1 152300000 152399999 2851
nn1 152400000 152499999 3005
nn1 152500000 152599999 3265
nn1 152600000 152699999 3298
nn1 152700000 152799999 4356
nn1 152800000 152899999 3879
nn1 152900000 152999999 3083
nn1 153000000 153099999 2835
nn1 153100000 153199999 3164
nn1 153200000 153299999 2734
nn1 153300000 153399999 2947
nn1 153400000 153499999 3148
nn1 153500000 153599999 3509
nn1 153600000 153699999 3720
nn1 153700000 153799999 3662
nn1 153800000 153899999 3584
nn1 153900000 153999999 3356
nn1 154000000 154099999 3850
nn1 154100000 154199999 3610
nn1 154200000 154299999 3336
nn1 154300000 154399999 3260
nn1 154400000 154499999 3458
nn1 154500000 154599999 3426
nn1 154600000 154699999 3470
nn1 154700000 154799999 3682
nn1 154800000 154899999 3411
nn1 154900000 154999999 3629
nn1 155000000 155099999 3503
nn1 155100000 155199999 3539
nn1 155200000 155299999 3430
nn1 155300000 155399999 3218
nn1 155400000 155499999 2862
nn1 155500000 155599999 2561
nn1 155600000 155699999 3130
nn1 155700000 155799999 3094
nn1 155800000 155899999 3303
nn1 155900000 155999999 3044
nn1 156000000 156099999 3390
nn1 156100000 156199999 3455
nn1 156200000 156299999 3048
nn1 156300000 156399999 3248
nn1 156400000 156499999 2974
nn1 156500000 156599999 3591
nn1 156600000 156699999 2973
nn1 156700000 156799999 3316
nn1 156800000 156899999 2434
nn1 156900000 156999999 2954
nn1 157000000 157099999 2618
nn1 157100000 157199999 3062
nn1 157200000 157299999 2885
nn1 157300000 157399999 3161
nn1 157400000 157499999 2396
nn1 157500000 157599999 2764
nn1 157600000 157699999 2889
nn1 157700000 157799999 3076
nn1 157800000 157899999 2815
nn1 157900000 157999999 2699
nn1 158000000 158099999 2783
nn1 158100000 158199999 3050
nn1 158200000 158299999 2763
nn1 158300000 158399999 2957
nn1 158400000 158499999 2855
nn1 158500000 158599999 2703
nn1 158600000 158699999 3066
nn1 158700000 158799999 2823
nn1 158800000 158899999 3034
nn1 158900000 158999999 2731
nn1 159000000 159099999 3215
nn1 159100000 159199999 2657
nn1 159200000 159299999 3020
nn1 159300000 159399999 3255
nn1 159400000 159499999 3287
nn1 159500000 159599999 3174
nn1 159600000 159699999 2739
nn1 159700000 159799999 3018
nn1 159800000 159899999 3003
nn1 159900000 159999999 2658
nn1 160000000 160099999 2904
nn1 160100000 160199999 2482
nn1 160200000 160299999 3056
nn1 160300000 160399999 2558
nn1 160400000 160499999 2635
nn1 160500000 160599999 3368
nn1 160600000 160699999 2705
nn1 160700000 160799999 2615
nn1 160800000 160899999 3023
nn1 160900000 160999999 2822
nn1 161000000 161099999 2642
nn1 161100000 161199999 2370
nn1 161200000 161299999 3025
nn1 161300000 161399999 3310
nn1 161400000 161499999 2757
nn1 161500000 161599999 2876
nn1 161600000 161699999 2819
nn1 161700000 161799999 2816
nn1 161800000 161899999 2789
nn1 161900000 161999999 2767
nn1 162000000 162099999 2890
nn1 162100000 162199999 2680
nn1 162200000 162299999 2704
nn1 162300000 162399999 3154
nn1 162400000 162499999 2950
nn1 162500000 162599999 2711
nn1 162600000 162699999 3097
nn1 162700000 162799999 2918
nn1 162800000 162899999 2994
nn1 162900000 162999999 2519
nn1 163000000 163099999 2929
nn1 163100000 163199999 3056
nn1 163200000 163299999 2752
nn1 163300000 163399999 3003
nn1 163400000 163499999 3137
nn1 163500000 163599999 2980
nn1 163600000 163699999 2850
nn1 163700000 163799999 3268
nn1 163800000 163899999 3060
nn1 163900000 163999999 3277
nn1 164000000 164099999 3299
nn1 164100000 164199999 3299
nn1 164200000 164299999 3663
nn1 164300000 164399999 3264
nn1 164400000 164499999 3186
nn1 164500000 164599999 3116
nn1 164600000 164699999 3549
nn1 164700000 164799999 2898
nn1 164800000 164899999 2979
nn1 164900000 164999999 2847
nn1 165000000 165099999 3111
nn1 165100000 165199999 2830
nn1 165200000 165299999 2663
nn1 165300000 165399999 3251
nn1 165400000 165499999 2972
nn1 165500000 165599999 2689
nn1 165600000 165699999 3086
nn1 165700000 165799999 2950
nn1 165800000 165899999 2235
nn1 165900000 165999999 2990
nn1 166000000 166099999 2531
nn1 166100000 166199999 3455
nn1 166200000 166299999 2291
nn1 166300000 166399999 3143
nn1 166400000 166499999 3123
nn1 166500000 166599999 2720
nn1 166600000 166699999 2856
nn1 166700000 166799999 3365
nn1 166800000 166899999 3042
nn1 166900000 166999999 2802
nn1 167000000 167099999 3049
nn1 167100000 167199999 2510
nn1 167200000 167299999 2864
nn1 167300000 167399999 2597
nn1 167400000 167499999 2740
nn1 167500000 167599999 2775
nn1 167600000 167699999 3511
nn1 167700000 167799999 2839
nn1 167800000 167899999 2827
nn1 167900000 167999999 3047
nn1 168000000 168099999 3187
nn1 168100000 168199999 2232
nn1 168200000 168299999 3006
nn1 168300000 168399999 3172
nn1 168400000 168499999 3175
nn1 168500000 168599999 3268
nn1 168600000 168699999 3203
nn1 168700000 168799999 3521
nn1 168800000 168899999 3295
nn1 168900000 168999999 3475
nn1 169000000 169099999 2922
nn1 169100000 169199999 3223
nn1 169200000 169299999 2515
nn1 169300000 169399999 3018
nn1 169400000 169499999 2796
nn1 169500000 169599999 2767
nn1 169600000 169699999 2889
nn1 169700000 169799999 3310
nn1 169800000 169899999 3071
nn1 169900000 169999999 2576
nn1 170000000 170099999 2911
nn1 170100000 170199999 2978
nn1 170200000 170299999 2905
nn1 170300000 170399999 3173
nn1 170400000 170499999 2816
nn1 170500000 170599999 3038
nn1 170600000 170699999 3450
nn1 170700000 170799999 3213
nn1 170800000 170899999 3044
nn1 170900000 170999999 3117
nn1 171000000 171099999 3289
nn1 171100000 171199999 2813
nn1 171200000 171299999 2988
nn1 171300000 171399999 3131
nn1 171400000 171499999 3183
nn1 171500000 171599999 2743
nn1 171600000 171699999 2517
nn1 171700000 171799999 2850
nn1 171800000 171899999 3366
nn1 171900000 171999999 3171
nn1 172000000 172099999 2643
nn1 172100000 172199999 3051
nn1 172200000 172299999 3367
nn1 172300000 172399999 2930
nn1 172400000 172499999 3173
nn1 172500000 172599999 3385
nn1 172600000 172699999 3223
nn1 172700000 172799999 3094
nn1 172800000 172899999 2749
nn1 172900000 172999999 3176
nn1 173000000 173099999 2817
nn1 173100000 173199999 2985
nn1 173200000 173299999 2978
nn1 173300000 173399999 3216
nn1 173400000 173499999 3110
nn1 173500000 173599999 2759
nn1 173600000 173699999 3039
nn1 173700000 173799999 2972
nn1 173800000 173899999 3709
nn1 173900000 173999999 3120
nn1 174000000 174099999 2987
nn1 174100000 174199999 2493
nn1 174200000 174299999 2521
nn1 174300000 174399999 2637
nn1 174400000 174499999 3145
nn1 174500000 174599999 2945
nn1 174600000 174699999 3517
nn1 174700000 174799999 3007
nn1 174800000 174899999 3379
nn1 174900000 174999999 2999
nn1 175000000 175099999 3412
nn1 175100000 175199999 3213
nn1 175200000 175299999 3220
nn1 175300000 175399999 2852
nn1 175400000 175499999 2940
nn1 175500000 175599999 3068
nn1 175600000 175699999 2569
nn1 175700000 175799999 2684
nn1 175800000 175899999 2572
nn1 175900000 175999999 2705
nn1 176000000 176099999 2720
nn1 176100000 176199999 3030
nn1 176200000 176299999 3014
nn1 176300000 176399999 3507
nn1 176400000 176499999 2811
nn1 176500000 176599999 2878
nn1 176600000 176699999 3187
nn1 176700000 176799999 2852
nn1 176800000 176899999 3070
nn1 176900000 176999999 3532
nn1 177000000 177099999 2985
nn1 177100000 177199999 3445
nn1 177200000 177299999 3013
nn1 177300000 177399999 3278
nn1 177400000 177499999 3078
nn1 177500000 177599999 2699
nn1 177600000 177699999 2954
nn1 177700000 177799999 3152
nn1 177800000 177899999 3353
nn1 177900000 177999999 3637
nn1 178000000 178099999 3557
nn1 178100000 178199999 3354
nn1 178200000 178299999 3583
nn1 178300000 178399999 3549
nn1 178400000 178499999 3555
nn1 178500000 178599999 3031
nn1 178600000 178699999 3343
nn1 178700000 178799999 3198
nn1 178800000 178899999 3597
nn1 178900000 178999999 3397
nn1 179000000 179099999 2833
nn1 179100000 179199999 2908
nn1 179200000 179299999 3366
nn1 179300000 179399999 3098
nn1 179400000 179499999 3279
nn1 179500000 179599999 3143
nn1 179600000 179699999 2890
nn1 179700000 179799999 3342
nn1 179800000 179899999 2843
nn1 179900000 179999999 2942
nn1 180000000 180099999 2904
nn1 180100000 180199999 3240
nn1 180200000 180299999 3149
nn1 180300000 180399999 2360
nn1 180400000 180499999 2477
nn1 180500000 180599999 2294
nn1 180600000 180699999 2750
nn1 180700000 180799999 2851
nn1 180800000 180899999 2945
nn1 180900000 180999999 3095
nn1 181000000 181099999 2985
nn1 181100000 181199999 2721
nn1 181200000 181299999 2506
nn1 181300000 181399999 2661
nn1 181400000 181499999 2965
nn1 181500000 181599999 3238
nn1 181600000 181699999 2868
nn1 181700000 181799999 2750
nn1 181800000 181899999 3170
nn1 181900000 181999999 2761
nn1 182000000 182099999 3091
nn1 182100000 182199999 2634
nn1 182200000 182299999 2859
nn1 182300000 182399999 2912
nn1 182400000 182499999 2743
nn1 182500000 182599999 3313
nn1 182600000 182699999 2814
nn1 182700000 182799999 2811
nn1 182800000 182899999 2688
nn1 182900000 182999999 3006
nn1 183000000 183099999 2991
nn1 183100000 183199999 3261
nn1 183200000 183299999 2967
nn1 183300000 183399999 2808
nn1 183400000 183499999 2611
nn1 183500000 183599999 3154
nn1 183600000 183699999 2766
nn1 183700000 183799999 3162
nn1 183800000 183899999 2634
nn1 183900000 183999999 2885
nn1 184000000 184099999 3093
nn1 184100000 184199999 3064
nn1 184200000 184299999 2664
nn1 184300000 184399999 3195
nn1 184400000 184499999 3284
nn1 184500000 184599999 2899
nn1 184600000 184699999 3242
nn1 184700000 184799999 3151
nn1 184800000 184899999 3136
nn1 184900000 184999999 3118
nn1 185000000 185099999 3184
nn1 185100000 185199999 3056
nn1 185200000 185299999 3209
nn1 185300000 185399999 2983
nn1 185400000 185499999 3603
nn1 185500000 185599999 3060
nn1 185600000 185699999 3156
nn1 185700000 185799999 3455
nn1 185800000 185899999 3840
nn1 185900000 185999999 3513
nn1 186000000 186099999 3090
nn1 186100000 186199999 3008
nn1 186200000 186299999 2898
nn1 186300000 186399999 3020
nn1 186400000 186499999 3316
nn1 186500000 186599999 3048
nn1 186600000 186699999 2933
nn1 186700000 186799999 3153
nn1 186800000 186899999 2964
nn1 186900000 186999999 3092
nn1 187000000 187099999 3107
nn1 187100000 187199999 3101
nn1 187200000 187299999 3121
nn1 187300000 187399999 3373
nn1 187400000 187499999 3547
nn1 187500000 187599999 3290
nn1 187600000 187699999 3114
nn1 187700000 187799999 2977
nn1 187800000 187899999 3209
nn1 187900000 187999999 3037
nn1 188000000 188099999 3382
nn1 188100000 188199999 3189
nn1 188200000 188299999 2894
nn1 188300000 188399999 2717
nn1 188400000 188499999 2963
nn1 188500000 188599999 2637
nn1 188600000 188699999 2766
nn1 188700000 188799999 2360
nn1 188800000 188899999 2597
nn1 188900000 188999999 2507
nn1 189000000 189099999 2465
nn1 189100000 189199999 2579
nn1 189200000 189299999 2409
nn1 189300000 189399999 2519
nn1 189400000 189499999 2961
nn1 189500000 189599999 2811
nn1 189600000 189699999 2517
nn1 189700000 189799999 2760
nn1 189800000 189899999 2397
nn1 189900000 189999999 2661
nn1 190000000 190099999 2571
nn1 190100000 190199999 2871
nn1 190200000 190299999 2626
nn1 190300000 190399999 2693
nn1 190400000 190499999 2945
nn1 190500000 190599999 2669
nn1 190600000 190699999 3352
nn1 190700000 190799999 2836
nn1 190800000 190899999 2689
nn1 190900000 190999999 3254
nn1 191000000 191099999 3042
nn1 191100000 191199999 2866
nn1 191200000 191299999 3314
nn1 191300000 191399999 3033
nn1 191400000 191499999 3198
nn1 191500000 191599999 2695
nn1 191600000 191699999 2439
nn1 191700000 191799999 2505
nn1 191800000 191899999 2782
nn1 191900000 191999999 2449
nn1 192000000 192099999 2551
nn1 192100000 192199999 2690
nn1 192200000 192299999 2719
nn1 192300000 192399999 2851
nn1 192400000 192499999 2471
nn1 192500000 192599999 2774
nn1 192600000 192699999 2526
nn1 192700000 192799999 2555
nn1 192800000 192899999 2636
nn1 192900000 192999999 2642
nn1 193000000 193099999 2349
nn1 193100000 193199999 2707
nn1 193200000 193299999 2944
nn1 193300000 193399999 2535
nn1 193400000 193499999 2673
nn1 193500000 193599999 2325
nn1 193600000 193699999 2446
nn1 193700000 193799999 2695
nn1 193800000 193899999 2692
nn1 193900000 193999999 2387
nn1 194000000 194099999 2785
nn1 194100000 194199999 3311
nn1 194200000 194299999 3267
nn1 194300000 194399999 3279
nn1 194400000 194499999 2793
nn1 194500000 194599999 2360
nn1 194600000 194699999 2192
nn1 194700000 194799999 2332
nn1 194800000 194899999 2992
nn1 194900000 194999999 2059
nn1 195000000 195099999 2618
nn1 195100000 195199999 2908
nn1 195200000 195299999 1974
nn1 195300000 195399999 2551
nn1 195400000 195499999 2265
nn1 195500000 195599999 2721
nn1 195600000 195699999 2590
nn1 195700000 195799999 2275
nn1 195800000 195899999 3245
nn1 195900000 195999999 1883
nn1 196000000 196099999 833
nn1 196100000 196199999 1113
nn1 196200000 196299999 2046
nn1 196300000 196399999 1304
nn1 196400000 196499999 1186
nn1 196500000 196599999 1690
nn1 196600000 196699999 1254
nn1 196700000 196799999 2712
nn1 196800000 196899999 2958
nn1 196900000 196999999 2931
nn1 197000000 197099999 3141
nn1 197100000 197199999 2914
nn1 197200000 197299999 2566
nn1 197300000 197399999 2048
nn1 197400000 197499999 2850
nn1 197500000 197518696 514
nn2 0 99999 2602
nn2 100000 199999 2969
nn2 200000 299999 3208
nn2 300000 399999 3772
nn2 400000 499999 3669
nn2 500000 599999 3842
nn2 600000 699999 3707
nn2 700000 799999 3520
nn2 800000 899999 3958
nn2 900000 999999 2989
nn2 1000000 1099999 2890
nn2 1100000 1199999 3195
nn2 1200000 1299999 3511
nn2 1300000 1399999 2779
nn2 1400000 1499999 2989
nn2 1500000 1599999 3794
nn2 1600000 1699999 3710
nn2 1700000 1799999 3326
nn2 1800000 1899999 3253
nn2 1900000 1999999 3290
nn2 2000000 2099999 2941
nn2 2100000 2199999 2834
nn2 2200000 2299999 3192
nn2 2300000 2399999 2974
nn2 2400000 2499999 2752
nn2 2500000 2599999 2806
nn2 2600000 2699999 3292
nn2 2700000 2799999 2827
nn2 2800000 2899999 2700
nn2 2900000 2999999 2772
nn2 3000000 3099999 2881
nn2 3100000 3199999 2976
nn2 3200000 3299999 3065
nn2 3300000 3399999 3165
nn2 3400000 3499999 3054
nn2 3500000 3599999 3267
nn2 3600000 3699999 2842
nn2 3700000 3799999 2685
nn2 3800000 3899999 2997
nn2 3900000 3999999 2960
nn2 4000000 4099999 3074
nn2 4100000 4199999 2852
nn2 4200000 4299999 2934
nn2 4300000 4399999 2843
nn2 4400000 4499999 3201
nn2 4500000 4599999 2824
nn2 4600000 4699999 3031
nn2 4700000 4799999 3138
nn2 4800000 4899999 2802
nn2 4900000 4999999 2854
nn2 5000000 5099999 2894
nn2 5100000 5199999 2499
nn2 5200000 5299999 2773
nn2 5300000 5399999 3142
nn2 5400000 5499999 3052
nn2 5500000 5599999 2744
nn2 5600000 5699999 2766
nn2 5700000 5799999 3094
nn2 5800000 5899999 2824
nn2 5900000 5999999 2746
nn2 6000000 6099999 3001
nn2 6100000 6199999 2734
nn2 6200000 6299999 2771
nn2 6300000 6399999 3140
nn2 6400000 6499999 2777
nn2 6500000 6599999 2866
nn2 6600000 6699999 3050
nn2 6700000 6799999 2835
nn2 6800000 6899999 3566
nn2 6900000 6999999 3194
nn2 7000000 7099999 2960
nn2 7100000 7199999 2753
nn2 7200000 7299999 2767
nn2 7300000 7399999 2551
nn2 7400000 7499999 2762
nn2 7500000 7599999 2878
nn2 7600000 7699999 2685
nn2 7700000 7799999 2309
nn2 7800000 7899999 2743
nn2 7900000 7999999 2602
nn2 8000000 8099999 2531
nn2 8100000 8199999 3005
nn2 8200000 8299999 2525
nn2 8300000 8399999 3110
nn2 8400000 8499999 2626
nn2 8500000 8599999 2842
nn2 8600000 8699999 2846
nn2 8700000 8799999 2473
nn2 8800000 8899999 2315
nn2 8900000 8999999 2556
nn2 9000000 9099999 2253
nn2 9100000 9199999 3209
nn2 9200000 9299999 2922
nn2 9300000 9399999 3097
nn2 9400000 9499999 2916
nn2 9500000 9599999 2825
nn2 9600000 9699999 2648
nn2 9700000 9799999 2837
nn2 9800000 9899999 2838
nn2 9900000 9999999 2901
nn2 10000000 10099999 2455
nn2 10100000 10199999 2635
nn2 10200000 10299999 2440
nn2 10300000 10399999 2728
nn2 10400000 10499999 2773
nn2 10500000 10599999 2548
nn2 10600000 10699999 2606
nn2 10700000 10799999 2587
nn2 10800000 10899999 2851
nn2 10900000 10999999 2494
nn2 11000000 11099999 2599
nn2 11100000 11199999 2610
nn2 11200000 11299999 3234
nn2 11300000 11399999 2519
nn2 11400000 11499999 2948
nn2 11500000 11599999 2814
nn2 11600000 11699999 2677
nn2 11700000 11799999 2904
nn2 11800000 11899999 3164
nn2 11900000 11999999 3253
nn2 12000000 12099999 2745
nn2 12100000 12199999 2976
nn2 12200000 12299999 2666
nn2 12300000 12399999 2408
nn2 12400000 12499999 2526
nn2 12500000 12599999 2575
nn2 12600000 12699999 2718
nn2 12700000 12799999 2627
nn2 12800000 12899999 2625
nn2 12900000 12999999 2780
nn2 13000000 13099999 2911
nn2 13100000 13199999 2428
nn2 13200000 13299999 2990
nn2 13300000 13399999 2602
nn2 13400000 13499999 3048
nn2 13500000 13599999 2825
nn2 13600000 13699999 2728
nn2 13700000 13799999 2727
nn2 13800000 13899999 2777
nn2 13900000 13999999 2990
nn2 14000000 14099999 2676
nn2 14100000 14199999 2621
nn2 14200000 14299999 2335
nn2 14300000 14399999 3140
nn2 14400000 14499999 3011
nn2 14500000 14599999 2428
nn2 14600000 14699999 2719
nn2 14700000 14799999 2579
nn2 14800000 14899999 2797
nn2 14900000 14999999 2848
nn2 15000000 15099999 3046
nn2 15100000 15199999 2664
nn2 15200000 15299999 2338
nn2 15300000 15399999 2607
nn2 15400000 15499999 2630
nn2 15500000 15599999 2509
nn2 15600000 15699999 2570
nn2 15700000 15799999 2534
nn2 15800000 15899999 2111
nn2 15900000 15999999 2561
nn2 16000000 16099999 2505
nn2 16100000 16199999 2993
nn2 16200000 16299999 2721
nn2 16300000 16399999 2460
nn2 16400000 16499999 2482
nn2 16500000 16599999 2603
nn2 16600000 16699999 2994
nn2 16700000 16799999 2807
nn2 16800000 16899999 3093
nn2 16900000 16999999 2975
nn2 17000000 17099999 2845
nn2 17100000 17199999 2878
nn2 17200000 17299999 3205
nn2 17300000 17399999 3571
nn2 17400000 17499999 3605
nn2 17500000 17599999 3138
nn2 17600000 17699999 3152
nn2 17700000 17799999 3423
nn2 17800000 17899999 2771
nn2 17900000 17999999 2842
nn2 18000000 18099999 3277
nn2 18100000 18199999 3707
nn2 18200000 18299999 3013
nn2 18300000 18399999 3247
nn2 18400000 18499999 3007
nn2 18500000 18599999 3327
nn2 18600000 18699999 3142
nn2 18700000 18799999 3601
nn2 18800000 18899999 3429
nn2 18900000 18999999 3450
nn2 19000000 19099999 3682
nn2 19100000 19199999 3283
nn2 19200000 19299999 3433
nn2 19300000 19399999 3324
nn2 19400000 19499999 3674
nn2 19500000 19599999 3263
nn2 19600000 19699999 3734
nn2 19700000 19799999 3238
nn2 19800000 19899999 3629
nn2 19900000 19999999 3627
nn2 20000000 20099999 3060
nn2 20100000 20199999 3231
nn2 20200000 20299999 3246
nn2 20300000 20399999 3154
nn2 20400000 20499999 3381
nn2 20500000 20599999 3178
nn2 20600000 20699999 3222
nn2 20700000 20799999 3098
nn2 20800000 20899999 3432
nn2 20900000 20999999 3072
nn2 21000000 21099999 3244
nn2 21100000 21199999 3253
nn2 21200000 21299999 3003
nn2 21300000 21399999 3329
nn2 21400000 21499999 3219
nn2 21500000 21599999 3933
nn2 21600000 21699999 3486
nn2 21700000 21799999 3212
nn2 21800000 21899999 3202
nn2 21900000 21999999 3225
nn2 22000000 22099999 3061
nn2 22100000 22199999 3383
nn2 22200000 22299999 3096
nn2 22300000 22399999 2914
nn2 22400000 22499999 3548
nn2 22500000 22599999 3086
nn2 22600000 22699999 2895
nn2 22700000 22799999 3105
nn2 22800000 22899999 2756
nn2 22900000 22999999 2896
nn2 23000000 23099999 3117
nn2 23100000 23199999 3164
nn2 23200000 23299999 2660
nn2 23300000 23399999 2589
nn2 23400000 23499999 2638
nn2 23500000 23599999 3225
nn2 23600000 23699999 2893
nn2 23700000 23799999 2745
nn2 23800000 23899999 2948
nn2 23900000 23999999 2826
nn2 24000000 24099999 3339
nn2 24100000 24199999 3018
nn2 24200000 24299999 3280
nn2 24300000 24399999 3057
nn2 24400000 24499999 3279
nn2 24500000 24599999 3708
nn2 24600000 24699999 3291
nn2 24700000 24799999 3288
nn2 24800000 24899999 2967
nn2 24900000 24999999 3272
nn2 25000000 25099999 3231
nn2 25100000 25199999 3099
nn2 25200000 25299999 2960
nn2 25300000 25399999 2854
nn2 25400000 25499999 2902
nn2 25500000 25599999 2998
nn2 25600000 25699999 2996
nn2 25700000 25799999 2320
nn2 25800000 25899999 2742
nn2 25900000 25999999 3233
nn2 26000000 26099999 2784
nn2 26100000 26199999 3185
nn2 26200000 26299999 3506
nn2 26300000 26399999 3133
nn2 26400000 26499999 3008
nn2 26500000 26599999 3195
nn2 26600000 26699999 3355
nn2 26700000 26799999 2892
nn2 26800000 26899999 2752
nn2 26900000 26999999 3089
nn2 27000000 27099999 3008
nn2 27100000 27199999 2896
nn2 27200000 27299999 2751
nn2 27300000 27399999 3269
nn2 27400000 27499999 3320
nn2 27500000 27599999 2879
nn2 27600000 27699999 2897
nn2 27700000 27799999 2889
nn2 27800000 27899999 3068
nn2 27900000 27999999 2921
nn2 28000000 28099999 3000
nn2 28100000 28199999 2918
nn2 28200000 28299999 2728
nn2 28300000 28399999 2765
nn2 28400000 28499999 2982
nn2 28500000 28599999 2882
nn2 28600000 28699999 3197
nn2 28700000 28799999 3612
nn2 28800000 28899999 2972
nn2 28900000 28999999 3488
nn2 29000000 29099999 3342
nn2 29100000 29199999 3272
nn2 29200000 29299999 3237
nn2 29300000 29399999 3606
nn2 29400000 29499999 3284
nn2 29500000 29599999 3416
nn2 29600000 29699999 3421
nn2 29700000 29799999 3578
nn2 29800000 29899999 3207
nn2 29900000 29999999 3023
nn2 30000000 30099999 3083
nn2 30100000 30199999 3094
nn2 30200000 30299999 3258
nn2 30300000 30399999 3183
nn2 30400000 30499999 2873
nn2 30500000 30599999 2764
nn2 30600000 30699999 2782
nn2 30700000 30799999 2893
nn2 30800000 30899999 2440
nn2 30900000 30999999 3153
nn2 31000000 31099999 2795
nn2 31100000 31199999 2361
nn2 31200000 31299999 2853
nn2 31300000 31399999 2835
nn2 31400000 31499999 3248
nn2 31500000 31599999 2621
nn2 31600000 31699999 2874
nn2 31700000 31799999 3077
nn2 31800000 31899999 3136
nn2 31900000 31999999 2743
nn2 32000000 32099999 2979
nn2 32100000 32199999 2267
nn2 32200000 32299999 2629
nn2 32300000 32399999 3031
nn2 32400000 32499999 3338
nn2 32500000 32599999 2972
nn2 32600000 32699999 3051
nn2 32700000 32799999 2717
nn2 32800000 32899999 2869
nn2 32900000 32999999 2715
nn2 33000000 33099999 3065
nn2 33100000 33199999 3006
nn2 33200000 33299999 2907
nn2 33300000 33399999 2866
nn2 33400000 33499999 3098
nn2 33500000 33599999 3486
nn2 33600000 33699999 3049
nn2 33700000 33799999 3266
nn2 33800000 33899999 3688
nn2 33900000 33999999 3107
nn2 34000000 34099999 3512
nn2 34100000 34199999 3075
nn2 34200000 34299999 2985
nn2 34300000 34399999 3433
nn2 34400000 34499999 3166
nn2 34500000 34599999 3224
nn2 34600000 34699999 3121
nn2 34700000 34799999 3392
nn2 34800000 34899999 2939
nn2 34900000 34999999 3138
nn2 35000000 35099999 2816
nn2 35100000 35199999 3309
nn2 35200000 35299999 2997
nn2 35300000 35399999 2640
nn2 35400000 35499999 3100
nn2 35500000 35599999 2859
nn2 35600000 35699999 2869
nn2 35700000 35799999 2956
nn2 35800000 35899999 2970
nn2 35900000 35999999 3080
nn2 36000000 36099999 2582
nn2 36100000 36199999 2624
nn2 36200000 36299999 2993
nn2 36300000 36399999 2926
nn2 36400000 36499999 3244
nn2 36500000 36599999 3010
nn2 36600000 36699999 3202
nn2 36700000 36799999 2522
nn2 36800000 36899999 2634
nn2 36900000 36999999 2795
nn2 37000000 37099999 2875
nn2 37100000 37199999 2627
nn2 37200000 37299999 3056
nn2 37300000 37399999 2903
nn2 37400000 37499999 2879
nn2 37500000 37599999 2777
nn2 37600000 37699999 2896
nn2 37700000 37799999 2930
nn2 37800000 37899999 2563
nn2 37900000 37999999 2544
nn2 38000000 38099999 2775
nn2 38100000 38199999 2815
nn2 38200000 38299999 2530
nn2 38300000 38399999 2809
nn2 38400000 38499999 2811
nn2 38500000 38599999 2977
nn2 38600000 38699999 3061
nn2 38700000 38799999 3101
nn2 38800000 38899999 2897
nn2 38900000 38999999 2835
nn2 39000000 39099999 2686
nn2 39100000 39199999 3169
nn2 39200000 39299999 3149
nn2 39300000 39399999 3504
nn2 39400000 39499999 2812
nn2 39500000 39599999 3089
nn2 39600000 39699999 2917
nn2 39700000 39799999 3445
nn2 39800000 39899999 3437
nn2 39900000 39999999 4119
nn2 40000000 40099999 3197
nn2 40100000 40199999 3594
nn2 40200000 40299999 2971
nn2 40300000 40399999 2891
nn2 40400000 40499999 3649
nn2 40500000 40599999 3070
nn2 40600000 40699999 3338
nn2 40700000 40799999 3217
nn2 40800000 40899999 3151
nn2 40900000 40999999 3096
nn2 41000000 41099999 3481
nn2 41100000 41199999 3391
nn2 41200000 41299999 3262
nn2 41300000 41399999 3324
nn2 41400000 41499999 3347
nn2 41500000 41599999 3291
nn2 41600000 41699999 3341
nn2 41700000 41799999 3527
nn2 41800000 41899999 3600
nn2 41900000 41999999 3236
nn2 42000000 42099999 3077
nn2 42100000 42199999 3506
nn2 42200000 42299999 3267
nn2 42300000 42399999 3388
nn2 42400000 42499999 3063
nn2 42500000 42599999 3672
nn2 42600000 42699999 3273
nn2 42700000 42799999 3719
nn2 42800000 42899999 2973
nn2 42900000 42999999 3104
nn2 43000000 43099999 2790
nn2 43100000 43199999 3160
nn2 43200000 43299999 2451
nn2 43300000 43399999 2411
nn2 43400000 43499999 2719
nn2 43500000 43599999 2845
nn2 43600000 43699999 3009
nn2 43700000 43799999 2781
nn2 43800000 43899999 3029
nn2 43900000 43999999 2884
nn2 44000000 44099999 2924
nn2 44100000 44199999 2919
nn2 44200000 44299999 3054
nn2 44300000 44399999 3367
nn2 44400000 44499999 3326
nn2 44500000 44599999 3364
nn2 44600000 44699999 2807
nn2 44700000 44799999 2642
nn2 44800000 44899999 2694
nn2 44900000 44999999 2996
nn2 45000000 45099999 2797
nn2 45100000 45199999 2545
nn2 45200000 45299999 2820
nn2 45300000 45399999 2819
nn2 45400000 45499999 2894
nn2 45500000 45599999 2397
nn2 45600000 45699999 2962
nn2 45700000 45799999 3022
nn2 45800000 45899999 2781
nn2 45900000 45999999 3118
nn2 46000000 46099999 3004
nn2 46100000 46199999 2891
nn2 46200000 46299999 3401
nn2 46300000 46399999 2838
nn2 46400000 46499999 3544
nn2 46500000 46599999 3397
nn2 46600000 46699999 3071
nn2 46700000 46799999 2771
nn2 46800000 46899999 2796
nn2 46900000 46999999 3218
nn2 47000000 47099999 2951
nn2 47100000 47199999 3314
nn2 47200000 47299999 3198
nn2 47300000 47399999 2994
nn2 47400000 47499999 2597
nn2 47500000 47599999 2681
nn2 47600000 47699999 2997
nn2 47700000 47799999 2827
nn2 47800000 47899999 2866
nn2 47900000 47999999 2749
nn2 48000000 48099999 3261
nn2 48100000 48199999 2961
nn2 48200000 48299999 2863
nn2 48300000 48399999 2798
nn2 48400000 48499999 2478
nn2 48500000 48599999 2959
nn2 48600000 48699999 3517
nn2 48700000 48799999 2626
nn2 48800000 48899999 2709
nn2 48900000 48999999 2971
nn2 49000000 49099999 3256
nn2 49100000 49199999 2770
nn2 49200000 49299999 2889
nn2 49300000 49399999 2752
nn2 49400000 49499999 2868
nn2 49500000 49599999 2855
nn2 49600000 49699999 2901
nn2 49700000 49799999 2750
nn2 49800000 49899999 3040
nn2 49900000 49999999 2975
nn2 50000000 50099999 2956
nn2 50100000 50199999 2624
nn2 50200000 50299999 2736
nn2 50300000 50399999 2391
nn2 50400000 50499999 2894
nn2 50500000 50599999 2298
nn2 50600000 50699999 2604
nn2 50700000 50799999 2566
nn2 50800000 50899999 2655
nn2 50900000 50999999 2743
nn2 51000000 51099999 2699
nn2 51100000 51199999 2647
nn2 51200000 51299999 2953
nn2 51300000 51399999 2835
nn2 51400000 51499999 2752
nn2 51500000 51599999 2847
nn2 51600000 51699999 3217
nn2 51700000 51799999 2950
nn2 51800000 51899999 3025
nn2 51900000 51999999 3177
nn2 52000000 52099999 2689
nn2 52100000 52199999 3267
nn2 52200000 52299999 3609
nn2 52300000 52399999 3662
nn2 52400000 52499999 3595
nn2 52500000 52599999 3178
nn2 52600000 52699999 3164
nn2 52700000 52799999 3292
nn2 52800000 52899999 2936
nn2 52900000 52999999 2969
nn2 53000000 53099999 2508
nn2 53100000 53199999 3020
nn2 53200000 53299999 2703
nn2 53300000 53399999 2671
nn2 53400000 53499999 3259
nn2 53500000 53599999 3058
nn2 53600000 53699999 2897
nn2 53700000 53799999 2642
nn2 53800000 53899999 3278
nn2 53900000 53999999 2506
nn2 54000000 54099999 2870
nn2 54100000 54199999 2816
nn2 54200000 54299999 2545
nn2 54300000 54399999 2945
nn2 54400000 54499999 2971
nn2 54500000 54599999 3126
nn2 54600000 54699999 3021
nn2 54700000 54799999 2665
nn2 54800000 54899999 2882
nn2 54900000 54999999 2833
nn2 55000000 55099999 2937
nn2 55100000 55199999 3368
nn2 55200000 55299999 2988
nn2 55300000 55399999 2893
nn2 55400000 55499999 3246
nn2 55500000 55599999 2990
nn2 55600000 55699999 3619
nn2 55700000 55799999 3776
nn2 55800000 55899999 2836
nn2 55900000 55999999 3112
nn2 56000000 56099999 3210
nn2 56100000 56199999 3028
nn2 56200000 56299999 3018
nn2 56300000 56399999 2709
nn2 56400000 56499999 3294
nn2 56500000 56599999 3256
nn2 56600000 56699999 3287
nn2 56700000 56799999 2910
nn2 56800000 56899999 3001
nn2 56900000 56999999 3229
nn2 57000000 57099999 2616
nn2 57100000 57199999 3220
nn2 57200000 57299999 3447
nn2 57300000 57399999 3216
nn2 57400000 57499999 3011
nn2 57500000 57599999 2918
nn2 57600000 57699999 2975
nn2 57700000 57799999 3276
nn2 57800000 57899999 2931
nn2 57900000 57999999 2839
nn2 58000000 58099999 3117
nn2 58100000 58199999 2569
nn2 58200000 58299999 2876
nn2 58300000 58399999 2700
nn2 58400000 58499999 2615
nn2 58500000 58599999 2266
nn2 58600000 58699999 2707
nn2 58700000 58799999 2695
nn2 58800000 58899999 3280
nn2 58900000 58999999 2864
nn2 59000000 59099999 2864
nn2 59100000 59199999 3351
nn2 59200000 59299999 2899
nn2 59300000 59399999 2897
nn2 59400000 59499999 2716
nn2 59500000 59599999 2715
nn2 59600000 59699999 2358
nn2 59700000 59799999 2683
nn2 59800000 59899999 2965
nn2 59900000 59999999 2924
nn2 60000000 60099999 3089
nn2 60100000 60199999 3070
nn2 60200000 60299999 3150
nn2 60300000 60399999 3134
nn2 60400000 60499999 2769
nn2 60500000 60599999 2687
nn2 60600000 60699999 2735
nn2 60700000 60799999 2906
nn2 60800000 60899999 3242
nn2 60900000 60999999 2718
nn2 61000000 61099999 2700
nn2 61100000 61199999 2594
nn2 61200000 61299999 2779
nn2 61300000 61399999 2736
nn2 61400000 61499999 2896
nn2 61500000 61599999 2567
nn2 61600000 61699999 2413
nn2 61700000 61799999 2707
nn2 61800000 61899999 3140
nn2 61900000 61999999 2607
nn2 62000000 62099999 3051
nn2 62100000 62199999 2434
nn2 62200000 62299999 2819
nn2 62300000 62399999 3082
nn2 62400000 62499999 2999
nn2 62500000 62599999 3642
nn2 62600000 62699999 3057
nn2 62700000 62799999 3217
nn2 62800000 62899999 2971
nn2 62900000 62999999 2830
nn2 63000000 63099999 2759
nn2 63100000 63199999 2859
nn2 63200000 63299999 2945
nn2 63300000 63399999 2715
nn2 63400000 63499999 3095
nn2 63500000 63599999 3364
nn2 63600000 63699999 2327
nn2 63700000 63799999 2686
nn2 63800000 63899999 2887
nn2 63900000 63999999 3236
nn2 64000000 64099999 2627
nn2 64100000 64199999 3235
nn2 64200000 64299999 3031
nn2 64300000 64399999 3348
nn2 64400000 64499999 2624
nn2 64500000 64599999 2671
nn2 64600000 64699999 2857
nn2 64700000 64799999 2986
nn2 64800000 64899999 2740
nn2 64900000 64999999 3021
nn2 65000000 65099999 3266
nn2 65100000 65199999 3039
nn2 65200000 65299999 3029
nn2 65300000 65399999 3415
nn2 65400000 65499999 3332
nn2 65500000 65599999 3384
nn2 65600000 65699999 3198
nn2 65700000 65799999 3501
nn2 65800000 65899999 2960
nn2 65900000 65999999 2923
nn2 66000000 66099999 3285
nn2 66100000 66199999 3096
nn2 66200000 66299999 3498
nn2 66300000 66399999 3448
nn2 66400000 66499999 3054
nn2 66500000 66599999 2993
nn2 66600000 66699999 2992
nn2 66700000 66799999 2681
nn2 66800000 66899999 2745
nn2 66900000 66999999 2941
nn2 67000000 67099999 3143
nn2 67100000 67199999 3016
nn2 67200000 67299999 2885
nn2 67300000 67399999 2710
nn2 67400000 67499999 2853
nn2 67500000 67599999 2934
nn2 67600000 67699999 2684
nn2 67700000 67799999 3129
nn2 67800000 67899999 2889
nn2 67900000 67999999 2825
nn2 68000000 68099999 3172
nn2 68100000 68199999 2980
nn2 68200000 68299999 3387
nn2 68300000 68399999 3130
nn2 68400000 68499999 3545
nn2 68500000 68599999 3609
nn2 68600000 68699999 2934
nn2 68700000 68799999 3147
nn2 68800000 68899999 3434
nn2 68900000 68999999 3294
nn2 69000000 69099999 3354
nn2 69100000 69199999 2981
nn2 69200000 69299999 3007
nn2 69300000 69399999 3259
nn2 69400000 69499999 2770
nn2 69500000 69599999 3349
nn2 69600000 69699999 2724
nn2 69700000 69799999 3185
nn2 69800000 69899999 3263
nn2 69900000 69999999 2897
nn2 70000000 70099999 3223
nn2 70100000 70199999 3051
nn2 70200000 70299999 3114
nn2 70300000 70399999 2909
nn2 70400000 70499999 2926
nn2 70500000 70599999 3261
nn2 70600000 70699999 3078
nn2 70700000 70799999 3203
nn2 70800000 70899999 3219
nn2 70900000 70999999 2893
nn2 71000000 71099999 2817
nn2 71100000 71199999 2833
nn2 71200000 71299999 2909
nn2 71300000 71399999 3246
nn2 71400000 71499999 2724
nn2 71500000 71599999 3055
nn2 71600000 71699999 3064
nn2 71700000 71799999 3011
nn2 71800000 71899999 2875
nn2 71900000 71999999 3315
nn2 72000000 72099999 3064
nn2 72100000 72199999 2630
nn2 72200000 72299999 2660
nn2 72300000 72399999 2964
nn2 72400000 72499999 2791
nn2 72500000 72599999 2761
nn2 72600000 72699999 2728
nn2 72700000 72799999 2255
nn2 72800000 72899999 2858
nn2 72900000 72999999 2682
nn2 73000000 73099999 2967
nn2 73100000 73199999 2903
nn2 73200000 73299999 2616
nn2 73300000 73399999 2754
nn2 73400000 73499999 2598
nn2 73500000 73599999 2986
nn2 73600000 73699999 2775
nn2 73700000 73799999 2615
nn2 73800000 73899999 2534
nn2 73900000 73999999 2815
nn2 74000000 74099999 2734
nn2 74100000 74199999 2834
nn2 74200000 74299999 2603
nn2 74300000 74399999 2965
nn2 74400000 74499999 2861
nn2 74500000 74599999 2775
nn2 74600000 74699999 3163
nn2 74700000 74799999 3198
nn2 74800000 74899999 2956
nn2 74900000 74999999 2568
nn2 75000000 75099999 2549
nn2 75100000 75199999 2816
nn2 75200000 75299999 2781
nn2 75300000 75399999 2739
nn2 75400000 75499999 2822
nn2 75500000 75599999 2906
nn2 75600000 75699999 2677
nn2 75700000 75799999 3212
nn2 75800000 75899999 2898
nn2 75900000 75999999 3266
nn2 76000000 76099999 3178
nn2 76100000 76199999 3109
nn2 76200000 76299999 3177
nn2 76300000 76399999 3232
nn2 76400000 76499999 2776
nn2 76500000 76599999 2750
nn2 76600000 76699999 3102
nn2 76700000 76799999 3283
nn2 76800000 76899999 3267
nn2 76900000 76999999 3216
nn2 77000000 77099999 2538
nn2 77100000 77199999 3187
nn2 77200000 77299999 2956
nn2 77300000 77399999 3040
nn2 77400000 77499999 3073
nn2 77500000 77599999 3071
nn2 77600000 77699999 3070
nn2 77700000 77799999 3301
nn2 77800000 77899999 3415
nn2 77900000 77999999 3298
nn2 78000000 78099999 3218
nn2 78100000 78199999 2999
nn2 78200000 78299999 2723
nn2 78300000 78399999 3091
nn2 78400000 78499999 3224
nn2 78500000 78599999 2886
nn2 78600000 78699999 2837
nn2 78700000 78799999 3307
nn2 78800000 78899999 3502
nn2 78900000 78999999 4074
nn2 79000000 79099999 3633
nn2 79100000 79199999 3461
nn2 79200000 79299999 3156
nn2 79300000 79399999 3142
nn2 79400000 79499999 3456
nn2 79500000 79599999 3589
nn2 79600000 79699999 3499
nn2 79700000 79799999 3381
nn2 79800000 79899999 3819
nn2 79900000 79999999 3290
nn2 80000000 80099999 3195
nn2 80100000 80199999 3639
nn2 80200000 80299999 3118
nn2 80300000 80399999 3515
nn2 80400000 80499999 3335
nn2 80500000 80599999 3378
nn2 80600000 80699999 2900
nn2 80700000 80799999 2677
nn2 80800000 80899999 3426
nn2 80900000 80999999 3343
nn2 81000000 81099999 3330
nn2 81100000 81199999 2695
nn2 81200000 81299999 2982
nn2 81300000 81399999 2605
nn2 81400000 81499999 2611
nn2 81500000 81599999 2733
nn2 81600000 81699999 2960
nn2 81700000 81799999 3118
nn2 81800000 81899999 3045
nn2 81900000 81999999 2664
nn2 82000000 82099999 3090
nn2 82100000 82199999 2984
nn2 82200000 82299999 2879
nn2 82300000 82399999 3154
nn2 82400000 82499999 2743
nn2 82500000 82599999 3183
nn2 82600000 82699999 3093
nn2 82700000 82799999 2936
nn2 82800000 82899999 2573
nn2 82900000 82999999 2893
nn2 83000000 83099999 2999
nn2 83100000 83199999 2534
nn2 83200000 83299999 2887
nn2 83300000 83399999 2758
nn2 83400000 83499999 2991
nn2 83500000 83599999 2868
nn2 83600000 83699999 3096
nn2 83700000 83799999 3035
nn2 83800000 83899999 2822
nn2 83900000 83999999 2757
nn2 84000000 84099999 2682
nn2 84100000 84199999 2914
nn2 84200000 84299999 2632
nn2 84300000 84399999 2561
nn2 84400000 84499999 2829
nn2 84500000 84599999 2720
nn2 84600000 84699999 2724
nn2 84700000 84799999 2476
nn2 84800000 84899999 2789
nn2 84900000 84999999 2736
nn2 85000000 85099999 2582
nn2 85100000 85199999 2300
nn2 85200000 85299999 2930
nn2 85300000 85399999 2356
nn2 85400000 85499999 2590
nn2 85500000 85599999 2944
nn2 85600000 85699999 2467
nn2 85700000 85799999 2371
nn2 85800000 85899999 2503
nn2 85900000 85999999 2816
nn2 86000000 86099999 2779
nn2 86100000 86199999 2597
nn2 86200000 86299999 2661
nn2 86300000 86399999 2853
nn2 86400000 86499999 3371
nn2 86500000 86599999 2482
nn2 86600000 86699999 2850
nn2 86700000 86799999 3108
nn2 86800000 86899999 2703
nn2 86900000 86999999 3151
nn2 87000000 87099999 2936
nn2 87100000 87199999 2927
nn2 87200000 87299999 2779
nn2 87300000 87399999 2654
nn2 87400000 87499999 3078
nn2 87500000 87599999 2826
nn2 87600000 87699999 2568
nn2 87700000 87799999 3307
nn2 87800000 87899999 2638
nn2 87900000 87999999 2717
nn2 88000000 88099999 2451
nn2 88100000 88199999 3134
nn2 88200000 88299999 2578
nn2 88300000 88399999 2654
nn2 88400000 88499999 2864
nn2 88500000 88599999 2836
nn2 88600000 88699999 3120
nn2 88700000 88799999 2643
nn2 88800000 88899999 2694
nn2 88900000 88999999 3209
nn2 89000000 89099999 3252
nn2 89100000 89199999 3250
nn2 89200000 89299999 3118
nn2 89300000 89399999 2692
nn2 89400000 89499999 2971
nn2 89500000 89599999 3337
nn2 89600000 89699999 3362
nn2 89700000 89799999 3166
nn2 89800000 89899999 2987
nn2 89900000 89999999 2961
nn2 90000000 90099999 2835
nn2 90100000 90199999 2793
nn2 90200000 90299999 3035
nn2 90300000 90399999 2421
nn2 90400000 90499999 2650
nn2 90500000 90599999 2924
nn2 90600000 90699999 2391
nn2 90700000 90799999 2429
nn2 90800000 90899999 2839
nn2 90900000 90999999 2498
nn2 91000000 91099999 2811
nn2 91100000 91199999 3018
nn2 91200000 91299999 2803
nn2 91300000 91399999 2788
nn2 91400000 91499999 2592
nn2 91500000 91599999 2353
nn2 91600000 91699999 2832
nn2 91700000 91799999 2639
nn2 91800000 91899999 2600
nn2 91900000 91999999 2716
nn2 92000000 92099999 2999
nn2 92100000 92199999 2872
nn2 92200000 92299999 3109
nn2 92300000 92399999 2495
nn2 92400000 92499999 2939
nn2 92500000 92599999 2794
nn2 92600000 92699999 2688
nn2 92700000 92799999 2758
nn2 92800000 92899999 2745
nn2 92900000 92999999 2977
nn2 93000000 93099999 2535
nn2 93100000 93199999 2362
nn2 93200000 93299999 2483
nn2 93300000 93399999 2530
nn2 93400000 93499999 2598
nn2 93500000 93599999 2812
nn2 93600000 93699999 2332
nn2 93700000 93799999 3011
nn2 93800000 93899999 2349
nn2 93900000 93999999 2335
nn2 94000000 94099999 2300
nn2 94100000 94199999 2759
nn2 94200000 94299999 2429
nn2 94300000 94399999 2537
nn2 94400000 94499999 2785
nn2 94500000 94599999 2717
nn2 94600000 94699999 2625
nn2 94700000 94799999 1726
nn2 94800000 94899999 2426
nn2 94900000 94999999 2826
nn2 95000000 95099999 2272
nn2 95100000 95199999 2773
nn2 95200000 95299999 2433
nn2 95300000 95399999 1682
nn2 95400000 95499999 2484
nn2 95500000 95599999 2943
nn2 95600000 95699999 2688
nn2 95700000 95799999 1799
nn2 95800000 95899999 2216
nn2 95900000 95999999 2216
nn2 96000000 96099999 2672
nn2 96100000 96199999 2049
nn2 96200000 96299999 1024
nn2 96300000 96399999 1775
nn2 96400000 96499999 3272
nn2 96500000 96599999 2739
nn2 96600000 96699999 2761
nn2 96700000 96799999 3251
nn2 96800000 96899999 3056
nn2 96900000 96999999 3371
nn2 97000000 97069654 2255
nn2a 0 99999 2653
nn2a 100000 199999 2762
nn2a 200000 299999 3635
nn2a 300000 399999 2554
nn2a 400000 499999 2703
nn2a 500000 599999 2785
nn2a 600000 699999 2837
nn2a 700000 799999 3189
nn2a 800000 899999 2979
nn2a 900000 999999 2450
nn2a 1000000 1099999 2240
nn2a 1100000 1199999 2762
nn2a 1200000 1299999 2843
nn2a 1300000 1399999 2729
nn2a 1400000 1499999 2695
nn2a 1500000 1599999 2775
nn2a 1600000 1699999 3003
nn2a 1700000 1799999 2704
nn2a 1800000 1899999 2621
nn2a 1900000 1999999 2745
nn2a 2000000 2099999 2248
nn2a 2100000 2199999 2080
nn2a 2200000 2299999 2309
nn2a 2300000 2399999 2437
nn2a 2400000 2499999 2866
nn2a 2500000 2599999 2298
nn2a 2600000 2699999 2494
nn2a 2700000 2799999 2649
nn2a 2800000 2899999 2784
nn2a 2900000 2999999 2582
nn2a 3000000 3099999 2882
nn2a 3100000 3199999 2504
nn2a 3200000 3299999 2286
nn2a 3300000 3399999 2035
nn2a 3400000 3499999 2978
nn2a 3500000 3599999 2491
nn2a 3600000 3699999 3067
nn2a 3700000 3799999 2710
nn2a 3800000 3899999 2696
nn2a 3900000 3999999 2323
nn2a 4000000 4099999 2365
nn2a 4100000 4199999 2490
nn2a 4200000 4299999 2768
nn2a 4300000 4399999 2754
nn2a 4400000 4499999 2768
nn2a 4500000 4599999 2660
nn2a 4600000 4699999 2342
nn2a 4700000 4799999 2797
nn2a 4800000 4899999 2607
nn2a 4900000 4999999 2415
nn2a 5000000 5099999 2213
nn2a 5100000 5199999 2975
nn2a 5200000 5299999 2400
nn2a 5300000 5399999 2405
nn2a 5400000 5499999 2823
nn2a 5500000 5599999 2436
nn2a 5600000 5699999 2705
nn2a 5700000 5799999 2436
nn2a 5800000 5899999 2729
nn2a 5900000 5999999 2171
nn2a 6000000 6099999 2680
nn2a 6100000 6199999 2494
nn2a 6200000 6299999 2535
nn2a 6300000 6399999 2696
nn2a 6400000 6499999 2536
nn2a 6500000 6599999 2632
nn2a 6600000 6699999 2565
nn2a 6700000 6799999 2696
nn2a 6800000 6899999 2598
nn2a 6900000 6999999 2273
nn2a 7000000 7099999 2850
nn2a 7100000 7199999 2457
nn2a 7200000 7299999 2435
nn2a 7300000 7399999 2499
nn2a 7400000 7499999 2879
nn2a 7500000 7599999 2660
nn2a 7600000 7699999 2908
nn2a 7700000 7799999 2730
nn2a 7800000 7899999 2466
nn2a 7900000 7999999 2920
nn2a 8000000 8099999 3025
nn2a 8100000 8199999 2786
nn2a 8200000 8299999 2615
nn2a 8300000 8399999 2489
nn2a 8400000 8499999 2703
nn2a 8500000 8599999 2863
nn2a 8600000 8699999 2823
nn2a 8700000 8799999 2796
nn2a 8800000 8899999 2757
nn2a 8900000 8999999 3091
nn2a 9000000 9099999 3251
nn2a 9100000 9199999 3273
nn2a 9200000 9299999 3073
nn2a 9300000 9399999 2695
nn2a 9400000 9499999 3223
nn2a 9500000 9599999 3027
nn2a 9600000 9699999 3065
nn2a 9700000 9799999 2924
nn2a 9800000 9899999 3312
nn2a 9900000 9999999 3105
nn2a 10000000 10099999 2967
nn2a 10100000 10199999 3121
nn2a 10200000 10299999 2675
nn2a 10300000 10399999 2450
nn2a 10400000 10499999 2564
nn2a 10500000 10599999 2580
nn2a 10600000 10699999 3082
nn2a 10700000 10799999 3171
nn2a 10800000 10899999 3100
nn2a 10900000 10999999 3126
nn2a 11000000 11099999 3674
nn2a 11100000 11199999 3158
nn2a 11200000 11299999 3262
nn2a 11300000 11399999 3231
nn2a 11400000 11499999 3234
nn2a 11500000 11599999 3199
nn2a 11600000 11699999 3167
nn2a 11700000 11799999 3051
nn2a 11800000 11899999 3099
nn2a 11900000 11999999 3192
nn2a 12000000 12099999 3289
nn2a 12100000 12199999 3308
nn2a 12200000 12299999 2773
nn2a 12300000 12399999 3220
nn2a 12400000 12499999 3320
nn2a 12500000 12599999 3333
nn2a 12600000 12699999 3195
nn2a 12700000 12799999 2960
nn2a 12800000 12899999 2954
nn2a 12900000 12999999 2672
nn2a 13000000 13099999 2832
nn2a 13100000 13199999 2631
nn2a 13200000 13299999 2876
nn2a 13300000 13399999 2797
nn2a 13400000 13499999 2838
nn2a 13500000 13599999 3165
nn2a 13600000 13699999 2946
nn2a 13700000 13799999 2569
nn2a 13800000 13899999 2910
nn2a 13900000 13999999 2497
nn2a 14000000 14099999 2985
nn2a 14100000 14199999 2814
nn2a 14200000 14299999 2943
nn2a 14300000 14399999 2805
nn2a 14400000 14499999 2683
nn2a 14500000 14599999 2605
nn2a 14600000 14699999 2630
nn2a 14700000 14799999 2632
nn2a 14800000 14899999 2907
nn2a 14900000 14999999 2690
nn2a 15000000 15099999 2770
nn2a 15100000 15199999 2603
nn2a 15200000 15299999 3085
nn2a 15300000 15399999 2566
nn2a 15400000 15499999 2890
nn2a 15500000 15599999 3502
nn2a 15600000 15699999 2743
nn2a 15700000 15799999 2978
nn2a 15800000 15899999 2927
nn2a 15900000 15999999 3011
nn2a 16000000 16099999 2702
nn2a 16100000 16199999 2668
nn2a 16200000 16299999 2979
nn2a 16300000 16399999 3148
nn2a 16400000 16499999 2562
nn2a 16500000 16599999 3106
nn2a 16600000 16699999 3099
nn2a 16700000 16799999 2905
nn2a 16800000 16899999 3069
nn2a 16900000 16999999 2255
nn2a 17000000 17099999 3054
nn2a 17100000 17199999 2884
nn2a 17200000 17299999 2602
nn2a 17300000 17399999 3237
nn2a 17400000 17499999 2697
nn2a 17500000 17599999 2912
nn2a 17600000 17699999 2953
nn2a 17700000 17799999 2982
nn2a 17800000 17899999 3087
nn2a 17900000 17999999 2842
nn2a 18000000 18099999 3058
nn2a 18100000 18199999 3309
nn2a 18200000 18299999 3088
nn2a 18300000 18399999 2915
nn2a 18400000 18499999 3182
nn2a 18500000 18599999 2747
nn2a 18600000 18699999 2919
nn2a 18700000 18799999 2810
nn2a 18800000 18899999 2892
nn2a 18900000 18999999 3316
nn2a 19000000 19099999 3025
nn2a 19100000 19199999 3245
nn2a 19200000 19299999 2895
nn2a 19300000 19399999 2872
nn2a 19400000 19499999 2884
nn2a 19500000 19599999 2880
nn2a 19600000 19699999 3146
nn2a 19700000 19799999 2676
nn2a 19800000 19899999 2826
nn2a 19900000 19999999 2655
nn2a 20000000 20099999 2992
nn2a 20100000 20199999 2779
nn2a 20200000 20299999 3099
nn2a 20300000 20399999 2875
nn2a 20400000 20499999 2813
nn2a 20500000 20599999 2592
nn2a 20600000 20699999 3659
nn2a 20700000 20799999 2981
nn2a 20800000 20899999 3160
nn2a 20900000 20999999 2596
nn2a 21000000 21099999 3085
nn2a 21100000 21199999 2815
nn2a 21200000 21299999 2960
nn2a 21300000 21399999 2385
nn2a 21400000 21499999 3301
nn2a 21500000 21599999 2919
nn2a 21600000 21699999 2533
nn2a 21700000 21799999 2981
nn2a 21800000 21899999 3150
nn2a 21900000 21999999 2924
nn2a 22000000 22099999 3082
nn2a 22100000 22199999 3073
nn2a 22200000 22299999 3133
nn2a 22300000 22399999 3064
nn2a 22400000 22499999 3208
nn2a 22500000 22599999 3052
nn2a 22600000 22699999 3178
nn2a 22700000 22799999 2997
nn2a 22800000 22899999 2964
nn2a 22900000 22999999 2705
nn2a 23000000 23099999 3013
nn2a 23100000 23199999 3230
nn2a 23200000 23299999 3215
nn2a 23300000 23399999 3035
nn2a 23400000 23499999 3157
nn2a 23500000 23599999 3070
nn2a 23600000 23699999 2841
nn2a 23700000 23799999 2924
nn2a 23800000 23899999 2954
nn2a 23900000 23999999 3042
nn2a 24000000 24099999 2445
nn2a 24100000 24199999 2701
nn2a 24200000 24299999 3042
nn2a 24300000 24399999 2474
nn2a 24400000 24499999 2899
nn2a 24500000 24599999 3177
nn2a 24600000 24699999 3269
nn2a 24700000 24799999 2857
nn2a 24800000 24899999 2718
nn2a 24900000 24999999 2678
nn2a 25000000 25099999 3191
nn2a 25100000 25199999 3471
nn2a 25200000 25299999 3536
nn2a 25300000 25399999 3340
nn2a 25400000 25499999 3105
nn2a 25500000 25599999 3171
nn2a 25600000 25699999 3186
nn2a 25700000 25799999 3420
nn2a 25800000 25899999 3307
nn2a 25900000 25999999 3461
nn2a 26000000 26099999 3265
nn2a 26100000 26199999 3546
nn2a 26200000 26299999 3109
nn2a 26300000 26399999 3368
nn2a 26400000 26499999 2876
nn2a 26500000 26599999 3036
nn2a 26600000 26699999 2796
nn2a 26700000 26799999 3200
nn2a 26800000 26899999 3631
nn2a 26900000 26999999 3265
nn2a 27000000 27099999 3253
nn2a 27100000 27199999 3276
nn2a 27200000 27299999 3672
nn2a 27300000 27399999 3496
nn2a 27400000 27499999 3254
nn2a 27500000 27599999 3046
nn2a 27600000 27699999 2824
nn2a 27700000 27799999 3258
nn2a 27800000 27899999 3144
nn2a 27900000 27999999 3146
nn2a 28000000 28099999 2935
nn2a 28100000 28199999 3227
nn2a 28200000 28299999 3151
nn2a 28300000 28399999 3001
nn2a 28400000 28499999 2684
nn2a 28500000 28599999 3346
nn2a 28600000 28699999 3136
nn2a 28700000 28799999 2969
nn2a 28800000 28899999 3107
nn2a 28900000 28999999 2915
nn2a 29000000 29099999 2914
nn2a 29100000 29199999 3075
nn2a 29200000 29299999 2897
nn2a 29300000 29399999 3242
nn2a 29400000 29499999 2910
nn2a 29500000 29599999 3104
nn2a 29600000 29699999 3510
nn2a 29700000 29799999 2991
nn2a 29800000 29899999 2868
nn2a 29900000 29999999 3234
nn2a 30000000 30099999 3003
nn2a 30100000 30199999 3438
nn2a 30200000 30299999 3162
nn2a 30300000 30399999 2749
nn2a 30400000 30499999 2778
nn2a 30500000 30599999 2620
nn2a 30600000 30699999 2886
nn2a 30700000 30799999 2976
nn2a 30800000 30899999 2672
nn2a 30900000 30999999 2953
nn2a 31000000 31099999 2932
nn2a 31100000 31199999 2843
nn2a 31200000 31299999 2801
nn2a 31300000 31399999 3134
nn2a 31400000 31499999 2870
nn2a 31500000 31599999 2525
nn2a 31600000 31699999 2822
nn2a 31700000 31799999 2662
nn2a 31800000 31899999 2790
nn2a 31900000 31999999 2604
nn2a 32000000 32099999 2597
nn2a 32100000 32199999 2884
nn2a 32200000 32299999 2484
nn2a 32300000 32399999 2587
nn2a 32400000 32499999 2795
nn2a 32500000 32599999 3015
nn2a 32600000 32699999 3152
nn2a 32700000 32799999 2431
nn2a 32800000 32899999 2552
nn2a 32900000 32999999 2836
nn2a 33000000 33099999 2942
nn2a 33100000 33199999 3166
nn2a 33200000 33299999 2496
nn2a 33300000 33399999 3116
nn2a 33400000 33499999 2336
nn2a 33500000 33599999 3013
nn2a 33600000 33699999 2661
nn2a 33700000 33799999 3089
nn2a 33800000 33899999 2781
nn2a 33900000 33999999 2704
nn2a 34000000 34099999 3012
nn2a 34100000 34199999 2773
nn2a 34200000 34299999 3226
nn2a 34300000 34399999 3123
nn2a 34400000 34499999 3076
nn2a 34500000 34599999 3088
nn2a 34600000 34699999 2793
nn2a 34700000 34799999 2813
nn2a 34800000 34899999 3420
nn2a 34900000 34999999 2825
nn2a 35000000 35099999 3176
nn2a 35100000 35199999 3332
nn2a 35200000 35299999 3553
nn2a 35300000 35399999 3080
nn2a 35400000 35499999 3062
nn2a 35500000 35599999 2605
nn2a 35600000 35699999 2740
nn2a 35700000 35799999 3518
nn2a 35800000 35899999 3710
nn2a 35900000 35999999 3213
nn2a 36000000 36099999 3266
nn2a 36100000 36199999 3300
nn2a 36200000 36299999 3101
nn2a 36300000 36399999 2770
nn2a 36400000 36499999 2576
nn2a 36500000 36599999 2943
nn2a 36600000 36699999 2870
nn2a 36700000 36799999 2657
nn2a 36800000 36899999 2700
nn2a 36900000 36999999 3044
nn2a 37000000 37099999 2839
nn2a 37100000 37199999 2961
nn2a 37200000 37299999 2828
nn2a 37300000 37399999 2755
nn2a 37400000 37499999 3432
nn2a 37500000 37599999 2975
nn2a 37600000 37699999 3076
nn2a 37700000 37799999 2716
nn2a 37800000 37899999 2502
nn2a 37900000 37999999 3303
nn2a 38000000 38099999 3286
nn2a 38100000 38199999 2756
nn2a 38200000 38299999 3309
nn2a 38300000 38399999 3025
nn2a 38400000 38499999 2920
nn2a 38500000 38599999 2335
nn2a 38600000 38699999 3145
nn2a 38700000 38799999 2621
nn2a 38800000 38899999 3223
nn2a 38900000 38999999 2493
nn2a 39000000 39099999 2640
nn2a 39100000 39199999 3009
nn2a 39200000 39299999 2970
nn2a 39300000 39399999 2807
nn2a 39400000 39499999 3107
nn2a 39500000 39599999 2743
nn2a 39600000 39699999 2435
nn2a 39700000 39799999 2953
nn2a 39800000 39899999 2740
nn2a 39900000 39999999 2867
nn2a 40000000 40099999 2765
nn2a 40100000 40199999 2757
nn2a 40200000 40299999 3223
nn2a 40300000 40399999 2785
nn2a 40400000 40499999 3142
nn2a 40500000 40599999 2484
nn2a 40600000 40699999 2640
nn2a 40700000 40799999 2896
nn2a 40800000 40899999 2717
nn2a 40900000 40999999 2556
nn2a 41000000 41099999 2636
nn2a 41100000 41199999 2792
nn2a 41200000 41299999 3086
nn2a 41300000 41399999 2645
nn2a 41400000 41499999 2909
nn2a 41500000 41599999 2720
nn2a 41600000 41699999 2674
nn2a 41700000 41799999 2687
nn2a 41800000 41899999 2642
nn2a 41900000 41999999 2886
nn2a 42000000 42099999 2609
nn2a 42100000 42199999 2616
nn2a 42200000 42299999 2695
nn2a 42300000 42399999 2713
nn2a 42400000 42499999 2869
nn2a 42500000 42599999 2833
nn2a 42600000 42699999 2963
nn2a 42700000 42799999 2670
nn2a 42800000 42899999 3075
nn2a 42900000 42999999 2765
nn2a 43000000 43099999 2822
nn2a 43100000 43199999 3542
nn2a 43200000 43299999 2804
nn2a 43300000 43399999 2888
nn2a 43400000 43499999 2562
nn2a 43500000 43599999 2553
nn2a 43600000 43699999 2637
nn2a 43700000 43799999 2500
nn2a 43800000 43899999 2554
nn2a 43900000 43999999 3235
nn2a 44000000 44099999 2813
nn2a 44100000 44199999 3194
nn2a 44200000 44299999 2952
nn2a 44300000 44399999 2756
nn2a 44400000 44499999 2702
nn2a 44500000 44599999 2498
nn2a 44600000 44699999 2752
nn2a 44700000 44799999 2542
nn2a 44800000 44899999 2534
nn2a 44900000 44999999 2808
nn2a 45000000 45099999 2783
nn2a 45100000 45199999 2376
nn2a 45200000 45299999 2366
nn2a 45300000 45399999 2608
nn2a 45400000 45499999 2629
nn2a 45500000 45599999 2754
nn2a 45600000 45699999 2952
nn2a 45700000 45799999 2689
nn2a 45800000 45899999 2808
nn2a 45900000 45999999 2637
nn2a 46000000 46099999 2612
nn2a 46100000 46199999 2547
nn2a 46200000 46299999 2811
nn2a 46300000 46399999 2407
nn2a 46400000 46499999 2741
nn2a 46500000 46599999 2791
nn2a 46600000 46699999 2520
nn2a 46700000 46799999 2877
nn2a 46800000 46899999 2345
nn2a 46900000 46999999 2455
nn2a 47000000 47099999 2890
nn2a 47100000 47199999 2765
nn2a 47200000 47299999 2961
nn2a 47300000 47399999 3166
nn2a 47400000 47499999 2797
nn2a 47500000 47599999 4293
nn2a 47600000 47699999 2841
nn2a 47700000 47799999 2870
nn2a 47800000 47899999 2973
nn2a 47900000 47999999 2961
nn2a 48000000 48099999 2576
nn2a 48100000 48199999 2439
nn2a 48200000 48299999 3010
nn2a 48300000 48399999 2585
nn2a 48400000 48499999 3068
nn2a 48500000 48599999 2701
nn2a 48600000 48699999 3110
nn2a 48700000 48799999 3128
nn2a 48800000 48899999 2704
nn2a 48900000 48999999 2844
nn2a 49000000 49099999 2865
nn2a 49100000 49199999 2670
nn2a 49200000 49299999 2715
nn2a 49300000 49399999 2688
nn2a 49400000 49499999 3363
nn2a 49500000 49599999 3013
nn2a 49600000 49699999 3147
nn2a 49700000 49799999 2738
nn2a 49800000 49899999 2728
nn2a 49900000 49999999 2586
nn2a 50000000 50099999 2897
nn2a 50100000 50199999 2475
nn2a 50200000 50299999 2583
nn2a 50300000 50399999 2716
nn2a 50400000 50499999 2518
nn2a 50500000 50599999 2685
nn2a 50600000 50699999 2337
nn2a 50700000 50799999 2571
nn2a 50800000 50899999 2768
nn2a 50900000 50999999 3117
nn2a 51000000 51099999 2579
nn2a 51100000 51199999 2570
nn2a 51200000 51299999 2663
nn2a 51300000 51399999 2868
nn2a 51400000 51499999 2633
nn2a 51500000 51599999 2126
nn2a 51600000 51699999 2412
nn2a 51700000 51799999 2413
nn2a 51800000 51899999 2806
nn2a 51900000 51999999 2544
nn2a 52000000 52099999 2785
nn2a 52100000 52199999 2854
nn2a 52200000 52299999 2797
nn2a 52300000 52355976 1563
nn3 0 99999 2216
nn3 100000 199999 2617
nn3 200000 299999 2844
nn3 300000 399999 2629
nn3 400000 499999 2947
nn3 500000 599999 2415
nn3 600000 699999 2837
nn3 700000 799999 2548
nn3 800000 899999 3130
nn3 900000 999999 2884
nn3 1000000 1099999 2805
nn3 1100000 1199999 2875
nn3 1200000 1299999 2606
nn3 1300000 1399999 2892
nn3 1400000 1499999 2871
nn3 1500000 1599999 2472
nn3 1600000 1699999 3400
nn3 1700000 1799999 2467
nn3 1800000 1899999 2492
nn3 1900000 1999999 2586
nn3 2000000 2099999 2507
nn3 2100000 2199999 2800
nn3 2200000 2299999 3030
nn3 2300000 2399999 3044
nn3 2400000 2499999 2747
nn3 2500000 2599999 3024
nn3 2600000 2699999 2409
nn3 2700000 2799999 2367
nn3 2800000 2899999 3117
nn3 2900000 2999999 2686
nn3 3000000 3099999 2861
nn3 3100000 3199999 2740
nn3 3200000 3299999 2464
nn3 3300000 3399999 2246
nn3 3400000 3499999 2285
nn3 3500000 3599999 2677
nn3 3600000 3699999 2440
nn3 3700000 3799999 2394
nn3 3800000 3899999 2310
nn3 3900000 3999999 2641
nn3 4000000 4099999 2342
nn3 4100000 4199999 2735
nn3 4200000 4299999 2700
nn3 4300000 4399999 2726
nn3 4400000 4499999 2816
nn3 4500000 4599999 2748
nn3 4600000 4699999 2461
nn3 4700000 4799999 2584
nn3 4800000 4899999 2561
nn3 4900000 4999999 2423
nn3 5000000 5099999 2563
nn3 5100000 5199999 2215
nn3 5200000 5299999 2457
nn3 5300000 5399999 2610
nn3 5400000 5499999 2356
nn3 5500000 5599999 2599
nn3 5600000 5699999 2753
nn3 5700000 5799999 2647
nn3 5800000 5899999 2778
nn3 5900000 5999999 3257
nn3 6000000 6099999 2477
nn3 6100000 6199999 2612
nn3 6200000 6299999 2565
nn3 6300000 6399999 2974
nn3 6400000 6499999 3050
nn3 6500000 6599999 2639
nn3 6600000 6699999 2292
nn3 6700000 6799999 2542
nn3 6800000 6899999 2138
nn3 6900000 6999999 2677
nn3 7000000 7099999 2407
nn3 7100000 7199999 2439
nn3 7200000 7299999 2593
nn3 7300000 7399999 2277
nn3 7400000 7499999 2613
nn3 7500000 7599999 3165
nn3 7600000 7699999 2684
nn3 7700000 7799999 2877
nn3 7800000 7899999 2926
nn3 7900000 7999999 3092
nn3 8000000 8099999 3060
nn3 8100000 8199999 3232
nn3 8200000 8299999 3050
nn3 8300000 8399999 3003
nn3 8400000 8499999 3163
nn3 8500000 8599999 2609
nn3 8600000 8699999 2706
nn3 8700000 8799999 2729
nn3 8800000 8899999 2961
nn3 8900000 8999999 2957
nn3 9000000 9099999 2469
nn3 9100000 9199999 3101
nn3 9200000 9299999 2855
nn3 9300000 9399999 2222
nn3 9400000 9499999 3048
nn3 9500000 9599999 2913
nn3 9600000 9699999 2916
nn3 9700000 9799999 2726
nn3 9800000 9899999 2760
nn3 9900000 9999999 2913
nn3 10000000 10099999 2905
nn3 10100000 10199999 2995
nn3 10200000 10299999 3266
nn3 10300000 10399999 3180
nn3 10400000 10499999 3101
nn3 10500000 10599999 2980
nn3 10600000 10699999 2698
nn3 10700000 10799999 2847
nn3 10800000 10899999 2901
nn3 10900000 10999999 2968
nn3 11000000 11099999 2799
nn3 11100000 11199999 3356
nn3 11200000 11299999 3202
nn3 11300000 11399999 3595
nn3 11400000 11499999 3175
nn3 11500000 11599999 3102
nn3 11600000 11699999 2888
nn3 11700000 11799999 3105
nn3 11800000 11899999 2456
nn3 11900000 11999999 2685
nn3 12000000 12099999 2833
nn3 12100000 12199999 2935
nn3 12200000 12299999 3013
nn3 12300000 12399999 3555
nn3 12400000 12499999 3405
nn3 12500000 12599999 3323
nn3 12600000 12699999 3516
nn3 12700000 12799999 3645
nn3 12800000 12899999 2979
nn3 12900000 12999999 2980
nn3 13000000 13099999 3329
nn3 13100000 13199999 2911
nn3 13200000 13299999 2587
nn3 13300000 13399999 2954
nn3 13400000 13499999 3090
nn3 13500000 13599999 3096
nn3 13600000 13699999 3194
nn3 13700000 13799999 3081
nn3 13800000 13899999 2876
nn3 13900000 13999999 3403
nn3 14000000 14099999 3026
nn3 14100000 14199999 2816
nn3 14200000 14299999 2648
nn3 14300000 14399999 2820
nn3 14400000 14499999 2804
nn3 14500000 14599999 2609
nn3 14600000 14699999 3021
nn3 14700000 14799999 2631
nn3 14800000 14899999 2769
nn3 14900000 14999999 2812
nn3 15000000 15099999 2807
nn3 15100000 15199999 3513
nn3 15200000 15299999 2990
nn3 15300000 15399999 2524
nn3 15400000 15499999 2620
nn3 15500000 15599999 2723
nn3 15600000 15699999 2997
nn3 15700000 15799999 2667
nn3 15800000 15899999 3381
nn3 15900000 15999999 3210
nn3 16000000 16099999 2796
nn3 16100000 16199999 2740
nn3 16200000 16299999 2756
nn3 16300000 16399999 2944
nn3 16400000 16499999 3041
nn3 16500000 16599999 2600
nn3 16600000 16699999 3191
nn3 16700000 16799999 2685
nn3 16800000 16899999 3082
nn3 16900000 16999999 2853
nn3 17000000 17099999 3403
nn3 17100000 17199999 2916
nn3 17200000 17299999 3134
nn3 17300000 17399999 2775
nn3 17400000 17499999 3193
nn3 17500000 17599999 2940
nn3 17600000 17699999 3047
nn3 17700000 17799999 3689
nn3 17800000 17899999 3564
nn3 17900000 17999999 3400
nn3 18000000 18099999 3153
nn3 18100000 18199999 2985
nn3 18200000 18299999 3397
nn3 18300000 18399999 3124
nn3 18400000 18499999 3297
nn3 18500000 18599999 3286
nn3 18600000 18699999 3379
nn3 18700000 18799999 3375
nn3 18800000 18899999 3023
nn3 18900000 18999999 2798
nn3 19000000 19099999 2757
nn3 19100000 19199999 2928
nn3 19200000 19299999 2869
nn3 19300000 19399999 2494
nn3 19400000 19499999 2801
nn3 19500000 19599999 2818
nn3 19600000 19699999 2948
nn3 19700000 19799999 2726
nn3 19800000 19899999 2440
nn3 19900000 19999999 3090
nn3 20000000 20099999 3079
nn3 20100000 20199999 3264
nn3 20200000 20299999 2980
nn3 20300000 20399999 2822
nn3 20400000 20499999 3216
nn3 20500000 20599999 3097
nn3 20600000 20699999 3632
nn3 20700000 20799999 3240
nn3 20800000 20899999 3497
nn3 20900000 20999999 3529
nn3 21000000 21099999 3798
nn3 21100000 21199999 3621
nn3 21200000 21299999 3904
nn3 21300000 21399999 3154
nn3 21400000 21499999 3051
nn3 21500000 21599999 3740
nn3 21600000 21699999 3380
nn3 21700000 21799999 3320
nn3 21800000 21899999 3392
nn3 21900000 21999999 2910
nn3 22000000 22099999 3111
nn3 22100000 22199999 2990
nn3 22200000 22299999 3021
nn3 22300000 22399999 2823
nn3 22400000 22499999 3149
nn3 22500000 22599999 3351
nn3 22600000 22699999 3035
nn3 22700000 22799999 2958
nn3 22800000 22899999 2238
nn3 22900000 22999999 2655
nn3 23000000 23099999 2708
nn3 23100000 23199999 2720
nn3 23200000 23299999 3091
nn3 23300000 23399999 2889
nn3 23400000 23499999 3269
nn3 23500000 23599999 3138
nn3 23600000 23699999 3023
nn3 23700000 23799999 2954
nn3 23800000 23899999 2777
nn3 23900000 23999999 2779
nn3 24000000 24099999 3287
nn3 24100000 24199999 2786
nn3 24200000 24299999 2908
nn3 24300000 24399999 2763
nn3 24400000 24499999 2768
nn3 24500000 24599999 2427
nn3 24600000 24699999 2976
nn3 24700000 24799999 2493
nn3 24800000 24899999 3303
nn3 24900000 24999999 3094
nn3 25000000 25099999 3254
nn3 25100000 25199999 3360
nn3 25200000 25299999 3478
nn3 25300000 25399999 3326
nn3 25400000 25499999 3331
nn3 25500000 25599999 3267
nn3 25600000 25699999 3294
nn3 25700000 25799999 2723
nn3 25800000 25899999 2844
nn3 25900000 25999999 2938
nn3 26000000 26099999 2994
nn3 26100000 26199999 3185
nn3 26200000 26299999 3288
nn3 26300000 26399999 3728
nn3 26400000 26499999 3651
nn3 26500000 26599999 3183
nn3 26600000 26699999 3161
nn3 26700000 26799999 3873
nn3 26800000 26899999 3417
nn3 26900000 26999999 3466
nn3 27000000 27099999 3349
nn3 27100000 27199999 3068
nn3 27200000 27299999 3320
nn3 27300000 27399999 3046
nn3 27400000 27499999 3242
nn3 27500000 27599999 3063
nn3 27600000 27699999 3240
nn3 27700000 27799999 3336
nn3 27800000 27899999 2841
nn3 27900000 27999999 3256
nn3 28000000 28099999 3139
nn3 28100000 28199999 3204
nn3 28200000 28299999 3434
nn3 28300000 28399999 2883
nn3 28400000 28499999 3110
nn3 28500000 28599999 2553
nn3 28600000 28699999 2548
nn3 28700000 28799999 2835
nn3 28800000 28899999 2891
nn3 28900000 28999999 2868
nn3 29000000 29099999 3129
nn3 29100000 29199999 3414
nn3 29200000 29299999 2965
nn3 29300000 29399999 3065
nn3 29400000 29499999 2899
nn3 29500000 29599999 2889
nn3 29600000 29699999 2735
nn3 29700000 29799999 2848
nn3 29800000 29899999 2668
nn3 29900000 29999999 3156
nn3 30000000 30099999 2744
nn3 30100000 30199999 2623
nn3 30200000 30299999 2475
nn3 30300000 30399999 3354
nn3 30400000 30499999 2826
nn3 30500000 30599999 2945
nn3 30600000 30699999 2993
nn3 30700000 30799999 3003
nn3 30800000 30899999 2782
nn3 30900000 30999999 3098
nn3 31000000 31099999 3099
nn3 31100000 31199999 2865
nn3 31200000 31299999 2868
nn3 31300000 31399999 3037
nn3 31400000 31499999 2852
nn3 31500000 31599999 2781
nn3 31600000 31699999 3158
nn3 31700000 31799999 2779
nn3 31800000 31899999 2602
nn3 31900000 31999999 2842
nn3 32000000 32099999 2944
nn3 32100000 32199999 2721
nn3 32200000 32299999 2813
nn3 32300000 32399999 3300
nn3 32400000 32499999 2931
nn3 32500000 32599999 3003
nn3 32600000 32699999 2590
nn3 32700000 32799999 3071
nn3 32800000 32899999 3334
nn3 32900000 32999999 3031
nn3 33000000 33099999 2635
nn3 33100000 33199999 2917
nn3 33200000 33299999 2949
nn3 33300000 33399999 3195
nn3 33400000 33499999 2913
nn3 33500000 33599999 2591
nn3 33600000 33699999 2674
nn3 33700000 33799999 2776
nn3 33800000 33899999 2629
nn3 33900000 33999999 2627
nn3 34000000 34099999 3265
nn3 34100000 34199999 3072
nn3 34200000 34299999 2581
nn3 34300000 34399999 2815
nn3 34400000 34499999 3039
nn3 34500000 34599999 2829
nn3 34600000 34699999 2884
nn3 34700000 34799999 2883
nn3 34800000 34899999 2693
nn3 34900000 34999999 2955
nn3 35000000 35099999 2951
nn3 35100000 35199999 2568
nn3 35200000 35299999 2855
nn3 35300000 35399999 3008
nn3 35400000 35499999 2774
nn3 35500000 35599999 2991
nn3 35600000 35699999 2726
nn3 35700000 35799999 2643
nn3 35800000 35899999 2842
nn3 35900000 35999999 2270
nn3 36000000 36099999 2611
nn3 36100000 36199999 2794
nn3 36200000 36299999 2603
nn3 36300000 36399999 3276
nn3 36400000 36499999 3265
nn3 36500000 36599999 3249
nn3 36600000 36699999 3267
nn3 36700000 36799999 3273
nn3 36800000 36899999 3487
nn3 36900000 36999999 3491
nn3 37000000 37099999 3326
nn3 37100000 37199999 3300
nn3 37200000 37299999 3062
nn3 37300000 37399999 2796
nn3 37400000 37499999 3721
nn3 37500000 37599999 3254
nn3 37600000 37699999 3771
nn3 37700000 37799999 3079
nn3 37800000 37899999 3458
nn3 37900000 37999999 3464
nn3 38000000 38099999 2876
nn3 38100000 38199999 3238
nn3 38200000 38299999 3187
nn3 38300000 38399999 3441
nn3 38400000 38499999 3079
nn3 38500000 38599999 2839
nn3 38600000 38699999 3090
nn3 38700000 38799999 2872
nn3 38800000 38899999 3051
nn3 38900000 38999999 3190
nn3 39000000 39099999 3242
nn3 39100000 39199999 3009
nn3 39200000 39299999 3091
nn3 39300000 39399999 3000
nn3 39400000 39499999 2754
nn3 39500000 39599999 2743
nn3 39600000 39699999 2861
nn3 39700000 39799999 2923
nn3 39800000 39899999 3147
nn3 39900000 39999999 3099
nn3 40000000 40099999 3133
nn3 40100000 40199999 3349
nn3 40200000 40299999 3051
nn3 40300000 40399999 3893
nn3 40400000 40499999 3317
nn3 40500000 40599999 3537
nn3 40600000 40699999 3192
nn3 40700000 40799999 3303
nn3 40800000 40899999 3812
nn3 40900000 40999999 3268
nn3 41000000 41099999 3137
nn3 41100000 41199999 3162
nn3 41200000 41299999 3614
nn3 41300000 41399999 3376
nn3 41400000 41499999 2980
nn3 41500000 41599999 3543
nn3 41600000 41699999 3095
nn3 41700000 41799999 3181
nn3 41800000 41899999 3292
nn3 41900000 41999999 3015
nn3 42000000 42099999 2865
nn3 42100000 42199999 2720
nn3 42200000 42299999 2781
nn3 42300000 42399999 2395
nn3 42400000 42499999 3350
nn3 42500000 42599999 2945
nn3 42600000 42699999 3198
nn3 42700000 42799999 2350
nn3 42800000 42899999 2610
nn3 42900000 42999999 2990
nn3 43000000 43099999 3285
nn3 43100000 43199999 2745
nn3 43200000 43299999 2500
nn3 43300000 43399999 2918
nn3 43400000 43499999 2436
nn3 43500000 43599999 2801
nn3 43600000 43699999 2939
nn3 43700000 43799999 2756
nn3 43800000 43899999 2999
nn3 43900000 43999999 3179
nn3 44000000 44099999 2858
nn3 44100000 44199999 2648
nn3 44200000 44299999 2868
nn3 44300000 44399999 3189
nn3 44400000 44499999 3006
nn3 44500000 44599999 3020
nn3 44600000 44699999 2987
nn3 44700000 44799999 2775
nn3 44800000 44899999 2418
nn3 44900000 44999999 2550
nn3 45000000 45099999 2521
nn3 45100000 45199999 2584
nn3 45200000 45299999 2656
nn3 45300000 45399999 2770
nn3 45400000 45499999 2514
nn3 45500000 45599999 3117
nn3 45600000 45699999 2824
nn3 45700000 45799999 2935
nn3 45800000 45899999 3321
nn3 45900000 45999999 2569
nn3 46000000 46099999 2953
nn3 46100000 46199999 3093
nn3 46200000 46299999 3496
nn3 46300000 46399999 2835
nn3 46400000 46499999 3434
nn3 46500000 46599999 3267
nn3 46600000 46699999 3274
nn3 46700000 46799999 3055
nn3 46800000 46899999 3099
nn3 46900000 46999999 3462
nn3 47000000 47099999 3200
nn3 47100000 47199999 2891
nn3 47200000 47299999 3464
nn3 47300000 47399999 3264
nn3 47400000 47499999 2803
nn3 47500000 47599999 2889
nn3 47600000 47699999 2613
nn3 47700000 47799999 2711
nn3 47800000 47899999 3034
nn3 47900000 47999999 2910
nn3 48000000 48099999 2796
nn3 48100000 48199999 3028
nn3 48200000 48299999 2964
nn3 48300000 48399999 2748
nn3 48400000 48499999 3394
nn3 48500000 48599999 3065
nn3 48600000 48699999 3438
nn3 48700000 48799999 3048
nn3 48800000 48899999 3202
nn3 48900000 48999999 3286
nn3 49000000 49099999 3480
nn3 49100000 49199999 2952
nn3 49200000 49299999 3338
nn3 49300000 49399999 3098
nn3 49400000 49499999 2991
nn3 49500000 49599999 3150
nn3 49600000 49699999 3167
nn3 49700000 49799999 2857
nn3 49800000 49899999 2733
nn3 49900000 49999999 2962
nn3 50000000 50099999 3184
nn3 50100000 50199999 3022
nn3 50200000 50299999 3714
nn3 50300000 50399999 3436
nn3 50400000 50499999 3069
nn3 50500000 50599999 3440
nn3 50600000 50699999 3536
nn3 50700000 50799999 3453
nn3 50800000 50899999 3203
nn3 50900000 50999999 2338
nn3 51000000 51099999 2950
nn3 51100000 51199999 2680
nn3 51200000 51299999 2812
nn3 51300000 51399999 2610
nn3 51400000 51499999 3038
nn3 51500000 51599999 3433
nn3 51600000 51699999 2763
nn3 51700000 51799999 2976
nn3 51800000 51899999 2738
nn3 51900000 51999999 2413
nn3 52000000 52099999 3150
nn3 52100000 52199999 2985
nn3 52200000 52299999 3216
nn3 52300000 52399999 2691
nn3 52400000 52499999 3209
nn3 52500000 52599999 2884
nn3 52600000 52699999 2885
nn3 52700000 52799999 2634
nn3 52800000 52899999 3430
nn3 52900000 52999999 2985
nn3 53000000 53099999 2682
nn3 53100000 53199999 2999
nn3 53200000 53299999 3008
nn3 53300000 53399999 3228
nn3 53400000 53499999 3169
nn3 53500000 53599999 3117
nn3 53600000 53699999 2934
nn3 53700000 53799999 3095
nn3 53800000 53899999 3623
nn3 53900000 53999999 2600
nn3 54000000 54099999 3003
nn3 54100000 54199999 3210
nn3 54200000 54299999 2819
nn3 54300000 54399999 2783
nn3 54400000 54499999 2640
nn3 54500000 54599999 3249
nn3 54600000 54699999 3043
nn3 54700000 54799999 2517
nn3 54800000 54899999 2879
nn3 54900000 54999999 2580
nn3 55000000 55099999 3202
nn3 55100000 55199999 2849
nn3 55200000 55299999 3067
nn3 55300000 55399999 3030
nn3 55400000 55499999 2785
nn3 55500000 55599999 3215
nn3 55600000 55699999 3019
nn3 55700000 55799999 3099
nn3 55800000 55899999 2785
nn3 55900000 55999999 2808
nn3 56000000 56099999 3457
nn3 56100000 56199999 2863
nn3 56200000 56299999 2570
nn3 56300000 56399999 2976
nn3 56400000 56499999 3123
nn3 56500000 56599999 2834
nn3 56600000 56699999 2864
nn3 56700000 56799999 2788
nn3 56800000 56899999 2707
nn3 56900000 56999999 3117
nn3 57000000 57099999 2842
nn3 57100000 57199999 2653
nn3 57200000 57299999 3117
nn3 57300000 57399999 2628
nn3 57400000 57499999 2874
nn3 57500000 57599999 2945
nn3 57600000 57699999 3033
nn3 57700000 57799999 3033
nn3 57800000 57899999 3689
nn3 57900000 57999999 3133
nn3 58000000 58099999 3283
nn3 58100000 58199999 3476
nn3 58200000 58299999 3276
nn3 58300000 58399999 2305
nn3 58400000 58499999 3187
nn3 58500000 58599999 2821
nn3 58600000 58699999 2597
nn3 58700000 58799999 3025
nn3 58800000 58899999 2669
nn3 58900000 58999999 2736
nn3 59000000 59099999 2960
nn3 59100000 59199999 2647
nn3 59200000 59299999 2934
nn3 59300000 59399999 3040
nn3 59400000 59499999 3194
nn3 59500000 59599999 2972
nn3 59600000 59699999 3012
nn3 59700000 59799999 2491
nn3 59800000 59899999 2730
nn3 59900000 59999999 3041
nn3 60000000 60099999 2605
nn3 60100000 60199999 2510
nn3 60200000 60299999 2393
nn3 60300000 60399999 2861
nn3 60400000 60499999 2974
nn3 60500000 60599999 3202
nn3 60600000 60699999 2525
nn3 60700000 60799999 2970
nn3 60800000 60899999 3221
nn3 60900000 60999999 2907
nn3 61000000 61099999 3065
nn3 61100000 61199999 3141
nn3 61200000 61299999 3492
nn3 61300000 61399999 3200
nn3 61400000 61499999 3097
nn3 61500000 61599999 3143
nn3 61600000 61699999 3528
nn3 61700000 61799999 3265
nn3 61800000 61899999 3696
nn3 61900000 61999999 2566
nn3 62000000 62099999 2749
nn3 62100000 62199999 3519
nn3 62200000 62299999 2617
nn3 62300000 62399999 2573
nn3 62400000 62499999 2920
nn3 62500000 62599999 2722
nn3 62600000 62699999 2855
nn3 62700000 62799999 2306
nn3 62800000 62899999 2809
nn3 62900000 62999999 2680
nn3 63000000 63099999 2866
nn3 63100000 63199999 2417
nn3 63200000 63299999 3110
nn3 63300000 63399999 2600
nn3 63400000 63499999 3047
nn3 63500000 63599999 2788
nn3 63600000 63699999 2931
nn3 63700000 63799999 2919
nn3 63800000 63899999 2581
nn3 63900000 63999999 2851
nn3 64000000 64099999 3054
nn3 64100000 64199999 3257
nn3 64200000 64299999 2842
nn3 64300000 64399999 2703
nn3 64400000 64499999 2968
nn3 64500000 64599999 3051
nn3 64600000 64699999 2897
nn3 64700000 64799999 3269
nn3 64800000 64899999 3063
nn3 64900000 64999999 3199
nn3 65000000 65099999 3434
nn3 65100000 65199999 3180
nn3 65200000 65299999 2482
nn3 65300000 65399999 2927
nn3 65400000 65499999 2703
nn3 65500000 65599999 2561
nn3 65600000 65699999 2681
nn3 65700000 65799999 2997
nn3 65800000 65899999 2887
nn3 65900000 65999999 2971
nn3 66000000 66099999 3085
nn3 66100000 66199999 3436
nn3 66200000 66299999 2972
nn3 66300000 66399999 3626
nn3 66400000 66499999 3178
nn3 66500000 66599999 3420
nn3 66600000 66699999 3385
nn3 66700000 66799999 3104
nn3 66800000 66899999 3684
nn3 66900000 66999999 2846
nn3 67000000 67099999 2956
nn3 67100000 67199999 3083
nn3 67200000 67299999 2912
nn3 67300000 67399999 2968
nn3 67400000 67499999 2799
nn3 67500000 67599999 2429
nn3 67600000 67699999 2948
nn3 67700000 67799999 2870
nn3 67800000 67899999 3216
nn3 67900000 67999999 2814
nn3 68000000 68099999 2684
nn3 68100000 68199999 3070
nn3 68200000 68299999 3275
nn3 68300000 68399999 2681
nn3 68400000 68499999 2963
nn3 68500000 68599999 2888
nn3 68600000 68699999 2662
nn3 68700000 68799999 2536
nn3 68800000 68899999 2997
nn3 68900000 68999999 2998
nn3 69000000 69099999 2757
nn3 69100000 69199999 2557
nn3 69200000 69299999 2828
nn3 69300000 69399999 3176
nn3 69400000 69499999 3034
nn3 69500000 69599999 3189
nn3 69600000 69699999 3107
nn3 69700000 69799999 3167
nn3 69800000 69899999 3094
nn3 69900000 69999999 2589
nn3 70000000 70099999 2445
nn3 70100000 70199999 2955
nn3 70200000 70299999 2726
nn3 70300000 70399999 2603
nn3 70400000 70499999 3284
nn3 70500000 70599999 2713
nn3 70600000 70699999 2626
nn3 70700000 70799999 2860
nn3 70800000 70899999 2730
nn3 70900000 70999999 2924
nn3 71000000 71099999 2891
nn3 71100000 71199999 2669
nn3 71200000 71299999 2561
nn3 71300000 71399999 2286
nn3 71400000 71499999 2652
nn3 71500000 71599999 2741
nn3 71600000 71699999 2604
nn3 71700000 71799999 2931
nn3 71800000 71899999 3090
nn3 71900000 71999999 3058
nn3 72000000 72099999 2266
nn3 72100000 72199999 2753
nn3 72200000 72299999 3046
nn3 72300000 72399999 2656
nn3 72400000 72499999 3347
nn3 72500000 72599999 2811
nn3 72600000 72699999 3023
nn3 72700000 72799999 2608
nn3 72800000 72899999 2622
nn3 72900000 72999999 3168
nn3 73000000 73099999 2943
nn3 73100000 73199999 2772
nn3 73200000 73299999 2986
nn3 73300000 73399999 2911
nn3 73400000 73499999 3009
nn3 73500000 73599999 2711
nn3 73600000 73699999 2829
nn3 73700000 73799999 3268
nn3 73800000 73899999 3375
nn3 73900000 73999999 3216
nn3 74000000 74099999 2618
nn3 74100000 74199999 3389
nn3 74200000 74299999 3303
nn3 74300000 74399999 3234
nn3 74400000 74499999 3239
nn3 74500000 74599999 3310
nn3 74600000 74699999 3303
nn3 74700000 74799999 3238
nn3 74800000 74899999 3508
nn3 74900000 74999999 2975
nn3 75000000 75099999 3154
nn3 75100000 75199999 2883
nn3 75200000 75299999 3392
nn3 75300000 75399999 2822
nn3 75400000 75499999 2683
nn3 75500000 75599999 2880
nn3 75600000 75699999 2967
nn3 75700000 75799999 3201
nn3 75800000 75899999 3093
nn3 75900000 75999999 2839
nn3 76000000 76099999 2567
nn3 76100000 76199999 2706
nn3 76200000 76299999 3017
nn3 76300000 76399999 3358
nn3 76400000 76499999 3130
nn3 76500000 76599999 2637
nn3 76600000 76699999 2587
nn3 76700000 76799999 2692
nn3 76800000 76899999 2755
nn3 76900000 76999999 2972
nn3 77000000 77099999 3015
nn3 77100000 77199999 3230
nn3 77200000 77299999 3300
nn3 77300000 77399999 2749
nn3 77400000 77499999 2858
nn3 77500000 77599999 2287
nn3 77600000 77699999 2809
nn3 77700000 77799999 2838
nn3 77800000 77899999 2804
nn3 77900000 77999999 3153
nn3 78000000 78099999 3468
nn3 78100000 78199999 2964
nn3 78200000 78299999 3167
nn3 78300000 78399999 2696
nn3 78400000 78499999 2926
nn3 78500000 78599999 3421
nn3 78600000 78699999 3274
nn3 78700000 78799999 2894
nn3 78800000 78899999 2923
nn3 78900000 78999999 2859
nn3 79000000 79099999 2615
nn3 79100000 79199999 3082
nn3 79200000 79299999 3056
nn3 79300000 79399999 2818
nn3 79400000 79499999 2605
nn3 79500000 79599999 2836
nn3 79600000 79699999 3349
nn3 79700000 79799999 2651
nn3 79800000 79899999 2752
nn3 79900000 79999999 3228
nn3 80000000 80099999 2524
nn3 80100000 80199999 2714
nn3 80200000 80299999 3318
nn3 80300000 80399999 2554
nn3 80400000 80499999 2525
nn3 80500000 80599999 2389
nn3 80600000 80699999 2477
nn3 80700000 80799999 3191
nn3 80800000 80899999 2721
nn3 80900000 80999999 2614
nn3 81000000 81099999 2398
nn3 81100000 81199999 2366
nn3 81200000 81299999 2564
nn3 81300000 81399999 2835
nn3 81400000 81499999 2962
nn3 81500000 81599999 3464
nn3 81600000 81699999 3235
nn3 81700000 81799999 2907
nn3 81800000 81899999 2854
nn3 81900000 81999999 2853
nn3 82000000 82099999 3643
nn3 82100000 82199999 2816
nn3 82200000 82299999 2297
nn3 82300000 82399999 3096
nn3 82400000 82499999 2939
nn3 82500000 82599999 3163
nn3 82600000 82699999 3064
nn3 82700000 82799999 2897
nn3 82800000 82899999 2775
nn3 82900000 82999999 2908
nn3 83000000 83099999 2684
nn3 83100000 83199999 2579
nn3 83200000 83299999 2483
nn3 83300000 83399999 2866
nn3 83400000 83499999 2838
nn3 83500000 83599999 2893
nn3 83600000 83699999 2388
nn3 83700000 83799999 2630
nn3 83800000 83899999 2896
nn3 83900000 83999999 2592
nn3 84000000 84099999 2837
nn3 84100000 84199999 2547
nn3 84200000 84299999 2530
nn3 84300000 84399999 2686
nn3 84400000 84499999 3047
nn3 84500000 84599999 2649
nn3 84600000 84699999 3245
nn3 84700000 84799999 2809
nn3 84800000 84899999 2725
nn3 84900000 84999999 3317
nn3 85000000 85099999 2787
nn3 85100000 85199999 2756
nn3 85200000 85299999 2789
nn3 85300000 85399999 3350
nn3 85400000 85499999 3011
nn3 85500000 85599999 2602
nn3 85600000 85699999 3098
nn3 85700000 85799999 2852
nn3 85800000 85899999 3511
nn3 85900000 85999999 3159
nn3 86000000 86099999 3218
nn3 86100000 86199999 3078
nn3 86200000 86299999 2894
nn3 86300000 86399999 2574
nn3 86400000 86499999 2920
nn3 86500000 86599999 2790
nn3 86600000 86699999 2931
nn3 86700000 86799999 3287
nn3 86800000 86899999 2766
nn3 86900000 86999999 2923
nn3 87000000 87099999 2861
nn3 87100000 87199999 3220
nn3 87200000 87299999 3002
nn3 87300000 87399999 2785
nn3 87400000 87499999 2687
nn3 87500000 87599999 2899
nn3 87600000 87699999 2920
nn3 87700000 87799999 2598
nn3 87800000 87899999 2468
nn3 87900000 87999999 2597
nn3 88000000 88099999 2555
nn3 88100000 88199999 2779
nn3 88200000 88299999 2925
nn3 88300000 88399999 2813
nn3 88400000 88499999 2767
nn3 88500000 88599999 2794
nn3 88600000 88699999 2645
nn3 88700000 88799999 2889
nn3 88800000 88899999 3007
nn3 88900000 88999999 2637
nn3 89000000 89099999 2815
nn3 89100000 89199999 2976
nn3 89200000 89299999 2782
nn3 89300000 89399999 2488
nn3 89400000 89499999 2977
nn3 89500000 89599999 2701
nn3 89600000 89699999 2623
nn3 89700000 89799999 2872
nn3 89800000 89899999 2584
nn3 89900000 89999999 3215
nn3 90000000 90099999 2635
nn3 90100000 90199999 3100
nn3 90200000 90299999 2945
nn3 90300000 90399999 2648
nn3 90400000 90499999 3266
nn3 90500000 90599999 2697
nn3 90600000 90699999 2984
nn3 90700000 90799999 2720
nn3 90800000 90899999 2773
nn3 90900000 90999999 2557
nn3 91000000 91099999 2399
nn3 91100000 91199999 2937
nn3 91200000 91299999 3038
nn3 91300000 91399999 3406
nn3 91400000 91499999 3040
nn3 91500000 91599999 3419
nn3 91600000 91699999 2471
nn3 91700000 91799999 3264
nn3 91800000 91899999 2594
nn3 91900000 91999999 3045
nn3 92000000 92099999 3063
nn3 92100000 92199999 2630
nn3 92200000 92299999 3133
nn3 92300000 92399999 2729
nn3 92400000 92499999 2634
nn3 92500000 92599999 3178
nn3 92600000 92699999 2874
nn3 92700000 92799999 2511
nn3 92800000 92899999 2526
nn3 92900000 92999999 2653
nn3 93000000 93099999 2495
nn3 93100000 93199999 2923
nn3 93200000 93299999 2952
nn3 93300000 93399999 3012
nn3 93400000 93499999 2942
nn3 93500000 93599999 3165
nn3 93600000 93699999 2919
nn3 93700000 93799999 2604
nn3 93800000 93899999 2557
nn3 93900000 93999999 3018
nn3 94000000 94099999 2730
nn3 94100000 94199999 2996
nn3 94200000 94299999 2917
nn3 94300000 94399999 2870
nn3 94400000 94499999 2544
nn3 94500000 94599999 2558
nn3 94600000 94699999 2468
nn3 94700000 94799999 2725
nn3 94800000 94899999 2723
nn3 94900000 94999999 2774
nn3 95000000 95099999 2504
nn3 95100000 95199999 2742
nn3 95200000 95299999 2521
nn3 95300000 95399999 2685
nn3 95400000 95499999 2910
nn3 95500000 95599999 2732
nn3 95600000 95699999 2880
nn3 95700000 95799999 2703
nn3 95800000 95899999 2433
nn3 95900000 95999999 2898
nn3 96000000 96099999 2801
nn3 96100000 96199999 2921
nn3 96200000 96299999 2448
nn3 96300000 96399999 3399
nn3 96400000 96499999 2782
nn3 96500000 96599999 2626
nn3 96600000 96699999 3217
nn3 96700000 96799999 3123
nn3 96800000 96899999 2760
nn3 96900000 96999999 2845
nn3 97000000 97099999 3131
nn3 97100000 97199999 2737
nn3 97200000 97299999 2500
nn3 97300000 97399999 2365
nn3 97400000 97499999 3015
nn3 97500000 97599999 3001
nn3 97600000 97699999 2847
nn3 97700000 97799999 2954
nn3 97800000 97899999 2857
nn3 97900000 97999999 2580
nn3 98000000 98099999 2880
nn3 98100000 98199999 2457
nn3 98200000 98299999 2908
nn3 98300000 98399999 2667
nn3 98400000 98499999 2833
nn3 98500000 98599999 2737
nn3 98600000 98699999 2762
nn3 98700000 98799999 2789
nn3 98800000 98899999 2595
nn3 98900000 98999999 2777
nn3 99000000 99099999 2873
nn3 99100000 99199999 2968
nn3 99200000 99299999 2909
nn3 99300000 99399999 2813
nn3 99400000 99499999 3135
nn3 99500000 99599999 3514
nn3 99600000 99699999 3210
nn3 99700000 99799999 3311
nn3 99800000 99899999 2905
nn3 99900000 99999999 3019
nn3 100000000 100099999 2594
nn3 100100000 100199999 2996
nn3 100200000 100299999 3064
nn3 100300000 100399999 2572
nn3 100400000 100499999 2631
nn3 100500000 100599999 2591
nn3 100600000 100699999 2782
nn3 100700000 100799999 2551
nn3 100800000 100899999 2792
nn3 100900000 100999999 2695
nn3 101000000 101099999 2365
nn3 101100000 101199999 2822
nn3 101200000 101299999 2816
nn3 101300000 101399999 2942
nn3 101400000 101499999 2755
nn3 101500000 101599999 2769
nn3 101600000 101699999 2791
nn3 101700000 101799999 2643
nn3 101800000 101899999 3185
nn3 101900000 101999999 2872
nn3 102000000 102099999 3286
nn3 102100000 102199999 2429
nn3 102200000 102299999 2591
nn3 102300000 102399999 2964
nn3 102400000 102499999 2311
nn3 102500000 102599999 2715
nn3 102600000 102699999 2694
nn3 102700000 102799999 2434
nn3 102800000 102899999 2392
nn3 102900000 102999999 2644
nn3 103000000 103099999 2069
nn3 103100000 103199999 2612
nn3 103200000 103299999 2273
nn3 103300000 103399999 2381
nn3 103400000 103499999 2681
nn3 103500000 103599999 3106
nn3 103600000 103699999 2693
nn3 103700000 103799999 2665
nn3 103800000 103899999 2471
nn3 103900000 103999999 2574
nn3 104000000 104099999 2576
nn3 104100000 104199999 2585
nn3 104200000 104299999 2517
nn3 104300000 104399999 2906
nn3 104400000 104499999 2673
nn3 104500000 104599999 2621
nn3 104600000 104699999 2802
nn3 104700000 104799999 2971
nn3 104800000 104899999 2658
nn3 104900000 104999999 3084
nn3 105000000 105099999 2205
nn3 105100000 105199999 2816
nn3 105200000 105299999 2483
nn3 105300000 105399999 2804
nn3 105400000 105499999 2765
nn3 105500000 105599999 2284
nn3 105600000 105699999 2596
nn3 105700000 105799999 2693
nn3 105800000 105899999 2589
nn3 105900000 105999999 2702
nn3 106000000 106099999 2886
nn3 106100000 106199999 2541
nn3 106200000 106299999 2460
nn3 106300000 106399999 2392
nn3 106400000 106499999 2391
nn3 106500000 106599999 3049
nn3 106600000 106699999 2692
nn3 106700000 106799999 2657
nn3 106800000 106899999 2501
nn3 106900000 106999999 2407
nn3 107000000 107099999 2680
nn3 107100000 107199999 2438
nn3 107200000 107299999 2773
nn3 107300000 107399999 2624
nn3 107400000 107499999 2202
nn3 107500000 107599999 2357
nn3 107600000 107699999 2909
nn3 107700000 107799999 2238
nn3 107800000 107899999 2750
nn3 107900000 107999999 2469
nn3 108000000 108099999 2506
nn3 108100000 108199999 3103
nn3 108200000 108299999 2806
nn3 108300000 108399999 2730
nn3 108400000 108499999 2491
nn3 108500000 108599999 2674
nn3 108600000 108699999 2878
nn3 108700000 108799999 2379
nn3 108800000 108899999 2842
nn3 108900000 108999999 2332
nn3 109000000 109099999 2972
nn3 109100000 109199999 2708
nn3 109200000 109299999 2635
nn3 109300000 109399999 2331
nn3 109400000 109499999 2438
nn3 109500000 109599999 2784
nn3 109600000 109699999 2781
nn3 109700000 109799999 3042
nn3 109800000 109899999 2788
nn3 109900000 109999999 2536
nn3 110000000 110099999 3200
nn3 110100000 110199999 3166
nn3 110200000 110299999 3146
nn3 110300000 110399999 2639
nn3 110400000 110499999 2381
nn3 110500000 110599999 2504
nn3 110600000 110699999 2644
nn3 110700000 110799999 2886
nn3 110800000 110899999 2819
nn3 110900000 110999999 2936
nn3 111000000 111099999 2998
nn3 111100000 111199999 2665
nn3 111200000 111299999 2637
nn3 111300000 111382486 2363
nn4 0 99999 1663
nn4 100000 199999 2616
nn4 200000 299999 3029
nn4 300000 399999 3378
nn4 400000 499999 2703
nn4 500000 599999 1972
nn4 600000 699999 2493
nn4 700000 799999 2367
nn4 800000 899999 2366
nn4 900000 999999 2472
nn4 1000000 1099999 2473
nn4 1100000 1199999 2539
nn4 1200000 1299999 2533
nn4 1300000 1399999 2392
nn4 1400000 1499999 2587
nn4 1500000 1599999 2599
nn4 1600000 1699999 2660
nn4 1700000 1799999 2742
nn4 1800000 1899999 2360
nn4 1900000 1999999 2092
nn4 2000000 2099999 2140
nn4 2100000 2199999 2368
nn4 2200000 2299999 2363
nn4 2300000 2399999 2421
nn4 2400000 2499999 2775
nn4 2500000 2599999 2630
nn4 2600000 2699999 2190
nn4 2700000 2799999 2851
nn4 2800000 2899999 2670
nn4 2900000 2999999 2406
nn4 3000000 3099999 2748
nn4 3100000 3199999 2992
nn4 3200000 3299999 3093
nn4 3300000 3399999 2928
nn4 3400000 3499999 2616
nn4 3500000 3599999 3358
nn4 3600000 3699999 2824
nn4 3700000 3799999 2713
nn4 3800000 3899999 2925
nn4 3900000 3999999 3209
nn4 4000000 4099999 3010
nn4 4100000 4199999 3309
nn4 4200000 4299999 2851
nn4 4300000 4399999 3296
nn4 4400000 4499999 3258
nn4 4500000 4599999 2667
nn4 4600000 4699999 3200
nn4 4700000 4799999 3040
nn4 4800000 4899999 2874
nn4 4900000 4999999 2788
nn4 5000000 5099999 2904
nn4 5100000 5199999 2456
nn4 5200000 5299999 2640
nn4 5300000 5399999 2681
nn4 5400000 5499999 2404
nn4 5500000 5599999 1972
nn4 5600000 5699999 2556
nn4 5700000 5799999 2591
nn4 5800000 5899999 2240
nn4 5900000 5999999 2624
nn4 6000000 6099999 2878
nn4 6100000 6199999 2670
nn4 6200000 6299999 3244
nn4 6300000 6399999 2762
nn4 6400000 6499999 2689
nn4 6500000 6599999 2784
nn4 6600000 6699999 2505
nn4 6700000 6799999 2302
nn4 6800000 6899999 2780
nn4 6900000 6999999 2905
nn4 7000000 7099999 2989
nn4 7100000 7199999 3013
nn4 7200000 7299999 2486
nn4 7300000 7399999 2944
nn4 7400000 7499999 2455
nn4 7500000 7599999 2571
nn4 7600000 7699999 2378
nn4 7700000 7799999 2896
nn4 7800000 7899999 2761
nn4 7900000 7999999 2806
nn4 8000000 8099999 2569
nn4 8100000 8199999 2505
nn4 8200000 8299999 2762
nn4 8300000 8399999 3155
nn4 8400000 8499999 3118
nn4 8500000 8599999 3007
nn4 8600000 8699999 3016
nn4 8700000 8799999 2679
nn4 8800000 8899999 3011
nn4 8900000 8999999 2390
nn4 9000000 9099999 2989
nn4 9100000 9199999 2896
nn4 9200000 9299999 3054
nn4 9300000 9399999 3110
nn4 9400000 9499999 2960
nn4 9500000 9599999 3211
nn4 9600000 9699999 2768
nn4 9700000 9799999 3205
nn4 9800000 9899999 2790
nn4 9900000 9999999 2804
nn4 10000000 10099999 3321
nn4 10100000 10199999 2912
nn4 10200000 10299999 3075
nn4 10300000 10399999 3231
nn4 10400000 10499999 2834
nn4 10500000 10599999 3246
nn4 10600000 10699999 2908
nn4 10700000 10799999 2957
nn4 10800000 10899999 2785
nn4 10900000 10999999 2834
nn4 11000000 11099999 2877
nn4 11100000 11199999 2569
nn4 11200000 11299999 2633
nn4 11300000 11399999 3471
nn4 11400000 11499999 2831
nn4 11500000 11599999 2974
nn4 11600000 11699999 2960
nn4 11700000 11799999 2654
nn4 11800000 11899999 3101
nn4 11900000 11999999 2875
nn4 12000000 12099999 2864
nn4 12100000 12199999 3182
nn4 12200000 12299999 3172
nn4 12300000 12399999 3050
nn4 12400000 12499999 2613
nn4 12500000 12599999 2870
nn4 12600000 12699999 3414
nn4 12700000 12799999 2508
nn4 12800000 12899999 3069
nn4 12900000 12999999 3072
nn4 13000000 13099999 3248
nn4 13100000 13199999 2977
nn4 13200000 13299999 3192
nn4 13300000 13399999 3064
nn4 13400000 13499999 2753
nn4 13500000 13599999 3048
nn4 13600000 13699999 3245
nn4 13700000 13799999 2997
nn4 13800000 13899999 2647
nn4 13900000 13999999 2947
nn4 14000000 14099999 3057
nn4 14100000 14199999 2613
nn4 14200000 14299999 2898
nn4 14300000 14399999 2839
nn4 14400000 14499999 2819
nn4 14500000 14599999 2674
nn4 14600000 14699999 3067
nn4 14700000 14799999 2855
nn4 14800000 14899999 3075
nn4 14900000 14999999 3121
nn4 15000000 15099999 2775
nn4 15100000 15199999 3576
nn4 15200000 15299999 2417
nn4 15300000 15399999 3151
nn4 15400000 15499999 3297
nn4 15500000 15599999 3370
nn4 15600000 15699999 3536
nn4 15700000 15799999 3544
nn4 15800000 15899999 3230
nn4 15900000 15999999 3274
nn4 16000000 16099999 2784
nn4 16100000 16199999 3308
nn4 16200000 16299999 3250
nn4 16300000 16399999 3180
nn4 16400000 16499999 2880
nn4 16500000 16599999 3464
nn4 16600000 16699999 3242
nn4 16700000 16799999 2980
nn4 16800000 16899999 2767
nn4 16900000 16999999 3155
nn4 17000000 17099999 2995
nn4 17100000 17199999 2866
nn4 17200000 17299999 2699
nn4 17300000 17399999 2389
nn4 17400000 17499999 2794
nn4 17500000 17599999 2984
nn4 17600000 17699999 2434
nn4 17700000 17799999 2787
nn4 17800000 17899999 2921
nn4 17900000 17999999 2884
nn4 18000000 18099999 2926
nn4 18100000 18199999 3287
nn4 18200000 18299999 2449
nn4 18300000 18399999 3133
nn4 18400000 18499999 3115
nn4 18500000 18599999 3120
nn4 18600000 18699999 3557
nn4 18700000 18799999 2870
nn4 18800000 18899999 3716
nn4 18900000 18999999 3507
nn4 19000000 19099999 3936
nn4 19100000 19199999 3056
nn4 19200000 19299999 3632
nn4 19300000 19399999 3904
nn4 19400000 19499999 3711
nn4 19500000 19599999 3832
nn4 19600000 19699999 3098
nn4 19700000 19799999 3260
nn4 19800000 19899999 3235
nn4 19900000 19999999 3237
nn4 20000000 20099999 3365
nn4 20100000 20199999 3544
nn4 20200000 20299999 3625
nn4 20300000 20399999 3307
nn4 20400000 20499999 3806
nn4 20500000 20599999 3232
nn4 20600000 20699999 3041
nn4 20700000 20799999 3140
nn4 20800000 20899999 3243
nn4 20900000 20999999 2721
nn4 21000000 21099999 3301
nn4 21100000 21199999 3112
nn4 21200000 21299999 2812
nn4 21300000 21399999 2957
nn4 21400000 21499999 3030
nn4 21500000 21599999 3092
nn4 21600000 21699999 2685
nn4 21700000 21799999 2964
nn4 21800000 21899999 2977
nn4 21900000 21999999 3079
nn4 22000000 22099999 2941
nn4 22100000 22199999 2951
nn4 22200000 22299999 3286
nn4 22300000 22399999 2827
nn4 22400000 22499999 2667
nn4 22500000 22599999 3094
nn4 22600000 22699999 2536
nn4 22700000 22799999 2818
nn4 22800000 22899999 2894
nn4 22900000 22999999 3107
nn4 23000000 23099999 2926
nn4 23100000 23199999 3086
nn4 23200000 23299999 3271
nn4 23300000 23399999 3203
nn4 23400000 23499999 3123
nn4 23500000 23599999 3331
nn4 23600000 23699999 3238
nn4 23700000 23799999 2966
nn4 23800000 23899999 3137
nn4 23900000 23999999 3598
nn4 24000000 24099999 3546
nn4 24100000 24199999 3276
nn4 24200000 24299999 2888
nn4 24300000 24399999 2651
nn4 24400000 24499999 3059
nn4 24500000 24599999 3358
nn4 24600000 24699999 2822
nn4 24700000 24799999 2997
nn4 24800000 24899999 3374
nn4 24900000 24999999 2952
nn4 25000000 25099999 2995
nn4 25100000 25199999 3019
nn4 25200000 25299999 2797
nn4 25300000 25399999 3019
nn4 25400000 25499999 3357
nn4 25500000 25599999 3178
nn4 25600000 25699999 2635
nn4 25700000 25799999 2539
nn4 25800000 25899999 2842
nn4 25900000 25999999 2783
nn4 26000000 26099999 2847
nn4 26100000 26199999 2789
nn4 26200000 26299999 3462
nn4 26300000 26399999 3071
nn4 26400000 26499999 3182
nn4 26500000 26599999 3267
nn4 26600000 26699999 3208
nn4 26700000 26799999 3058
nn4 26800000 26899999 3000
nn4 26900000 26999999 3304
nn4 27000000 27099999 3804
nn4 27100000 27199999 2876
nn4 27200000 27299999 3474
nn4 27300000 27399999 2641
nn4 27400000 27499999 3677
nn4 27500000 27599999 3624
nn4 27600000 27699999 3635
nn4 27700000 27799999 3197
nn4 27800000 27899999 3524
nn4 27900000 27999999 2963
nn4 28000000 28099999 3463
nn4 28100000 28199999 3041
nn4 28200000 28299999 2916
nn4 28300000 28399999 2868
nn4 28400000 28499999 3543
nn4 28500000 28599999 3005
nn4 28600000 28699999 3003
nn4 28700000 28799999 3267
nn4 28800000 28899999 3200
nn4 28900000 28999999 3545
nn4 29000000 29099999 3565
nn4 29100000 29199999 3445
nn4 29200000 29299999 3463
nn4 29300000 29399999 3789
nn4 29400000 29499999 3177
nn4 29500000 29599999 3305
nn4 29600000 29699999 3464
nn4 29700000 29799999 3773
nn4 29800000 29899999 3389
nn4 29900000 29999999 3352
nn4 30000000 30099999 2996
nn4 30100000 30199999 3185
nn4 30200000 30299999 3456
nn4 30300000 30399999 3000
nn4 30400000 30499999 2647
nn4 30500000 30599999 3019
nn4 30600000 30699999 3059
nn4 30700000 30799999 2990
nn4 30800000 30899999 2518
nn4 30900000 30999999 2841
nn4 31000000 31099999 3194
nn4 31100000 31199999 2521
nn4 31200000 31299999 3193
nn4 31300000 31399999 2155
nn4 31400000 31499999 2786
nn4 31500000 31599999 2492
nn4 31600000 31699999 2935
nn4 31700000 31799999 3591
nn4 31800000 31899999 3708
nn4 31900000 31999999 2964
nn4 32000000 32099999 3112
nn4 32100000 32199999 2964
nn4 32200000 32299999 3022
nn4 32300000 32399999 3088
nn4 32400000 32499999 2732
nn4 32500000 32599999 2549
nn4 32600000 32699999 2735
nn4 32700000 32799999 2632
nn4 32800000 32899999 2712
nn4 32900000 32999999 3123
nn4 33000000 33099999 3277
nn4 33100000 33199999 2794
nn4 33200000 33299999 2596
nn4 33300000 33399999 2547
nn4 33400000 33499999 2846
nn4 33500000 33599999 2741
nn4 33600000 33699999 2785
nn4 33700000 33799999 2612
nn4 33800000 33899999 2950
nn4 33900000 33999999 2798
nn4 34000000 34099999 2437
nn4 34100000 34199999 2819
nn4 34200000 34299999 2910
nn4 34300000 34399999 3042
nn4 34400000 34499999 2833
nn4 34500000 34599999 2840
nn4 34600000 34699999 3080
nn4 34700000 34799999 2878
nn4 34800000 34899999 2956
nn4 34900000 34999999 3102
nn4 35000000 35099999 2813
nn4 35100000 35199999 2462
nn4 35200000 35299999 2894
nn4 35300000 35399999 2945
nn4 35400000 35499999 3296
nn4 35500000 35599999 2846
nn4 35600000 35699999 3235
nn4 35700000 35799999 3182
nn4 35800000 35899999 2957
nn4 35900000 35999999 3348
nn4 36000000 36099999 3224
nn4 36100000 36199999 3398
nn4 36200000 36299999 3468
nn4 36300000 36399999 3629
nn4 36400000 36499999 2904
nn4 36500000 36599999 3112
nn4 36600000 36699999 2782
nn4 36700000 36799999 2936
nn4 36800000 36899999 2659
nn4 36900000 36999999 3014
nn4 37000000 37099999 2891
nn4 37100000 37199999 3257
nn4 37200000 37299999 2784
nn4 37300000 37399999 2840
nn4 37400000 37499999 2790
nn4 37500000 37599999 2977
nn4 37600000 37699999 2661
nn4 37700000 37799999 2910
nn4 37800000 37899999 3213
nn4 37900000 37999999 2977
nn4 38000000 38099999 3093
nn4 38100000 38199999 2835
nn4 38200000 38299999 3311
nn4 38300000 38399999 2865
nn4 38400000 38499999 2813
nn4 38500000 38599999 3319
nn4 38600000 38699999 2953
nn4 38700000 38799999 3020
nn4 38800000 38899999 2864
nn4 38900000 38999999 2916
nn4 39000000 39099999 3192
nn4 39100000 39199999 3209
nn4 39200000 39299999 2934
nn4 39300000 39399999 2814
nn4 39400000 39499999 2862
nn4 39500000 39599999 2817
nn4 39600000 39699999 2575
nn4 39700000 39799999 2961
nn4 39800000 39899999 2474
nn4 39900000 39999999 2351
nn4 40000000 40099999 2710
nn4 40100000 40199999 2966
nn4 40200000 40299999 2576
nn4 40300000 40399999 2750
nn4 40400000 40499999 2450
nn4 40500000 40599999 2335
nn4 40600000 40699999 2820
nn4 40700000 40799999 3257
nn4 40800000 40899999 2757
nn4 40900000 40999999 2756
nn4 41000000 41099999 2599
nn4 41100000 41199999 2614
nn4 41200000 41299999 2470
nn4 41300000 41399999 2444
nn4 41400000 41499999 2529
nn4 41500000 41599999 2279
nn4 41600000 41699999 2515
nn4 41700000 41799999 2487
nn4 41800000 41899999 2738
nn4 41900000 41999999 2652
nn4 42000000 42099999 2610
nn4 42100000 42199999 2975
nn4 42200000 42299999 2717
nn4 42300000 42399999 2352
nn4 42400000 42499999 3033
nn4 42500000 42599999 2630
nn4 42600000 42699999 2530
nn4 42700000 42799999 2431
nn4 42800000 42899999 2336
nn4 42900000 42999999 2439
nn4 43000000 43099999 2895
nn4 43100000 43199999 2634
nn4 43200000 43299999 2454
nn4 43300000 43399999 2431
nn4 43400000 43499999 2493
nn4 43500000 43599999 3057
nn4 43600000 43699999 2662
nn4 43700000 43799999 3280
nn4 43800000 43899999 2685
nn4 43900000 43999999 3424
nn4 44000000 44099999 2913
nn4 44100000 44199999 2607
nn4 44200000 44299999 2809
nn4 44300000 44399999 2812
nn4 44400000 44499999 2274
nn4 44500000 44599999 2878
nn4 44600000 44699999 2893
nn4 44700000 44799999 2841
nn4 44800000 44899999 2940
nn4 44900000 44999999 2594
nn4 45000000 45099999 2703
nn4 45100000 45199999 2592
nn4 45200000 45299999 2241
nn4 45300000 45399999 2755
nn4 45400000 45499999 2747
nn4 45500000 45599999 2844
nn4 45600000 45699999 2546
nn4 45700000 45799999 2913
nn4 45800000 45899999 2721
nn4 45900000 45999999 2593
nn4 46000000 46099999 2224
nn4 46100000 46199999 2683
nn4 46200000 46299999 3095
nn4 46300000 46399999 2363
nn4 46400000 46499999 2641
nn4 46500000 46599999 2530
nn4 46600000 46699999 3054
nn4 46700000 46799999 3383
nn4 46800000 46899999 3031
nn4 46900000 46999999 3022
nn4 47000000 47099999 3169
nn4 47100000 47199999 2982
nn4 47200000 47299999 3232
nn4 47300000 47399999 3691
nn4 47400000 47499999 3127
nn4 47500000 47599999 2974
nn4 47600000 47699999 3133
nn4 47700000 47799999 3130
nn4 47800000 47899999 3278
nn4 47900000 47999999 2614
nn4 48000000 48099999 2914
nn4 48100000 48199999 2967
nn4 48200000 48299999 2863
nn4 48300000 48399999 3083
nn4 48400000 48499999 3612
nn4 48500000 48599999 3517
nn4 48600000 48699999 3626
nn4 48700000 48799999 3364
nn4 48800000 48899999 3050
nn4 48900000 48999999 3201
nn4 49000000 49099999 3570
nn4 49100000 49199999 3315
nn4 49200000 49299999 3104
nn4 49300000 49399999 3524
nn4 49400000 49499999 3094
nn4 49500000 49599999 3757
nn4 49600000 49699999 3290
nn4 49700000 49799999 3466
nn4 49800000 49899999 3401
nn4 49900000 49999999 3337
nn4 50000000 50099999 3448
nn4 50100000 50199999 3413
nn4 50200000 50299999 3011
nn4 50300000 50399999 3540
nn4 50400000 50499999 2694
nn4 50500000 50599999 3508
nn4 50600000 50699999 3213
nn4 50700000 50799999 3458
nn4 50800000 50899999 3064
nn4 50900000 50999999 2996
nn4 51000000 51099999 2821
nn4 51100000 51199999 2555
nn4 51200000 51299999 2753
nn4 51300000 51399999 2628
nn4 51400000 51499999 2844
nn4 51500000 51599999 2542
nn4 51600000 51699999 2798
nn4 51700000 51799999 2492
nn4 51800000 51899999 2615
nn4 51900000 51999999 2841
nn4 52000000 52099999 2788
nn4 52100000 52199999 2625
nn4 52200000 52299999 2346
nn4 52300000 52399999 2741
nn4 52400000 52499999 2723
nn4 52500000 52599999 2911
nn4 52600000 52699999 2842
nn4 52700000 52799999 2611
nn4 52800000 52899999 2988
nn4 52900000 52999999 2688
nn4 53000000 53099999 2921
nn4 53100000 53199999 3278
nn4 53200000 53299999 2658
nn4 53300000 53399999 2597
nn4 53400000 53499999 2959
nn4 53500000 53599999 2844
nn4 53600000 53699999 3111
nn4 53700000 53799999 3114
nn4 53800000 53899999 2702
nn4 53900000 53999999 3164
nn4 54000000 54099999 3081
nn4 54100000 54199999 2962
nn4 54200000 54299999 2631
nn4 54300000 54399999 2621
nn4 54400000 54499999 2855
nn4 54500000 54599999 2980
nn4 54600000 54699999 3223
nn4 54700000 54799999 2798
nn4 54800000 54899999 3021
nn4 54900000 54999999 2607
nn4 55000000 55099999 3015
nn4 55100000 55199999 3522
nn4 55200000 55299999 2975
nn4 55300000 55399999 2853
nn4 55400000 55499999 3096
nn4 55500000 55599999 2891
nn4 55600000 55699999 2945
nn4 55700000 55799999 2530
nn4 55800000 55899999 2749
nn4 55900000 55999999 3168
nn4 56000000 56099999 2666
nn4 56100000 56199999 3148
nn4 56200000 56299999 2448
nn4 56300000 56399999 3011
nn4 56400000 56499999 2565
nn4 56500000 56599999 2809
nn4 56600000 56699999 2706
nn4 56700000 56799999 2943
nn4 56800000 56899999 3222
nn4 56900000 56999999 3037
nn4 57000000 57099999 2789
nn4 57100000 57199999 2654
nn4 57200000 57299999 2744
nn4 57300000 57399999 2823
nn4 57400000 57499999 2796
nn4 57500000 57599999 3145
nn4 57600000 57699999 3150
nn4 57700000 57799999 2802
nn4 57800000 57899999 2603
nn4 57900000 57999999 2725
nn4 58000000 58099999 2871
nn4 58100000 58199999 2684
nn4 58200000 58299999 3507
nn4 58300000 58399999 3620
nn4 58400000 58499999 3503
nn4 58500000 58599999 3002
nn4 58600000 58699999 2866
nn4 58700000 58799999 3542
nn4 58800000 58899999 2468
nn4 58900000 58999999 2967
nn4 59000000 59099999 2645
nn4 59100000 59199999 2681
nn4 59200000 59299999 3194
nn4 59300000 59399999 2879
nn4 59400000 59499999 3218
nn4 59500000 59599999 2989
nn4 59600000 59699999 3206
nn4 59700000 59799999 2725
nn4 59800000 59899999 2489
nn4 59900000 59999999 2508
nn4 60000000 60099999 2730
nn4 60100000 60199999 2546
nn4 60200000 60299999 2867
nn4 60300000 60399999 2946
nn4 60400000 60499999 2763
nn4 60500000 60599999 2767
nn4 60600000 60699999 3040
nn4 60700000 60799999 2640
nn4 60800000 60899999 2684
nn4 60900000 60999999 2451
nn4 61000000 61099999 3144
nn4 61100000 61199999 2902
nn4 61200000 61299999 3293
nn4 61300000 61399999 2897
nn4 61400000 61499999 2969
nn4 61500000 61599999 2880
nn4 61600000 61699999 2722
nn4 61700000 61799999 2746
nn4 61800000 61899999 2736
nn4 61900000 61999999 2329
nn4 62000000 62099999 3149
nn4 62100000 62199999 2737
nn4 62200000 62299999 2455
nn4 62300000 62399999 2728
nn4 62400000 62499999 2971
nn4 62500000 62599999 2867
nn4 62600000 62699999 3112
nn4 62700000 62799999 3571
nn4 62800000 62899999 3016
nn4 62900000 62999999 3449
nn4 63000000 63099999 3205
nn4 63100000 63199999 3491
nn4 63200000 63299999 3789
nn4 63300000 63399999 3514
nn4 63400000 63499999 2817
nn4 63500000 63599999 3449
nn4 63600000 63699999 3170
nn4 63700000 63799999 3339
nn4 63800000 63899999 2854
nn4 63900000 63999999 2852
nn4 64000000 64099999 3048
nn4 64100000 64199999 3482
nn4 64200000 64299999 2710
nn4 64300000 64399999 2974
nn4 64400000 64499999 3286
nn4 64500000 64599999 3301
nn4 64600000 64699999 3337
nn4 64700000 64799999 3238
nn4 64800000 64899999 3283
nn4 64900000 64999999 3101
nn4 65000000 65099999 2731
nn4 65100000 65199999 3149
nn4 65200000 65299999 3309
nn4 65300000 65399999 3102
nn4 65400000 65499999 2933
nn4 65500000 65599999 2748
nn4 65600000 65699999 2539
nn4 65700000 65799999 2518
nn4 65800000 65899999 3047
nn4 65900000 65999999 2945
nn4 66000000 66099999 2947
nn4 66100000 66199999 3157
nn4 66200000 66299999 2640
nn4 66300000 66399999 2985
nn4 66400000 66499999 2633
nn4 66500000 66599999 3147
nn4 66600000 66699999 2839
nn4 66700000 66799999 12314
nn4 66800000 66899999 6797
nn4 66900000 66999999 2870
nn4 67000000 67099999 2576
nn4 67100000 67199999 3017
nn4 67200000 67299999 3176
nn4 67300000 67399999 2843
nn4 67400000 67499999 2911
nn4 67500000 67599999 2682
nn4 67600000 67699999 3234
nn4 67700000 67799999 3119
nn4 67800000 67899999 2811
nn4 67900000 67999999 3239
nn4 68000000 68099999 2768
nn4 68100000 68199999 3299
nn4 68200000 68299999 3241
nn4 68300000 68399999 3353
nn4 68400000 68499999 3249
nn4 68500000 68599999 3425
nn4 68600000 68699999 3412
nn4 68700000 68799999 3293
nn4 68800000 68899999 2906
nn4 68900000 68999999 2898
nn4 69000000 69099999 2825
nn4 69100000 69199999 2722
nn4 69200000 69299999 2947
nn4 69300000 69399999 3045
nn4 69400000 69499999 2622
nn4 69500000 69599999 2807
nn4 69600000 69699999 2641
nn4 69700000 69799999 3188
nn4 69800000 69899999 2581
nn4 69900000 69999999 2565
nn4 70000000 70099999 3271
nn4 70100000 70199999 2948
nn4 70200000 70299999 3161
nn4 70300000 70399999 3053
nn4 70400000 70499999 2914
nn4 70500000 70599999 2464
nn4 70600000 70699999 3152
nn4 70700000 70799999 2828
nn4 70800000 70899999 2685
nn4 70900000 70999999 3009
nn4 71000000 71099999 2579
nn4 71100000 71199999 3048
nn4 71200000 71299999 2818
nn4 71300000 71399999 2661
nn4 71400000 71499999 3115
nn4 71500000 71599999 2825
nn4 71600000 71699999 2662
nn4 71700000 71799999 2879
nn4 71800000 71899999 2652
nn4 71900000 71999999 2889
nn4 72000000 72099999 2963
nn4 72100000 72199999 2466
nn4 72200000 72274758 2507
nn4a 0 99999 2536
nn4a 100000 199999 2695
nn4a 200000 299999 2943
nn4a 300000 399999 2505
nn4a 400000 499999 2669
nn4a 500000 599999 2759
nn4a 600000 699999 3065
nn4a 700000 799999 2637
nn4a 800000 899999 2555
nn4a 900000 999999 2661
nn4a 1000000 1099999 2652
nn4a 1100000 1199999 3218
nn4a 1200000 1299999 2683
nn4a 1300000 1399999 2887
nn4a 1400000 1499999 2742
nn4a 1500000 1599999 2259
nn4a 1600000 1699999 2625
nn4a 1700000 1799999 3366
nn4a 1800000 1899999 2346
nn4a 1900000 1999999 2596
nn4a 2000000 2099999 2870
nn4a 2100000 2199999 2574
nn4a 2200000 2299999 2286
nn4a 2300000 2399999 2587
nn4a 2400000 2499999 2462
nn4a 2500000 2599999 2623
nn4a 2600000 2699999 2915
nn4a 2700000 2799999 2649
nn4a 2800000 2899999 2657
nn4a 2900000 2999999 2467
nn4a 3000000 3099999 2455
nn4a 3100000 3199999 2944
nn4a 3200000 3299999 2838
nn4a 3300000 3399999 2499
nn4a 3400000 3499999 2735
nn4a 3500000 3599999 2552
nn4a 3600000 3699999 2407
nn4a 3700000 3799999 2546
nn4a 3800000 3899999 2690
nn4a 3900000 3999999 2504
nn4a 4000000 4099999 2891
nn4a 4100000 4199999 2779
nn4a 4200000 4299999 2731
nn4a 4300000 4399999 2413
nn4a 4400000 4499999 2778
nn4a 4500000 4599999 2535
nn4a 4600000 4699999 2523
nn4a 4700000 4799999 2902
nn4a 4800000 4899999 2498
nn4a 4900000 4999999 2626
nn4a 5000000 5099999 2588
nn4a 5100000 5199999 3118
nn4a 5200000 5299999 2793
nn4a 5300000 5399999 2603
nn4a 5400000 5499999 2650
nn4a 5500000 5599999 2945
nn4a 5600000 5699999 3318
nn4a 5700000 5799999 3641
nn4a 5800000 5899999 3453
nn4a 5900000 5999999 3286
nn4a 6000000 6099999 3105
nn4a 6100000 6199999 3511
nn4a 6200000 6299999 3575
nn4a 6300000 6399999 3119
nn4a 6400000 6499999 3597
nn4a 6500000 6599999 3362
nn4a 6600000 6699999 3776
nn4a 6700000 6799999 3118
nn4a 6800000 6899999 3156
nn4a 6900000 6999999 3359
nn4a 7000000 7099999 3174
nn4a 7100000 7199999 3140
nn4a 7200000 7299999 3594
nn4a 7300000 7399999 2839
nn4a 7400000 7499999 3060
nn4a 7500000 7599999 3136
nn4a 7600000 7699999 3049
nn4a 7700000 7799999 3480
nn4a 7800000 7899999 3388
nn4a 7900000 7999999 3342
nn4a 8000000 8099999 3229
nn4a 8100000 8199999 3062
nn4a 8200000 8299999 3002
nn4a 8300000 8399999 2988
nn4a 8400000 8499999 2908
nn4a 8500000 8599999 2803
nn4a 8600000 8699999 3096
nn4a 8700000 8799999 3465
nn4a 8800000 8899999 3197
nn4a 8900000 8999999 2713
nn4a 9000000 9099999 2742
nn4a 9100000 9199999 3153
nn4a 9200000 9299999 2708
nn4a 9300000 9399999 2816
nn4a 9400000 9499999 2671
nn4a 9500000 9599999 3235
nn4a 9600000 9699999 3083
nn4a 9700000 9799999 3002
nn4a 9800000 9899999 3066
nn4a 9900000 9999999 2511
nn4a 10000000 10099999 3083
nn4a 10100000 10199999 2989
nn4a 10200000 10299999 3143
nn4a 10300000 10399999 3465
nn4a 10400000 10499999 2918
nn4a 10500000 10599999 3092
nn4a 10600000 10699999 2814
nn4a 10700000 10799999 2594
nn4a 10800000 10899999 2400
nn4a 10900000 10999999 2545
nn4a 11000000 11099999 2378
nn4a 11100000 11199999 2443
nn4a 11200000 11299999 2503
nn4a 11300000 11399999 2568
nn4a 11400000 11499999 2702
nn4a 11500000 11599999 2649
nn4a 11600000 11699999 2627
nn4a 11700000 11799999 2592
nn4a 11800000 11899999 2733
nn4a 11900000 11999999 2789
nn4a 12000000 12099999 3179
nn4a 12100000 12199999 2607
nn4a 12200000 12299999 3011
nn4a 12300000 12399999 2669
nn4a 12400000 12499999 2830
nn4a 12500000 12599999 2941
nn4a 12600000 12699999 3209
nn4a 12700000 12799999 2917
nn4a 12800000 12899999 2944
nn4a 12900000 12999999 2880
nn4a 13000000 13099999 2274
nn4a 13100000 13199999 2349
nn4a 13200000 13299999 2534
nn4a 13300000 13399999 2937
nn4a 13400000 13499999 2720
nn4a 13500000 13599999 2927
nn4a 13600000 13699999 2862
nn4a 13700000 13799999 2724
nn4a 13800000 13899999 3160
nn4a 13900000 13999999 3033
nn4a 14000000 14099999 3124
nn4a 14100000 14199999 2618
nn4a 14200000 14299999 2632
nn4a 14300000 14399999 2852
nn4a 14400000 14499999 2814
nn4a 14500000 14599999 2665
nn4a 14600000 14699999 2961
nn4a 14700000 14799999 3093
nn4a 14800000 14899999 3025
nn4a 14900000 14999999 2873
nn4a 15000000 15099999 2906
nn4a 15100000 15199999 3089
nn4a 15200000 15299999 2767
nn4a 15300000 15399999 2708
nn4a 15400000 15499999 2610
nn4a 15500000 15599999 2428
nn4a 15600000 15699999 3084
nn4a 15700000 15799999 2597
nn4a 15800000 15899999 2631
nn4a 15900000 15999999 2559
nn4a 16000000 16099999 2925
nn4a 16100000 16199999 2413
nn4a 16200000 16299999 2583
nn4a 16300000 16399999 2922
nn4a 16400000 16499999 2792
nn4a 16500000 16599999 2827
nn4a 16600000 16699999 2623
nn4a 16700000 16799999 2401
nn4a 16800000 16899999 3185
nn4a 16900000 16999999 2403
nn4a 17000000 17099999 2645
nn4a 17100000 17199999 2758
nn4a 17200000 17299999 3028
nn4a 17300000 17399999 2909
nn4a 17400000 17499999 2562
nn4a 17500000 17599999 2705
nn4a 17600000 17699999 2724
nn4a 17700000 17799999 2488
nn4a 17800000 17899999 2717
nn4a 17900000 17999999 2827
nn4a 18000000 18099999 2608
nn4a 18100000 18199999 3155
nn4a 18200000 18299999 2690
nn4a 18300000 18399999 2673
nn4a 18400000 18499999 2911
nn4a 18500000 18599999 3091
nn4a 18600000 18699999 3429
nn4a 18700000 18799999 3161
nn4a 18800000 18899999 2593
nn4a 18900000 18999999 3006
nn4a 19000000 19099999 3431
nn4a 19100000 19199999 3244
nn4a 19200000 19299999 4123
nn4a 19300000 19399999 6513
nn4a 19400000 19499999 3562
nn4a 19500000 19599999 3078
nn4a 19600000 19699999 2342
nn4a 19700000 19703776 0
nn5 0 99999 1999
nn5 100000 199999 2916
nn5 200000 299999 2754
nn5 300000 399999 2932
nn5 400000 499999 2992
nn5 500000 599999 3024
nn5 600000 699999 2811
nn5 700000 799999 2614
nn5 800000 899999 2697
nn5 900000 999999 2843
nn5 1000000 1099999 3055
nn5 1100000 1199999 2644
nn5 1200000 1299999 2464
nn5 1300000 1399999 2891
nn5 1400000 1499999 3581
nn5 1500000 1599999 2722
nn5 1600000 1699999 3014
nn5 1700000 1799999 2900
nn5 1800000 1899999 2995
nn5 1900000 1999999 2868
nn5 2000000 2099999 3190
nn5 2100000 2199999 3283
nn5 2200000 2299999 3080
nn5 2300000 2399999 3072
nn5 2400000 2499999 3137
nn5 2500000 2599999 3067
nn5 2600000 2699999 2426
nn5 2700000 2799999 2727
nn5 2800000 2899999 2909
nn5 2900000 2999999 2724
nn5 3000000 3099999 2776
nn5 3100000 3199999 3089
nn5 3200000 3299999 2873
nn5 3300000 3399999 3225
nn5 3400000 3499999 3102
nn5 3500000 3599999 3397
nn5 3600000 3699999 3105
nn5 3700000 3799999 2761
nn5 3800000 3899999 2763
nn5 3900000 3999999 2682
nn5 4000000 4099999 2745
nn5 4100000 4199999 3133
nn5 4200000 4299999 3015
nn5 4300000 4399999 3116
nn5 4400000 4499999 2568
nn5 4500000 4599999 2731
nn5 4600000 4699999 3033
nn5 4700000 4799999 2877
nn5 4800000 4899999 3240
nn5 4900000 4999999 3440
nn5 5000000 5099999 3022
nn5 5100000 5199999 3060
nn5 5200000 5299999 2987
nn5 5300000 5399999 2603
nn5 5400000 5499999 2588
nn5 5500000 5599999 2929
nn5 5600000 5699999 3360
nn5 5700000 5799999 2677
nn5 5800000 5899999 2851
nn5 5900000 5999999 2382
nn5 6000000 6099999 2726
nn5 6100000 6199999 2864
nn5 6200000 6299999 2593
nn5 6300000 6399999 2523
nn5 6400000 6499999 3026
nn5 6500000 6599999 2785
nn5 6600000 6699999 2391
nn5 6700000 6799999 2847
nn5 6800000 6899999 2344
nn5 6900000 6999999 2553
nn5 7000000 7099999 2403
nn5 7100000 7199999 2792
nn5 7200000 7299999 2991
nn5 7300000 7399999 3459
nn5 7400000 7499999 2869
nn5 7500000 7599999 3203
nn5 7600000 7699999 3080
nn5 7700000 7799999 3015
nn5 7800000 7899999 2741
nn5 7900000 7999999 3177
nn5 8000000 8099999 2843
nn5 8100000 8199999 3030
nn5 8200000 8299999 3088
nn5 8300000 8399999 2794
nn5 8400000 8499999 2841
nn5 8500000 8599999 2916
nn5 8600000 8699999 2892
nn5 8700000 8799999 3308
nn5 8800000 8899999 2693
nn5 8900000 8999999 2677
nn5 9000000 9099999 2644
nn5 9100000 9199999 2897
nn5 9200000 9299999 3226
nn5 9300000 9399999 2883
nn5 9400000 9499999 2799
nn5 9500000 9599999 3006
nn5 9600000 9699999 2454
nn5 9700000 9799999 2669
nn5 9800000 9899999 2892
nn5 9900000 9999999 2980
nn5 10000000 10099999 2658
nn5 10100000 10199999 3102
nn5 10200000 10299999 2775
nn5 10300000 10399999 2525
nn5 10400000 10499999 2565
nn5 10500000 10599999 2792
nn5 10600000 10699999 3145
nn5 10700000 10799999 2703
nn5 10800000 10899999 3105
nn5 10900000 10999999 2942
nn5 11000000 11099999 3344
nn5 11100000 11199999 3155
nn5 11200000 11299999 3022
nn5 11300000 11399999 3072
nn5 11400000 11499999 3052
nn5 11500000 11599999 3028
nn5 11600000 11699999 3041
nn5 11700000 11799999 2678
nn5 11800000 11899999 2301
nn5 11900000 11999999 2746
nn5 12000000 12099999 3231
nn5 12100000 12199999 2863
nn5 12200000 12299999 2822
nn5 12300000 12399999 2769
nn5 12400000 12499999 3167
nn5 12500000 12599999 2579
nn5 12600000 12699999 2763
nn5 12700000 12799999 3027
nn5 12800000 12899999 2723
nn5 12900000 12999999 2243
nn5 13000000 13099999 2485
nn5 13100000 13199999 2850
nn5 13200000 13299999 2665
nn5 13300000 13399999 2593
nn5 13400000 13499999 2783
nn5 13500000 13599999 2745
nn5 13600000 13699999 2680
nn5 13700000 13799999 2730
nn5 13800000 13899999 2326
nn5 13900000 13999999 3093
nn5 14000000 14099999 2482
nn5 14100000 14199999 2200
nn5 14200000 14299999 2764
nn5 14300000 14399999 2622
nn5 14400000 14499999 2872
nn5 14500000 14599999 2415
nn5 14600000 14699999 2740
nn5 14700000 14799999 2724
nn5 14800000 14899999 2583
nn5 14900000 14999999 2650
nn5 15000000 15099999 1959
nn5 15100000 15199999 2764
nn5 15200000 15299999 2748
nn5 15300000 15399999 3042
nn5 15400000 15499999 2449
nn5 15500000 15599999 2346
nn5 15600000 15699999 2770
nn5 15700000 15799999 2614
nn5 15800000 15899999 2724
nn5 15900000 15999999 2700
nn5 16000000 16099999 2630
nn5 16100000 16199999 2785
nn5 16200000 16299999 2344
nn5 16300000 16399999 2638
nn5 16400000 16499999 2321
nn5 16500000 16599999 2509
nn5 16600000 16699999 2718
nn5 16700000 16799999 2780
nn5 16800000 16899999 2555
nn5 16900000 16999999 2833
nn5 17000000 17099999 2729
nn5 17100000 17199999 2400
nn5 17200000 17299999 2662
nn5 17300000 17399999 2614
nn5 17400000 17499999 2606
nn5 17500000 17599999 3060
nn5 17600000 17699999 2796
nn5 17700000 17799999 2906
nn5 17800000 17899999 2859
nn5 17900000 17999999 2852
nn5 18000000 18099999 3283
nn5 18100000 18199999 2989
nn5 18200000 18299999 3077
nn5 18300000 18399999 2875
nn5 18400000 18499999 2750
nn5 18500000 18599999 2858
nn5 18600000 18699999 2778
nn5 18700000 18799999 2813
nn5 18800000 18899999 2965
nn5 18900000 18999999 2939
nn5 19000000 19099999 2664
nn5 19100000 19199999 2997
nn5 19200000 19299999 2830
nn5 19300000 19399999 2476
nn5 19400000 19499999 2929
nn5 19500000 19599999 2910
nn5 19600000 19699999 3079
nn5 19700000 19799999 2896
nn5 19800000 19899999 2907
nn5 19900000 19999999 3265
nn5 20000000 20099999 3656
nn5 20100000 20199999 3252
nn5 20200000 20299999 3731
nn5 20300000 20399999 3131
nn5 20400000 20499999 3531
nn5 20500000 20599999 3650
nn5 20600000 20699999 3117
nn5 20700000 20799999 3309
nn5 20800000 20899999 3458
nn5 20900000 20999999 3189
nn5 21000000 21099999 2731
nn5 21100000 21199999 3165
nn5 21200000 21299999 2788
nn5 21300000 21399999 2480
nn5 21400000 21499999 2981
nn5 21500000 21599999 2890
nn5 21600000 21699999 2978
nn5 21700000 21799999 2489
nn5 21800000 21899999 2348
nn5 21900000 21999999 3002
nn5 22000000 22099999 2844
nn5 22100000 22199999 2373
nn5 22200000 22299999 2375
nn5 22300000 22399999 2581
nn5 22400000 22499999 2716
nn5 22500000 22599999 3041
nn5 22600000 22699999 2881
nn5 22700000 22799999 3132
nn5 22800000 22899999 2961
nn5 22900000 22999999 2632
nn5 23000000 23099999 2622
nn5 23100000 23199999 2985
nn5 23200000 23299999 2803
nn5 23300000 23399999 2493
nn5 23400000 23499999 2605
nn5 23500000 23599999 2466
nn5 23600000 23699999 3005
nn5 23700000 23799999 2619
nn5 23800000 23899999 2638
nn5 23900000 23999999 2819
nn5 24000000 24099999 2716
nn5 24100000 24199999 2521
nn5 24200000 24299999 2416
nn5 24300000 24399999 2819
nn5 24400000 24499999 2374
nn5 24500000 24599999 2795
nn5 24600000 24699999 2584
nn5 24700000 24799999 3324
nn5 24800000 24899999 2234
nn5 24900000 24999999 2845
nn5 25000000 25099999 2655
nn5 25100000 25199999 2530
nn5 25200000 25299999 2359
nn5 25300000 25399999 2813
nn5 25400000 25499999 3086
nn5 25500000 25599999 2956
nn5 25600000 25699999 2545
nn5 25700000 25799999 2809
nn5 25800000 25899999 2754
nn5 25900000 25999999 2885
nn5 26000000 26099999 3063
nn5 26100000 26199999 3112
nn5 26200000 26299999 2897
nn5 26300000 26399999 2848
nn5 26400000 26499999 2401
nn5 26500000 26599999 3322
nn5 26600000 26699999 2827
nn5 26700000 26799999 2429
nn5 26800000 26899999 2268
nn5 26900000 26999999 2662
nn5 27000000 27099999 2993
nn5 27100000 27199999 2962
nn5 27200000 27299999 3014
nn5 27300000 27399999 2670
nn5 27400000 27499999 2553
nn5 27500000 27599999 2776
nn5 27600000 27699999 2050
nn5 27700000 27799999 2808
nn5 27800000 27899999 2868
nn5 27900000 27999999 2309
nn5 28000000 28099999 2501
nn5 28100000 28199999 2873
nn5 28200000 28299999 2340
nn5 28300000 28399999 2588
nn5 28400000 28499999 2824
nn5 28500000 28599999 2714
nn5 28600000 28699999 2526
nn5 28700000 28799999 2316
nn5 28800000 28899999 2734
nn5 28900000 28999999 2648
nn5 29000000 29099999 2788
nn5 29100000 29199999 3026
nn5 29200000 29299999 2779
nn5 29300000 29399999 3168
nn5 29400000 29499999 3199
nn5 29500000 29599999 2747
nn5 29600000 29699999 3469
nn5 29700000 29799999 3453
nn5 29800000 29899999 3183
nn5 29900000 29999999 3218
nn5 30000000 30099999 3192
nn5 30100000 30199999 2885
nn5 30200000 30299999 3049
nn5 30300000 30399999 3523
nn5 30400000 30499999 3504
nn5 30500000 30599999 3531
nn5 30600000 30699999 3158
nn5 30700000 30799999 3052
nn5 30800000 30899999 3304
nn5 30900000 30999999 3131
nn5 31000000 31099999 3175
nn5 31100000 31199999 3056
nn5 31200000 31299999 3383
nn5 31300000 31399999 3573
nn5 31400000 31499999 2590
nn5 31500000 31599999 2787
nn5 31600000 31699999 2703
nn5 31700000 31799999 3076
nn5 31800000 31899999 3448
nn5 31900000 31999999 3260
nn5 32000000 32099999 3381
nn5 32100000 32199999 3351
nn5 32200000 32299999 3558
nn5 32300000 32399999 3000
nn5 32400000 32499999 3143
nn5 32500000 32599999 3720
nn5 32600000 32699999 3428
nn5 32700000 32799999 3503
nn5 32800000 32899999 3958
nn5 32900000 32999999 3263
nn5 33000000 33099999 3385
nn5 33100000 33199999 3507
nn5 33200000 33299999 3509
nn5 33300000 33399999 3636
nn5 33400000 33499999 3842
nn5 33500000 33599999 3591
nn5 33600000 33699999 3055
nn5 33700000 33799999 3064
nn5 33800000 33899999 3572
nn5 33900000 33999999 3229
nn5 34000000 34099999 3323
nn5 34100000 34199999 3730
nn5 34200000 34299999 3482
nn5 34300000 34399999 2972
nn5 34400000 34499999 2690
nn5 34500000 34599999 3129
nn5 34600000 34699999 3149
nn5 34700000 34799999 3252
nn5 34800000 34899999 2931
nn5 34900000 34999999 3402
nn5 35000000 35099999 2965
nn5 35100000 35199999 3239
nn5 35200000 35299999 2796
nn5 35300000 35399999 3199
nn5 35400000 35499999 2934
nn5 35500000 35599999 2945
nn5 35600000 35699999 3196
nn5 35700000 35799999 3037
nn5 35800000 35899999 3062
nn5 35900000 35999999 2754
nn5 36000000 36099999 3215
nn5 36100000 36199999 2900
nn5 36200000 36299999 2988
nn5 36300000 36399999 3007
nn5 36400000 36499999 3210
nn5 36500000 36599999 3663
nn5 36600000 36699999 3134
nn5 36700000 36799999 2562
nn5 36800000 36899999 2920
nn5 36900000 36999999 2904
nn5 37000000 37099999 3013
nn5 37100000 37199999 3848
nn5 37200000 37299999 2980
nn5 37300000 37399999 3148
nn5 37400000 37499999 3138
nn5 37500000 37599999 3425
nn5 37600000 37699999 3171
nn5 37700000 37799999 3418
nn5 37800000 37899999 2956
nn5 37900000 37999999 2834
nn5 38000000 38099999 2956
nn5 38100000 38199999 2778
nn5 38200000 38299999 2770
nn5 38300000 38399999 2875
nn5 38400000 38499999 2944
nn5 38500000 38599999 2386
nn5 38600000 38699999 2699
nn5 38700000 38799999 2385
nn5 38800000 38899999 2556
nn5 38900000 38999999 2442
nn5 39000000 39099999 2411
nn5 39100000 39199999 2994
nn5 39200000 39299999 2406
nn5 39300000 39399999 2370
nn5 39400000 39499999 3045
nn5 39500000 39599999 2916
nn5 39600000 39699999 2853
nn5 39700000 39799999 2384
nn5 39800000 39899999 2410
nn5 39900000 39999999 2547
nn5 40000000 40099999 2739
nn5 40100000 40199999 2862
nn5 40200000 40299999 2659
nn5 40300000 40399999 2620
nn5 40400000 40499999 3121
nn5 40500000 40599999 2901
nn5 40600000 40699999 2885
nn5 40700000 40799999 2951
nn5 40800000 40899999 2813
nn5 40900000 40999999 3397
nn5 41000000 41099999 3488
nn5 41100000 41199999 3168
nn5 41200000 41299999 2783
nn5 41300000 41399999 2681
nn5 41400000 41499999 3291
nn5 41500000 41599999 3308
nn5 41600000 41699999 3614
nn5 41700000 41799999 3362
nn5 41800000 41899999 3685
nn5 41900000 41999999 3268
nn5 42000000 42099999 3074
nn5 42100000 42199999 3670
nn5 42200000 42299999 3884
nn5 42300000 42399999 3609
nn5 42400000 42499999 3282
nn5 42500000 42599999 3566
nn5 42600000 42699999 3525
nn5 42700000 42799999 3394
nn5 42800000 42899999 3087
nn5 42900000 42999999 3370
nn5 43000000 43099999 3023
nn5 43100000 43199999 2761
nn5 43200000 43299999 2678
nn5 43300000 43399999 3004
nn5 43400000 43499999 2739
nn5 43500000 43599999 3364
nn5 43600000 43699999 3134
nn5 43700000 43799999 3014
nn5 43800000 43899999 2622
nn5 43900000 43999999 3061
nn5 44000000 44099999 3137
nn5 44100000 44199999 3116
nn5 44200000 44299999 3093
nn5 44300000 44399999 3044
nn5 44400000 44499999 2667
nn5 44500000 44599999 3320
nn5 44600000 44699999 2851
nn5 44700000 44799999 3267
nn5 44800000 44899999 2908
nn5 44900000 44999999 2945
nn5 45000000 45099999 3015
nn5 45100000 45199999 2777
nn5 45200000 45299999 2469
nn5 45300000 45399999 2716
nn5 45400000 45499999 2847
nn5 45500000 45599999 2886
nn5 45600000 45699999 2885
nn5 45700000 45799999 2685
nn5 45800000 45899999 3044
nn5 45900000 45999999 2696
nn5 46000000 46099999 3187
nn5 46100000 46199999 2926
nn5 46200000 46299999 3193
nn5 46300000 46399999 2738
nn5 46400000 46499999 2886
nn5 46500000 46599999 2780
nn5 46600000 46699999 2896
nn5 46700000 46799999 2877
nn5 46800000 46899999 3663
nn5 46900000 46999999 2962
nn5 47000000 47099999 2945
nn5 47100000 47199999 2986
nn5 47200000 47299999 3060
nn5 47300000 47399999 3226
nn5 47400000 47499999 3054
nn5 47500000 47599999 2634
nn5 47600000 47699999 2793
nn5 47700000 47799999 2854
nn5 47800000 47899999 2918
nn5 47900000 47999999 2986
nn5 48000000 48099999 3200
nn5 48100000 48199999 2718
nn5 48200000 48299999 2637
nn5 48300000 48399999 2436
nn5 48400000 48499999 2459
nn5 48500000 48599999 2574
nn5 48600000 48699999 3033
nn5 48700000 48799999 2979
nn5 48800000 48899999 2902
nn5 48900000 48999999 3143
nn5 49000000 49099999 3155
nn5 49100000 49199999 2623
nn5 49200000 49299999 3113
nn5 49300000 49399999 3267
nn5 49400000 49499999 3101
nn5 49500000 49599999 2854
nn5 49600000 49699999 3040
nn5 49700000 49799999 2677
nn5 49800000 49899999 2459
nn5 49900000 49999999 2847
nn5 50000000 50099999 2558
nn5 50100000 50199999 2663
nn5 50200000 50299999 3421
nn5 50300000 50399999 2431
nn5 50400000 50499999 2118
nn5 50500000 50599999 2904
nn5 50600000 50699999 2721
nn5 50700000 50799999 2748
nn5 50800000 50899999 2820
nn5 50900000 50999999 2668
nn5 51000000 51099999 2495
nn5 51100000 51199999 2952
nn5 51200000 51299999 2636
nn5 51300000 51399999 3010
nn5 51400000 51499999 2764
nn5 51500000 51599999 2528
nn5 51600000 51699999 2502
nn5 51700000 51799999 2473
nn5 51800000 51899999 2574
nn5 51900000 51999999 2522
nn5 52000000 52099999 2913
nn5 52100000 52199999 2307
nn5 52200000 52299999 2492
nn5 52300000 52399999 2445
nn5 52400000 52499999 2770
nn5 52500000 52599999 2560
nn5 52600000 52699999 3036
nn5 52700000 52799999 2587
nn5 52800000 52899999 2816
nn5 52900000 52999999 2334
nn5 53000000 53099999 2461
nn5 53100000 53199999 2751
nn5 53200000 53299999 2465
nn5 53300000 53399999 2757
nn5 53400000 53499999 2676
nn5 53500000 53599999 2753
nn5 53600000 53699999 2670
nn5 53700000 53799999 2749
nn5 53800000 53899999 3010
nn5 53900000 53999999 2219
nn5 54000000 54099999 2764
nn5 54100000 54199999 2622
nn5 54200000 54299999 2683
nn5 54300000 54399999 2779
nn5 54400000 54499999 2506
nn5 54500000 54599999 2374
nn5 54600000 54699999 2364
nn5 54700000 54799999 2521
nn5 54800000 54899999 2957
nn5 54900000 54999999 2774
nn5 55000000 55099999 2704
nn5 55100000 55199999 2383
nn5 55200000 55299999 2547
nn5 55300000 55399999 2435
nn5 55400000 55499999 2265
nn5 55500000 55599999 2948
nn5 55600000 55699999 2592
nn5 55700000 55799999 2684
nn5 55800000 55899999 2645
nn5 55900000 55999999 2455
nn5 56000000 56099999 2707
nn5 56100000 56199999 2417
nn5 56200000 56299999 2751
nn5 56300000 56399999 2317
nn5 56400000 56499999 2874
nn5 56500000 56599999 2428
nn5 56600000 56699999 2718
nn5 56700000 56799999 2354
nn5 56800000 56899999 2341
nn5 56900000 56999999 2523
nn5 57000000 57099999 2777
nn5 57100000 57199999 2493
nn5 57200000 57299999 2994
nn5 57300000 57399999 2859
nn5 57400000 57499999 3239
nn5 57500000 57599999 2549
nn5 57600000 57699999 2515
nn5 57700000 57799999 2635
nn5 57800000 57899999 2707
nn5 57900000 57999999 2829
nn5 58000000 58099999 2924
nn5 58100000 58199999 2738
nn5 58200000 58299999 2553
nn5 58300000 58399999 2869
nn5 58400000 58499999 2689
nn5 58500000 58599999 2689
nn5 58600000 58699999 2910
nn5 58700000 58799999 2535
nn5 58800000 58899999 2509
nn5 58900000 58999999 2529
nn5 59000000 59099999 2704
nn5 59100000 59199999 2787
nn5 59200000 59299999 2783
nn5 59300000 59399999 3149
nn5 59400000 59499999 2922
nn5 59500000 59599999 2702
nn5 59600000 59699999 2885
nn5 59700000 59799999 2722
nn5 59800000 59899999 3152
nn5 59900000 59999999 2765
nn5 60000000 60045830 948
nn6 0 99999 1653
nn6 100000 199999 2659
nn6 200000 299999 2395
nn6 300000 399999 3009
nn6 400000 499999 3006
nn6 500000 599999 3264
nn6 600000 699999 3167
nn6 700000 799999 2490
nn6 800000 899999 3053
nn6 900000 999999 2889
nn6 1000000 1099999 2892
nn6 1100000 1199999 2612
nn6 1200000 1299999 2873
nn6 1300000 1399999 2597
nn6 1400000 1499999 2288
nn6 1500000 1599999 2916
nn6 1600000 1699999 2959
nn6 1700000 1799999 2802
nn6 1800000 1899999 2744
nn6 1900000 1999999 2543
nn6 2000000 2099999 2599
nn6 2100000 2199999 2527
nn6 2200000 2299999 2410
nn6 2300000 2399999 2585
nn6 2400000 2499999 2642
nn6 2500000 2599999 2695
nn6 2600000 2699999 2880
nn6 2700000 2799999 2545
nn6 2800000 2899999 2370
nn6 2900000 2999999 2701
nn6 3000000 3099999 2890
nn6 3100000 3199999 2321
nn6 3200000 3299999 2700
nn6 3300000 3399999 2675
nn6 3400000 3499999 2577
nn6 3500000 3599999 2275
nn6 3600000 3699999 2465
nn6 3700000 3799999 2805
nn6 3800000 3899999 2215
nn6 3900000 3999999 2290
nn6 4000000 4099999 3073
nn6 4100000 4199999 2869
nn6 4200000 4299999 2681
nn6 4300000 4399999 2712
nn6 4400000 4499999 2769
nn6 4500000 4599999 2914
nn6 4600000 4699999 2662
nn6 4700000 4799999 2569
nn6 4800000 4899999 2986
nn6 4900000 4999999 2838
nn6 5000000 5099999 2854
nn6 5100000 5199999 2865
nn6 5200000 5299999 3011
nn6 5300000 5399999 3289
nn6 5400000 5499999 2991
nn6 5500000 5599999 3131
nn6 5600000 5699999 2590
nn6 5700000 5799999 3189
nn6 5800000 5899999 2783
nn6 5900000 5999999 2944
nn6 6000000 6099999 3273
nn6 6100000 6199999 2840
nn6 6200000 6299999 2651
nn6 6300000 6399999 2671
nn6 6400000 6499999 2357
nn6 6500000 6599999 2697
nn6 6600000 6699999 2820
nn6 6700000 6799999 2995
nn6 6800000 6899999 2773
nn6 6900000 6999999 2363
nn6 7000000 7099999 3221
nn6 7100000 7199999 3098
nn6 7200000 7299999 3487
nn6 7300000 7399999 3091
nn6 7400000 7499999 2902
nn6 7500000 7599999 2984
nn6 7600000 7699999 3034
nn6 7700000 7799999 2986
nn6 7800000 7899999 2603
nn6 7900000 7999999 2624
nn6 8000000 8099999 2822
nn6 8100000 8199999 2530
nn6 8200000 8299999 2925
nn6 8300000 8399999 2787
nn6 8400000 8499999 2595
nn6 8500000 8599999 2987
nn6 8600000 8699999 2762
nn6 8700000 8799999 2676
nn6 8800000 8899999 2700
nn6 8900000 8999999 2767
nn6 9000000 9099999 3194
nn6 9100000 9199999 2631
nn6 9200000 9299999 2647
nn6 9300000 9399999 3035
nn6 9400000 9499999 3576
nn6 9500000 9599999 2878
nn6 9600000 9699999 2694
nn6 9700000 9799999 2477
nn6 9800000 9899999 2484
nn6 9900000 9999999 2943
nn6 10000000 10099999 2719
nn6 10100000 10199999 2808
nn6 10200000 10299999 2781
nn6 10300000 10399999 3102
nn6 10400000 10499999 2652
nn6 10500000 10599999 2861
nn6 10600000 10699999 2872
nn6 10700000 10799999 3170
nn6 10800000 10899999 3171
nn6 10900000 10999999 2495
nn6 11000000 11099999 2307
nn6 11100000 11199999 2625
nn6 11200000 11299999 2320
nn6 11300000 11399999 3102
nn6 11400000 11499999 2947
nn6 11500000 11599999 2358
nn6 11600000 11699999 2404
nn6 11700000 11799999 2190
nn6 11800000 11899999 2486
nn6 11900000 11999999 2736
nn6 12000000 12099999 3086
nn6 12100000 12199999 2226
nn6 12200000 12299999 2384
nn6 12300000 12399999 2461
nn6 12400000 12499999 2425
nn6 12500000 12599999 2650
nn6 12600000 12699999 2305
nn6 12700000 12799999 2480
nn6 12800000 12899999 2163
nn6 12900000 12999999 2611
nn6 13000000 13099999 2841
nn6 13100000 13199999 2738
nn6 13200000 13299999 2654
nn6 13300000 13399999 2437
nn6 13400000 13499999 2779
nn6 13500000 13599999 2987
nn6 13600000 13699999 2953
nn6 13700000 13799999 2510
nn6 13800000 13899999 3446
nn6 13900000 13999999 2930
nn6 14000000 14099999 3063
nn6 14100000 14199999 3087
nn6 14200000 14299999 3462
nn6 14300000 14399999 3738
nn6 14400000 14499999 2770
nn6 14500000 14599999 3066
nn6 14600000 14699999 3019
nn6 14700000 14799999 2952
nn6 14800000 14899999 2771
nn6 14900000 14999999 3041
nn6 15000000 15099999 2996
nn6 15100000 15199999 3120
nn6 15200000 15299999 3163
nn6 15300000 15399999 3171
nn6 15400000 15499999 3006
nn6 15500000 15599999 3221
nn6 15600000 15699999 2897
nn6 15700000 15799999 2938
nn6 15800000 15899999 2644
nn6 15900000 15999999 3168
nn6 16000000 16099999 2673
nn6 16100000 16199999 2726
nn6 16200000 16299999 3133
nn6 16300000 16399999 2698
nn6 16400000 16499999 2630
nn6 16500000 16599999 2469
nn6 16600000 16699999 3028
nn6 16700000 16799999 2711
nn6 16800000 16899999 2869
nn6 16900000 16999999 2329
nn6 17000000 17099999 3051
nn6 17100000 17199999 2801
nn6 17200000 17299999 2886
nn6 17300000 17399999 2673
nn6 17400000 17499999 3111
nn6 17500000 17599999 2635
nn6 17600000 17699999 3230
nn6 17700000 17799999 2824
nn6 17800000 17899999 2750
nn6 17900000 17999999 2445
nn6 18000000 18099999 2307
nn6 18100000 18199999 2629
nn6 18200000 18299999 2653
nn6 18300000 18399999 2407
nn6 18400000 18499999 2797
nn6 18500000 18599999 2867
nn6 18600000 18699999 3011
nn6 18700000 18799999 2631
nn6 18800000 18899999 2793
nn6 18900000 18999999 2341
nn6 19000000 19099999 2538
nn6 19100000 19199999 2767
nn6 19200000 19299999 2504
nn6 19300000 19399999 2930
nn6 19400000 19499999 2700
nn6 19500000 19599999 2728
nn6 19600000 19699999 2922
nn6 19700000 19799999 2759
nn6 19800000 19899999 2575
nn6 19900000 19999999 2735
nn6 20000000 20099999 3058
nn6 20100000 20199999 2777
nn6 20200000 20299999 2884
nn6 20300000 20399999 3527
nn6 20400000 20499999 2973
nn6 20500000 20599999 2730
nn6 20600000 20699999 2832
nn6 20700000 20799999 2812
nn6 20800000 20899999 2747
nn6 20900000 20999999 2815
nn6 21000000 21099999 2840
nn6 21100000 21199999 3047
nn6 21200000 21299999 2826
nn6 21300000 21399999 3294
nn6 21400000 21499999 3469
nn6 21500000 21599999 3422
nn6 21600000 21699999 2945
nn6 21700000 21799999 2935
nn6 21800000 21899999 3449
nn6 21900000 21999999 3788
nn6 22000000 22099999 3297
nn6 22100000 22199999 3116
nn6 22200000 22299999 3001
nn6 22300000 22399999 3123
nn6 22400000 22499999 2886
nn6 22500000 22599999 2951
nn6 22600000 22699999 3410
nn6 22700000 22799999 2967
nn6 22800000 22899999 3152
nn6 22900000 22999999 2902
nn6 23000000 23099999 2300
nn6 23100000 23199999 2885
nn6 23200000 23299999 2573
nn6 23300000 23399999 3075
nn6 23400000 23499999 2608
nn6 23500000 23599999 2781
nn6 23600000 23699999 2931
nn6 23700000 23799999 2384
nn6 23800000 23899999 2481
nn6 23900000 23999999 2531
nn6 24000000 24099999 2216
nn6 24100000 24199999 2399
nn6 24200000 24299999 2357
nn6 24300000 24399999 2790
nn6 24400000 24499999 2599
nn6 24500000 24599999 2705
nn6 24600000 24699999 2643
nn6 24700000 24799999 2668
nn6 24800000 24899999 2970
nn6 24900000 24999999 3065
nn6 25000000 25099999 3344
nn6 25100000 25199999 2985
nn6 25200000 25299999 3139
nn6 25300000 25399999 2902
nn6 25400000 25499999 2766
nn6 25500000 25599999 3036
nn6 25600000 25699999 2934
nn6 25700000 25799999 3327
nn6 25800000 25899999 2883
nn6 25900000 25999999 2914
nn6 26000000 26099999 2893
nn6 26100000 26199999 2837
nn6 26200000 26299999 2452
nn6 26300000 26399999 3045
nn6 26400000 26499999 2897
nn6 26500000 26599999 3282
nn6 26600000 26699999 2780
nn6 26700000 26799999 2719
nn6 26800000 26899999 2927
nn6 26900000 26999999 2687
nn6 27000000 27099999 3010
nn6 27100000 27199999 2517
nn6 27200000 27299999 3051
nn6 27300000 27399999 2459
nn6 27400000 27499999 2762
nn6 27500000 27599999 2647
nn6 27600000 27699999 15656
nn6 27700000 27799999 4111
nn6 27800000 27899999 2664
nn6 27900000 27999999 2792
nn6 28000000 28099999 3012
nn6 28100000 28199999 2812
nn6 28200000 28299999 2955
nn6 28300000 28399999 2514
nn6 28400000 28499999 2725
nn6 28500000 28599999 2929
nn6 28600000 28699999 2798
nn6 28700000 28799999 2790
nn6 28800000 28899999 2629
nn6 28900000 28999999 3232
nn6 29000000 29099999 2690
nn6 29100000 29199999 2459
nn6 29200000 29299999 2685
nn6 29300000 29399999 2745
nn6 29400000 29499999 2560
nn6 29500000 29599999 3281
nn6 29600000 29699999 2832
nn6 29700000 29799999 3109
nn6 29800000 29899999 2909
nn6 29900000 29999999 2464
nn6 30000000 30099999 2897
nn6 30100000 30199999 2816
nn6 30200000 30299999 2714
nn6 30300000 30399999 8291
nn6 30400000 30499999 9544
nn6 30500000 30599999 13827
nn6 30600000 30699999 15353
nn6 30700000 30799999 16463
nn6 30800000 30899999 2273
nn6 30900000 30999999 2487
nn6 31000000 31099999 2551
nn6 31100000 31199999 2812
nn6 31200000 31299999 2732
nn6 31300000 31399999 2837
nn6 31400000 31499999 2506
nn6 31500000 31599999 3180
nn6 31600000 31699999 2686
nn6 31700000 31799999 3068
nn6 31800000 31899999 3090
nn6 31900000 31999999 2600
nn6 32000000 32099999 2164
nn6 32100000 32199999 2708
nn6 32200000 32299999 2507
nn6 32300000 32399999 2485
nn6 32400000 32499999 2709
nn6 32500000 32599999 2986
nn6 32600000 32699999 2853
nn6 32700000 32799999 2732
nn6 32800000 32899999 2477
nn6 32900000 32999999 2939
nn6 33000000 33099999 2378
nn6 33100000 33199999 2565
nn6 33200000 33299999 2548
nn6 33300000 33399999 2212
nn6 33400000 33499999 2266
nn6 33500000 33599999 2476
nn6 33600000 33699999 2579
nn6 33700000 33799999 2708
nn6 33800000 33899999 2421
nn6 33900000 33999999 2374
nn6 34000000 34099999 2694
nn6 34100000 34199999 2945
nn6 34200000 34299999 2477
nn6 34300000 34399999 2522
nn6 34400000 34499999 2696
nn6 34500000 34599999 2597
nn6 34600000 34699999 2652
nn6 34700000 34799999 2264
nn6 34800000 34899999 2904
nn6 34900000 34999999 2863
nn6 35000000 35099999 2852
nn6 35100000 35199999 3015
nn6 35200000 35299999 3217
nn6 35300000 35399999 2707
nn6 35400000 35499999 2317
nn6 35500000 35599999 1722
nn6 35600000 35699999 2279
nn6 35700000 35799999 2679
nn6 35800000 35899999 3176
nn6 35900000 35999999 2339
nn6 36000000 36099999 2425
nn6 36100000 36199999 2297
nn6 36200000 36299999 2511
nn6 36300000 36399999 2497
nn6 36400000 36499999 2613
nn6 36500000 36599999 2884
nn6 36600000 36699999 2650
nn6 36700000 36750195 1576
nn7 0 99999 2865
nn7 100000 199999 2897
nn7 200000 299999 3150
nn7 300000 399999 2472
nn7 400000 499999 2259
nn7 500000 599999 2623
nn7 600000 699999 3063
nn7 700000 799999 2765
nn7 800000 899999 3201
nn7 900000 999999 2907
nn7 1000000 1099999 2831
nn7 1100000 1199999 2760
nn7 1200000 1299999 2857
nn7 1300000 1399999 2442
nn7 1400000 1499999 2684
nn7 1500000 1599999 3074
nn7 1600000 1699999 2890
nn7 1700000 1799999 2582
nn7 1800000 1899999 2965
nn7 1900000 1999999 2820
nn7 2000000 2099999 2387
nn7 2100000 2199999 2660
nn7 2200000 2299999 2640
nn7 2300000 2399999 2621
nn7 2400000 2499999 2737
nn7 2500000 2599999 2783
nn7 2600000 2699999 3098
nn7 2700000 2799999 2577
nn7 2800000 2899999 2575
nn7 2900000 2999999 2918
nn7 3000000 3099999 2793
nn7 3100000 3199999 3182
nn7 3200000 3299999 3073
nn7 3300000 3399999 2420
nn7 3400000 3499999 2778
nn7 3500000 3599999 2701
nn7 3600000 3699999 3007
nn7 3700000 3799999 2937
nn7 3800000 3899999 2557
nn7 3900000 3999999 2463
nn7 4000000 4099999 2856
nn7 4100000 4199999 2620
nn7 4200000 4299999 2673
nn7 4300000 4399999 2981
nn7 4400000 4499999 3249
nn7 4500000 4599999 3160
nn7 4600000 4699999 2858
nn7 4700000 4799999 3200
nn7 4800000 4899999 2926
nn7 4900000 4999999 2648
nn7 5000000 5099999 3053
nn7 5100000 5199999 2881
nn7 5200000 5299999 2755
nn7 5300000 5399999 3280
nn7 5400000 5499999 3011
nn7 5500000 5599999 2753
nn7 5600000 5699999 2667
nn7 5700000 5799999 3346
nn7 5800000 5899999 2837
nn7 5900000 5999999 2604
nn7 6000000 6099999 2902
nn7 6100000 6199999 2902
nn7 6200000 6299999 2370
nn7 6300000 6399999 2861
nn7 6400000 6499999 3027
nn7 6500000 6599999 2538
nn7 6600000 6699999 2862
nn7 6700000 6799999 3431
nn7 6800000 6899999 2976
nn7 6900000 6999999 3310
nn7 7000000 7099999 2993
nn7 7100000 7199999 2872
nn7 7200000 7299999 2564
nn7 7300000 7399999 2841
nn7 7400000 7499999 2802
nn7 7500000 7599999 2877
nn7 7600000 7699999 3039
nn7 7700000 7799999 2783
nn7 7800000 7899999 3178
nn7 7900000 7999999 2801
nn7 8000000 8099999 2990
nn7 8100000 8199999 2745
nn7 8200000 8299999 3180
nn7 8300000 8399999 3118
nn7 8400000 8499999 3241
nn7 8500000 8599999 2815
nn7 8600000 8699999 2986
nn7 8700000 8799999 2981
nn7 8800000 8899999 2400
nn7 8900000 8999999 2355
nn7 9000000 9099999 2845
nn7 9100000 9199999 2239
nn7 9200000 9299999 2550
nn7 9300000 9399999 2455
nn7 9400000 9499999 2667
nn7 9500000 9599999 2744
nn7 9600000 9699999 2604
nn7 9700000 9799999 2566
nn7 9800000 9899999 2494
nn7 9900000 9999999 3125
nn7 10000000 10099999 2468
nn7 10100000 10199999 2652
nn7 10200000 10299999 2960
nn7 10300000 10399999 2653
nn7 10400000 10499999 2748
nn7 10500000 10599999 2876
nn7 10600000 10699999 2653
nn7 10700000 10799999 2441
nn7 10800000 10899999 2446
nn7 10900000 10999999 2615
nn7 11000000 11099999 2187
nn7 11100000 11199999 3122
nn7 11200000 11299999 2793
nn7 11300000 11399999 2733
nn7 11400000 11499999 2704
nn7 11500000 11599999 2557
nn7 11600000 11699999 2782
nn7 11700000 11799999 3037
nn7 11800000 11899999 2912
nn7 11900000 11999999 3002
nn7 12000000 12099999 3088
nn7 12100000 12199999 2446
nn7 12200000 12299999 2685
nn7 12300000 12399999 3210
nn7 12400000 12499999 3563
nn7 12500000 12599999 2998
nn7 12600000 12699999 3123
nn7 12700000 12799999 2804
nn7 12800000 12899999 3241
nn7 12900000 12999999 2669
nn7 13000000 13099999 2777
nn7 13100000 13199999 2645
nn7 13200000 13299999 2796
nn7 13300000 13399999 3191
nn7 13400000 13499999 2488
nn7 13500000 13599999 2973
nn7 13600000 13699999 2562
nn7 13700000 13799999 2350
nn7 13800000 13899999 3251
nn7 13900000 13999999 2525
nn7 14000000 14099999 2465
nn7 14100000 14199999 2456
nn7 14200000 14299999 2666
nn7 14300000 14399999 2805
nn7 14400000 14499999 2478
nn7 14500000 14599999 2368
nn7 14600000 14699999 2596
nn7 14700000 14799999 2439
nn7 14800000 14899999 2547
nn7 14900000 14999999 2727
nn7 15000000 15099999 2783
nn7 15100000 15199999 2974
nn7 15200000 15299999 3493
nn7 15300000 15399999 2890
nn7 15400000 15499999 3216
nn7 15500000 15599999 2596
nn7 15600000 15699999 2688
nn7 15700000 15799999 3002
nn7 15800000 15899999 3355
nn7 15900000 15999999 2847
nn7 16000000 16099999 3118
nn7 16100000 16199999 3033
nn7 16200000 16299999 3073
nn7 16300000 16399999 3249
nn7 16400000 16499999 3239
nn7 16500000 16599999 3557
nn7 16600000 16699999 3297
nn7 16700000 16799999 3298
nn7 16800000 16899999 2676
nn7 16900000 16999999 2917
nn7 17000000 17099999 2924
nn7 17100000 17199999 2868
nn7 17200000 17299999 3076
nn7 17300000 17399999 2950
nn7 17400000 17499999 3628
nn7 17500000 17599999 2818
nn7 17600000 17699999 3532
nn7 17700000 17799999 3159
nn7 17800000 17899999 2903
nn7 17900000 17999999 3002
nn7 18000000 18099999 3741
nn7 18100000 18199999 3362
nn7 18200000 18299999 3224
nn7 18300000 18399999 3351
nn7 18400000 18499999 2632
nn7 18500000 18599999 2803
nn7 18600000 18699999 2740
nn7 18700000 18799999 3095
nn7 18800000 18899999 3436
nn7 18900000 18999999 2959
nn7 19000000 19099999 2879
nn7 19100000 19199999 2995
nn7 19200000 19299999 3532
nn7 19300000 19399999 3020
nn7 19400000 19499999 3106
nn7 19500000 19599999 3431
nn7 19600000 19699999 3091
nn7 19700000 19799999 2737
nn7 19800000 19899999 3018
nn7 19900000 19999999 2695
nn7 20000000 20099999 2629
nn7 20100000 20199999 2605
nn7 20200000 20299999 2768
nn7 20300000 20399999 2923
nn7 20400000 20499999 2740
nn7 20500000 20599999 2990
nn7 20600000 20699999 3099
nn7 20700000 20799999 2943
nn7 20800000 20899999 2756
nn7 20900000 20999999 3101
nn7 21000000 21099999 3199
nn7 21100000 21199999 2637
nn7 21200000 21299999 2890
nn7 21300000 21399999 3283
nn7 21400000 21499999 2953
nn7 21500000 21599999 3135
nn7 21600000 21699999 3466
nn7 21700000 21799999 2892
nn7 21800000 21899999 3026
nn7 21900000 21999999 2727
nn7 22000000 22099999 3148
nn7 22100000 22199999 2866
nn7 22200000 22299999 2749
nn7 22300000 22399999 2587
nn7 22400000 22499999 3202
nn7 22500000 22599999 2747
nn7 22600000 22699999 2894
nn7 22700000 22799999 3284
nn7 22800000 22899999 3232
nn7 22900000 22999999 2907
nn7 23000000 23099999 2799
nn7 23100000 23199999 2875
nn7 23200000 23299999 2878
nn7 23300000 23399999 2954
nn7 23400000 23499999 3114
nn7 23500000 23599999 2796
nn7 23600000 23699999 3071
nn7 23700000 23799999 2860
nn7 23800000 23899999 2766
nn7 23900000 23999999 2672
nn7 24000000 24099999 2994
nn7 24100000 24199999 3104
nn7 24200000 24299999 2658
nn7 24300000 24399999 2550
nn7 24400000 24499999 2684
nn7 24500000 24599999 2912
nn7 24600000 24699999 2614
nn7 24700000 24799999 2571
nn7 24800000 24899999 2527
nn7 24900000 24999999 3006
nn7 25000000 25099999 2686
nn7 25100000 25199999 3293
nn7 25200000 25299999 2958
nn7 25300000 25399999 2324
nn7 25400000 25499999 3054
nn7 25500000 25599999 2966
nn7 25600000 25699999 3135
nn7 25700000 25799999 2913
nn7 25800000 25899999 2751
nn7 25900000 25999999 2633
nn7 26000000 26099999 3041
nn7 26100000 26199999 2902
nn7 26200000 26299999 3137
nn7 26300000 26399999 2824
nn7 26400000 26499999 2849
nn7 26500000 26599999 2960
nn7 26600000 26699999 3325
nn7 26700000 26799999 2784
nn7 26800000 26899999 3150
nn7 26900000 26999999 3037
nn7 27000000 27099999 2938
nn7 27100000 27199999 2766
nn7 27200000 27299999 2546
nn7 27300000 27399999 2886
nn7 27400000 27499999 2999
nn7 27500000 27599999 2811
nn7 27600000 27699999 2818
nn7 27700000 27799999 3370
nn7 27800000 27899999 3148
nn7 27900000 27999999 2678
nn7 28000000 28099999 2769
nn7 28100000 28199999 2955
nn7 28200000 28299999 3048
nn7 28300000 28399999 2845
nn7 28400000 28499999 2636
nn7 28500000 28599999 3051
nn7 28600000 28699999 3033
nn7 28700000 28799999 3455
nn7 28800000 28899999 3485
nn7 28900000 28999999 3030
nn7 29000000 29099999 2690
nn7 29100000 29199999 2501
nn7 29200000 29299999 2846
nn7 29300000 29399999 2442
nn7 29400000 29499999 2445
nn7 29500000 29599999 2768
nn7 29600000 29699999 2779
nn7 29700000 29799999 2639
nn7 29800000 29899999 2819
nn7 29900000 29999999 2852
nn7 30000000 30099999 2788
nn7 30100000 30199999 2767
nn7 30200000 30299999 3504
nn7 30300000 30399999 2920
nn7 30400000 30499999 3032
nn7 30500000 30599999 2818
nn7 30600000 30699999 2897
nn7 30700000 30799999 3547
nn7 30800000 30899999 2480
nn7 30900000 30999999 3304
nn7 31000000 31099999 2875
nn7 31100000 31199999 2532
nn7 31200000 31299999 3521
nn7 31300000 31399999 3095
nn7 31400000 31499999 2552
nn7 31500000 31599999 3066
nn7 31600000 31699999 2896
nn7 31700000 31799999 3078
nn7 31800000 31899999 2655
nn7 31900000 31999999 2824
nn7 32000000 32099999 2828
nn7 32100000 32199999 2415
nn7 32200000 32299999 2676
nn7 32300000 32399999 2762
nn7 32400000 32499999 2493
nn7 32500000 32599999 2498
nn7 32600000 32699999 2511
nn7 32700000 32799999 2413
nn7 32800000 32899999 1991
nn7 32900000 32999999 2307
nn7 33000000 33099999 2515
nn7 33100000 33199999 2608
nn7 33200000 33299999 2542
nn7 33300000 33399999 2416
nn7 33400000 33499999 2641
nn7 33500000 33599999 2418
nn7 33600000 33699999 2850
nn7 33700000 33799999 3094
nn7 33800000 33899999 2853
nn7 33900000 33999999 2591
nn7 34000000 34099999 2691
nn7 34100000 34199999 2457
nn7 34200000 34299999 2353
nn7 34300000 34399999 2539
nn7 34400000 34499999 2646
nn7 34500000 34599999 2531
nn7 34600000 34699999 2274
nn7 34700000 34799999 2465
nn7 34800000 34899999 2309
nn7 34900000 34999999 2302
nn7 35000000 35099999 2432
nn7 35100000 35199999 2570
nn7 35200000 35299999 2354
nn7 35300000 35399999 2438
nn7 35400000 35499999 2854
nn7 35500000 35599999 2718
nn7 35600000 35699999 2084
nn7 35700000 35799999 2713
nn7 35800000 35899999 2839
nn7 35900000 35999999 2443
nn7 36000000 36099999 2533
nn7 36100000 36199999 2437
nn7 36200000 36299999 3011
nn7 36300000 36399999 2809
nn7 36400000 36499999 2973
nn7 36500000 36599999 2626
nn7 36600000 36699999 2850
nn7 36700000 36799999 2573
nn7 36800000 36899999 3086
nn7 36900000 36999999 2705
nn7 37000000 37099999 2546
nn7 37100000 37199999 2613
nn7 37200000 37299999 2366
nn7 37300000 37399999 2446
nn7 37400000 37499999 2901
nn7 37500000 37599999 2725
nn7 37600000 37699999 3114
nn7 37700000 37799999 2680
nn7 37800000 37899999 2817
nn7 37900000 37999999 2923
nn7 38000000 38099999 2863
nn7 38100000 38130504 921
nn8 0 99999 2368
nn8 100000 199999 2699
nn8 200000 299999 3208
nn8 300000 399999 3165
nn8 400000 499999 3034
nn8 500000 599999 3270
nn8 600000 699999 3295
nn8 700000 799999 2745
nn8 800000 899999 3114
nn8 900000 999999 3266
nn8 1000000 1099999 2929
nn8 1100000 1199999 3390
nn8 1200000 1299999 3022
nn8 1300000 1399999 3020
nn8 1400000 1499999 3177
nn8 1500000 1599999 3073
nn8 1600000 1699999 3319
nn8 1700000 1799999 2789
nn8 1800000 1899999 3277
nn8 1900000 1999999 3236
nn8 2000000 2099999 3196
nn8 2100000 2199999 3126
nn8 2200000 2299999 2611
nn8 2300000 2399999 3076
nn8 2400000 2499999 3062
nn8 2500000 2599999 2788
nn8 2600000 2699999 2372
nn8 2700000 2799999 2863
nn8 2800000 2899999 2645
nn8 2900000 2999999 2507
nn8 3000000 3099999 2707
nn8 3100000 3199999 2711
nn8 3200000 3299999 2548
nn8 3300000 3399999 2637
nn8 3400000 3499999 2722
nn8 3500000 3599999 2705
nn8 3600000 3699999 2440
nn8 3700000 3799999 2327
nn8 3800000 3899999 2531
nn8 3900000 3999999 2496
nn8 4000000 4099999 2200
nn8 4100000 4199999 2512
nn8 4200000 4299999 2800
nn8 4300000 4399999 2615
nn8 4400000 4499999 2610
nn8 4500000 4599999 2984
nn8 4600000 4699999 2763
nn8 4700000 4799999 2887
nn8 4800000 4899999 2594
nn8 4900000 4999999 2910
nn8 5000000 5099999 2749
nn8 5100000 5199999 2520
nn8 5200000 5299999 2612
nn8 5300000 5399999 2711
nn8 5400000 5499999 2671
nn8 5500000 5599999 2708
nn8 5600000 5699999 2892
nn8 5700000 5799999 2640
nn8 5800000 5899999 2893
nn8 5900000 5999999 2792
nn8 6000000 6099999 3006
nn8 6100000 6199999 2871
nn8 6200000 6299999 2963
nn8 6300000 6399999 2914
nn8 6400000 6499999 2325
nn8 6500000 6599999 2641
nn8 6600000 6699999 2788
nn8 6700000 6799999 2770
nn8 6800000 6899999 2723
nn8 6900000 6999999 2636
nn8 7000000 7099999 2746
nn8 7100000 7199999 2919
nn8 7200000 7299999 2541
nn8 7300000 7399999 2965
nn8 7400000 7499999 2904
nn8 7500000 7599999 3397
nn8 7600000 7699999 3532
nn8 7700000 7799999 3122
nn8 7800000 7899999 3429
nn8 7900000 7999999 3215
nn8 8000000 8099999 3442
nn8 8100000 8199999 2704
nn8 8200000 8299999 2932
nn8 8300000 8399999 3191
nn8 8400000 8499999 2821
nn8 8500000 8599999 2691
nn8 8600000 8699999 2765
nn8 8700000 8799999 2637
nn8 8800000 8899999 3219
nn8 8900000 8999999 2872
nn8 9000000 9099999 2478
nn8 9100000 9199999 3428
nn8 9200000 9299999 2771
nn8 9300000 9399999 2577
nn8 9400000 9499999 3089
nn8 9500000 9599999 3025
nn8 9600000 9699999 2758
nn8 9700000 9799999 2648
nn8 9800000 9899999 2713
nn8 9900000 9999999 3418
nn8 10000000 10099999 2728
nn8 10100000 10199999 2813
nn8 10200000 10299999 2801
nn8 10300000 10399999 2971
nn8 10400000 10499999 3278
nn8 10500000 10599999 2922
nn8 10600000 10699999 2958
nn8 10700000 10799999 3032
nn8 10800000 10899999 2863
nn8 10900000 10999999 3240
nn8 11000000 11099999 3146
nn8 11100000 11199999 3234
nn8 11200000 11299999 3208
nn8 11300000 11399999 16906
nn8 11400000 11499999 2900
nn8 11500000 11599999 3088
nn8 11600000 11699999 3056
nn8 11700000 11799999 3246
nn8 11800000 11899999 3159
nn8 11900000 11999999 2668
nn8 12000000 12099999 3373
nn8 12100000 12199999 2745
nn8 12200000 12299999 2822
nn8 12300000 12399999 3203
nn8 12400000 12499999 3064
nn8 12500000 12599999 2993
nn8 12600000 12699999 3046
nn8 12700000 12799999 2854
nn8 12800000 12899999 2418
nn8 12900000 12999999 2968
nn8 13000000 13099999 2809
nn8 13100000 13199999 3022
nn8 13200000 13299999 2840
nn8 13300000 13399999 3268
nn8 13400000 13499999 2938
nn8 13500000 13599999 3148
nn8 13600000 13699999 3055
nn8 13700000 13799999 2747
nn8 13800000 13899999 2989
nn8 13900000 13999999 3426
nn8 14000000 14099999 2658
nn8 14100000 14199999 2896
nn8 14200000 14299999 3300
nn8 14300000 14399999 3013
nn8 14400000 14499999 2843
nn8 14500000 14599999 2711
nn8 14600000 14699999 2668
nn8 14700000 14799999 2895
nn8 14800000 14899999 2841
nn8 14900000 14999999 3288
nn8 15000000 15099999 2925
nn8 15100000 15199999 3213
nn8 15200000 15299999 2297
nn8 15300000 15399999 2792
nn8 15400000 15499999 3118
nn8 15500000 15599999 3099
nn8 15600000 15699999 2705
nn8 15700000 15799999 3207
nn8 15800000 15899999 2887
nn8 15900000 15999999 2893
nn8 16000000 16099999 2701
nn8 16100000 16199999 2831
nn8 16200000 16299999 3039
nn8 16300000 16399999 3061
nn8 16400000 16499999 3615
nn8 16500000 16599999 3123
nn8 16600000 16699999 3129
nn8 16700000 16799999 2890
nn8 16800000 16899999 3401
nn8 16900000 16999999 3186
nn8 17000000 17099999 3302
nn8 17100000 17199999 2784
nn8 17200000 17299999 3146
nn8 17300000 17399999 2850
nn8 17400000 17499999 2964
nn8 17500000 17599999 2947
nn8 17600000 17699999 3510
nn8 17700000 17799999 3268
nn8 17800000 17899999 3577
nn8 17900000 17999999 4001
nn8 18000000 18099999 3196
nn8 18100000 18199999 2701
nn8 18200000 18299999 2812
nn8 18300000 18399999 3276
nn8 18400000 18499999 3445
nn8 18500000 18599999 3012
nn8 18600000 18699999 3027
nn8 18700000 18799999 3259
nn8 18800000 18899999 2859
nn8 18900000 18999999 3084
nn8 19000000 19099999 2733
nn8 19100000 19199999 2531
nn8 19200000 19299999 2882
nn8 19300000 19399999 2747
nn8 19400000 19499999 2501
nn8 19500000 19599999 2891
nn8 19600000 19699999 2753
nn8 19700000 19799999 2389
nn8 19800000 19899999 2679
nn8 19900000 19999999 2440
nn8 20000000 20099999 3245
nn8 20100000 20199999 2853
nn8 20200000 20299999 2476
nn8 20300000 20399999 2592
nn8 20400000 20499999 2814
nn8 20500000 20599999 2668
nn8 20600000 20699999 2630
nn8 20700000 20799999 2419
nn8 20800000 20899999 2803
nn8 20900000 20999999 2418
nn8 21000000 21099999 2579
nn8 21100000 21199999 2674
nn8 21200000 21299999 2831
nn8 21300000 21399999 2090
nn8 21400000 21499999 2537
nn8 21500000 21599999 2337
nn8 21600000 21699999 2688
nn8 21700000 21799999 2513
nn8 21800000 21899999 3237
nn8 21900000 21999999 2730
nn8 22000000 22099999 2739
nn8 22100000 22199999 2692
nn8 22200000 22299999 2701
nn8 22300000 22399999 2914
nn8 22400000 22499999 2726
nn8 22500000 22599999 2383
nn8 22600000 22699999 2659
nn8 22700000 22799999 2654
nn8 22800000 22899999 2767
nn8 22900000 22999999 2321
nn8 23000000 23099999 3062
nn8 23100000 23199999 3598
nn8 23200000 23299999 2805
nn8 23300000 23399999 2751
nn8 23400000 23499999 2907
nn8 23500000 23599999 2921
nn8 23600000 23699999 3152
nn8 23700000 23799999 2931
nn8 23800000 23899999 2817
nn8 23900000 23999999 2965
nn8 24000000 24099999 2820
nn8 24100000 24199999 3251
nn8 24200000 24299999 2652
nn8 24300000 24399999 2919
nn8 24400000 24499999 2377
nn8 24500000 24599999 2757
nn8 24600000 24699999 2533
nn8 24700000 24799999 2498
nn8 24800000 24899999 2494
nn8 24900000 24999999 2651
nn8 25000000 25099999 3029
nn8 25100000 25199999 2324
nn8 25200000 25299999 2320
nn8 25300000 25399999 2879
nn8 25400000 25499999 2526
nn8 25500000 25599999 2539
nn8 25600000 25699999 2329
nn8 25700000 25799999 2566
nn8 25800000 25899999 2307
nn8 25900000 25999999 2792
nn8 26000000 26099999 2722
nn8 26100000 26199999 2675
nn8 26200000 26299999 2972
nn8 26300000 26399999 2850
nn8 26400000 26499999 3144
nn8 26500000 26599999 2559
nn8 26600000 26699999 2577
nn8 26700000 26799999 2755
nn8 26800000 26899999 2926
nn8 26900000 26999999 2820
nn8 27000000 27099999 2979
nn8 27100000 27199999 2878
nn8 27200000 27299999 2724
nn8 27300000 27399999 2321
nn8 27400000 27499999 2901
nn8 27500000 27599999 2829
nn8 27600000 27699999 2706
nn8 27700000 27799999 2935
nn8 27800000 27899999 2585
nn8 27900000 27999999 2386
nn8 28000000 28099999 2618
nn8 28100000 28199999 2657
nn8 28200000 28299999 2291
nn8 28300000 28399999 3086
nn8 28400000 28499999 2611
nn8 28500000 28599999 3074
nn8 28600000 28699999 2736
nn8 28700000 28799999 2635
nn8 28800000 28899999 3140
nn8 28900000 28999999 2980
nn8 29000000 29099999 3251
nn8 29100000 29199999 2806
nn8 29200000 29299999 2434
nn8 29300000 29399999 2919
nn8 29400000 29499999 2493
nn8 29500000 29599999 2761
nn8 29600000 29699999 2499
nn8 29700000 29734179 708
nn9 0 99999 1534
nn9 100000 199999 3029
nn9 200000 299999 2831
nn9 300000 399999 2748
nn9 400000 499999 2648
nn9 500000 599999 2924
nn9 600000 699999 2989
nn9 700000 799999 2988
nn9 800000 899999 2707
nn9 900000 999999 2982
nn9 1000000 1099999 3146
nn9 1100000 1199999 2653
nn9 1200000 1299999 3107
nn9 1300000 1399999 2684
nn9 1400000 1499999 2950
nn9 1500000 1599999 3068
nn9 1600000 1699999 2601
nn9 1700000 1799999 2852
nn9 1800000 1899999 2775
nn9 1900000 1999999 2926
nn9 2000000 2099999 2970
nn9 2100000 2199999 2564
nn9 2200000 2299999 3251
nn9 2300000 2399999 3025
nn9 2400000 2499999 3092
nn9 2500000 2599999 2443
nn9 2600000 2699999 3051
nn9 2700000 2799999 2564
nn9 2800000 2899999 2659
nn9 2900000 2999999 2794
nn9 3000000 3099999 2958
nn9 3100000 3199999 2541
nn9 3200000 3299999 2603
nn9 3300000 3399999 2931
nn9 3400000 3499999 2774
nn9 3500000 3599999 2530
nn9 3600000 3699999 2457
nn9 3700000 3799999 2611
nn9 3800000 3899999 2934
nn9 3900000 3999999 2707
nn9 4000000 4099999 2703
nn9 4100000 4199999 2650
nn9 4200000 4299999 3009
nn9 4300000 4399999 2672
nn9 4400000 4499999 2807
nn9 4500000 4599999 3057
nn9 4600000 4699999 3024
nn9 4700000 4799999 2647
nn9 4800000 4899999 2732
nn9 4900000 4999999 2491
nn9 5000000 5099999 2868
nn9 5100000 5199999 2821
nn9 5200000 5299999 3635
nn9 5300000 5399999 2619
nn9 5400000 5499999 3218
nn9 5500000 5599999 2616
nn9 5600000 5699999 2764
nn9 5700000 5799999 3097
nn9 5800000 5899999 2884
nn9 5900000 5999999 2840
nn9 6000000 6099999 2926
nn9 6100000 6199999 2749
nn9 6200000 6299999 2650
nn9 6300000 6399999 2374
nn9 6400000 6499999 2574
nn9 6500000 6599999 2893
nn9 6600000 6699999 2493
nn9 6700000 6799999 2757
nn9 6800000 6899999 2701
nn9 6900000 6999999 2629
nn9 7000000 7099999 2906
nn9 7100000 7199999 2758
nn9 7200000 7299999 3108
nn9 7300000 7399999 2579
nn9 7400000 7499999 3386
nn9 7500000 7599999 2688
nn9 7600000 7699999 2700
nn9 7700000 7799999 2826
nn9 7800000 7899999 2549
nn9 7900000 7999999 2584
nn9 8000000 8099999 2830
nn9 8100000 8199999 2756
nn9 8200000 8299999 2770
nn9 8300000 8399999 3039
nn9 8400000 8499999 3107
nn9 8500000 8599999 2564
nn9 8600000 8699999 2637
nn9 8700000 8799999 2306
nn9 8800000 8899999 2531
nn9 8900000 8999999 2479
nn9 9000000 9099999 2810
nn9 9100000 9199999 2675
nn9 9200000 9299999 2646
nn9 9300000 9399999 2695
nn9 9400000 9499999 2685
nn9 9500000 9599999 2666
nn9 9600000 9699999 2396
nn9 9700000 9799999 2692
nn9 9800000 9899999 2475
nn9 9900000 9999999 2338
nn9 10000000 10099999 2444
nn9 10100000 10199999 2659
nn9 10200000 10299999 2408
nn9 10300000 10399999 2991
nn9 10400000 10499999 2736
nn9 10500000 10599999 2854
nn9 10600000 10699999 2875
nn9 10700000 10799999 2693
nn9 10800000 10899999 2668
nn9 10900000 10999999 2680
nn9 11000000 11099999 2145
nn9 11100000 11199999 2952
nn9 11200000 11299999 3025
nn9 11300000 11399999 2704
nn9 11400000 11499999 3244
nn9 11500000 11599999 2787
nn9 11600000 11699999 2994
nn9 11700000 11799999 2982
nn9 11800000 11899999 2872
nn9 11900000 11999999 2802
nn9 12000000 12099999 3049
nn9 12100000 12199999 2637
nn9 12200000 12299999 2709
nn9 12300000 12399999 2923
nn9 12400000 12499999 3428
nn9 12500000 12599999 2901
nn9 12600000 12699999 2847
nn9 12700000 12799999 3103
nn9 12800000 12899999 3345
nn9 12900000 12999999 3063
nn9 13000000 13099999 3302
nn9 13100000 13199999 3308
nn9 13200000 13299999 3404
nn9 13300000 13399999 3070
nn9 13400000 13499999 2966
nn9 13500000 13599999 3093
nn9 13600000 13699999 3459
nn9 13700000 13799999 2724
nn9 13800000 13899999 2747
nn9 13900000 13999999 2902
nn9 14000000 14099999 3309
nn9 14100000 14199999 2992
nn9 14200000 14299999 3030
nn9 14300000 14399999 3143
nn9 14400000 14499999 2704
nn9 14500000 14599999 2698
nn9 14600000 14699999 2895
nn9 14700000 14799999 3415
nn9 14800000 14899999 3709
nn9 14900000 14999999 2710
nn9 15000000 15099999 2743
nn9 15100000 15199999 2943
nn9 15200000 15299999 2809
nn9 15300000 15399999 2754
nn9 15400000 15499999 3272
nn9 15500000 15599999 2612
nn9 15600000 15699999 2643
nn9 15700000 15799999 2756
nn9 15800000 15899999 2800
nn9 15900000 15999999 2366
nn9 16000000 16099999 2423
nn9 16100000 16199999 3042
nn9 16200000 16299999 2955
nn9 16300000 16399999 2612
nn9 16400000 16499999 2367
nn9 16500000 16599999 2717
nn9 16600000 16699999 2599
nn9 16700000 16799999 2909
nn9 16800000 16899999 3067
nn9 16900000 16999999 3193
nn9 17000000 17099999 3148
nn9 17100000 17199999 3185
nn9 17200000 17299999 2798
nn9 17300000 17399999 2814
nn9 17400000 17499999 2755
nn9 17500000 17599999 2805
nn9 17600000 17699999 2657
nn9 17700000 17799999 2955
nn9 17800000 17899999 3007
nn9 17900000 17999999 2387
nn9 18000000 18099999 3073
nn9 18100000 18199999 2980
nn9 18200000 18299999 3385
nn9 18300000 18399999 2828
nn9 18400000 18499999 2784
nn9 18500000 18599999 3125
nn9 18600000 18699999 2783
nn9 18700000 18799999 2758
nn9 18800000 18899999 2638
nn9 18900000 18999999 2753
nn9 19000000 19099999 2718
nn9 19100000 19199999 2278
nn9 19200000 19299999 2596
nn9 19300000 19399999 2848
nn9 19400000 19499999 2459
nn9 19500000 19599999 2821
nn9 19600000 19699999 2777
nn9 19700000 19799999 2876
nn9 19800000 19899999 2259
nn9 19900000 19999999 2313
nn9 20000000 20099999 2550
nn9 20100000 20199999 2356
nn9 20200000 20299999 2526
nn9 20300000 20399999 2610
nn9 20400000 20499999 2707
nn9 20500000 20599999 2700
nn9 20600000 20699999 2616
nn9 20700000 20799999 2571
nn9 20800000 20899999 2332
nn9 20900000 20999999 2888
nn9 21000000 21099999 2393
nn9 21100000 21199999 2470
nn9 21200000 21299999 2280
nn9 21300000 21399999 2802
nn9 21400000 21499999 2036
nn9 21500000 21599999 2769
nn9 21600000 21699999 2665
nn9 21700000 21799999 3022
nn9 21800000 21899999 2953
nn9 21900000 21999999 2728
nn9 22000000 22099999 2565
nn9 22100000 22199999 2762
nn9 22200000 22299999 2847
nn9 22300000 22399999 2562
nn9 22400000 22499999 2812
nn9 22500000 22599999 3097
nn9 22600000 22699999 2802
nn9 22700000 22799999 2834
nn9 22800000 22899999 3083
nn9 22900000 22999999 3055
nn9 23000000 23099999 2897
nn9 23100000 23199999 2808
nn9 23200000 23299999 2948
nn9 23300000 23399999 3583
nn9 23400000 23499999 2821
nn9 23500000 23599999 2772
nn9 23600000 23699999 3193
nn9 23700000 23799999 3798
nn9 23800000 23899999 3742
nn9 23900000 23999999 4276
nn9 24000000 24099999 3932
nn9 24100000 24199999 3430
nn9 24200000 24299999 2665
nn9 24300000 24360532 1590
nn10 0 99999 1816
nn10 100000 199999 2632
nn10 200000 299999 2483
nn10 300000 399999 3372
nn10 400000 499999 3120
nn10 500000 599999 3363
nn10 600000 699999 2925
nn10 700000 799999 2384
nn10 800000 899999 3027
nn10 900000 999999 3176
nn10 1000000 1099999 2921
nn10 1100000 1199999 2968
nn10 1200000 1299999 2806
nn10 1300000 1399999 2847
nn10 1400000 1499999 2844
nn10 1500000 1599999 2824
nn10 1600000 1699999 2784
nn10 1700000 1799999 2603
nn10 1800000 1899999 2482
nn10 1900000 1999999 2452
nn10 2000000 2099999 2412
nn10 2100000 2199999 2905
nn10 2200000 2299999 2497
nn10 2300000 2399999 2560
nn10 2400000 2499999 2724
nn10 2500000 2599999 2800
nn10 2600000 2699999 2262
nn10 2700000 2799999 2558
nn10 2800000 2899999 2412
nn10 2900000 2999999 2355
nn10 3000000 3099999 2761
nn10 3100000 3199999 2942
nn10 3200000 3299999 2744
nn10 3300000 3399999 3142
nn10 3400000 3499999 2846
nn10 3500000 3599999 3116
nn10 3600000 3699999 2630
nn10 3700000 3799999 2751
nn10 3800000 3899999 2566
nn10 3900000 3999999 2318
nn10 4000000 4099999 2640
nn10 4100000 4199999 2931
nn10 4200000 4299999 2448
nn10 4300000 4399999 2711
nn10 4400000 4499999 3011
nn10 4500000 4599999 2744
nn10 4600000 4699999 3037
nn10 4700000 4799999 3078
nn10 4800000 4899999 2429
nn10 4900000 4999999 2436
nn10 5000000 5099999 2525
nn10 5100000 5199999 2708
nn10 5200000 5299999 2513
nn10 5300000 5399999 2599
nn10 5400000 5499999 2423
nn10 5500000 5599999 2570
nn10 5600000 5699999 2443
nn10 5700000 5799999 2762
nn10 5800000 5899999 2877
nn10 5900000 5999999 2575
nn10 6000000 6099999 2679
nn10 6100000 6199999 2915
nn10 6200000 6299999 2755
nn10 6300000 6399999 2368
nn10 6400000 6499999 2461
nn10 6500000 6599999 2636
nn10 6600000 6699999 2731
nn10 6700000 6799999 2521
nn10 6800000 6899999 2730
nn10 6900000 6999999 2633
nn10 7000000 7099999 2122
nn10 7100000 7199999 2599
nn10 7200000 7299999 2825
nn10 7300000 7399999 2476
nn10 7400000 7499999 2418
nn10 7500000 7599999 3428
nn10 7600000 7699999 2417
nn10 7700000 7799999 2579
nn10 7800000 7899999 2599
nn10 7900000 7999999 2779
nn10 8000000 8099999 2483
nn10 8100000 8199999 2601
nn10 8200000 8299999 2612
nn10 8300000 8399999 2990
nn10 8400000 8499999 2924
nn10 8500000 8599999 2638
nn10 8600000 8699999 2807
nn10 8700000 8799999 3038
nn10 8800000 8899999 2611
nn10 8900000 8999999 2783
nn10 9000000 9099999 2813
nn10 9100000 9199999 2977
nn10 9200000 9299999 2871
nn10 9300000 9399999 3249
nn10 9400000 9499999 2974
nn10 9500000 9599999 3004
nn10 9600000 9699999 2837
nn10 9700000 9799999 2765
nn10 9800000 9899999 3450
nn10 9900000 9999999 3131
nn10 10000000 10099999 3021
nn10 10100000 10199999 2431
nn10 10200000 10299999 2944
nn10 10300000 10399999 2700
nn10 10400000 10499999 2858
nn10 10500000 10599999 2999
nn10 10600000 10699999 2948
nn10 10700000 10799999 2850
nn10 10800000 10899999 2688
nn10 10900000 10999999 2831
nn10 11000000 11099999 2828
nn10 11100000 11199999 3269
nn10 11200000 11299999 2834
nn10 11300000 11399999 2969
nn10 11400000 11499999 2546
nn10 11500000 11599999 3039
nn10 11600000 11699999 3031
nn10 11700000 11799999 2256
nn10 11800000 11899999 2674
nn10 11900000 11999999 2934
nn10 12000000 12099999 3164
nn10 12100000 12199999 3170
nn10 12200000 12299999 3056
nn10 12300000 12399999 2947
nn10 12400000 12499999 2770
nn10 12500000 12599999 2917
nn10 12600000 12699999 3007
nn10 12700000 12799999 2937
nn10 12800000 12899999 3068
nn10 12900000 12999999 3051
nn10 13000000 13099999 2825
nn10 13100000 13199999 3359
nn10 13200000 13299999 2516
nn10 13300000 13399999 2828
nn10 13400000 13499999 2959
nn10 13500000 13599999 3367
nn10 13600000 13699999 2903
nn10 13700000 13799999 3120
nn10 13800000 13899999 2911
nn10 13900000 13999999 2726
nn10 14000000 14099999 2892
nn10 14100000 14199999 2724
nn10 14200000 14299999 3035
nn10 14300000 14399999 2786
nn10 14400000 14499999 2799
nn10 14500000 14599999 2681
nn10 14600000 14699999 3088
nn10 14700000 14799999 2931
nn10 14800000 14899999 2858
nn10 14900000 14999999 2972
nn10 15000000 15099999 2858
nn10 15100000 15199999 2462
nn10 15200000 15299999 2866
nn10 15300000 15399999 3042
nn10 15400000 15499999 2809
nn10 15500000 15599999 2248
nn10 15600000 15699999 2663
nn10 15700000 15799999 2839
nn10 15800000 15899999 2955
nn10 15900000 15999999 2593
nn10 16000000 16099999 2708
nn10 16100000 16199999 2252
nn10 16200000 16299999 2519
nn10 16300000 16399999 2638
nn10 16400000 16499999 2859
nn10 16500000 16599999 2947
nn10 16600000 16699999 2589
nn10 16700000 16799999 2838
nn10 16800000 16899999 2651
nn10 16900000 16999999 2470
nn10 17000000 17099999 2781
nn10 17100000 17199999 2882
nn10 17200000 17299999 2962
nn10 17300000 17399999 3048
nn10 17400000 17499999 2644
nn10 17500000 17599999 2449
nn10 17600000 17699999 2316
nn10 17700000 17799999 2858
nn10 17800000 17899999 3114
nn10 17900000 17999999 2328
nn10 18000000 18099999 2486
nn10 18100000 18199999 2635
nn10 18200000 18299999 2243
nn10 18300000 18399999 2513
nn10 18400000 18499999 2141
nn10 18500000 18599999 2534
nn10 18600000 18699999 2421
nn10 18700000 18799999 2600
nn10 18800000 18899999 2738
nn10 18900000 18999999 3048
nn10 19000000 19099999 2796
nn10 19100000 19199999 2366
nn10 19200000 19299999 2579
nn10 19300000 19399999 2502
nn10 19400000 19499999 2820
nn10 19500000 19599999 2584
nn10 19600000 19699999 2511
nn10 19700000 19799999 2774
nn10 19800000 19899999 2114
nn10 19900000 19999999 2154
nn10 20000000 20098048 3815
nn11 0 99999 1906
nn11 100000 199999 2528
nn11 200000 299999 2747
nn11 300000 399999 2358
nn11 400000 499999 2991
nn11 500000 599999 2770
nn11 600000 699999 3029
nn11 700000 799999 2639
nn11 800000 899999 2735
nn11 900000 999999 3035
nn11 1000000 1099999 2877
nn11 1100000 1199999 2592
nn11 1200000 1299999 2792
nn11 1300000 1399999 2516
nn11 1400000 1499999 2822
nn11 1500000 1599999 2819
nn11 1600000 1699999 2703
nn11 1700000 1799999 2944
nn11 1800000 1899999 2435
nn11 1900000 1999999 2425
nn11 2000000 2099999 2344
nn11 2100000 2199999 2599
nn11 2200000 2299999 2308
nn11 2300000 2399999 2833
nn11 2400000 2499999 2579
nn11 2500000 2599999 2568
nn11 2600000 2699999 2519
nn11 2700000 2799999 2656
nn11 2800000 2899999 2719
nn11 2900000 2999999 2550
nn11 3000000 3099999 2496
nn11 3100000 3199999 2796
nn11 3200000 3299999 2739
nn11 3300000 3399999 2561
nn11 3400000 3499999 2602
nn11 3500000 3599999 2929
nn11 3600000 3699999 2651
nn11 3700000 3799999 2369
nn11 3800000 3899999 3127
nn11 3900000 3999999 3091
nn11 4000000 4099999 2779
nn11 4100000 4199999 2663
nn11 4200000 4299999 2354
nn11 4300000 4399999 2405
nn11 4400000 4499999 2644
nn11 4500000 4599999 2569
nn11 4600000 4699999 2573
nn11 4700000 4799999 3021
nn11 4800000 4899999 2701
nn11 4900000 4999999 2716
nn11 5000000 5099999 3056
nn11 5100000 5199999 2651
nn11 5200000 5299999 2709
nn11 5300000 5399999 2181
nn11 5400000 5499999 3023
nn11 5500000 5599999 3108
nn11 5600000 5699999 2435
nn11 5700000 5799999 2946
nn11 5800000 5899999 3159
nn11 5900000 5999999 3183
nn11 6000000 6099999 2632
nn11 6100000 6199999 2948
nn11 6200000 6299999 2974
nn11 6300000 6399999 2594
nn11 6400000 6499999 2982
nn11 6500000 6599999 3083
nn11 6600000 6699999 2868
nn11 6700000 6799999 2424
nn11 6800000 6899999 3028
nn11 6900000 6999999 3333
nn11 7000000 7099999 3367
nn11 7100000 7199999 3295
nn11 7200000 7299999 2959
nn11 7300000 7399999 3109
nn11 7400000 7499999 3047
nn11 7500000 7599999 3370
nn11 7600000 7699999 3646
nn11 7700000 7799999 2976
nn11 7800000 7899999 3306
nn11 7900000 7999999 3097
nn11 8000000 8099999 2950
nn11 8100000 8199999 2910
nn11 8200000 8299999 2914
nn11 8300000 8399999 2819
nn11 8400000 8499999 2741
nn11 8500000 8599999 3100
nn11 8600000 8699999 3013
nn11 8700000 8799999 2510
nn11 8800000 8899999 2477
nn11 8900000 8999999 2611
nn11 9000000 9099999 2920
nn11 9100000 9199999 3032
nn11 9200000 9299999 3164
nn11 9300000 9399999 3030
nn11 9400000 9499999 2820
nn11 9500000 9599999 2939
nn11 9600000 9699999 2560
nn11 9700000 9799999 3011
nn11 9800000 9899999 2783
nn11 9900000 9999999 2466
nn11 10000000 10099999 2727
nn11 10100000 10199999 3261
nn11 10200000 10299999 2851
nn11 10300000 10399999 3290
nn11 10400000 10499999 3166
nn11 10500000 10599999 2869
nn11 10600000 10699999 2724
nn11 10700000 10799999 3055
nn11 10800000 10899999 2782
nn11 10900000 10999999 3009
nn11 11000000 11099999 2213
nn11 11100000 11199999 3301
nn11 11200000 11299999 2753
nn11 11300000 11399999 2614
nn11 11400000 11499999 2590
nn11 11500000 11599999 3361
nn11 11600000 11699999 3105
nn11 11700000 11799999 2724
nn11 11800000 11899999 2832
nn11 11900000 11999999 2770
nn11 12000000 12099999 2613
nn11 12100000 12199999 3181
nn11 12200000 12299999 3025
nn11 12300000 12399999 2356
nn11 12400000 12499999 3019
nn11 12500000 12599999 3533
nn11 12600000 12699999 3006
nn11 12700000 12799999 3291
nn11 12800000 12899999 2835
nn11 12900000 12999999 3102
nn11 13000000 13099999 2839
nn11 13100000 13199999 2800
nn11 13200000 13299999 2945
nn11 13300000 13399999 2723
nn11 13400000 13499999 2810
nn11 13500000 13599999 2895
nn11 13600000 13699999 2958
nn11 13700000 13799999 2830
nn11 13800000 13899999 2669
nn11 13900000 13999999 2781
nn11 14000000 14099999 2849
nn11 14100000 14199999 2916
nn11 14200000 14299999 3250
nn11 14300000 14399999 2930
nn11 14400000 14499999 3501
nn11 14500000 14599999 2532
nn11 14600000 14699999 3241
nn11 14700000 14799999 2999
nn11 14800000 14899999 2399
nn11 14900000 14999999 3457
nn11 15000000 15099999 3072
nn11 15100000 15199999 3043
nn11 15200000 15299999 2506
nn11 15300000 15399999 3082
nn11 15400000 15499999 2385
nn11 15500000 15599999 2947
nn11 15600000 15699999 2740
nn11 15700000 15799999 2315
nn11 15800000 15899999 2954
nn11 15900000 15999999 2883
nn11 16000000 16099999 2852
nn11 16100000 16199999 3158
nn11 16200000 16299999 3049
nn11 16300000 16399999 2836
nn11 16400000 16499999 3087
nn11 16500000 16599999 3314
nn11 16600000 16699999 3252
nn11 16700000 16799999 2426
nn11 16800000 16899999 3052
nn11 16900000 16999999 3072
nn11 17000000 17099999 2928
nn11 17100000 17199999 2744
nn11 17200000 17299999 2722
nn11 17300000 17399999 2260
nn11 17400000 17499999 2287
nn11 17500000 17599999 2459
nn11 17600000 17699999 2736
nn11 17700000 17799999 2447
nn11 17800000 17899999 2676
nn11 17900000 17999999 2708
nn11 18000000 18099999 2860
nn11 18100000 18199999 2511
nn11 18200000 18299999 3023
nn11 18300000 18399999 2316
nn11 18400000 18499999 2726
nn11 18500000 18599999 2530
nn11 18600000 18699999 2269
nn11 18700000 18799999 2648
nn11 18800000 18899999 2530
nn11 18900000 18999999 2731
nn11 19000000 19099999 2811
nn11 19100000 19199999 2413
nn11 19200000 19299999 2677
nn11 19300000 19399999 2850
nn11 19400000 19499999 2981
nn11 19500000 19599999 2781
nn11 19600000 19699999 2098
nn11 19700000 19799999 3730
nn11 19800000 19899999 3624
nn11 19900000 19999999 3390
nn11 20000000 20099999 2223
nn11 20100000 20148113 667
nn12 0 99999 1769
nn12 100000 199999 3006
nn12 200000 299999 3037
nn12 300000 399999 2766
nn12 400000 499999 2884
nn12 500000 599999 2903
nn12 600000 699999 2758
nn12 700000 799999 2621
nn12 800000 899999 2789
nn12 900000 999999 2579
nn12 1000000 1099999 2788
nn12 1100000 1199999 2650
nn12 1200000 1299999 2507
nn12 1300000 1399999 2510
nn12 1400000 1499999 2692
nn12 1500000 1599999 2468
nn12 1600000 1699999 2721
nn12 1700000 1799999 2862
nn12 1800000 1899999 2507
nn12 1900000 1999999 2567
nn12 2000000 2099999 2632
nn12 2100000 2199999 2441
nn12 2200000 2299999 2444
nn12 2300000 2399999 2651
nn12 2400000 2499999 3103
nn12 2500000 2599999 2907
nn12 2600000 2699999 2914
nn12 2700000 2799999 2900
nn12 2800000 2899999 2768
nn12 2900000 2999999 2663
nn12 3000000 3099999 2808
nn12 3100000 3199999 2605
nn12 3200000 3299999 2845
nn12 3300000 3399999 3077
nn12 3400000 3499999 2710
nn12 3500000 3599999 2890
nn12 3600000 3699999 2862
nn12 3700000 3799999 2956
nn12 3800000 3899999 2249
nn12 3900000 3999999 2610
nn12 4000000 4099999 2193
nn12 4100000 4199999 3145
nn12 4200000 4299999 2417
nn12 4300000 4399999 2537
nn12 4400000 4499999 2678
nn12 4500000 4599999 2784
nn12 4600000 4699999 2271
nn12 4700000 4799999 2688
nn12 4800000 4899999 2937
nn12 4900000 4999999 2677
nn12 5000000 5099999 2714
nn12 5100000 5199999 2749
nn12 5200000 5299999 2770
nn12 5300000 5399999 2331
nn12 5400000 5499999 2838
nn12 5500000 5599999 2375
nn12 5600000 5699999 2890
nn12 5700000 5799999 2748
nn12 5800000 5899999 2203
nn12 5900000 5999999 2956
nn12 6000000 6099999 2700
nn12 6100000 6199999 2787
nn12 6200000 6299999 2571
nn12 6300000 6399999 2716
nn12 6400000 6499999 3033
nn12 6500000 6599999 2727
nn12 6600000 6699999 3021
nn12 6700000 6799999 2729
nn12 6800000 6899999 2754
nn12 6900000 6999999 2676
nn12 7000000 7099999 2568
nn12 7100000 7199999 2986
nn12 7200000 7299999 2790
nn12 7300000 7399999 3082
nn12 7400000 7499999 2691
nn12 7500000 7599999 2904
nn12 7600000 7699999 2695
nn12 7700000 7799999 2675
nn12 7800000 7899999 3050
nn12 7900000 7999999 2617
nn12 8000000 8099999 2945
nn12 8100000 8199999 2803
nn12 8200000 8299999 2475
nn12 8300000 8399999 2614
nn12 8400000 8499999 2852
nn12 8500000 8599999 3000
nn12 8600000 8699999 2329
nn12 8700000 8799999 2163
nn12 8800000 8899999 2210
nn12 8900000 8999999 2855
nn12 9000000 9099999 2530
nn12 9100000 9199999 2511
nn12 9200000 9299999 2643
nn12 9300000 9399999 2674
nn12 9400000 9499999 2472
nn12 9500000 9599999 2704
nn12 9600000 9699999 2653
nn12 9700000 9799999 2568
nn12 9800000 9899999 2504
nn12 9900000 9999999 2634
nn12 10000000 10099999 2441
nn12 10100000 10199999 2244
nn12 10200000 10299999 2159
nn12 10300000 10399999 2513
nn12 10400000 10499999 2909
nn12 10500000 10599999 2446
nn12 10600000 10699999 2338
nn12 10700000 10799999 2605
nn12 10800000 10899999 2984
nn12 10900000 10999999 2677
nn12 11000000 11099999 2393
nn12 11100000 11199999 2614
nn12 11200000 11299999 3233
nn12 11300000 11399999 3136
nn12 11400000 11499999 3093
nn12 11500000 11599999 2845
nn12 11600000 11699999 2962
nn12 11700000 11799999 3240
nn12 11800000 11899999 2691
nn12 11900000 11999999 3264
nn12 12000000 12099999 3574
nn12 12100000 12199999 2690
nn12 12200000 12299999 3331
nn12 12300000 12399999 2697
nn12 12400000 12499999 3396
nn12 12500000 12599999 3058
nn12 12600000 12699999 3144
nn12 12700000 12799999 3294
nn12 12800000 12899999 2838
nn12 12900000 12999999 2768
nn12 13000000 13099999 2703
nn12 13100000 13199999 2968
nn12 13200000 13299999 2545
nn12 13300000 13399999 2743
nn12 13400000 13499999 3231
nn12 13500000 13599999 3141
nn12 13600000 13699999 2459
nn12 13700000 13799999 2969
nn12 13800000 13899999 2697
nn12 13900000 13999999 2638
nn12 14000000 14099999 2998
nn12 14100000 14199999 2953
nn12 14200000 14299999 2815
nn12 14300000 14399999 3089
nn12 14400000 14499999 3454
nn12 14500000 14599999 2947
nn12 14600000 14699999 2720
nn12 14700000 14799999 2593
nn12 14800000 14899999 2820
nn12 14900000 14999999 2813
nn12 15000000 15099999 3010
nn12 15100000 15199999 3214
nn12 15200000 15299999 3408
nn12 15300000 15399999 3162
nn12 15400000 15499999 2893
nn12 15500000 15599999 3263
nn12 15600000 15699999 3132
nn12 15700000 15799999 2780
nn12 15800000 15899999 3041
nn12 15900000 15999999 3164
nn12 16000000 16099999 3365
nn12 16100000 16199999 3081
nn12 16200000 16299999 2859
nn12 16300000 16399999 2663
nn12 16400000 16499999 2669
nn12 16500000 16599999 3045
nn12 16600000 16699999 2729
nn12 16700000 16799999 2654
nn12 16800000 16899999 2805
nn12 16900000 16999999 2449
nn12 17000000 17099999 2737
nn12 17100000 17199999 2602
nn12 17200000 17299999 2430
nn12 17300000 17399999 2680
nn12 17400000 17499999 2846
nn12 17500000 17599999 2642
nn12 17600000 17699999 2471
nn12 17700000 17799999 2435
nn12 17800000 17899999 2408
nn12 17900000 17999999 2460
nn12 18000000 18099999 2500
nn12 18100000 18199999 2836
nn12 18200000 18299999 2787
nn12 18300000 18399999 2824
nn12 18400000 18499999 2885
nn12 18500000 18599999 2731
nn12 18600000 18699999 2546
nn12 18700000 18799999 2689
nn12 18800000 18899999 2261
nn12 18900000 18999999 2557
nn12 19000000 19099999 2040
nn12 19100000 19199999 2915
nn12 19200000 19299999 2476
nn12 19300000 19399999 2461
nn12 19400000 19499999 2619
nn12 19500000 19599999 2613
nn12 19600000 19699999 2939
nn12 19700000 19799999 2726
nn12 19800000 19899999 2685
nn12 19900000 19999999 2406
nn12 20000000 20099999 2941
nn12 20100000 20199999 3397
nn12 20200000 20299999 4208
nn12 20300000 20399999 3352
nn12 20400000 20499999 2897
nn12 20500000 20554282 1103
nn13 0 99999 2242
nn13 100000 199999 2611
nn13 200000 299999 2558
nn13 300000 399999 3130
nn13 400000 499999 3199
nn13 500000 599999 2475
nn13 600000 699999 2628
nn13 700000 799999 3164
nn13 800000 899999 3089
nn13 900000 999999 2916
nn13 1000000 1099999 2845
nn13 1100000 1199999 2667
nn13 1200000 1299999 2578
nn13 1300000 1399999 2985
nn13 1400000 1499999 2750
nn13 1500000 1599999 3091
nn13 1600000 1699999 3308
nn13 1700000 1799999 2979
nn13 1800000 1899999 2757
nn13 1900000 1999999 2219
nn13 2000000 2099999 2697
nn13 2100000 2199999 2558
nn13 2200000 2299999 2828
nn13 2300000 2399999 2920
nn13 2400000 2499999 2815
nn13 2500000 2599999 2908
nn13 2600000 2699999 2623
nn13 2700000 2799999 2715
nn13 2800000 2899999 2653
nn13 2900000 2999999 2665
nn13 3000000 3099999 2657
nn13 3100000 3199999 2771
nn13 3200000 3299999 2311
nn13 3300000 3399999 2832
nn13 3400000 3499999 2725
nn13 3500000 3599999 2814
nn13 3600000 3699999 2556
nn13 3700000 3799999 2414
nn13 3800000 3899999 2889
nn13 3900000 3999999 2766
nn13 4000000 4099999 2824
nn13 4100000 4199999 2802
nn13 4200000 4299999 2852
nn13 4300000 4399999 2776
nn13 4400000 4499999 2716
nn13 4500000 4599999 2449
nn13 4600000 4699999 2960
nn13 4700000 4799999 2995
nn13 4800000 4899999 2621
nn13 4900000 4999999 2358
nn13 5000000 5099999 2804
nn13 5100000 5199999 2806
nn13 5200000 5299999 3164
nn13 5300000 5399999 2981
nn13 5400000 5499999 2503
nn13 5500000 5599999 2440
nn13 5600000 5699999 2701
nn13 5700000 5799999 2411
nn13 5800000 5899999 2408
nn13 5900000 5999999 2612
nn13 6000000 6099999 2668
nn13 6100000 6199999 2492
nn13 6200000 6299999 2739
nn13 6300000 6399999 2615
nn13 6400000 6499999 2740
nn13 6500000 6599999 2631
nn13 6600000 6699999 2429
nn13 6700000 6799999 2592
nn13 6800000 6899999 2946
nn13 6900000 6999999 2843
nn13 7000000 7099999 2789
nn13 7100000 7199999 2883
nn13 7200000 7299999 2642
nn13 7300000 7399999 2822
nn13 7400000 7499999 2673
nn13 7500000 7599999 2415
nn13 7600000 7699999 2763
nn13 7700000 7799999 2501
nn13 7800000 7899999 2904
nn13 7900000 7999999 2722
nn13 8000000 8099999 3147
nn13 8100000 8199999 2522
nn13 8200000 8299999 2769
nn13 8300000 8399999 2642
nn13 8400000 8499999 2527
nn13 8500000 8599999 2521
nn13 8600000 8699999 2730
nn13 8700000 8799999 2489
nn13 8800000 8899999 2858
nn13 8900000 8999999 3030
nn13 9000000 9099999 3064
nn13 9100000 9199999 2567
nn13 9200000 9299999 2363
nn13 9300000 9399999 2909
nn13 9400000 9499999 2559
nn13 9500000 9599999 2807
nn13 9600000 9699999 2307
nn13 9700000 9799999 3289
nn13 9800000 9899999 3263
nn13 9900000 9999999 3126
nn13 10000000 10099999 2477
nn13 10100000 10199999 3157
nn13 10200000 10299999 2884
nn13 10300000 10399999 3185
nn13 10400000 10499999 2933
nn13 10500000 10599999 2696
nn13 10600000 10699999 2737
nn13 10700000 10799999 3198
nn13 10800000 10899999 3311
nn13 10900000 10999999 2777
nn13 11000000 11099999 3075
nn13 11100000 11199999 3010
nn13 11200000 11299999 3038
nn13 11300000 11399999 3462
nn13 11400000 11499999 2977
nn13 11500000 11599999 3020
nn13 11600000 11699999 2591
nn13 11700000 11799999 2917
nn13 11800000 11899999 2948
nn13 11900000 11999999 2948
nn13 12000000 12099999 2590
nn13 12100000 12199999 3119
nn13 12200000 12299999 3078
nn13 12300000 12399999 3058
nn13 12400000 12499999 3200
nn13 12500000 12599999 2919
nn13 12600000 12699999 3365
nn13 12700000 12799999 2879
nn13 12800000 12899999 3001
nn13 12900000 12999999 2860
nn13 13000000 13099999 2874
nn13 13100000 13199999 2617
nn13 13200000 13299999 3077
nn13 13300000 13399999 2640
nn13 13400000 13499999 2805
nn13 13500000 13599999 2937
nn13 13600000 13699999 2532
nn13 13700000 13799999 2845
nn13 13800000 13899999 2796
nn13 13900000 13999999 2949
nn13 14000000 14099999 3131
nn13 14100000 14199999 2914
nn13 14200000 14299999 2685
nn13 14300000 14399999 2945
nn13 14400000 14499999 2951
nn13 14500000 14599999 2633
nn13 14600000 14699999 2842
nn13 14700000 14799999 2583
nn13 14800000 14899999 2868
nn13 14900000 14999999 2587
nn13 15000000 15099999 2161
nn13 15100000 15199999 2536
nn13 15200000 15299999 2714
nn13 15300000 15399999 2507
nn13 15400000 15499999 2909
nn13 15500000 15599999 2841
nn13 15600000 15699999 2189
nn13 15700000 15799999 2741
nn13 15800000 15899999 2597
nn13 15900000 15999999 2417
nn13 16000000 16099999 2763
nn13 16100000 16199999 2357
nn13 16200000 16299999 2823
nn13 16300000 16399999 2957
nn13 16400000 16499999 2773
nn13 16500000 16599999 2791
nn13 16600000 16699999 2383
nn13 16700000 16799999 2053
nn13 16800000 16899999 2129
nn13 16900000 16999999 2535
nn13 17000000 17099999 2188
nn13 17100000 17199999 2478
nn13 17200000 17299999 2830
nn13 17300000 17399999 2640
nn13 17400000 17499999 2584
nn13 17500000 17599999 2657
nn13 17600000 17699999 2726
nn13 17700000 17799999 2821
nn13 17800000 17899999 2905
nn13 17900000 17999999 3068
nn13 18000000 18099999 3311
nn13 18100000 18199999 2153
nn13 18200000 18299999 2436
nn13 18300000 18371304 1452
nn14 0 99999 2456
nn14 100000 199999 3163
nn14 200000 299999 2858
nn14 300000 399999 3105
nn14 400000 499999 2881
nn14 500000 599999 2884
nn14 600000 699999 3056
nn14 700000 799999 3521
nn14 800000 899999 2892
nn14 900000 999999 2773
nn14 1000000 1099999 2868
nn14 1100000 1199999 2904
nn14 1200000 1299999 2979
nn14 1300000 1399999 2684
nn14 1400000 1499999 2598
nn14 1500000 1599999 2757
nn14 1600000 1699999 2953
nn14 1700000 1799999 2785
nn14 1800000 1899999 2606
nn14 1900000 1999999 2538
nn14 2000000 2099999 2517
nn14 2100000 2199999 2770
nn14 2200000 2299999 2706
nn14 2300000 2399999 2507
nn14 2400000 2499999 2622
nn14 2500000 2599999 2295
nn14 2600000 2699999 2567
nn14 2700000 2799999 2575
nn14 2800000 2899999 2565
nn14 2900000 2999999 2991
nn14 3000000 3099999 2346
nn14 3100000 3199999 2361
nn14 3200000 3299999 2289
nn14 3300000 3399999 2549
nn14 3400000 3499999 3171
nn14 3500000 3599999 2851
nn14 3600000 3699999 2537
nn14 3700000 3799999 2766
nn14 3800000 3899999 2435
nn14 3900000 3999999 2300
nn14 4000000 4099999 2540
nn14 4100000 4199999 2184
nn14 4200000 4299999 2696
nn14 4300000 4399999 2593
nn14 4400000 4499999 2509
nn14 4500000 4599999 2723
nn14 4600000 4699999 2570
nn14 4700000 4799999 2882
nn14 4800000 4899999 2667
nn14 4900000 4999999 2838
nn14 5000000 5099999 2924
nn14 5100000 5199999 2948
nn14 5200000 5299999 3085
nn14 5300000 5399999 2521
nn14 5400000 5499999 2702
nn14 5500000 5599999 2827
nn14 5600000 5699999 2774
nn14 5700000 5799999 2667
nn14 5800000 5899999 2785
nn14 5900000 5999999 2569
nn14 6000000 6099999 2751
nn14 6100000 6199999 2705
nn14 6200000 6299999 3040
nn14 6300000 6399999 2639
nn14 6400000 6499999 2829
nn14 6500000 6599999 2975
nn14 6600000 6699999 2330
nn14 6700000 6799999 2589
nn14 6800000 6899999 3233
nn14 6900000 6999999 2672
nn14 7000000 7099999 3202
nn14 7100000 7199999 3308
nn14 7200000 7299999 2532
nn14 7300000 7399999 2716
nn14 7400000 7499999 2897
nn14 7500000 7599999 3054
nn14 7600000 7699999 3122
nn14 7700000 7799999 2846
nn14 7800000 7899999 3046
nn14 7900000 7999999 2705
nn14 8000000 8099999 3101
nn14 8100000 8199999 2826
nn14 8200000 8299999 2568
nn14 8300000 8399999 2473
nn14 8400000 8499999 2861
nn14 8500000 8599999 2710
nn14 8600000 8699999 2680
nn14 8700000 8799999 2702
nn14 8800000 8899999 2752
nn14 8900000 8999999 3140
nn14 9000000 9099999 2731
nn14 9100000 9199999 2607
nn14 9200000 9299999 2877
nn14 9300000 9399999 2783
nn14 9400000 9499999 2576
nn14 9500000 9599999 2684
nn14 9600000 9699999 2831
nn14 9700000 9799999 3070
nn14 9800000 9899999 2371
nn14 9900000 9999999 2754
nn14 10000000 10099999 2943
nn14 10100000 10199999 2781
nn14 10200000 10299999 2693
nn14 10300000 10399999 2654
nn14 10400000 10499999 2726
nn14 10500000 10599999 3003
nn14 10600000 10699999 2622
nn14 10700000 10799999 3202
nn14 10800000 10899999 2891
nn14 10900000 10999999 3152
nn14 11000000 11099999 2965
nn14 11100000 11199999 2836
nn14 11200000 11299999 3117
nn14 11300000 11399999 3090
nn14 11400000 11499999 2873
nn14 11500000 11599999 2884
nn14 11600000 11699999 2543
nn14 11700000 11799999 3048
nn14 11800000 11899999 2964
nn14 11900000 11999999 2399
nn14 12000000 12099999 2872
nn14 12100000 12199999 2653
nn14 12200000 12299999 2394
nn14 12300000 12399999 2504
nn14 12400000 12499999 2798
nn14 12500000 12599999 2551
nn14 12600000 12699999 2577
nn14 12700000 12799999 2985
nn14 12800000 12899999 2823
nn14 12900000 12999999 2680
nn14 13000000 13099999 2284
nn14 13100000 13199999 2905
nn14 13200000 13299999 2591
nn14 13300000 13399999 2717
nn14 13400000 13499999 2637
nn14 13500000 13599999 2526
nn14 13600000 13699999 2940
nn14 13700000 13799999 2941
nn14 13800000 13899999 3166
nn14 13900000 13999999 3094
nn14 14000000 14099999 2720
nn14 14100000 14199999 2883
nn14 14200000 14299999 2598
nn14 14300000 14399999 2891
nn14 14400000 14499999 2887
nn14 14500000 14599999 2440
nn14 14600000 14699999 3427
nn14 14700000 14799999 2961
nn14 14800000 14899999 2887
nn14 14900000 14999999 3220
nn14 15000000 15099999 2447
nn14 15100000 15199999 2613
nn14 15200000 15299999 2723
nn14 15300000 15399999 3235
nn14 15400000 15499999 3864
nn14 15500000 15599999 3399
nn14 15600000 15699999 2270
nn14 15700000 15799999 2283
nn14 15800000 15813833 496
nn15 0 99999 2297
nn15 100000 199999 2906
nn15 200000 299999 2694
nn15 300000 399999 2780
nn15 400000 499999 2725
nn15 500000 599999 2531
nn15 600000 699999 2620
nn15 700000 799999 3002
nn15 800000 899999 2703
nn15 900000 999999 2942
nn15 1000000 1099999 2849
nn15 1100000 1199999 2563
nn15 1200000 1299999 2472
nn15 1300000 1399999 2723
nn15 1400000 1499999 2663
nn15 1500000 1599999 2789
nn15 1600000 1699999 2357
nn15 1700000 1799999 2560
nn15 1800000 1899999 2728
nn15 1900000 1999999 2604
nn15 2000000 2099999 2472
nn15 2100000 2199999 2666
nn15 2200000 2299999 3013
nn15 2300000 2399999 2678
nn15 2400000 2499999 3111
nn15 2500000 2599999 2371
nn15 2600000 2699999 2705
nn15 2700000 2799999 2936
nn15 2800000 2899999 2718
nn15 2900000 2999999 3110
nn15 3000000 3099999 3332
nn15 3100000 3199999 3118
nn15 3200000 3299999 2845
nn15 3300000 3399999 2967
nn15 3400000 3499999 2870
nn15 3500000 3599999 2546
nn15 3600000 3699999 2599
nn15 3700000 3799999 2804
nn15 3800000 3899999 2817
nn15 3900000 3999999 2866
nn15 4000000 4099999 2689
nn15 4100000 4199999 2989
nn15 4200000 4299999 2970
nn15 4300000 4399999 2669
nn15 4400000 4499999 2370
nn15 4500000 4599999 3020
nn15 4600000 4699999 2968
nn15 4700000 4799999 2694
nn15 4800000 4899999 2656
nn15 4900000 4999999 2606
nn15 5000000 5099999 2721
nn15 5100000 5199999 2717
nn15 5200000 5299999 2932
nn15 5300000 5399999 2168
nn15 5400000 5499999 2758
nn15 5500000 5599999 2796
nn15 5600000 5699999 2573
nn15 5700000 5799999 2585
nn15 5800000 5899999 2969
nn15 5900000 5999999 2638
nn15 6000000 6099999 3126
nn15 6100000 6199999 2947
nn15 6200000 6299999 2508
nn15 6300000 6399999 2616
nn15 6400000 6499999 2626
nn15 6500000 6599999 2850
nn15 6600000 6699999 2706
nn15 6700000 6799999 2782
nn15 6800000 6899999 2421
nn15 6900000 6999999 2969
nn15 7000000 7099999 2809
nn15 7100000 7199999 3066
nn15 7200000 7299999 2627
nn15 7300000 7399999 2805
nn15 7400000 7499999 2499
nn15 7500000 7599999 2593
nn15 7600000 7699999 2407
nn15 7700000 7799999 2555
nn15 7800000 7899999 2615
nn15 7900000 7999999 2822
nn15 8000000 8099999 3061
nn15 8100000 8199999 2481
nn15 8200000 8299999 2757
nn15 8300000 8399999 2350
nn15 8400000 8499999 2760
nn15 8500000 8599999 2391
nn15 8600000 8699999 2745
nn15 8700000 8799999 3209
nn15 8800000 8899999 2596
nn15 8900000 8999999 2666
nn15 9000000 9099999 2513
nn15 9100000 9199999 2585
nn15 9200000 9299999 2407
nn15 9300000 9399999 2878
nn15 9400000 9499999 2597
nn15 9500000 9599999 2510
nn15 9600000 9699999 3022
nn15 9700000 9799999 2364
nn15 9800000 9899999 2829
nn15 9900000 9999999 2547
nn15 10000000 10099999 2994
nn15 10100000 10199999 2268
nn15 10200000 10299999 2529
nn15 10300000 10399999 3202
nn15 10400000 10499999 2594
nn15 10500000 10599999 2317
nn15 10600000 10699999 2429
nn15 10700000 10799999 2975
nn15 10800000 10899999 2545
nn15 10900000 10999999 3167
nn15 11000000 11099999 2763
nn15 11100000 11199999 2480
nn15 11200000 11299999 2555
nn15 11300000 11399999 2582
nn15 11400000 11499999 2354
nn15 11500000 11599999 2595
nn15 11600000 11699999 2350
nn15 11700000 11799999 2901
nn15 11800000 11899999 2781
nn15 11900000 11999999 2790
nn15 12000000 12099999 2488
nn15 12100000 12199999 2443
nn15 12200000 12299999 2265
nn15 12300000 12399999 2044
nn15 12400000 12499999 2453
nn15 12500000 12599999 2651
nn15 12600000 12699999 2614
nn15 12700000 12799999 2817
nn15 12800000 12880243 2852
nn16 0 99999 1932
nn16 100000 199999 2576
nn16 200000 299999 2889
nn16 300000 399999 2064
nn16 400000 499999 2061
nn16 500000 599999 2021
nn16 600000 699999 1769
nn16 700000 799999 2233
nn16 800000 899999 1440
nn16 900000 999999 2113
nn16 1000000 1099999 1497
nn16 1100000 1199999 1748
nn16 1200000 1299999 3011
nn16 1300000 1399999 1176
nn16 1400000 1499999 1465
nn16 1500000 1599999 1117
nn16 1600000 1699999 2731
nn16 1700000 1799999 596
nn16 1800000 1899999 1118
nn16 1900000 1999999 1795
nn16 2000000 2099999 565
nn16 2100000 2199999 808
nn16 2200000 2299999 431
nn16 2300000 2399999 1906
nn16 2400000 2499999 2172
nn16 2500000 2599999 3566
nn16 2600000 2699999 3593
nn16 2700000 2799999 2746
nn16 2800000 2899999 2965
nn16 2900000 2999999 2942
nn16 3000000 3099999 2714
nn16 3100000 3199999 3414
nn16 3200000 3299999 2508
nn16 3300000 3399999 2917
nn16 3400000 3499999 2897
nn16 3500000 3599999 2365
nn16 3600000 3699999 2780
nn16 3700000 3799999 3174
nn16 3800000 3899999 2987
nn16 3900000 3999999 2568
nn16 4000000 4099999 2977
nn16 4100000 4199999 3977
nn16 4200000 4299999 2674
nn16 4300000 4399999 2892
nn16 4400000 4499999 2621
nn16 4500000 4599999 2846
nn16 4600000 4635106 639
nn17 0 99999 2764
nn17 100000 199999 3264
nn17 200000 299999 3145
nn17 300000 399999 2934
nn17 400000 499999 2910
nn17 500000 599999 3075
nn17 600000 699999 2874
nn17 700000 799999 3064
nn17 800000 899999 2767
nn17 900000 999999 3244
nn17 1000000 1099999 2855
nn17 1100000 1199999 2925
nn17 1200000 1299999 2684
nn17 1300000 1399999 3073
nn17 1400000 1499999 2756
nn17 1500000 1599999 2423
nn17 1600000 1699999 2760
nn17 1700000 1799999 2706
nn17 1800000 1899999 2715
nn17 1900000 1999999 2420
nn17 2000000 2099999 2669
nn17 2100000 2199999 3087
nn17 2200000 2299999 2935
nn17 2300000 2399999 2776
nn17 2400000 2499999 3041
nn17 2500000 2599999 2586
nn17 2600000 2699999 2865
nn17 2700000 2799999 2650
nn17 2800000 2899999 3040
nn17 2900000 2999999 2619
nn17 3000000 3099999 2603
nn17 3100000 3199999 2686
nn17 3200000 3299999 2533
nn17 3300000 3399999 2719
nn17 3400000 3499999 2559
nn17 3500000 3599999 2566
nn17 3600000 3699999 2633
nn17 3700000 3799999 2335
nn17 3800000 3899999 2298
nn17 3900000 3999999 2448
nn17 4000000 4099999 2500
nn17 4100000 4199999 2781
nn17 4200000 4299999 2675
nn17 4300000 4399999 2555
nn17 4400000 4499999 3053
nn17 4500000 4599999 2596
nn17 4600000 4699999 2744
nn17 4700000 4799999 2647
nn17 4800000 4899999 2555
nn17 4900000 4999999 2934
nn17 5000000 5099999 2336
nn17 5100000 5199999 2511
nn17 5200000 5299999 2639
nn17 5300000 5399999 2640
nn17 5400000 5499999 2757
nn17 5500000 5599999 3016
nn17 5600000 5699999 2362
nn17 5700000 5799999 2350
nn17 5800000 5899999 2560
nn17 5900000 5999999 3118
nn17 6000000 6099999 2374
nn17 6100000 6199999 2351
nn17 6200000 6299999 2174
nn17 6300000 6399999 3179
nn17 6400000 6499999 2913
nn17 6500000 6599999 2709
nn17 6600000 6699999 2413
nn17 6700000 6799999 2447
nn17 6800000 6899999 2699
nn17 6900000 6999999 2738
nn17 7000000 7099999 2645
nn17 7100000 7199999 3043
nn17 7200000 7299999 2650
nn17 7300000 7399999 2269
nn17 7400000 7499999 2518
nn17 7500000 7599999 2547
nn17 7600000 7699999 2591
nn17 7700000 7799999 2151
nn17 7800000 7899999 2609
nn17 7900000 7999999 2596
nn17 8000000 8099999 2734
nn17 8100000 8199999 2261
nn17 8200000 8299999 2544
nn17 8300000 8399999 2798
nn17 8400000 8499999 2833
nn17 8500000 8599999 2692
nn17 8600000 8699999 2722
nn17 8700000 8799999 2505
nn17 8800000 8899999 2718
nn17 8900000 8999999 2531
nn17 9000000 9099999 2370
nn17 9100000 9199999 2671
nn17 9200000 9299999 2478
nn17 9300000 9399999 2935
nn17 9400000 9499999 3573
nn17 9500000 9599999 2383
nn17 9600000 9699999 2722
nn17 9700000 9799999 3048
nn17 9800000 9899999 2800
nn17 9900000 9999999 3263
nn17 10000000 10099999 3114
nn17 10100000 10199999 2604
nn17 10200000 10299999 3127
nn17 10300000 10399999 4394
nn17 10400000 10499999 6719
nn17 10500000 10599999 4517
nn17 10600000 10683667 2359
nn18 0 99999 1981
nn18 100000 199999 2625
nn18 200000 299999 2499
nn18 300000 399999 2800
nn18 400000 499999 2853
nn18 500000 599999 2706
nn18 600000 699999 2482
nn18 700000 799999 2465
nn18 800000 899999 3041
nn18 900000 999999 2518
nn18 1000000 1099999 2372
nn18 1100000 1199999 2921
nn18 1200000 1299999 2791
nn18 1300000 1399999 2769
nn18 1400000 1499999 2790
nn18 1500000 1599999 2516
nn18 1600000 1699999 2524
nn18 1700000 1799999 2456
nn18 1800000 1899999 2787
nn18 1900000 1999999 2909
nn18 2000000 2099999 3115
nn18 2100000 2199999 2941
nn18 2200000 2299999 3115
nn18 2300000 2399999 3098
nn18 2400000 2499999 2969
nn18 2500000 2599999 3118
nn18 2600000 2699999 2417
nn18 2700000 2799999 2589
nn18 2800000 2899999 2908
nn18 2900000 2999999 3187
nn18 3000000 3099999 3352
nn18 3100000 3199999 2378
nn18 3200000 3299999 2869
nn18 3300000 3399999 2569
nn18 3400000 3499999 3335
nn18 3500000 3599999 2500
nn18 3600000 3699999 2432
nn18 3700000 3799999 3007
nn18 3800000 3899999 2480
nn18 3900000 3999999 2722
nn18 4000000 4099999 2685
nn18 4100000 4199999 2505
nn18 4200000 4299999 2356
nn18 4300000 4399999 2505
nn18 4400000 4499999 2479
nn18 4500000 4599999 2597
nn18 4600000 4699999 2545
nn18 4700000 4799999 3105
nn18 4800000 4899999 2879
nn18 4900000 4999999 2569
nn18 5000000 5099999 2579
nn18 5100000 5199999 3037
nn18 5200000 5299999 3014
nn18 5300000 5399999 2293
nn18 5400000 5499999 2204
nn18 5500000 5599999 2569
nn18 5600000 5699999 3061
nn18 5700000 5799999 2983
nn18 5800000 5899999 2950
nn18 5900000 5999999 2843
nn18 6000000 6099999 2387
nn18 6100000 6199999 2468
nn18 6200000 6299999 2385
nn18 6300000 6399999 2725
nn18 6400000 6499999 2582
nn18 6500000 6599999 2602
nn18 6600000 6699999 2929
nn18 6700000 6799999 2787
nn18 6800000 6899999 2696
nn18 6900000 6999999 2619
nn18 7000000 7099999 2846
nn18 7100000 7199999 2873
nn18 7200000 7299999 2883
nn18 7300000 7399999 2769
nn18 7400000 7499999 2658
nn18 7500000 7599999 2786
nn18 7600000 7699999 2721
nn18 7700000 7799999 2540
nn18 7800000 7899999 2738
nn18 7900000 7999999 2550
nn18 8000000 8099999 3073
nn18 8100000 8199999 2675
nn18 8200000 8299999 2535
nn18 8300000 8399999 3089
nn18 8400000 8499999 2959
nn18 8500000 8599999 2277
nn18 8600000 8699999 2661
nn18 8700000 8799999 2722
nn18 8800000 8899999 2529
nn18 8900000 8999999 2844
nn18 9000000 9099999 3237
nn18 9100000 9199999 2766
nn18 9200000 9299999 2349
nn18 9300000 9399999 2366
nn18 9400000 9499999 2228
nn18 9500000 9599999 3103
nn18 9600000 9699999 2709
nn18 9700000 9799999 2657
nn18 9800000 9899999 2538
nn18 9900000 9999999 3125
nn18 10000000 10099999 3293
nn18 10100000 10199999 2465
nn18 10200000 10299999 3011
nn18 10300000 10399999 2930
nn18 10400000 10499999 2708
nn18 10500000 10599999 2610
nn18 10600000 10699999 2999
nn18 10700000 10799999 3237
nn18 10800000 10899999 2708
nn18 10900000 10999999 3451
nn18 11000000 11099999 2415
nn18 11100000 11165485 922
nn19 0 99999 2761
nn19 100000 199999 2728
nn19 200000 299999 2967
nn19 300000 399999 2915
nn19 400000 499999 2820
nn19 500000 599999 2595
nn19 600000 699999 2642
nn19 700000 799999 2539
nn19 800000 899999 2621
nn19 900000 999999 2543
nn19 1000000 1099999 2630
nn19 1100000 1199999 2331
nn19 1200000 1299999 2441
nn19 1300000 1399999 2314
nn19 1400000 1499999 2733
nn19 1500000 1599999 2765
nn19 1600000 1699999 2673
nn19 1700000 1799999 2495
nn19 1800000 1899999 2290
nn19 1900000 1999999 2479
nn19 2000000 2099999 2350
nn19 2100000 2199999 2856
nn19 2200000 2299999 2567
nn19 2300000 2399999 2718
nn19 2400000 2499999 2486
nn19 2500000 2599999 2631
nn19 2600000 2699999 2318
nn19 2700000 2799999 2469
nn19 2800000 2899999 2774
nn19 2900000 2999999 2575
nn19 3000000 3099999 2751
nn19 3100000 3199999 2184
nn19 3200000 3299999 2577
nn19 3300000 3399999 2484
nn19 3400000 3499999 2527
nn19 3500000 3599999 2523
nn19 3600000 3699999 2571
nn19 3700000 3799999 2358
nn19 3800000 3899999 2205
nn19 3900000 3999999 2679
nn19 4000000 4099999 2782
nn19 4100000 4199999 2894
nn19 4200000 4299999 2549
nn19 4300000 4399999 2808
nn19 4400000 4499999 2811
nn19 4500000 4599999 2606
nn19 4600000 4699999 2515
nn19 4700000 4799999 2563
nn19 4800000 4899999 2858
nn19 4900000 4999999 2709
nn19 5000000 5099999 2718
nn19 5100000 5199999 2248
nn19 5200000 5299999 2865
nn19 5300000 5399999 2725
nn19 5400000 5499999 2402
nn19 5500000 5599999 2777
nn19 5600000 5699999 2148
nn19 5700000 5799999 2756
nn19 5800000 5899999 2389
nn19 5900000 5999999 2076
nn19 6000000 6099999 3215
nn19 6100000 6199999 2573
nn19 6200000 6299999 3013
nn19 6300000 6399999 2235
nn19 6400000 6499999 2246
nn19 6500000 6599999 3028
nn19 6600000 6699999 2669
nn19 6700000 6799999 2314
nn19 6800000 6899999 2588
nn19 6900000 6999999 2574
nn19 7000000 7099999 2537
nn19 7100000 7199999 2724
nn19 7200000 7299999 2573
nn19 7300000 7399999 2890
nn19 7400000 7499999 2644
nn19 7500000 7599999 2635
nn19 7600000 7699999 2516
nn19 7700000 7799999 2856
nn19 7800000 7899999 2770
nn19 7900000 7999999 2953
nn19 8000000 8099999 2529
nn19 8100000 8199999 2813
nn19 8200000 8299999 2821
nn19 8300000 8399999 2668
nn19 8400000 8499999 2512
nn19 8500000 8599999 2726
nn19 8600000 8699999 2615
nn19 8700000 8799999 2747
nn19 8800000 8899999 2760
nn19 8900000 8999999 2856
nn19 9000000 9099999 2693
nn19 9100000 9199999 2664
nn19 9200000 9299999 2740
nn19 9300000 9399999 2910
nn19 9400000 9499999 2593
nn19 9500000 9599999 2618
nn19 9600000 9699999 2973
nn19 9700000 9799999 3279
nn19 9800000 9899999 2878
nn19 9900000 9999999 3026
nn19 10000000 10099999 2827
nn19 10100000 10199999 2351
nn19 10200000 10254927 535
nn20 0 99999 2110
nn20 100000 199999 2692
nn20 200000 299999 2519
nn20 300000 399999 2791
nn20 400000 499999 2970
nn20 500000 599999 2609
nn20 600000 699999 3132
nn20 700000 799999 2825
nn20 800000 899999 2586
nn20 900000 999999 2478
nn20 1000000 1099999 2894
nn20 1100000 1199999 2533
nn20 1200000 1299999 2674
nn20 1300000 1399999 2808
nn20 1400000 1499999 2844
nn20 1500000 1599999 2633
nn20 1600000 1699999 2869
nn20 1700000 1799999 2898
nn20 1800000 1899999 3106
nn20 1900000 1999999 2816
nn20 2000000 2099999 2663
nn20 2100000 2199999 3157
nn20 2200000 2299999 2387
nn20 2300000 2399999 3090
nn20 2400000 2499999 2658
nn20 2500000 2599999 2712
nn20 2600000 2699999 3058
nn20 2700000 2799999 2733
nn20 2800000 2899999 2923
nn20 2900000 2999999 2767
nn20 3000000 3099999 2542
nn20 3100000 3199999 2681
nn20 3200000 3299999 2604
nn20 3300000 3399999 2618
nn20 3400000 3499999 2734
nn20 3500000 3599999 2705
nn20 3600000 3699999 2687
nn20 3700000 3799999 2788
nn20 3800000 3899999 2891
nn20 3900000 3999999 2436
nn20 4000000 4099999 2941
nn20 4100000 4199999 3139
nn20 4200000 4299999 3102
nn20 4300000 4399999 2459
nn20 4400000 4499999 2312
nn20 4500000 4599999 2822
nn20 4600000 4699999 2980
nn20 4700000 4799999 2495
nn20 4800000 4899999 2442
nn20 4900000 4999999 2351
nn20 5000000 5099999 2406
nn20 5100000 5199999 2333
nn20 5200000 5299999 2056
nn20 5300000 5399999 2484
nn20 5400000 5499999 2606
nn20 5500000 5599999 2496
nn20 5600000 5699999 2759
nn20 5700000 5799999 2974
nn20 5800000 5899999 3004
nn20 5900000 5999999 2828
nn20 6000000 6099999 2560
nn20 6100000 6199999 3007
nn20 6200000 6299999 2780
nn20 6300000 6399999 2604
nn20 6400000 6499999 2790
nn20 6500000 6599999 2802
nn20 6600000 6699999 2858
nn20 6700000 6799999 2715
nn20 6800000 6899999 3108
nn20 6900000 6999999 3007
nn20 7000000 7099999 2967
nn20 7100000 7199999 3261
nn20 7200000 7299999 3159
nn20 7300000 7399999 2641
nn20 7400000 7499999 3093
nn20 7500000 7599999 2842
nn20 7600000 7699999 3076
nn20 7700000 7799999 2708
nn20 7800000 7899999 3176
nn20 7900000 7999999 3368
nn20 8000000 8099999 2972
nn20 8100000 8199999 2772
nn20 8200000 8299999 2664
nn20 8300000 8399999 2819
nn20 8400000 8499999 2783
nn20 8500000 8599999 3010
nn20 8600000 8699999 3164
nn20 8700000 8799999 3112
nn20 8800000 8899999 3151
nn20 8900000 8999999 2731
nn20 9000000 9099999 3272
nn20 9100000 9199999 3043
nn20 9200000 9299999 2601
nn20 9300000 9399999 2482
nn20 9400000 9499999 2687
nn20 9500000 9599999 2353
nn20 9600000 9699999 2291
nn20 9700000 9799999 2931
nn20 9800000 9899999 2443
nn20 9900000 9999999 2491
nn20 10000000 10099999 2645
nn20 10100000 10199999 2445
nn20 10200000 10299999 2487
nn20 10300000 10399999 3005
nn20 10400000 10499999 2677
nn20 10500000 10599999 2851
nn20 10600000 10699999 2724
nn20 10700000 10799999 2548
nn20 10800000 10899999 2465
nn20 10900000 10999999 2330
nn20 11000000 11099999 2460
nn20 11100000 11199999 2821
nn20 11200000 11299999 2550
nn20 11300000 11399999 2874
nn20 11400000 11499999 2556
nn20 11500000 11599999 2561
nn20 11600000 11699999 2557
nn20 11700000 11799999 2993
nn20 11800000 11899999 2844
nn20 11900000 11999999 2533
nn20 12000000 12099999 3201
nn20 12100000 12199999 3174
nn20 12200000 12299999 2882
nn20 12300000 12399999 2204
nn20 12400000 12499999 2614
nn20 12500000 12599999 3109
nn20 12600000 12699999 2524
nn20 12700000 12799999 2860
nn20 12800000 12899999 2450
nn20 12900000 12999999 2489
nn20 13000000 13099999 2526
nn20 13100000 13199999 2885
nn20 13200000 13299999 2639
nn20 13300000 13399999 2949
nn20 13400000 13499999 2782
nn20 13500000 13599999 2888
nn20 13600000 13699999 2786
nn20 13700000 13799999 2579
nn20 13800000 13899999 3233
nn20 13900000 13999999 3001
nn20 14000000 14099999 2654
nn20 14100000 14199999 3140
nn20 14200000 14299999 3150
nn20 14300000 14399999 3627
nn20 14400000 14499999 3918
nn20 14500000 14599999 3441
nn20 14600000 14699999 3064
nn20 14700000 14769858 1552
nn21 0 99999 2162
nn21 100000 199999 2643
nn21 200000 299999 2641
nn21 300000 399999 2557
nn21 400000 499999 2784
nn21 500000 599999 2783
nn21 600000 699999 3247
nn21 700000 799999 2517
nn21 800000 899999 2623
nn21 900000 999999 2709
nn21 1000000 1099999 3059
nn21 1100000 1199999 2596
nn21 1200000 1299999 2962
nn21 1300000 1399999 2611
nn21 1400000 1499999 2851
nn21 1500000 1599999 2581
nn21 1600000 1699999 2543
nn21 1700000 1799999 2736
nn21 1800000 1899999 3106
nn21 1900000 1999999 2565
nn21 2000000 2099999 2421
nn21 2100000 2199999 2590
nn21 2200000 2299999 2663
nn21 2300000 2399999 2592
nn21 2400000 2499999 2388
nn21 2500000 2599999 2365
nn21 2600000 2699999 2704
nn21 2700000 2799999 2679
nn21 2800000 2899999 2621
nn21 2900000 2999999 2841
nn21 3000000 3099999 2840
nn21 3100000 3199999 2563
nn21 3200000 3299999 2878
nn21 3300000 3399999 2436
nn21 3400000 3499999 2453
nn21 3500000 3599999 2750
nn21 3600000 3699999 2320
nn21 3700000 3799999 2892
nn21 3800000 3899999 2233
nn21 3900000 3999999 2659
nn21 4000000 4099999 2445
nn21 4100000 4199999 2717
nn21 4200000 4299999 2386
nn21 4300000 4399999 2615
nn21 4400000 4499999 2184
nn21 4500000 4599999 2512
nn21 4600000 4699999 2256
nn21 4700000 4799999 2587
nn21 4800000 4899999 3047
nn21 4900000 4999999 2458
nn21 5000000 5099999 2323
nn21 5100000 5199999 2650
nn21 5200000 5299999 2301
nn21 5300000 5399999 1999
nn21 5400000 5499999 2554
nn21 5500000 5599999 2555
nn21 5600000 5699999 2318
nn21 5700000 5799999 2431
nn21 5800000 5899999 2570
nn21 5900000 5999999 2722
nn21 6000000 6099999 2546
nn21 6100000 6199999 2300
nn21 6200000 6299999 2332
nn21 6300000 6399999 2751
nn21 6400000 6499999 2870
nn21 6500000 6599999 2885
nn21 6600000 6699999 2600
nn21 6700000 6799999 2754
nn21 6800000 6899999 2245
nn21 6900000 6999999 3044
nn21 7000000 7099999 4205
nn21 7100000 7199999 2902
nn21 7200000 7299999 2110
nn21 7300000 7395262 2522
nn22 0 99999 2120
nn22 100000 199999 2773
nn22 200000 299999 3059
nn22 300000 399999 2427
nn22 400000 499999 2489
nn22 500000 599999 2344
nn22 600000 699999 2619
nn22 700000 799999 2756
nn22 800000 899999 2557
nn22 900000 999999 2283
nn22 1000000 1099999 2565
nn22 1100000 1199999 2433
nn22 1200000 1299999 2692
nn22 1300000 1399999 2730
nn22 1400000 1499999 2051
nn22 1500000 1599999 2385
nn22 1600000 1699999 2578
nn22 1700000 1799999 2446
nn22 1800000 1899999 2440
nn22 1900000 1999999 2093
nn22 2000000 2099999 2495
nn22 2100000 2199999 2727
nn22 2200000 2299999 2828
nn22 2300000 2399999 2637
nn22 2400000 2499999 2875
nn22 2500000 2599999 2793
nn22 2600000 2699999 2891
nn22 2700000 2799999 3047
nn22 2800000 2899999 2575
nn22 2900000 2999999 2181
nn22 3000000 3099999 2684
nn22 3100000 3199999 2527
nn22 3200000 3299999 2378
nn22 3300000 3399999 1983
nn22 3400000 3499999 1629
nn22 3500000 3599999 1574
nn22 3600000 3699999 2107
nn22 3700000 3799999 2430
nn22 3800000 3899999 2965
nn22 3900000 3999999 2869
nn22 4000000 4099999 2809
nn22 4100000 4199999 2680
nn22 4200000 4299999 2470
nn22 4300000 4399999 2684
nn22 4400000 4499999 2924
nn22 4500000 4599999 2261
nn22 4600000 4699999 2677
nn22 4700000 4799999 2432
nn22 4800000 4899999 2983
nn22 4900000 4999999 3948
nn22 5000000 5099999 4145
nn22 5100000 5199999 2863
nn22 5200000 5238597 982
nn23 0 99999 2179
nn23 100000 199999 2800
nn23 200000 299999 3012
nn23 300000 399999 2863
nn23 400000 499999 2516
nn23 500000 599999 2587
nn23 600000 699999 2996
nn23 700000 799999 2859
nn23 800000 899999 2941
nn23 900000 999999 2763
nn23 1000000 1099999 2248
nn23 1100000 1199999 2538
nn23 1200000 1299999 2710
nn23 1300000 1399999 3101
nn23 1400000 1499999 2475
nn23 1500000 1599999 2775
nn23 1600000 1699999 3023
nn23 1700000 1799999 3075
nn23 1800000 1899999 2592
nn23 1900000 1999999 3022
nn23 2000000 2099999 2908
nn23 2100000 2199999 2840
nn23 2200000 2299999 2691
nn23 2300000 2399999 2538
nn23 2400000 2499999 2533
nn23 2500000 2599999 2280
nn23 2600000 2699999 2510
nn23 2700000 2799999 2558
nn23 2800000 2899999 2847
nn23 2900000 2999999 2710
nn23 3000000 3099999 2586
nn23 3100000 3199999 2569
nn23 3200000 3299999 2826
nn23 3300000 3399999 2874
nn23 3400000 3499999 2263
nn23 3500000 3599999 2319
nn23 3600000 3699999 2783
nn23 3700000 3799999 2437
nn23 3800000 3899999 2636
nn23 3900000 3999999 2691
nn23 4000000 4099999 2221
nn23 4100000 4199999 2493
nn23 4200000 4299999 2400
nn23 4300000 4399999 2648
nn23 4400000 4499999 2706
nn23 4500000 4599999 3067
nn23 4600000 4699999 2800
nn23 4700000 4799999 2857
nn23 4800000 4899999 2700
nn23 4900000 4999999 2919
nn23 5000000 5099999 2567
nn23 5100000 5199999 2409
nn23 5200000 5299999 2738
nn23 5300000 5399999 2385
nn23 5400000 5499999 2353
nn23 5500000 5599999 2808
nn23 5600000 5699999 2614
nn23 5700000 5799999 2796
nn23 5800000 5899999 2502
nn23 5900000 5999999 2914
nn23 6000000 6099999 3137
nn23 6100000 6199999 3366
nn23 6200000 6299999 3164
nn23 6300000 6329449 301
nn24 0 99999 1780
nn24 100000 199999 2738
nn24 200000 299999 3193
nn24 300000 399999 2758
nn24 400000 499999 2589
nn24 500000 599999 2748
nn24 600000 699999 2529
nn24 700000 799999 2772
nn24 800000 899999 2667
nn24 900000 999999 2756
nn24 1000000 1099999 2954
nn24 1100000 1199999 2784
nn24 1200000 1299999 2533
nn24 1300000 1399999 2987
nn24 1400000 1499999 2748
nn24 1500000 1599999 2612
nn24 1600000 1699999 2450
nn24 1700000 1799999 2609
nn24 1800000 1899999 2481
nn24 1900000 1999999 2789
nn24 2000000 2099999 2524
nn24 2100000 2199999 2149
nn24 2200000 2299999 2522
nn24 2300000 2399999 2656
nn24 2400000 2499999 2775
nn24 2500000 2599999 2362
nn24 2600000 2699999 2828
nn24 2700000 2799999 2662
nn24 2800000 2899999 2740
nn24 2900000 2999999 2526
nn24 3000000 3099999 2586
nn24 3100000 3199999 2825
nn24 3200000 3299999 2563
nn24 3300000 3399999 2292
nn24 3400000 3499999 2878
nn24 3500000 3599999 2325
nn24 3600000 3699999 2877
nn24 3700000 3799999 2613
nn24 3800000 3899999 2860
nn24 3900000 3999999 2254
nn24 4000000 4099999 2319
nn24 4100000 4199999 2436
nn24 4200000 4299999 3238
nn24 4300000 4399999 2817
nn24 4400000 4499999 2494
nn24 4500000 4599999 2726
nn24 4600000 4699999 2536
nn24 4700000 4799999 2445
nn24 4800000 4899999 2770
nn24 4900000 4999999 2555
nn24 5000000 5099999 3424
nn24 5100000 5199999 3041
nn24 5200000 5299999 2293
nn24 5300000 5399999 3000
nn24 5400000 5499999 3076
nn24 5500000 5599999 2663
nn24 5600000 5699999 2782
nn24 5700000 5799999 2755
nn24 5800000 5899999 2364
nn24 5900000 5999999 2537
nn24 6000000 6099999 2677
nn24 6100000 6199999 2978
nn24 6200000 6299999 2739
nn24 6300000 6399999 2704
nn24 6400000 6499999 3030
nn24 6500000 6599999 3174
nn24 6600000 6699999 3278
nn24 6700000 6799999 3012
nn24 6800000 6899999 3135
nn24 6900000 6998170 2433
nn25 0 99999 2839
nn25 100000 199999 3247
nn25 200000 299999 2202
nn25 300000 399999 2344
nn25 400000 499999 1778
nn25 500000 599999 4030
nn25 600000 699999 5290
nn25 700000 799999 3771
nn25 800000 899999 2435
nn25 900000 999999 6138
nn25 1000000 1099999 1402
nn25 1100000 1199999 2273
nn25 1200000 1299999 1299
nn25 1300000 1399999 1520
nn25 1400000 1499999 2842
nn25 1500000 1599999 2702
nn25 1600000 1699999 2603
nn25 1700000 1799999 1878
nn25 1800000 1899999 2217
nn25 1900000 1999999 2487
nn25 2000000 2099999 2511
nn25 2100000 2199999 2370
nn25 2200000 2299999 2380
nn25 2300000 2399999 1814
nn25 2400000 2499999 2476
nn25 2500000 2599999 2602
nn25 2600000 2699999 2893
nn25 2700000 2799999 2273
nn25 2800000 2899999 2292
nn25 2900000 2999999 2132
nn25 3000000 3099999 2546
nn25 3100000 3199999 2382
nn25 3200000 3299999 2629
nn25 3300000 3399999 3008
nn25 3400000 3499999 2711
nn25 3500000 3599999 2874
nn25 3600000 3699999 1941
nn25 3700000 3799999 2460
nn25 3800000 3899999 2758
nn25 3900000 3999999 3060
nn25 4000000 4099999 3203
nn25 4100000 4199999 3363
nn25 4200000 4299999 2699
nn25 4300000 4333314 866
nn26 0 99999 2230
nn26 100000 199999 2304
nn26 200000 299999 2434
nn26 300000 399999 2852
nn26 400000 499999 2632
nn26 500000 599999 2764
nn26 600000 699999 2622
nn26 700000 799999 2982
nn26 800000 899999 2729
nn26 900000 999999 2472
nn26 1000000 1099999 2834
nn26 1100000 1199999 2675
nn26 1200000 1299999 2637
nn26 1300000 1399999 2383
nn26 1400000 1499999 2528
nn26 1500000 1599999 2121
nn26 1600000 1699999 2681
nn26 1700000 1799999 2884
nn26 1800000 1899999 2749
nn26 1900000 1999999 2686
nn26 2000000 2099999 2601
nn26 2100000 2199999 2738
nn26 2200000 2299999 2618
nn26 2300000 2399999 2813
nn26 2400000 2499999 2122
nn26 2500000 2599999 2943
nn26 2600000 2699999 2533
nn26 2700000 2799999 2854
nn26 2800000 2899999 2970
nn26 2900000 2999999 2780
nn26 3000000 3099999 2480
nn26 3100000 3199999 2711
nn26 3200000 3299999 2823
nn26 3300000 3399999 2627
nn26 3400000 3499999 2794
nn26 3500000 3599999 3009
nn26 3600000 3699999 2642
nn26 3700000 3799999 2899
nn26 3800000 3899999 2643
nn26 3900000 3999999 2422
nn26 4000000 4099999 2733
nn26 4100000 4199999 2857
nn26 4200000 4299999 2535
nn26 4300000 4399999 2277
nn26 4400000 4499999 2712
nn26 4500000 4599999 2742
nn26 4600000 4699999 2762
nn26 4700000 4799999 2617
nn26 4800000 4899999 2574
nn26 4900000 4999999 2957
nn26 5000000 5099999 2661
nn26 5100000 5199999 2695
nn26 5200000 5299999 2880
nn26 5300000 5399999 2520
nn26 5400000 5499999 2141
nn26 5500000 5599999 3344
nn26 5600000 5699999 3505
nn26 5700000 5799999 2955
nn26 5800000 5899999 2523
nn26 5900000 5993406 2415
nn27 0 99999 2885
nn27 100000 199999 2742
nn27 200000 299999 2693
nn27 300000 399999 3360
nn27 400000 499999 2998
nn27 500000 599999 2751
nn27 600000 699999 2953
nn27 700000 799999 2723
nn27 800000 899999 3174
nn27 900000 999999 2925
nn27 1000000 1099999 2554
nn27 1100000 1199999 2845
nn27 1200000 1299999 2903
nn27 1300000 1399999 2695
nn27 1400000 1499999 2564
nn27 1500000 1599999 2941
nn27 1600000 1699999 2631
nn27 1700000 1799999 1933
nn27 1800000 1899999 2256
nn27 1900000 1999999 2638
nn27 2000000 2099999 2852
nn27 2100000 2199999 2430
nn27 2200000 2299999 2233
nn27 2300000 2399999 2754
nn27 2400000 2499999 2778
nn27 2500000 2599999 2518
nn27 2600000 2699999 2196
nn27 2700000 2799999 2466
nn27 2800000 2899999 2611
nn27 2900000 2999999 2427
nn27 3000000 3099999 2456
nn27 3100000 3199999 2789
nn27 3200000 3299999 2673
nn27 3300000 3399999 2951
nn27 3400000 3499999 2479
nn27 3500000 3599999 2854
nn27 3600000 3699999 2483
nn27 3700000 3799999 2674
nn27 3800000 3899999 2706
nn27 3900000 3999999 2806
nn27 4000000 4099999 2243
nn27 4100000 4199999 2313
nn27 4200000 4299999 2377
nn27 4300000 4399999 2728
nn27 4400000 4499999 2564
nn27 4500000 4599999 2701
nn27 4600000 4699999 2856
nn27 4700000 4799999 2299
nn27 4800000 4899999 2127
nn27 4900000 4999999 2688
nn27 5000000 5099999 2535
nn27 5100000 5199999 1912
nn27 5200000 5299999 2200
nn27 5300000 5399999 1984
nn27 5400000 5499999 2424
nn27 5500000 5599999 2598
nn27 5600000 5699999 2477
nn27 5700000 5799999 2959
nn27 5800000 5899999 3222
nn27 5900000 5999999 3383
nn27 6000000 6099999 3186
nn27 6100000 6199999 2698
nn27 6200000 6242314 980
nn28 0 99999 2383
nn28 100000 199999 2545
nn28 200000 299999 2488
nn28 300000 399999 2702
nn28 400000 499999 2712
nn28 500000 599999 2891
nn28 600000 699999 2887
nn28 700000 799999 2519
nn28 800000 899999 2623
nn28 900000 999999 2839
nn28 1000000 1099999 2150
nn28 1100000 1199999 2556
nn28 1200000 1299999 2615
nn28 1300000 1399999 2534
nn28 1400000 1499999 2857
nn28 1500000 1599999 2749
nn28 1600000 1699999 2703
nn28 1700000 1799999 2572
nn28 1800000 1899999 2497
nn28 1900000 1999999 3404
nn28 2000000 2099999 2659
nn28 2100000 2199999 2591
nn28 2200000 2299999 3069
nn28 2300000 2399999 2667
nn28 2400000 2499999 2726
nn28 2500000 2599999 2581
nn28 2600000 2699999 2142
nn28 2700000 2799999 2371
nn28 2800000 2899999 2261
nn28 2900000 2999999 2575
nn28 3000000 3099999 2117
nn28 3100000 3199999 1907
nn28 3200000 3299999 2673
nn28 3300000 3399999 2627
nn28 3400000 3499999 2714
nn28 3500000 3599999 2588
nn28 3600000 3699999 2481
nn28 3700000 3799999 2472
nn28 3800000 3899999 3151
nn28 3900000 3999999 2664
nn28 4000000 4099999 2588
nn28 4100000 4199999 2642
nn28 4200000 4299999 2510
nn28 4300000 4399999 2797
nn28 4400000 4499999 3265
nn28 4500000 4599999 2971
nn28 4600000 4699999 2516
nn28 4700000 4799999 2524
nn28 4800000 4899999 2657
nn28 4900000 4999999 2687
nn28 5000000 5099999 3253
nn28 5100000 5199999 3469
nn28 5200000 5299999 3075
nn28 5300000 5399999 2725
nn28 5400000 5499999 2620
nn28 5500000 5598070 2200
nn29 0 99999 1936
nn29 100000 199999 2270
nn29 200000 299999 1619
nn29 300000 399999 1704
nn29 400000 499999 2194
nn29 500000 599999 1692
nn29 600000 699999 2388
nn29 700000 799999 2515
nn29 800000 899999 2536
nn29 900000 999999 2220
nn29 1000000 1099999 2928
nn29 1100000 1199999 2318
nn29 1200000 1299999 2631
nn29 1300000 1399999 2703
nn29 1400000 1499999 2943
nn29 1500000 1599999 2685
nn29 1600000 1699999 2493
nn29 1700000 1799999 2382
nn29 1800000 1899999 2511
nn29 1900000 1999999 2610
nn29 2000000 2099999 2784
nn29 2100000 2199999 2555
nn29 2200000 2299999 2228
nn29 2300000 2399999 2608
nn29 2400000 2499999 2907
nn29 2500000 2599999 1982
nn29 2600000 2699999 2603
nn29 2700000 2799999 2008
nn29 2800000 2899999 2523
nn29 2900000 2999999 2649
nn29 3000000 3099999 2418
nn29 3100000 3199999 3040
nn29 3200000 3299999 2414
nn29 3300000 3399999 2215
nn29 3400000 3499999 3006
nn29 3500000 3502936 69
nn30 0 99999 2036
nn30 100000 199999 2291
nn30 200000 299999 2059
nn30 300000 399999 1779
nn30 400000 499999 2302
nn30 500000 599999 2431
nn30 600000 699999 2279
nn30 700000 799999 1788
nn30 800000 899999 2935
nn30 900000 999999 2165
nn30 1000000 1099999 2589
nn30 1100000 1199999 2137
nn30 1200000 1299999 2144
nn30 1300000 1399999 2370
nn30 1400000 1499999 1557
nn30 1500000 1599999 2419
nn30 1600000 1699999 1719
nn30 1700000 1799999 2874
nn30 1800000 1899999 4274
nn30 1900000 1999999 4478
nn30 2000000 2072913 1876
nn31 0 99999 1093
nn31 100000 199999 1063
nn31 200000 299999 1654
nn31 300000 399999 1625
nn31 400000 499999 2501
nn31 500000 599999 2504
nn31 600000 699999 2417
nn31 700000 799999 2317
nn31 800000 899999 2429
nn31 900000 999999 2338
nn31 1000000 1099999 2292
nn31 1100000 1199999 2670
nn31 1200000 1299999 2633
nn31 1300000 1399999 2159
nn31 1400000 1499999 2250
nn31 1500000 1599999 2612
nn31 1600000 1699999 2894
nn31 1700000 1799999 2578
nn31 1800000 1899999 3095
nn31 1900000 1999999 2789
nn31 2000000 2099999 4775
nn31 2100000 2199999 4877
nn31 2200000 2299999 6768
nn31 2300000 2399999 3178
nn31 2400000 2403615 66
nn32 0 99999 1794
nn32 100000 199999 1816
nn32 200000 299999 2921
nn32 300000 399999 1390
nn32 400000 499999 1439
nn32 500000 599999 2222
nn32 600000 699999 1843
nn32 700000 799999 2130
nn32 800000 899999 1480
nn32 900000 999999 1785
nn32 1000000 1099999 1943
nn32 1100000 1199999 953
nn32 1200000 1299999 1686
nn32 1300000 1399999 1839
nn32 1400000 1499999 1455
nn32 1500000 1599999 2597
nn32 1600000 1699999 2934
nn32 1700000 1799999 2534
nn32 1800000 1899999 2401
nn32 1900000 1999999 3224
nn32 2000000 2099999 3526
nn32 2100000 2199999 3383
nn32 2200000 2299999 3656
nn32 2300000 2399999 3246
nn32 2400000 2499999 3004
nn32 2500000 2599999 4620
nn32 2600000 2699999 3409
nn32 2700000 2799999 2647
nn32 2800000 2803647 0
nn33 0 99999 2330
nn33 100000 199999 2422
nn33 200000 299999 2951
nn33 300000 399999 2592
nn33 400000 499999 2198
nn33 500000 599999 2537
nn33 600000 699999 2814
nn33 700000 799999 2471
nn33 800000 899999 2601
nn33 900000 999999 2714
nn33 1000000 1099999 3207
nn33 1100000 1199999 3185
nn33 1200000 1299999 2681
nn33 1300000 1399999 1902
nn33 1400000 1499999 2824
nn33 1500000 1599999 2972
nn33 1600000 1699999 2414
nn33 1700000 1799999 1688
nn33 1800000 1899999 1956
nn33 1900000 1999999 3218
nn33 2000000 2099999 2581
nn33 2100000 2199999 2372
nn33 2200000 2299999 2099
nn33 2300000 2399999 2364
nn33 2400000 2499999 2931
nn33 2500000 2599999 2056
nn33 2600000 2699999 1419
nn33 2700000 2799999 2910
nn33 2800000 2899999 2080
nn33 2900000 2999999 2530
nn33 3000000 3099999 3733
nn33 3100000 3199999 6552
nn33 3200000 3299999 7012
nn33 3300000 3399999 3830
nn33 3400000 3483575 1531
nn34 0 99999 1946
nn34 100000 199999 2257
nn34 200000 299999 1975
nn34 300000 399999 3125
nn34 400000 499999 4251
nn34 500000 599999 1627
nn34 600000 699999 2626
nn34 700000 799999 5319
nn34 800000 899999 1405
nn34 900000 999999 2045
nn34 1000000 1099999 1825
nn34 1100000 1199999 1738
nn34 1200000 1299999 1974
nn34 1300000 1399999 2458
nn34 1400000 1499999 2820
nn34 1500000 1599999 2446
nn34 1600000 1699999 4297
nn34 1700000 1799999 3704
nn34 1800000 1899999 3693
nn34 1900000 1999999 3359
nn34 2000000 2037436 663
nn35 0 99999 2129
nn35 100000 199999 3424
nn35 200000 299999 1088
nn35 300000 399999 1461
nn35 400000 499999 2034
nn35 500000 599999 1627
nn35 600000 699999 2071
nn35 700000 799999 1169
nn35 800000 899999 2761
nn35 900000 999999 2052
nn35 1000000 1099999 981
nn35 1100000 1199999 1666
nn35 1200000 1299999 2206
nn35 1300000 1399999 3444
nn35 1400000 1499999 3368
nn35 1500000 1599999 3146
nn35 1600000 1699999 3649
nn35 1700000 1799999 3161
nn35 1800000 1899999 2781
nn35 1900000 1948696 805
nn36 0 99999 2111
nn36 100000 199999 2356
nn36 200000 299999 5600
nn36 300000 399999 2817
nn36 400000 499999 2421
nn36 500000 599999 1035
nn36 600000 699999 1108
nn36 700000 799999 2836
nn36 800000 899999 2798
nn36 900000 999999 2875
nn36 1000000 1099999 2673
nn36 1100000 1199999 2652
nn36 1200000 1299999 2500
nn36 1300000 1399999 2574
nn36 1400000 1499999 2456
nn36 1500000 1599999 2978
nn36 1600000 1648179 1897
nn37 0 99999 2626
nn37 100000 199999 2774
nn37 200000 299999 2006
nn37 300000 399999 1648
nn37 400000 499999 1834
nn37 500000 599999 2614
nn37 600000 699999 1965
nn37 700000 799999 1482
nn37 800000 899999 1475
nn37 900000 999999 1465
nn37 1000000 1099999 1960
nn37 1100000 1199999 2856
nn37 1200000 1299999 3021
nn37 1300000 1399999 2878
nn37 1400000 1499999 2875
nn37 1500000 1599999 3280
nn37 1600000 1699999 3781
nn37 1700000 1799999 4773
nn37 1800000 1899999 3604
nn37 1900000 1903433 0
nn38 0 99999 2226
nn38 100000 199999 1900
nn38 200000 299999 1702
nn38 300000 399999 2438
nn38 400000 499999 1312
nn38 500000 599999 2539
nn38 600000 699999 1529
nn38 700000 799999 1639
nn38 800000 899999 3105
nn38 900000 999999 3311
nn38 1000000 1099999 4611
nn38 1100000 1199999 4859
nn38 1200000 1299999 5124
nn38 1300000 1399999 4332
nn38 1400000 1499999 2304
nn38 1500000 1599999 2816
nn38 1600000 1699999 2395
nn38 1700000 1799999 4023
nn38 1800000 1899999 4107
nn38 1900000 1999999 2501
nn38 2000000 2099999 2181
nn38 2100000 2199999 2393
nn38 2200000 2229092 589
nnZ 0 99999 2486
nnZ 100000 199999 2853
nnZ 200000 299999 2974
nnZ 300000 399999 3290
nnZ 400000 499999 2372
nnZ 500000 599999 2814
nnZ 600000 699999 2674
nnZ 700000 799999 2886
nnZ 800000 899999 2840
nnZ 900000 999999 2580
nnZ 1000000 1099999 2695
nnZ 1100000 1199999 2856
nnZ 1200000 1299999 2839
nnZ 1300000 1399999 2977
nnZ 1400000 1499999 3398
nnZ 1500000 1599999 2720
nnZ 1600000 1699999 3051
nnZ 1700000 1799999 2908
nnZ 1800000 1899999 2806
nnZ 1900000 1999999 3273
nnZ 2000000 2099999 2328
nnZ 2100000 2199999 2910
nnZ 2200000 2299999 3443
nnZ 2300000 2399999 4276
nnZ 2400000 2499999 2514
nnZ 2500000 2599999 2660
nnZ 2600000 2699999 2467
nnZ 2700000 2799999 2472
nnZ 2800000 2899999 3151
nnZ 2900000 2999999 2359
nnZ 3000000 3099999 3103
nnZ 3100000 3199999 2881
nnZ 3200000 3299999 2644
nnZ 3300000 3399999 3047
nnZ 3400000 3499999 2698
nnZ 3500000 3599999 2571
nnZ 3600000 3699999 2608
nnZ 3700000 3799999 2648
nnZ 3800000 3899999 2460
nnZ 3900000 3999999 2514
nnZ 4000000 4099999 2784
nnZ 4100000 4199999 3017
nnZ 4200000 4299999 2761
nnZ 4300000 4399999 3495
nnZ 4400000 4499999 2870
nnZ 4500000 4599999 3043
nnZ 4600000 4699999 3336
nnZ 4700000 4799999 3178
nnZ 4800000 4899999 2718
nnZ 4900000 4999999 2757
nnZ 5000000 5099999 3164
nnZ 5100000 5199999 3056
nnZ 5200000 5299999 2853
nnZ 5300000 5399999 2965
nnZ 5400000 5499999 3166
nnZ 5500000 5599999 2704
nnZ 5600000 5699999 3233
nnZ 5700000 5799999 2677
nnZ 5800000 5899999 2877
nnZ 5900000 5999999 3298
nnZ 6000000 6099999 3061
nnZ 6100000 6199999 3660
nnZ 6200000 6299999 2862
nnZ 6300000 6399999 3068
nnZ 6400000 6499999 3551
nnZ 6500000 6599999 3286
nnZ 6600000 6699999 2859
nnZ 6700000 6799999 2979
nnZ 6800000 6899999 3644
nnZ 6900000 6999999 2666
nnZ 7000000 7099999 2829
nnZ 7100000 7199999 2862
nnZ 7200000 7299999 2765
nnZ 7300000 7399999 3295
nnZ 7400000 7499999 3149
nnZ 7500000 7599999 3020
nnZ 7600000 7699999 3404
nnZ 7700000 7799999 3405
nnZ 7800000 7899999 3730
nnZ 7900000 7999999 3002
nnZ 8000000 8099999 3048
nnZ 8100000 8199999 3167
nnZ 8200000 8299999 2922
nnZ 8300000 8399999 3617
nnZ 8400000 8499999 2831
nnZ 8500000 8599999 2856
nnZ 8600000 8699999 3204
nnZ 8700000 8799999 2915
nnZ 8800000 8899999 3149
nnZ 8900000 8999999 3057
nnZ 9000000 9099999 2867
nnZ 9100000 9199999 3026
nnZ 9200000 9299999 3550
nnZ 9300000 9399999 3241
nnZ 9400000 9499999 3229
nnZ 9500000 9599999 2862
nnZ 9600000 9699999 3020
nnZ 9700000 9799999 2965
nnZ 9800000 9899999 3546
nnZ 9900000 9999999 3508
nnZ 10000000 10099999 2994
nnZ 10100000 10199999 3265
nnZ 10200000 10299999 3118
nnZ 10300000 10399999 3693
nnZ 10400000 10499999 3259
nnZ 10500000 10599999 3058
nnZ 10600000 10699999 2835
nnZ 10700000 10799999 3091
nnZ 10800000 10899999 2573
nnZ 10900000 10999999 3040
nnZ 11000000 11099999 2799
nnZ 11100000 11199999 2796
nnZ 11200000 11299999 2299
nnZ 11300000 11399999 2665
nnZ 11400000 11499999 2528
nnZ 11500000 11599999 3163
nnZ 11600000 11699999 2763
nnZ 11700000 11799999 3129
nnZ 11800000 11899999 2667
nnZ 11900000 11999999 2983
nnZ 12000000 12099999 2531
nnZ 12100000 12199999 2337
nnZ 12200000 12299999 2619
nnZ 12300000 12399999 2441
nnZ 12400000 12499999 2881
nnZ 12500000 12599999 2408
nnZ 12600000 12699999 3111
nnZ 12700000 12799999 2923
nnZ 12800000 12899999 3106
nnZ 12900000 12999999 2744
nnZ 13000000 13099999 2630
nnZ 13100000 13199999 2951
nnZ 13200000 13299999 3179
nnZ 13300000 13399999 2519
nnZ 13400000 13499999 3196
nnZ 13500000 13599999 2586
nnZ 13600000 13699999 2201
nnZ 13700000 13799999 2161
nnZ 13800000 13899999 2750
nnZ 13900000 13999999 2861
nnZ 14000000 14099999 2956
nnZ 14100000 14199999 2667
nnZ 14200000 14299999 2404
nnZ 14300000 14399999 2669
nnZ 14400000 14499999 2689
nnZ 14500000 14599999 2623
nnZ 14600000 14699999 2582
nnZ 14700000 14799999 2758
nnZ 14800000 14899999 2945
nnZ 14900000 14999999 3176
nnZ 15000000 15099999 2721
nnZ 15100000 15199999 2938
nnZ 15200000 15299999 3285
nnZ 15300000 15399999 3137
nnZ 15400000 15499999 3044
nnZ 15500000 15599999 3054
nnZ 15600000 15699999 3098
nnZ 15700000 15799999 3505
nnZ 15800000 15899999 3568
nnZ 15900000 15999999 3034
nnZ 16000000 16099999 2726
nnZ 16100000 16199999 2638
nnZ 16200000 16299999 2666
nnZ 16300000 16399999 2820
nnZ 16400000 16499999 2763
nnZ 16500000 16599999 2945
nnZ 16600000 16699999 3257
nnZ 16700000 16799999 3081
nnZ 16800000 16899999 3129
nnZ 16900000 16999999 3068
nnZ 17000000 17099999 3511
nnZ 17100000 17199999 3195
nnZ 17200000 17299999 2764
nnZ 17300000 17399999 2714
nnZ 17400000 17499999 2878
nnZ 17500000 17599999 3149
nnZ 17600000 17699999 3020
nnZ 17700000 17799999 2705
nnZ 17800000 17899999 3535
nnZ 17900000 17999999 3156
nnZ 18000000 18099999 3034
nnZ 18100000 18199999 3145
nnZ 18200000 18299999 3143
nnZ 18300000 18399999 2774
nnZ 18400000 18499999 2960
nnZ 18500000 18599999 3463
nnZ 18600000 18699999 3345
nnZ 18700000 18799999 3426
nnZ 18800000 18899999 3257
nnZ 18900000 18999999 2812
nnZ 19000000 19099999 3019
nnZ 19100000 19199999 2839
nnZ 19200000 19299999 3014
nnZ 19300000 19399999 3102
nnZ 19400000 19499999 3390
nnZ 19500000 19599999 3285
nnZ 19600000 19699999 3361
nnZ 19700000 19799999 3355
nnZ 19800000 19899999 3290
nnZ 19900000 19999999 3326
nnZ 20000000 20099999 3354
nnZ 20100000 20199999 2945
nnZ 20200000 20299999 3204
nnZ 20300000 20399999 2931
nnZ 20400000 20499999 2865
nnZ 20500000 20599999 3035
nnZ 20600000 20699999 3468
nnZ 20700000 20799999 3603
nnZ 20800000 20899999 3129
nnZ 20900000 20999999 3068
nnZ 21000000 21099999 4029
nnZ 21100000 21199999 3537
nnZ 21200000 21299999 2880
nnZ 21300000 21399999 3315
nnZ 21400000 21499999 3429
nnZ 21500000 21599999 2921
nnZ 21600000 21699999 3045
nnZ 21700000 21799999 3035
nnZ 21800000 21899999 2911
nnZ 21900000 21999999 3229
nnZ 22000000 22099999 3011
nnZ 22100000 22199999 2885
nnZ 22200000 22299999 2913
nnZ 22300000 22399999 2719
nnZ 22400000 22499999 3081
nnZ 22500000 22599999 3109
nnZ 22600000 22699999 3059
nnZ 22700000 22799999 3311
nnZ 22800000 22899999 2809
nnZ 22900000 22999999 2689
nnZ 23000000 23099999 3464
nnZ 23100000 23199999 3127
nnZ 23200000 23299999 3486
nnZ 23300000 23399999 2771
nnZ 23400000 23499999 2910
nnZ 23500000 23599999 3022
nnZ 23600000 23699999 3278
nnZ 23700000 23799999 2200
nnZ 23800000 23899999 2535
nnZ 23900000 23999999 3165
nnZ 24000000 24099999 2640
nnZ 24100000 24199999 2552
nnZ 24200000 24299999 2539
nnZ 24300000 24399999 2662
nnZ 24400000 24499999 2717
nnZ 24500000 24599999 2669
nnZ 24600000 24699999 2840
nnZ 24700000 24799999 2868
nnZ 24800000 24899999 2286
nnZ 24900000 24999999 2544
nnZ 25000000 25099999 3002
nnZ 25100000 25199999 2785
nnZ 25200000 25299999 3497
nnZ 25300000 25399999 2987
nnZ 25400000 25499999 3452
nnZ 25500000 25599999 3417
nnZ 25600000 25699999 2657
nnZ 25700000 25799999 3002
nnZ 25800000 25899999 2832
nnZ 25900000 25999999 2972
nnZ 26000000 26099999 2659
nnZ 26100000 26199999 2483
nnZ 26200000 26299999 2900
nnZ 26300000 26399999 2794
nnZ 26400000 26499999 2822
nnZ 26500000 26599999 2799
nnZ 26600000 26699999 3036
nnZ 26700000 26799999 3207
nnZ 26800000 26899999 3117
nnZ 26900000 26999999 3778
nnZ 27000000 27099999 3315
nnZ 27100000 27199999 3401
nnZ 27200000 27299999 3186
nnZ 27300000 27399999 2958
nnZ 27400000 27499999 2772
nnZ 27500000 27599999 3163
nnZ 27600000 27699999 3203
nnZ 27700000 27799999 3024
nnZ 27800000 27899999 2938
nnZ 27900000 27999999 3012
nnZ 28000000 28099999 3349
nnZ 28100000 28199999 3087
nnZ 28200000 28299999 3287
nnZ 28300000 28399999 3001
nnZ 28400000 28499999 3024
nnZ 28500000 28599999 1847
nnZ 28600000 28699999 2880
nnZ 28700000 28799999 2800
nnZ 28800000 28899999 3019
nnZ 28900000 28999999 3458
nnZ 29000000 29099999 3402
nnZ 29100000 29199999 2956
nnZ 29200000 29299999 3131
nnZ 29300000 29399999 3044
nnZ 29400000 29499999 2732
nnZ 29500000 29599999 2491
nnZ 29600000 29699999 2606
nnZ 29700000 29799999 3337
nnZ 29800000 29899999 3108
nnZ 29900000 29999999 3694
nnZ 30000000 30099999 3569
nnZ 30100000 30199999 2977
nnZ 30200000 30299999 2979
nnZ 30300000 30399999 3141
nnZ 30400000 30499999 2810
nnZ 30500000 30599999 3091
nnZ 30600000 30699999 3160
nnZ 30700000 30799999 3338
nnZ 30800000 30899999 3001
nnZ 30900000 30999999 3078
nnZ 31000000 31099999 2414
nnZ 31100000 31199999 2746
nnZ 31200000 31299999 2947
nnZ 31300000 31399999 2736
nnZ 31400000 31499999 2901
nnZ 31500000 31599999 2900
nnZ 31600000 31699999 2764
nnZ 31700000 31799999 2559
nnZ 31800000 31899999 3557
nnZ 31900000 31999999 2649
nnZ 32000000 32099999 2833
nnZ 32100000 32199999 2922
nnZ 32200000 32299999 2995
nnZ 32300000 32399999 2833
nnZ 32400000 32499999 2477
nnZ 32500000 32599999 2965
nnZ 32600000 32699999 2817
nnZ 32700000 32799999 3341
nnZ 32800000 32899999 3447
nnZ 32900000 32999999 3241
nnZ 33000000 33099999 3188
nnZ 33100000 33199999 3387
nnZ 33200000 33299999 2979
nnZ 33300000 33399999 2900
nnZ 33400000 33499999 2571
nnZ 33500000 33599999 3069
nnZ 33600000 33699999 3492
nnZ 33700000 33799999 2966
nnZ 33800000 33899999 3006
nnZ 33900000 33999999 3319
nnZ 34000000 34099999 2937
nnZ 34100000 34199999 2937
nnZ 34200000 34299999 3275
nnZ 34300000 34399999 2721
nnZ 34400000 34499999 2739
nnZ 34500000 34599999 2567
nnZ 34600000 34699999 2984
nnZ 34700000 34799999 3171
nnZ 34800000 34899999 3165
nnZ 34900000 34999999 2757
nnZ 35000000 35099999 3200
nnZ 35100000 35199999 3105
nnZ 35200000 35299999 3050
nnZ 35300000 35399999 3020
nnZ 35400000 35499999 3385
nnZ 35500000 35599999 3249
nnZ 35600000 35699999 3035
nnZ 35700000 35799999 2574
nnZ 35800000 35899999 3051
nnZ 35900000 35999999 3210
nnZ 36000000 36099999 2676
nnZ 36100000 36199999 2788
nnZ 36200000 36299999 2959
nnZ 36300000 36399999 2916
nnZ 36400000 36499999 3015
nnZ 36500000 36599999 3286
nnZ 36600000 36699999 3332
nnZ 36700000 36799999 3980
nnZ 36800000 36899999 3798
nnZ 36900000 36999999 3253
nnZ 37000000 37099999 3237
nnZ 37100000 37199999 3270
nnZ 37200000 37299999 2860
nnZ 37300000 37399999 3001
nnZ 37400000 37499999 3252
nnZ 37500000 37599999 2949
nnZ 37600000 37699999 3350
nnZ 37700000 37799999 3300
nnZ 37800000 37899999 3003
nnZ 37900000 37999999 3115
nnZ 38000000 38099999 3386
nnZ 38100000 38199999 2920
nnZ 38200000 38299999 2954
nnZ 38300000 38399999 2970
nnZ 38400000 38499999 2966
nnZ 38500000 38599999 3389
nnZ 38600000 38699999 2977
nnZ 38700000 38799999 3238
nnZ 38800000 38899999 3250
nnZ 38900000 38999999 2814
nnZ 39000000 39099999 3148
nnZ 39100000 39199999 2701
nnZ 39200000 39299999 2900
nnZ 39300000 39399999 3021
nnZ 39400000 39499999 2917
nnZ 39500000 39599999 2889
nnZ 39600000 39699999 2927
nnZ 39700000 39799999 2825
nnZ 39800000 39899999 3085
nnZ 39900000 39999999 3263
nnZ 40000000 40099999 3019
nnZ 40100000 40199999 3065
nnZ 40200000 40299999 3120
nnZ 40300000 40399999 3119
nnZ 40400000 40499999 2853
nnZ 40500000 40599999 3150
nnZ 40600000 40699999 3628
nnZ 40700000 40799999 3006
nnZ 40800000 40899999 2988
nnZ 40900000 40999999 2994
nnZ 41000000 41099999 2795
nnZ 41100000 41199999 3265
nnZ 41200000 41299999 2966
nnZ 41300000 41399999 2886
nnZ 41400000 41499999 2564
nnZ 41500000 41599999 3262
nnZ 41600000 41699999 3227
nnZ 41700000 41799999 3297
nnZ 41800000 41899999 3470
nnZ 41900000 41999999 3052
nnZ 42000000 42099999 3396
nnZ 42100000 42199999 3159
nnZ 42200000 42299999 2821
nnZ 42300000 42399999 2785
nnZ 42400000 42499999 2737
nnZ 42500000 42599999 3293
nnZ 42600000 42699999 2789
nnZ 42700000 42799999 3249
nnZ 42800000 42899999 2921
nnZ 42900000 42999999 3445
nnZ 43000000 43099999 3239
nnZ 43100000 43199999 2903
nnZ 43200000 43299999 3142
nnZ 43300000 43399999 3245
nnZ 43400000 43499999 3184
nnZ 43500000 43599999 3062
nnZ 43600000 43699999 3151
nnZ 43700000 43799999 3113
nnZ 43800000 43899999 2801
nnZ 43900000 43999999 3107
nnZ 44000000 44099999 3103
nnZ 44100000 44199999 3311
nnZ 44200000 44299999 3273
nnZ 44300000 44399999 3189
nnZ 44400000 44499999 2732
nnZ 44500000 44599999 2963
nnZ 44600000 44699999 3011
nnZ 44700000 44799999 3009
nnZ 44800000 44899999 2801
nnZ 44900000 44999999 3000
nnZ 45000000 45099999 3007
nnZ 45100000 45199999 2830
nnZ 45200000 45299999 2879
nnZ 45300000 45399999 3209
nnZ 45400000 45499999 3039
nnZ 45500000 45599999 2881
nnZ 45600000 45699999 2968
nnZ 45700000 45799999 2927
nnZ 45800000 45899999 3235
nnZ 45900000 45999999 2746
nnZ 46000000 46099999 2893
nnZ 46100000 46199999 3073
nnZ 46200000 46299999 3712
nnZ 46300000 46399999 2363
nnZ 46400000 46499999 2821
nnZ 46500000 46599999 3270
nnZ 46600000 46699999 3228
nnZ 46700000 46799999 2719
nnZ 46800000 46899999 3025
nnZ 46900000 46999999 3439
nnZ 47000000 47099999 3259
nnZ 47100000 47199999 3062
nnZ 47200000 47299999 3072
nnZ 47300000 47399999 3646
nnZ 47400000 47499999 2913
nnZ 47500000 47599999 3377
nnZ 47600000 47699999 2787
nnZ 47700000 47799999 2823
nnZ 47800000 47899999 2996
nnZ 47900000 47999999 3156
nnZ 48000000 48099999 2814
nnZ 48100000 48199999 3277
nnZ 48200000 48299999 2662
nnZ 48300000 48399999 3265
nnZ 48400000 48499999 2906
nnZ 48500000 48599999 3262
nnZ 48600000 48699999 3131
nnZ 48700000 48799999 3215
nnZ 48800000 48899999 3249
nnZ 48900000 48999999 2973
nnZ 49000000 49099999 3292
nnZ 49100000 49199999 3262
nnZ 49200000 49299999 3218
nnZ 49300000 49399999 3155
nnZ 49400000 49499999 3310
nnZ 49500000 49599999 3230
nnZ 49600000 49699999 3363
nnZ 49700000 49799999 3478
nnZ 49800000 49899999 3435
nnZ 49900000 49999999 3201
nnZ 50000000 50099999 3396
nnZ 50100000 50199999 3358
nnZ 50200000 50299999 3331
nnZ 50300000 50399999 3381
nnZ 50400000 50499999 3458
nnZ 50500000 50599999 3471
nnZ 50600000 50699999 2919
nnZ 50700000 50799999 3097
nnZ 50800000 50899999 3011
nnZ 50900000 50999999 2994
nnZ 51000000 51099999 2998
nnZ 51100000 51199999 3261
nnZ 51200000 51299999 3039
nnZ 51300000 51399999 3034
nnZ 51400000 51499999 3515
nnZ 51500000 51599999 2704
nnZ 51600000 51699999 3270
nnZ 51700000 51799999 2894
nnZ 51800000 51899999 3378
nnZ 51900000 51999999 2788
nnZ 52000000 52099999 2420
nnZ 52100000 52199999 1985
nnZ 52200000 52299999 1678
nnZ 52300000 52399999 2684
nnZ 52400000 52499999 2803
nnZ 52500000 52599999 2944
nnZ 52600000 52699999 2721
nnZ 52700000 52799999 3366
nnZ 52800000 52899999 3222
nnZ 52900000 52999999 2752
nnZ 53000000 53099999 2641
nnZ 53100000 53199999 2633
nnZ 53200000 53299999 2854
nnZ 53300000 53399999 2912
nnZ 53400000 53499999 2937
nnZ 53500000 53599999 2592
nnZ 53600000 53699999 2469
nnZ 53700000 53799999 3017
nnZ 53800000 53899999 2459
nnZ 53900000 53999999 3132
nnZ 54000000 54099999 3324
nnZ 54100000 54199999 2628
nnZ 54200000 54299999 3087
nnZ 54300000 54399999 2808
nnZ 54400000 54499999 3222
nnZ 54500000 54599999 2970
nnZ 54600000 54699999 2907
nnZ 54700000 54799999 2859
nnZ 54800000 54899999 2931
nnZ 54900000 54999999 2546
nnZ 55000000 55099999 2774
nnZ 55100000 55199999 3052
nnZ 55200000 55299999 2629
nnZ 55300000 55399999 2571
nnZ 55400000 55499999 2676
nnZ 55500000 55599999 3435
nnZ 55600000 55699999 3461
nnZ 55700000 55799999 2996
nnZ 55800000 55899999 3089
nnZ 55900000 55999999 3360
nnZ 56000000 56099999 2739
nnZ 56100000 56199999 2700
nnZ 56200000 56299999 2742
nnZ 56300000 56399999 2810
nnZ 56400000 56499999 3224
nnZ 56500000 56599999 2589
nnZ 56600000 56699999 2996
nnZ 56700000 56799999 3152
nnZ 56800000 56899999 3146
nnZ 56900000 56999999 3159
nnZ 57000000 57099999 3192
nnZ 57100000 57199999 3667
nnZ 57200000 57299999 3476
nnZ 57300000 57399999 2992
nnZ 57400000 57499999 2893
nnZ 57500000 57599999 3077
nnZ 57600000 57699999 3028
nnZ 57700000 57799999 2765
nnZ 57800000 57899999 2639
nnZ 57900000 57999999 3053
nnZ 58000000 58099999 2961
nnZ 58100000 58199999 3047
nnZ 58200000 58299999 2847
nnZ 58300000 58399999 2942
nnZ 58400000 58499999 2896
nnZ 58500000 58599999 2889
nnZ 58600000 58699999 3403
nnZ 58700000 58799999 2932
nnZ 58800000 58899999 3221
nnZ 58900000 58999999 2888
nnZ 59000000 59099999 2983
nnZ 59100000 59199999 3617
nnZ 59200000 59299999 3023
nnZ 59300000 59399999 3178
nnZ 59400000 59499999 2673
nnZ 59500000 59599999 3251
nnZ 59600000 59699999 2829
nnZ 59700000 59799999 2831
nnZ 59800000 59899999 2668
nnZ 59900000 59999999 3510
nnZ 60000000 60099999 3358
nnZ 60100000 60199999 2905
nnZ 60200000 60299999 2775
nnZ 60300000 60399999 2760
nnZ 60400000 60499999 3185
nnZ 60500000 60599999 2678
nnZ 60600000 60699999 2704
nnZ 60700000 60799999 3170
nnZ 60800000 60899999 3381
nnZ 60900000 60999999 3195
nnZ 61000000 61099999 3424
nnZ 61100000 61199999 3366
nnZ 61200000 61299999 3065
nnZ 61300000 61399999 2932
nnZ 61400000 61499999 2879
nnZ 61500000 61599999 3313
nnZ 61600000 61699999 2625
nnZ 61700000 61799999 3312
nnZ 61800000 61899999 3141
nnZ 61900000 61999999 2989
nnZ 62000000 62099999 3014
nnZ 62100000 62199999 3223
nnZ 62200000 62299999 2862
nnZ 62300000 62399999 3045
nnZ 62400000 62499999 2712
nnZ 62500000 62599999 3135
nnZ 62600000 62699999 2850
nnZ 62700000 62799999 2943
nnZ 62800000 62899999 3101
nnZ 62900000 62999999 2756
nnZ 63000000 63099999 2894
nnZ 63100000 63199999 2731
nnZ 63200000 63299999 3168
nnZ 63300000 63399999 3173
nnZ 63400000 63499999 2901
nnZ 63500000 63599999 2667
nnZ 63600000 63699999 2754
nnZ 63700000 63799999 3083
nnZ 63800000 63899999 3303
nnZ 63900000 63999999 3446
nnZ 64000000 64099999 3190
nnZ 64100000 64199999 3358
nnZ 64200000 64299999 3165
nnZ 64300000 64399999 3119
nnZ 64400000 64499999 3031
nnZ 64500000 64599999 3370
nnZ 64600000 64699999 3110
nnZ 64700000 64799999 3197
nnZ 64800000 64899999 3269
nnZ 64900000 64999999 3057
nnZ 65000000 65099999 3257
nnZ 65100000 65199999 3131
nnZ 65200000 65299999 3151
nnZ 65300000 65399999 3121
nnZ 65400000 65499999 3250
nnZ 65500000 65599999 3120
nnZ 65600000 65699999 2866
nnZ 65700000 65799999 3143
nnZ 65800000 65899999 3222
nnZ 65900000 65999999 2967
nnZ 66000000 66099999 3280
nnZ 66100000 66199999 2629
nnZ 66200000 66299999 2412
nnZ 66300000 66399999 3118
nnZ 66400000 66499999 3332
nnZ 66500000 66599999 2724
nnZ 66600000 66699999 2351
nnZ 66700000 66799999 2708
nnZ 66800000 66899999 3270
nnZ 66900000 66999999 3495
nnZ 67000000 67099999 2914
nnZ 67100000 67199999 2803
nnZ 67200000 67299999 2905
nnZ 67300000 67399999 2917
nnZ 67400000 67499999 2759
nnZ 67500000 67599999 2602
nnZ 67600000 67699999 2598
nnZ 67700000 67799999 2717
nnZ 67800000 67899999 3144
nnZ 67900000 67999999 2577
nnZ 68000000 68099999 3518
nnZ 68100000 68199999 3378
nnZ 68200000 68299999 3605
nnZ 68300000 68399999 3629
nnZ 68400000 68499999 3102
nnZ 68500000 68599999 2717
nnZ 68600000 68699999 3136
nnZ 68700000 68799999 3659
nnZ 68800000 68899999 3425
nnZ 68900000 68999999 3071
nnZ 69000000 69099999 2866
nnZ 69100000 69199999 2802
nnZ 69200000 69299999 2639
nnZ 69300000 69399999 3000
nnZ 69400000 69499999 2919
nnZ 69500000 69599999 3226
nnZ 69600000 69699999 3239
nnZ 69700000 69799999 2951
nnZ 69800000 69899999 2931
nnZ 69900000 69999999 2682
nnZ 70000000 70099999 2707
nnZ 70100000 70199999 2699
nnZ 70200000 70299999 2566
nnZ 70300000 70399999 2939
nnZ 70400000 70499999 2723
nnZ 70500000 70599999 2674
nnZ 70600000 70699999 2862
nnZ 70700000 70799999 2690
nnZ 70800000 70899999 2691
nnZ 70900000 70999999 2553
nnZ 71000000 71099999 2877
nnZ 71100000 71199999 2451
nnZ 71200000 71299999 2641
nnZ 71300000 71399999 2788
nnZ 71400000 71499999 2786
nnZ 71500000 71599999 2651
nnZ 71600000 71699999 2389
nnZ 71700000 71799999 2947
nnZ 71800000 71899999 2982
nnZ 71900000 71999999 2527
nnZ 72000000 72099999 2628
nnZ 72100000 72199999 2827
nnZ 72200000 72299999 2623
nnZ 72300000 72399999 2882
nnZ 72400000 72499999 2679
nnZ 72500000 72599999 2938
nnZ 72600000 72699999 2598
nnZ 72700000 72799999 2548
nnZ 72800000 72899999 2332
nnZ 72900000 72999999 2480
nnZ 73000000 73099999 2622
nnZ 73100000 73199999 2296
nnZ 73200000 73299999 2528
nnZ 73300000 73399999 2870
nnZ 73400000 73499999 2724
nnZ 73500000 73599999 2601
nnZ 73600000 73699999 3354
nnZ 73700000 73799999 3013
nnZ 73800000 73899999 2856
nnZ 73900000 73999999 3194
nnZ 74000000 74099999 3365
nnZ 74100000 74199999 2912
nnZ 74200000 74299999 2985
nnZ 74300000 74399999 2827
nnZ 74400000 74499999 3117
nnZ 74500000 74599999 3261
nnZ 74600000 74699999 3201
nnZ 74700000 74799999 3304
nnZ 74800000 74899999 3289
nnZ 74900000 74999999 3188
nnZ 75000000 75099999 2916
nnZ 75100000 75199999 3416
nnZ 75200000 75299999 3172
nnZ 75300000 75399999 2842
nnZ 75400000 75499999 3237
nnZ 75500000 75599999 2870
nnZ 75600000 75699999 2587
nnZ 75700000 75799999 2568
nnZ 75800000 75899999 3022
nnZ 75900000 75999999 3073
nnZ 76000000 76099999 3290
nnZ 76100000 76199999 3038
nnZ 76200000 76299999 2998
nnZ 76300000 76399999 3196
nnZ 76400000 76499999 3169
nnZ 76500000 76599999 3288
nnZ 76600000 76699999 3234
nnZ 76700000 76799999 3056
nnZ 76800000 76899999 2859
nnZ 76900000 76999999 2532
nnZ 77000000 77099999 2953
nnZ 77100000 77199999 2693
nnZ 77200000 77299999 2880
nnZ 77300000 77399999 2834
nnZ 77400000 77499999 2701
nnZ 77500000 77599999 2905
nnZ 77600000 77699999 2714
nnZ 77700000 77799999 2702
nnZ 77800000 77899999 2811
nnZ 77900000 77999999 2487
nnZ 78000000 78099999 2564
nnZ 78100000 78199999 2705
nnZ 78200000 78299999 2632
nnZ 78300000 78399999 2620
nnZ 78400000 78499999 2647
nnZ 78500000 78599999 2918
nnZ 78600000 78699999 2735
nnZ 78700000 78799999 2977
nnZ 78800000 78899999 2216
nnZ 78900000 78999999 2933
nnZ 79000000 79099999 2815
nnZ 79100000 79199999 3186
nnZ 79200000 79299999 3209
nnZ 79300000 79399999 2985
nnZ 79400000 79499999 2619
nnZ 79500000 79599999 2457
nnZ 79600000 79699999 2763
nnZ 79700000 79799999 3046
nnZ 79800000 79899999 2482
nnZ 79900000 79999999 1855
nnZ 80000000 80099999 3039
nnZ 80100000 80199999 2077
nnZ 80200000 80299999 1746
nnZ 80300000 80399999 1247
nnZ 80400000 80499999 1016
nnZ 80500000 80599999 1103
nnZ 80600000 80699999 1741
nnZ 80700000 80799999 2094
nnZ 80800000 80899999 2083
nnZ 80900000 80999999 2303
nnZ 81000000 81099999 2040
nnZ 81100000 81199999 2393
nnZ 81200000 81201839 31
nnW 0 99999 1768
nnW 100000 199999 2619
nnW 200000 299999 3405
nnW 300000 399999 1802
nnW 400000 499999 2341
nnW 500000 599999 2465
nnW 600000 699999 3052
nnW 700000 799999 2546
nnW 800000 899999 2668
nnW 900000 999999 1312
nnW 1000000 1099999 323
nnW 1100000 1199999 2651
nnW 1200000 1299999 3279
nnW 1300000 1399999 3102
nnW 1400000 1499999 2833
nnW 1500000 1599999 2992
nnW 1600000 1699999 2602
nnW 1700000 1799999 5016
nnW 1800000 1899999 3024
nnW 1900000 1999999 2444
nnW 2000000 2099999 2831
nnW 2100000 2199999 1554
nnW 2200000 2299999 2774
nnW 2300000 2399999 3005
nnW 2400000 2499999 2810
nnW 2500000 2599999 2336
nnW 2600000 2699999 2002
nnW 2700000 2799999 2237
nnW 2800000 2899999 2730
nnW 2900000 2999999 2751
nnW 3000000 3099999 1971
nnW 3100000 3199999 2865
nnW 3200000 3299999 2550
nnW 3300000 3399999 2511
nnW 3400000 3499999 3406
nnW 3500000 3599999 2018
nnW 3600000 3699999 2881
nnW 3700000 3799999 2778
nnW 3800000 3899999 2996
nnW 3900000 3999999 3021
nnW 4000000 4099999 1478
nnW 4100000 4199999 3213
nnW 4200000 4299999 3150
nnW 4300000 4399999 2930
nnW 4400000 4499999 2974
nnW 4500000 4599999 3039
nnW 4600000 4699999 2763
nnW 4700000 4799999 2760
nnW 4800000 4899999 2699
nnW 4900000 4999999 2851
nnW 5000000 5099999 2920
nnW 5100000 5199999 3046
nnW 5200000 5299999 2716
nnW 5300000 5399999 1218
nnW 5400000 5499999 0
nnW 5500000 5599999 0
nnW 5600000 5699999 0
nnW 5700000 5799999 0
nnW 5800000 5899999 0
nnW 5900000 5999999 18
nnW 6000000 6099999 90
nnW 6100000 6199999 0
nnW 6200000 6299999 0
nnW 6300000 6399999 580
nnW 6400000 6499999 263
nnW 6500000 6599999 0
nnW 6600000 6699999 0
nnW 6700000 6799999 0
nnW 6800000 6899999 48
nnW 6900000 6999999 60
nnW 7000000 7099999 374
nnW 7100000 7199999 0
nnW 7200000 7299999 0
nnW 7300000 7399999 0
nnW 7400000 7499999 0
nnW 7500000 7599999 0
nnW 7600000 7699999 12
nnW 7700000 7799999 72
nnW 7800000 7899999 0
nnW 7900000 7999999 72
nnW 8000000 8099999 0
nnW 8100000 8199999 0
nnW 8200000 8299999 1341
nnW 8300000 8399999 2945
nnW 8400000 8499999 2897
nnW 8500000 8599999 2862
nnW 8600000 8699999 2768
nnW 8700000 8799999 2451
nnW 8800000 8899999 2593
nnW 8900000 8999999 2844
nnW 9000000 9099999 2794
nnW 9100000 9199999 2484
nnW 9200000 9299999 2663
nnW 9300000 9399999 1347
nnW 9400000 9499999 2953
nnW 9500000 9599999 3071
nnW 9600000 9699999 2902
nnW 9700000 9799999 3687
nnW 9800000 9899999 3063
nnW 9900000 9999999 1444
nnW 10000000 10099999 2078
nnW 10100000 10199999 2166
nnW 10200000 10299999 1347
nnW 10300000 10399999 1334
nnW 10400000 10499999 1796
nnW 10500000 10599999 2097
nnW 10600000 10699999 2487
nnW 10700000 10799999 2612
nnW 10800000 10899999 1714
nnW 10900000 10999999 1146
nnW 11000000 11099999 1220
nnW 11100000 11199999 1109
nnW 11200000 11299999 1025
nnW 11300000 11399999 631
nnW 11400000 11499999 1107
nnW 11500000 11599999 1001
nnW 11600000 11699999 1532
nnW 11700000 11799999 1560
nnW 11800000 11899999 1276
nnW 11900000 11999999 2011
nnW 12000000 12099999 1888
nnW 12100000 12199999 2175
nnW 12200000 12299999 1892
nnW 12300000 12399999 1304
nnW 12400000 12499999 1687
nnW 12500000 12599999 1660
nnW 12600000 12699999 1717
nnW 12700000 12799999 1997
nnW 12800000 12857327 1128
