nn1 0 99999 1253
nn1 100000 199999 948
nn1 200000 299999 874
nn1 300000 399999 756
nn1 400000 499999 1479
nn1 500000 599999 1306
nn1 600000 699999 787
nn1 700000 799999 1077
nn1 800000 899999 1561
nn1 900000 999999 1263
nn1 1000000 1099999 1138
nn1 1100000 1199999 1529
nn1 1200000 1299999 622
nn1 1300000 1399999 966
nn1 1400000 1499999 1594
nn1 1500000 1599999 1451
nn1 1600000 1699999 1528
nn1 1700000 1799999 2810
nn1 1800000 1899999 1452
nn1 1900000 1999999 836
nn1 2000000 2099999 608
nn1 2100000 2199999 1260
nn1 2200000 2299999 1431
nn1 2300000 2399999 2079
nn1 2400000 2499999 3153
nn1 2500000 2599999 4139
nn1 2600000 2699999 2364
nn1 2700000 2799999 3117
nn1 2800000 2899999 1167
nn1 2900000 2999999 1193
nn1 3000000 3099999 1644
nn1 3100000 3199999 2745
nn1 3200000 3299999 1097
nn1 3300000 3399999 1024
nn1 3400000 3499999 854
nn1 3500000 3599999 1374
nn1 3600000 3699999 785
nn1 3700000 3799999 749
nn1 3800000 3899999 900
nn1 3900000 3999999 1161
nn1 4000000 4099999 693
nn1 4100000 4199999 549
nn1 4200000 4299999 1467
nn1 4300000 4399999 649
nn1 4400000 4499999 1260
nn1 4500000 4599999 802
nn1 4600000 4699999 810
nn1 4700000 4799999 1758
nn1 4800000 4899999 1533
nn1 4900000 4999999 1307
nn1 5000000 5099999 2062
nn1 5100000 5199999 1321
nn1 5200000 5299999 1896
nn1 5300000 5399999 1592
nn1 5400000 5499999 1767
nn1 5500000 5599999 2172
nn1 5600000 5699999 2716
nn1 5700000 5799999 2683
nn1 5800000 5899999 1998
nn1 5900000 5999999 2455
nn1 6000000 6099999 1428
nn1 6100000 6199999 1495
nn1 6200000 6299999 1107
nn1 6300000 6399999 741
nn1 6400000 6499999 898
nn1 6500000 6599999 770
nn1 6600000 6699999 690
nn1 6700000 6799999 1161
nn1 6800000 6899999 1220
nn1 6900000 6999999 1292
nn1 7000000 7099999 1367
nn1 7100000 7199999 1161
nn1 7200000 7299999 1385
nn1 7300000 7399999 1646
nn1 7400000 7499999 1191
nn1 7500000 7599999 943
nn1 7600000 7699999 1026
nn1 7700000 7799999 899
nn1 7800000 7899999 754
nn1 7900000 7999999 773
nn1 8000000 8099999 880
nn1 8100000 8199999 754
nn1 8200000 8299999 1760
nn1 8300000 8399999 812
nn1 8400000 8499999 874
nn1 8500000 8599999 970
nn1 8600000 8699999 1078
nn1 8700000 8799999 1538
nn1 8800000 8899999 1045
nn1 8900000 8999999 1550
nn1 9000000 9099999 2202
nn1 9100000 9199999 815
nn1 9200000 9299999 957
nn1 9300000 9399999 680
nn1 9400000 9499999 1085
nn1 9500000 9599999 1164
nn1 9600000 9699999 1459
nn1 9700000 9799999 1448
nn1 9800000 9899999 1643
nn1 9900000 9999999 1419
nn1 10000000 10099999 2506
nn1 10100000 10199999 1215
nn1 10200000 10299999 944
nn1 10300000 10399999 1000
nn1 10400000 10499999 896
nn1 10500000 10599999 680
nn1 10600000 10699999 1173
nn1 10700000 10799999 675
nn1 10800000 10899999 996
nn1 10900000 10999999 660
nn1 11000000 11099999 1028
nn1 11100000 11199999 997
nn1 11200000 11299999 858
nn1 11300000 11399999 693
nn1 11400000 11499999 986
nn1 11500000 11599999 689
nn1 11600000 11699999 944
nn1 11700000 11799999 1172
nn1 11800000 11899999 1149
nn1 11900000 11999999 1459
nn1 12000000 12099999 1762
nn1 12100000 12199999 1559
nn1 12200000 12299999 1377
nn1 12300000 12399999 1538
nn1 12400000 12499999 1535
nn1 12500000 12599999 2015
nn1 12600000 12699999 1469
nn1 12700000 12799999 2061
nn1 12800000 12899999 1960
nn1 12900000 12999999 2106
nn1 13000000 13099999 1524
nn1 13100000 13199999 1675
nn1 13200000 13299999 1944
nn1 13300000 13399999 1699
nn1 13400000 13499999 1538
nn1 13500000 13599999 1113
nn1 13600000 13699999 1244
nn1 13700000 13799999 1677
nn1 13800000 13899999 951
nn1 13900000 13999999 1034
nn1 14000000 14099999 1194
nn1 14100000 14199999 1023
nn1 14200000 14299999 944
nn1 14300000 14399999 1065
nn1 14400000 14499999 870
nn1 14500000 14599999 916
nn1 14600000 14699999 1139
nn1 14700000 14799999 956
nn1 14800000 14899999 895
nn1 14900000 14999999 956
nn1 15000000 15099999 833
nn1 15100000 15199999 1037
nn1 15200000 15299999 1399
nn1 15300000 15399999 987
nn1 15400000 15499999 2758
nn1 15500000 15599999 1459
nn1 15600000 15699999 1267
nn1 15700000 15799999 1213
nn1 15800000 15899999 1221
nn1 15900000 15999999 1294
nn1 16000000 16099999 1315
nn1 16100000 16199999 1332
nn1 16200000 16299999 921
nn1 16300000 16399999 1049
nn1 16400000 16499999 1078
nn1 16500000 16599999 746
nn1 16600000 16699999 798
nn1 16700000 16799999 770
nn1 16800000 16899999 550
nn1 16900000 16999999 1065
nn1 17000000 17099999 959
nn1 17100000 17199999 2032
nn1 17200000 17299999 1036
nn1 17300000 17399999 1295
nn1 17400000 17499999 583
nn1 17500000 17599999 576
nn1 17600000 17699999 936
nn1 17700000 17799999 945
nn1 17800000 17899999 884
nn1 17900000 17999999 899
nn1 18000000 18099999 547
nn1 18100000 18199999 799
nn1 18200000 18299999 868
nn1 18300000 18399999 1118
nn1 18400000 18499999 781
nn1 18500000 18599999 1166
nn1 18600000 18699999 1300
nn1 18700000 18799999 1845
nn1 18800000 18899999 2488
nn1 18900000 18999999 948
nn1 19000000 19099999 1574
nn1 19100000 19199999 921
nn1 19200000 19299999 753
nn1 19300000 19399999 1022
nn1 19400000 19499999 1178
nn1 19500000 19599999 902
nn1 19600000 19699999 987
nn1 19700000 19799999 908
nn1 19800000 19899999 992
nn1 19900000 19999999 801
nn1 20000000 20099999 864
nn1 20100000 20199999 725
nn1 20200000 20299999 982
nn1 20300000 20399999 1245
nn1 20400000 20499999 989
nn1 20500000 20599999 941
nn1 20600000 20699999 1202
nn1 20700000 20799999 1124
nn1 20800000 20899999 2143
nn1 20900000 20999999 1461
nn1 21000000 21099999 940
nn1 21100000 21199999 1011
nn1 21200000 21299999 617
nn1 21300000 21399999 935
nn1 21400000 21499999 1028
nn1 21500000 21599999 695
nn1 21600000 21699999 908
nn1 21700000 21799999 713
nn1 21800000 21899999 1706
nn1 21900000 21999999 963
nn1 22000000 22099999 1157
nn1 22100000 22199999 981
nn1 22200000 22299999 834
nn1 22300000 22399999 745
nn1 22400000 22499999 1201
nn1 22500000 22599999 1006
nn1 22600000 22699999 954
nn1 22700000 22799999 614
nn1 22800000 22899999 782
nn1 22900000 22999999 908
nn1 23000000 23099999 993
nn1 23100000 23199999 1143
nn1 23200000 23299999 1058
nn1 23300000 23399999 1214
nn1 23400000 23499999 1600
nn1 23500000 23599999 1018
nn1 23600000 23699999 1459
nn1 23700000 23799999 2034
nn1 23800000 23899999 1746
nn1 23900000 23999999 1294
nn1 24000000 24099999 986
nn1 24100000 24199999 753
nn1 24200000 24299999 1002
nn1 24300000 24399999 1214
nn1 24400000 24499999 846
nn1 24500000 24599999 1154
nn1 24600000 24699999 980
nn1 24700000 24799999 1634
nn1 24800000 24899999 2086
nn1 24900000 24999999 1893
nn1 25000000 25099999 1077
nn1 25100000 25199999 1828
nn1 25200000 25299999 2247
nn1 25300000 25399999 1371
nn1 25400000 25499999 958
nn1 25500000 25599999 891
nn1 25600000 25699999 1518
nn1 25700000 25799999 1034
nn1 25800000 25899999 1398
nn1 25900000 25999999 1182
nn1 26000000 26099999 1845
nn1 26100000 26199999 1230
nn1 26200000 26299999 949
nn1 26300000 26399999 1191
nn1 26400000 26499999 1149
nn1 26500000 26599999 1094
nn1 26600000 26699999 711
nn1 26700000 26799999 979
nn1 26800000 26899999 735
nn1 26900000 26999999 1604
nn1 27000000 27099999 1412
nn1 27100000 27199999 2126
nn1 27200000 27299999 2283
nn1 27300000 27399999 1621
nn1 27400000 27499999 2816
nn1 27500000 27599999 1005
nn1 27600000 27699999 867
nn1 27700000 27799999 1000
nn1 27800000 27899999 892
nn1 27900000 27999999 783
nn1 28000000 28099999 831
nn1 28100000 28199999 1029
nn1 28200000 28299999 1011
nn1 28300000 28399999 1208
nn1 28400000 28499999 1259
nn1 28500000 28599999 1033
nn1 28600000 28699999 1156
nn1 28700000 28799999 1069
nn1 28800000 28899999 1096
nn1 28900000 28999999 2047
nn1 29000000 29099999 1100
nn1 29100000 29199999 885
nn1 29200000 29299999 719
nn1 29300000 29399999 886
nn1 29400000 29499999 1119
nn1 29500000 29599999 1016
nn1 29600000 29699999 1276
nn1 29700000 29799999 1417
nn1 29800000 29899999 1217
nn1 29900000 29999999 1369
nn1 30000000 30099999 1609
nn1 30100000 30199999 1288
nn1 30200000 30299999 977
nn1 30300000 30399999 1383
nn1 30400000 30499999 1630
nn1 30500000 30599999 1107
nn1 30600000 30699999 1015
nn1 30700000 30799999 1133
nn1 30800000 30899999 814
nn1 30900000 30999999 725
nn1 31000000 31099999 1271
nn1 31100000 31199999 1472
nn1 31200000 31299999 1238
nn1 31300000 31399999 1321
nn1 31400000 31499999 2166
nn1 31500000 31599999 2094
nn1 31600000 31699999 2310
nn1 31700000 31799999 1759
nn1 31800000 31899999 2404
nn1 31900000 31999999 3552
nn1 32000000 32099999 2080
nn1 32100000 32199999 3123
nn1 32200000 32299999 3330
nn1 32300000 32399999 2973
nn1 32400000 32499999 2538
nn1 32500000 32599999 2901
nn1 32600000 32699999 2435
nn1 32700000 32799999 2829
nn1 32800000 32899999 2910
nn1 32900000 32999999 2070
nn1 33000000 33099999 2224
nn1 33100000 33199999 3111
nn1 33200000 33299999 2153
nn1 33300000 33399999 3011
nn1 33400000 33499999 3804
nn1 33500000 33599999 2272
nn1 33600000 33699999 2783
nn1 33700000 33799999 3147
nn1 33800000 33899999 1776
nn1 33900000 33999999 2931
nn1 34000000 34099999 2163
nn1 34100000 34199999 2024
nn1 34200000 34299999 1208
nn1 34300000 34399999 1310
nn1 34400000 34499999 1232
nn1 34500000 34599999 1354
nn1 34600000 34699999 1494
nn1 34700000 34799999 1601
nn1 34800000 34899999 1439
nn1 34900000 34999999 1588
nn1 35000000 35099999 1852
nn1 35100000 35199999 2085
nn1 35200000 35299999 2486
nn1 35300000 35399999 4251
nn1 35400000 35499999 2945
nn1 35500000 35599999 3130
nn1 35600000 35699999 2942
nn1 35700000 35799999 3195
nn1 35800000 35899999 2605
nn1 35900000 35999999 2285
nn1 36000000 36099999 2427
nn1 36100000 36199999 3254
nn1 36200000 36299999 3102
nn1 36300000 36399999 2898
nn1 36400000 36499999 2852
nn1 36500000 36599999 3165
nn1 36600000 36699999 1786
nn1 36700000 36799999 3212
nn1 36800000 36899999 1965
nn1 36900000 36999999 2448
nn1 37000000 37099999 3263
nn1 37100000 37199999 2675
nn1 37200000 37299999 2397
nn1 37300000 37399999 2500
nn1 37400000 37499999 2477
nn1 37500000 37599999 3117
nn1 37600000 37699999 2669
nn1 37700000 37799999 2397
nn1 37800000 37899999 1860
nn1 37900000 37999999 1722
nn1 38000000 38099999 2295
nn1 38100000 38199999 2016
nn1 38200000 38299999 2251
nn1 38300000 38399999 2755
nn1 38400000 38499999 1961
nn1 38500000 38599999 4341
nn1 38600000 38699999 1823
nn1 38700000 38799999 2475
nn1 38800000 38899999 1471
nn1 38900000 38999999 1382
nn1 39000000 39099999 1755
nn1 39100000 39199999 1880
nn1 39200000 39299999 1674
nn1 39300000 39399999 1391
nn1 39400000 39499999 2419
nn1 39500000 39599999 1856
nn1 39600000 39699999 1375
nn1 39700000 39799999 1478
nn1 39800000 39899999 1142
nn1 39900000 39999999 1427
nn1 40000000 40099999 1595
nn1 40100000 40199999 1538
nn1 40200000 40299999 836
nn1 40300000 40399999 1017
nn1 40400000 40499999 1017
nn1 40500000 40599999 904
nn1 40600000 40699999 1128
nn1 40700000 40799999 919
nn1 40800000 40899999 1363
nn1 40900000 40999999 1301
nn1 41000000 41099999 1002
nn1 41100000 41199999 888
nn1 41200000 41299999 695
nn1 41300000 41399999 1266
nn1 41400000 41499999 887
nn1 41500000 41599999 779
nn1 41600000 41699999 1436
nn1 41700000 41799999 799
nn1 41800000 41899999 1006
nn1 41900000 41999999 1265
nn1 42000000 42099999 1567
nn1 42100000 42199999 961
nn1 42200000 42299999 1543
nn1 42300000 42399999 1497
nn1 42400000 42499999 700
nn1 42500000 42599999 1041
nn1 42600000 42699999 1221
nn1 42700000 42799999 1120
nn1 42800000 42899999 800
nn1 42900000 42999999 1745
nn1 43000000 43099999 1417
nn1 43100000 43199999 912
nn1 43200000 43299999 1428
nn1 43300000 43399999 1403
nn1 43400000 43499999 2095
nn1 43500000 43599999 1019
nn1 43600000 43699999 1538
nn1 43700000 43799999 2437
nn1 43800000 43899999 1181
nn1 43900000 43999999 1795
nn1 44000000 44099999 1931
nn1 44100000 44199999 2468
nn1 44200000 44299999 2397
nn1 44300000 44399999 1923
nn1 44400000 44499999 2167
nn1 44500000 44599999 2214
nn1 44600000 44699999 1979
nn1 44700000 44799999 2875
nn1 44800000 44899999 3099
nn1 44900000 44999999 2177
nn1 45000000 45099999 2435
nn1 45100000 45199999 3111
nn1 45200000 45299999 3426
nn1 45300000 45399999 3356
nn1 45400000 45499999 2714
nn1 45500000 45599999 2775
nn1 45600000 45699999 3110
nn1 45700000 45799999 3545
nn1 45800000 45899999 2339
nn1 45900000 45999999 2631
nn1 46000000 46099999 2824
nn1 46100000 46199999 2693
nn1 46200000 46299999 3198
nn1 46300000 46399999 2369
nn1 46400000 46499999 2723
nn1 46500000 46599999 2431
nn1 46600000 46699999 3019
nn1 46700000 46799999 3028
nn1 46800000 46899999 2530
nn1 46900000 46999999 2049
nn1 47000000 47099999 2584
nn1 47100000 47199999 3872
nn1 47200000 47299999 2793
nn1 47300000 47399999 2123
nn1 47400000 47499999 2098
nn1 47500000 47599999 4050
nn1 47600000 47699999 3411
nn1 47700000 47799999 3000
nn1 47800000 47899999 2373
nn1 47900000 47999999 2568
nn1 48000000 48099999 2052
nn1 48100000 48199999 2470
nn1 48200000 48299999 2864
nn1 48300000 48399999 1951
nn1 48400000 48499999 1861
nn1 48500000 48599999 1556
nn1 48600000 48699999 2198
nn1 48700000 48799999 1814
nn1 48800000 48899999 1989
nn1 48900000 48999999 1418
nn1 49000000 49099999 1990
nn1 49100000 49199999 1620
nn1 49200000 49299999 1999
nn1 49300000 49399999 2180
nn1 49400000 49499999 2564
nn1 49500000 49599999 1672
nn1 49600000 49699999 1523
nn1 49700000 49799999 1538
nn1 49800000 49899999 1673
nn1 49900000 49999999 1615
nn1 50000000 50099999 1968
nn1 50100000 50199999 1604
nn1 50200000 50299999 1230
nn1 50300000 50399999 944
nn1 50400000 50499999 895
nn1 50500000 50599999 1794
nn1 50600000 50699999 1218
nn1 50700000 50799999 1310
nn1 50800000 50899999 730
nn1 50900000 50999999 784
nn1 51000000 51099999 852
nn1 51100000 51199999 826
nn1 51200000 51299999 888
nn1 51300000 51399999 1514
nn1 51400000 51499999 1004
nn1 51500000 51599999 1342
nn1 51600000 51699999 839
nn1 51700000 51799999 1280
nn1 51800000 51899999 1289
nn1 51900000 51999999 820
nn1 52000000 52099999 894
nn1 52100000 52199999 931
nn1 52200000 52299999 947
nn1 52300000 52399999 968
nn1 52400000 52499999 1668
nn1 52500000 52599999 1338
nn1 52600000 52699999 2465
nn1 52700000 52799999 651
nn1 52800000 52899999 891
nn1 52900000 52999999 1762
nn1 53000000 53099999 1241
nn1 53100000 53199999 815
nn1 53200000 53299999 808
nn1 53300000 53399999 860
nn1 53400000 53499999 1118
nn1 53500000 53599999 2366
nn1 53600000 53699999 1284
nn1 53700000 53799999 2562
nn1 53800000 53899999 1663
nn1 53900000 53999999 1500
nn1 54000000 54099999 1595
nn1 54100000 54199999 1608
nn1 54200000 54299999 1137
nn1 54300000 54399999 1200
nn1 54400000 54499999 1388
nn1 54500000 54599999 1468
nn1 54600000 54699999 1770
nn1 54700000 54799999 2302
nn1 54800000 54899999 3121
nn1 54900000 54999999 2033
nn1 55000000 55099999 2609
nn1 55100000 55199999 3104
nn1 55200000 55299999 2527
nn1 55300000 55399999 2226
nn1 55400000 55499999 2508
nn1 55500000 55599999 2002
nn1 55600000 55699999 2184
nn1 55700000 55799999 2699
nn1 55800000 55899999 1713
nn1 55900000 55999999 2371
nn1 56000000 56099999 2580
nn1 56100000 56199999 2176
nn1 56200000 56299999 1803
nn1 56300000 56399999 1392
nn1 56400000 56499999 1035
nn1 56500000 56599999 2520
nn1 56600000 56699999 2075
nn1 56700000 56799999 1141
nn1 56800000 56899999 1968
nn1 56900000 56999999 1710
nn1 57000000 57099999 1029
nn1 57100000 57199999 2736
nn1 57200000 57299999 873
nn1 57300000 57399999 859
nn1 57400000 57499999 1376
nn1 57500000 57599999 1246
nn1 57600000 57699999 1035
nn1 57700000 57799999 747
nn1 57800000 57899999 1151
nn1 57900000 57999999 1231
nn1 58000000 58099999 1468
nn1 58100000 58199999 1377
nn1 58200000 58299999 1314
nn1 58300000 58399999 1395
nn1 58400000 58499999 1394
nn1 58500000 58599999 952
nn1 58600000 58699999 1223
nn1 58700000 58799999 888
nn1 58800000 58899999 892
nn1 58900000 58999999 897
nn1 59000000 59099999 1014
nn1 59100000 59199999 777
nn1 59200000 59299999 763
nn1 59300000 59399999 1075
nn1 59400000 59499999 1025
nn1 59500000 59599999 844
nn1 59600000 59699999 984
nn1 59700000 59799999 1052
nn1 59800000 59899999 1169
nn1 59900000 59999999 688
nn1 60000000 60099999 850
nn1 60100000 60199999 949
nn1 60200000 60299999 976
nn1 60300000 60399999 1061
nn1 60400000 60499999 899
nn1 60500000 60599999 1285
nn1 60600000 60699999 1386
nn1 60700000 60799999 1924
nn1 60800000 60899999 1033
nn1 60900000 60999999 876
nn1 61000000 61099999 1238
nn1 61100000 61199999 1344
nn1 61200000 61299999 1229
nn1 61300000 61399999 1511
nn1 61400000 61499999 1053
nn1 61500000 61599999 1392
nn1 61600000 61699999 3427
nn1 61700000 61799999 2084
nn1 61800000 61899999 1807
nn1 61900000 61999999 2990
nn1 62000000 62099999 2370
nn1 62100000 62199999 1444
nn1 62200000 62299999 1651
nn1 62300000 62399999 1839
nn1 62400000 62499999 1603
nn1 62500000 62599999 932
nn1 62600000 62699999 1794
nn1 62700000 62799999 1236
nn1 62800000 62899999 866
nn1 62900000 62999999 1270
nn1 63000000 63099999 1148
nn1 63100000 63199999 1050
nn1 63200000 63299999 1236
nn1 63300000 63399999 1512
nn1 63400000 63499999 1190
nn1 63500000 63599999 753
nn1 63600000 63699999 1163
nn1 63700000 63799999 748
nn1 63800000 63899999 983
nn1 63900000 63999999 1390
nn1 64000000 64099999 915
nn1 64100000 64199999 972
nn1 64200000 64299999 1260
nn1 64300000 64399999 802
nn1 64400000 64499999 786
nn1 64500000 64599999 1197
nn1 64600000 64699999 692
nn1 64700000 64799999 1505
nn1 64800000 64899999 866
nn1 64900000 64999999 965
nn1 65000000 65099999 1590
nn1 65100000 65199999 864
nn1 65200000 65299999 1173
nn1 65300000 65399999 1194
nn1 65400000 65499999 1118
nn1 65500000 65599999 1331
nn1 65600000 65699999 1189
nn1 65700000 65799999 1495
nn1 65800000 65899999 1030
nn1 65900000 65999999 1103
nn1 66000000 66099999 1122
nn1 66100000 66199999 827
nn1 66200000 66299999 1352
nn1 66300000 66399999 1034
nn1 66400000 66499999 1010
nn1 66500000 66599999 1038
nn1 66600000 66699999 757
nn1 66700000 66799999 1080
nn1 66800000 66899999 3114
nn1 66900000 66999999 2021
nn1 67000000 67099999 2102
nn1 67100000 67199999 2238
nn1 67200000 67299999 3089
nn1 67300000 67399999 1313
nn1 67400000 67499999 1097
nn1 67500000 67599999 2201
nn1 67600000 67699999 1155
nn1 67700000 67799999 1225
nn1 67800000 67899999 1317
nn1 67900000 67999999 1377
nn1 68000000 68099999 1679
nn1 68100000 68199999 1213
nn1 68200000 68299999 1100
nn1 68300000 68399999 1234
nn1 68400000 68499999 1468
nn1 68500000 68599999 1702
nn1 68600000 68699999 1400
nn1 68700000 68799999 2277
nn1 68800000 68899999 2779
nn1 68900000 68999999 2248
nn1 69000000 69099999 2415
nn1 69100000 69199999 1617
nn1 69200000 69299999 2350
nn1 69300000 69399999 2169
nn1 69400000 69499999 1544
nn1 69500000 69599999 2497
nn1 69600000 69699999 2068
nn1 69700000 69799999 2423
nn1 69800000 69899999 2327
nn1 69900000 69999999 2441
nn1 70000000 70099999 1730
nn1 70100000 70199999 1680
nn1 70200000 70299999 1370
nn1 70300000 70399999 1677
nn1 70400000 70499999 1673
nn1 70500000 70599999 1260
nn1 70600000 70699999 1668
nn1 70700000 70799999 1008
nn1 70800000 70899999 1157
nn1 70900000 70999999 1014
nn1 71000000 71099999 1543
nn1 71100000 71199999 1706
nn1 71200000 71299999 1257
nn1 71300000 71399999 1212
nn1 71400000 71499999 1145
nn1 71500000 71599999 1391
nn1 71600000 71699999 1211
nn1 71700000 71799999 961
nn1 71800000 71899999 1355
nn1 71900000 71999999 1198
nn1 72000000 72099999 1253
nn1 72100000 72199999 1458
nn1 72200000 72299999 1101
nn1 72300000 72399999 1127
nn1 72400000 72499999 1517
nn1 72500000 72599999 1671
nn1 72600000 72699999 977
nn1 72700000 72799999 1324
nn1 72800000 72899999 1387
nn1 72900000 72999999 760
nn1 73000000 73099999 2224
nn1 73100000 73199999 1391
nn1 73200000 73299999 1426
nn1 73300000 73399999 1045
nn1 73400000 73499999 1164
nn1 73500000 73599999 1034
nn1 73600000 73699999 972
nn1 73700000 73799999 1011
nn1 73800000 73899999 2371
nn1 73900000 73999999 1366
nn1 74000000 74099999 1036
nn1 74100000 74199999 1139
nn1 74200000 74299999 1714
nn1 74300000 74399999 3510
nn1 74400000 74499999 1008
nn1 74500000 74599999 1097
nn1 74600000 74699999 955
nn1 74700000 74799999 1603
nn1 74800000 74899999 945
nn1 74900000 74999999 774
nn1 75000000 75099999 964
nn1 75100000 75199999 1012
nn1 75200000 75299999 991
nn1 75300000 75399999 1401
nn1 75400000 75499999 1570
nn1 75500000 75599999 1827
nn1 75600000 75699999 941
nn1 75700000 75799999 1280
nn1 75800000 75899999 995
nn1 75900000 75999999 1027
nn1 76000000 76099999 1366
nn1 76100000 76199999 966
nn1 76200000 76299999 767
nn1 76300000 76399999 1096
nn1 76400000 76499999 1040
nn1 76500000 76599999 1063
nn1 76600000 76699999 1157
nn1 76700000 76799999 1125
nn1 76800000 76899999 1074
nn1 76900000 76999999 1218
nn1 77000000 77099999 1247
nn1 77100000 77199999 1323
nn1 77200000 77299999 1259
nn1 77300000 77399999 1703
nn1 77400000 77499999 864
nn1 77500000 77599999 1439
nn1 77600000 77699999 1258
nn1 77700000 77799999 954
nn1 77800000 77899999 850
nn1 77900000 77999999 1165
nn1 78000000 78099999 1054
nn1 78100000 78199999 1143
nn1 78200000 78299999 1133
nn1 78300000 78399999 932
nn1 78400000 78499999 1448
nn1 78500000 78599999 1645
nn1 78600000 78699999 1501
nn1 78700000 78799999 950
nn1 78800000 78899999 1231
nn1 78900000 78999999 1793
nn1 79000000 79099999 1204
nn1 79100000 79199999 1428
nn1 79200000 79299999 1831
nn1 79300000 79399999 1504
nn1 79400000 79499999 1230
nn1 79500000 79599999 1535
nn1 79600000 79699999 1247
nn1 79700000 79799999 2071
nn1 79800000 79899999 2139
nn1 79900000 79999999 1972
nn1 80000000 80099999 2165
nn1 80100000 80199999 1460
nn1 80200000 80299999 1350
nn1 80300000 80399999 1157
nn1 80400000 80499999 1126
nn1 80500000 80599999 1145
nn1 80600000 80699999 1056
nn1 80700000 80799999 757
nn1 80800000 80899999 1753
nn1 80900000 80999999 1610
nn1 81000000 81099999 1388
nn1 81100000 81199999 2231
nn1 81200000 81299999 2462
nn1 81300000 81399999 2402
nn1 81400000 81499999 2025
nn1 81500000 81599999 1697
nn1 81600000 81699999 1059
nn1 81700000 81799999 1178
nn1 81800000 81899999 1265
nn1 81900000 81999999 1536
nn1 82000000 82099999 996
nn1 82100000 82199999 1211
nn1 82200000 82299999 1773
nn1 82300000 82399999 1566
nn1 82400000 82499999 1037
nn1 82500000 82599999 1034
nn1 82600000 82699999 1580
nn1 82700000 82799999 1467
nn1 82800000 82899999 1114
nn1 82900000 82999999 657
nn1 83000000 83099999 1144
nn1 83100000 83199999 1159
nn1 83200000 83299999 842
nn1 83300000 83399999 1219
nn1 83400000 83499999 1003
nn1 83500000 83599999 741
nn1 83600000 83699999 1263
nn1 83700000 83799999 2062
nn1 83800000 83899999 1298
nn1 83900000 83999999 861
nn1 84000000 84099999 937
nn1 84100000 84199999 980
nn1 84200000 84299999 918
nn1 84300000 84399999 1164
nn1 84400000 84499999 864
nn1 84500000 84599999 931
nn1 84600000 84699999 819
nn1 84700000 84799999 1616
nn1 84800000 84899999 837
nn1 84900000 84999999 1054
nn1 85000000 85099999 1167
nn1 85100000 85199999 1455
nn1 85200000 85299999 1024
nn1 85300000 85399999 1300
nn1 85400000 85499999 879
nn1 85500000 85599999 1433
nn1 85600000 85699999 1268
nn1 85700000 85799999 867
nn1 85800000 85899999 1112
nn1 85900000 85999999 837
nn1 86000000 86099999 1008
nn1 86100000 86199999 1136
nn1 86200000 86299999 2482
nn1 86300000 86399999 877
nn1 86400000 86499999 919
nn1 86500000 86599999 1305
nn1 86600000 86699999 861
nn1 86700000 86799999 676
nn1 86800000 86899999 1250
nn1 86900000 86999999 929
nn1 87000000 87099999 1159
nn1 87100000 87199999 1388
nn1 87200000 87299999 1074
nn1 87300000 87399999 1534
nn1 87400000 87499999 1615
nn1 87500000 87599999 1490
nn1 87600000 87699999 1397
nn1 87700000 87799999 945
nn1 87800000 87899999 1294
nn1 87900000 87999999 1690
nn1 88000000 88099999 1270
nn1 88100000 88199999 872
nn1 88200000 88299999 1188
nn1 88300000 88399999 1286
nn1 88400000 88499999 1648
nn1 88500000 88599999 1492
nn1 88600000 88699999 1055
nn1 88700000 88799999 1827
nn1 88800000 88899999 1629
nn1 88900000 88999999 1595
nn1 89000000 89099999 1041
nn1 89100000 89199999 1019
nn1 89200000 89299999 1734
nn1 89300000 89399999 1579
nn1 89400000 89499999 857
nn1 89500000 89599999 968
nn1 89600000 89699999 1481
nn1 89700000 89799999 1378
nn1 89800000 89899999 1571
nn1 89900000 89999999 1894
nn1 90000000 90099999 1127
nn1 90100000 90199999 1168
nn1 90200000 90299999 701
nn1 90300000 90399999 1185
nn1 90400000 90499999 2297
nn1 90500000 90599999 1117
nn1 90600000 90699999 1063
nn1 90700000 90799999 1022
nn1 90800000 90899999 960
nn1 90900000 90999999 1409
nn1 91000000 91099999 1248
nn1 91100000 91199999 911
nn1 91200000 91299999 965
nn1 91300000 91399999 1082
nn1 91400000 91499999 1076
nn1 91500000 91599999 893
nn1 91600000 91699999 2007
nn1 91700000 91799999 896
nn1 91800000 91899999 1448
nn1 91900000 91999999 1107
nn1 92000000 92099999 1136
nn1 92100000 92199999 864
nn1 92200000 92299999 1003
nn1 92300000 92399999 1109
nn1 92400000 92499999 1479
nn1 92500000 92599999 1979
nn1 92600000 92699999 1259
nn1 92700000 92799999 1374
nn1 92800000 92899999 1964
nn1 92900000 92999999 1245
nn1 93000000 93099999 1067
nn1 93100000 93199999 877
nn1 93200000 93299999 1318
nn1 93300000 93399999 953
nn1 93400000 93499999 678
nn1 93500000 93599999 1626
nn1 93600000 93699999 865
nn1 93700000 93799999 1534
nn1 93800000 93899999 1441
nn1 93900000 93999999 1865
nn1 94000000 94099999 1851
nn1 94100000 94199999 2088
nn1 94200000 94299999 1941
nn1 94300000 94399999 1821
nn1 94400000 94499999 2519
nn1 94500000 94599999 1493
nn1 94600000 94699999 1597
nn1 94700000 94799999 1235
nn1 94800000 94899999 1131
nn1 94900000 94999999 1149
nn1 95000000 95099999 1391
nn1 95100000 95199999 1416
nn1 95200000 95299999 1431
nn1 95300000 95399999 1466
nn1 95400000 95499999 1288
nn1 95500000 95599999 1557
nn1 95600000 95699999 2420
nn1 95700000 95799999 2111
nn1 95800000 95899999 1977
nn1 95900000 95999999 2721
nn1 96000000 96099999 2396
nn1 96100000 96199999 1933
nn1 96200000 96299999 1955
nn1 96300000 96399999 818
nn1 96400000 96499999 906
nn1 96500000 96599999 1311
nn1 96600000 96699999 1177
nn1 96700000 96799999 1474
nn1 96800000 96899999 1154
nn1 96900000 96999999 1719
nn1 97000000 97099999 1219
nn1 97100000 97199999 1393
nn1 97200000 97299999 1101
nn1 97300000 97399999 1392
nn1 97400000 97499999 1426
nn1 97500000 97599999 1164
nn1 97600000 97699999 1055
nn1 97700000 97799999 836
nn1 97800000 97899999 1122
nn1 97900000 97999999 1936
nn1 98000000 98099999 1380
nn1 98100000 98199999 979
nn1 98200000 98299999 1315
nn1 98300000 98399999 1438
nn1 98400000 98499999 1542
nn1 98500000 98599999 1765
nn1 98600000 98699999 2071
nn1 98700000 98799999 1353
nn1 98800000 98899999 1905
nn1 98900000 98999999 1257
nn1 99000000 99099999 1441
nn1 99100000 99199999 1621
nn1 99200000 99299999 1410
nn1 99300000 99399999 1483
nn1 99400000 99499999 1805
nn1 99500000 99599999 1923
nn1 99600000 99699999 1520
nn1 99700000 99799999 1369
nn1 99800000 99899999 1373
nn1 99900000 99999999 1541
nn1 100000000 100099999 2260
nn1 100100000 100199999 1478
nn1 100200000 100299999 1923
nn1 100300000 100399999 1680
nn1 100400000 100499999 2576
nn1 100500000 100599999 1770
nn1 100600000 100699999 1470
nn1 100700000 100799999 1450
nn1 100800000 100899999 1223
nn1 100900000 100999999 1766
nn1 101000000 101099999 1735
nn1 101100000 101199999 1785
nn1 101200000 101299999 1776
nn1 101300000 101399999 1542
nn1 101400000 101499999 1915
nn1 101500000 101599999 1790
nn1 101600000 101699999 2262
nn1 101700000 101799999 2012
nn1 101800000 101899999 1485
nn1 101900000 101999999 2236
nn1 102000000 102099999 1534
nn1 102100000 102199999 1638
nn1 102200000 102299999 1802
nn1 102300000 102399999 1736
nn1 102400000 102499999 1131
nn1 102500000 102599999 1469
nn1 102600000 102699999 1507
nn1 102700000 102799999 1369
nn1 102800000 102899999 1454
nn1 102900000 102999999 1372
nn1 103000000 103099999 1112
nn1 103100000 103199999 1203
nn1 103200000 103299999 1554
nn1 103300000 103399999 1008
nn1 103400000 103499999 1451
nn1 103500000 103599999 1183
nn1 103600000 103699999 892
nn1 103700000 103799999 916
nn1 103800000 103899999 1041
nn1 103900000 103999999 934
nn1 104000000 104099999 951
nn1 104100000 104199999 955
nn1 104200000 104299999 1250
nn1 104300000 104399999 989
nn1 104400000 104499999 926
nn1 104500000 104599999 792
nn1 104600000 104699999 1153
nn1 104700000 104799999 1292
nn1 104800000 104899999 1130
nn1 104900000 104999999 1211
nn1 105000000 105099999 1396
nn1 105100000 105199999 1253
nn1 105200000 105299999 1165
nn1 105300000 105399999 1202
nn1 105400000 105499999 1564
nn1 105500000 105599999 1268
nn1 105600000 105699999 1327
nn1 105700000 105799999 1376
nn1 105800000 105899999 1426
nn1 105900000 105999999 1257
nn1 106000000 106099999 1340
nn1 106100000 106199999 1454
nn1 106200000 106299999 1065
nn1 106300000 106399999 1034
nn1 106400000 106499999 831
nn1 106500000 106599999 1279
nn1 106600000 106699999 1209
nn1 106700000 106799999 916
nn1 106800000 106899999 1189
nn1 106900000 106999999 1355
nn1 107000000 107099999 1151
nn1 107100000 107199999 886
nn1 107200000 107299999 985
nn1 107300000 107399999 1214
nn1 107400000 107499999 916
nn1 107500000 107599999 953
nn1 107600000 107699999 894
nn1 107700000 107799999 804
nn1 107800000 107899999 1188
nn1 107900000 107999999 1510
nn1 108000000 108099999 1260
nn1 108100000 108199999 1114
nn1 108200000 108299999 1165
nn1 108300000 108399999 919
nn1 108400000 108499999 1033
nn1 108500000 108599999 1302
nn1 108600000 108699999 1377
nn1 108700000 108799999 1168
nn1 108800000 108899999 1334
nn1 108900000 108999999 1225
nn1 109000000 109099999 1351
nn1 109100000 109199999 1412
nn1 109200000 109299999 1415
nn1 109300000 109399999 1499
nn1 109400000 109499999 843
nn1 109500000 109599999 1261
nn1 109600000 109699999 1269
nn1 109700000 109799999 1271
nn1 109800000 109899999 1303
nn1 109900000 109999999 1454
nn1 110000000 110099999 1173
nn1 110100000 110199999 1019
nn1 110200000 110299999 1319
nn1 110300000 110399999 1040
nn1 110400000 110499999 1049
nn1 110500000 110599999 1088
nn1 110600000 110699999 1173
nn1 110700000 110799999 1156
nn1 110800000 110899999 1051
nn1 110900000 110999999 1117
nn1 111000000 111099999 1062
nn1 111100000 111199999 1164
nn1 111200000 111299999 961
nn1 111300000 111399999 832
nn1 111400000 111499999 829
nn1 111500000 111599999 1039
nn1 111600000 111699999 1100
nn1 111700000 111799999 1010
nn1 111800000 111899999 912
nn1 111900000 111999999 724
nn1 112000000 112099999 831
nn1 112100000 112199999 788
nn1 112200000 112299999 1057
nn1 112300000 112399999 982
nn1 112400000 112499999 919
nn1 112500000 112599999 868
nn1 112600000 112699999 3523
nn1 112700000 112799999 892
nn1 112800000 112899999 1046
nn1 112900000 112999999 1315
nn1 113000000 113099999 1198
nn1 113100000 113199999 1359
nn1 113200000 113299999 1286
nn1 113300000 113399999 1229
nn1 113400000 113499999 1754
nn1 113500000 113599999 1239
nn1 113600000 113699999 748
nn1 113700000 113799999 1071
nn1 113800000 113899999 1201
nn1 113900000 113999999 1132
nn1 114000000 114099999 1138
nn1 114100000 114199999 1228
nn1 114200000 114299999 988
nn1 114300000 114399999 1614
nn1 114400000 114499999 1069
nn1 114500000 114599999 1132
nn1 114600000 114699999 1323
nn1 114700000 114799999 896
nn1 114800000 114899999 940
nn1 114900000 114999999 785
nn1 115000000 115099999 1041
nn1 115100000 115199999 774
nn1 115200000 115299999 780
nn1 115300000 115399999 934
nn1 115400000 115499999 652
nn1 115500000 115599999 776
nn1 115600000 115699999 1309
nn1 115700000 115799999 838
nn1 115800000 115899999 1089
nn1 115900000 115999999 1081
nn1 116000000 116099999 880
nn1 116100000 116199999 921
nn1 116200000 116299999 784
nn1 116300000 116399999 1013
nn1 116400000 116499999 1111
nn1 116500000 116599999 885
nn1 116600000 116699999 931
nn1 116700000 116799999 1128
nn1 116800000 116899999 1640
nn1 116900000 116999999 1143
nn1 117000000 117099999 1595
nn1 117100000 117199999 1127
nn1 117200000 117299999 1217
nn1 117300000 117399999 909
nn1 117400000 117499999 901
nn1 117500000 117599999 671
nn1 117600000 117699999 3675
nn1 117700000 117799999 931
nn1 117800000 117899999 1547
nn1 117900000 117999999 1199
nn1 118000000 118099999 709
nn1 118100000 118199999 925
nn1 118200000 118299999 838
nn1 118300000 118399999 893
nn1 118400000 118499999 1051
nn1 118500000 118599999 865
nn1 118600000 118699999 1182
nn1 118700000 118799999 1519
nn1 118800000 118899999 1055
nn1 118900000 118999999 696
nn1 119000000 119099999 639
nn1 119100000 119199999 806
nn1 119200000 119299999 871
nn1 119300000 119399999 1234
nn1 119400000 119499999 1914
nn1 119500000 119599999 1356
nn1 119600000 119699999 936
nn1 119700000 119799999 902
nn1 119800000 119899999 1125
nn1 119900000 119999999 824
nn1 120000000 120099999 988
nn1 120100000 120199999 950
nn1 120200000 120299999 906
nn1 120300000 120399999 682
nn1 120400000 120499999 801
nn1 120500000 120599999 992
nn1 120600000 120699999 1299
nn1 120700000 120799999 129
nn1 120800000 120899999 0
nn1 120900000 120999999 10
nn1 121000000 121099999 10
nn1 121100000 121199999 0
nn1 121200000 121299999 0
nn1 121300000 121399999 632
nn1 121400000 121499999 1109
nn1 121500000 121599999 1089
nn1 121600000 121699999 956
nn1 121700000 121799999 1306
nn1 121800000 121899999 1227
nn1 121900000 121999999 1311
nn1 122000000 122099999 1012
nn1 122100000 122199999 1116
nn1 122200000 122299999 972
nn1 122300000 122399999 2006
nn1 122400000 122499999 1136
nn1 122500000 122599999 932
nn1 122600000 122699999 1101
nn1 122700000 122799999 859
nn1 122800000 122899999 1052
nn1 122900000 122999999 887
nn1 123000000 123099999 1653
nn1 123100000 123199999 902
nn1 123200000 123299999 891
nn1 123300000 123399999 1122
nn1 123400000 123499999 1374
nn1 123500000 123599999 1038
nn1 123600000 123699999 8143
nn1 123700000 123799999 1480
nn1 123800000 123899999 866
nn1 123900000 123999999 1325
nn1 124000000 124099999 1158
nn1 124100000 124199999 1657
nn1 124200000 124299999 1199
nn1 124300000 124399999 1080
nn1 124400000 124499999 1193
nn1 124500000 124599999 1622
nn1 124600000 124699999 901
nn1 124700000 124799999 1073
nn1 124800000 124899999 860
nn1 124900000 124999999 724
nn1 125000000 125099999 1269
nn1 125100000 125199999 1481
nn1 125200000 125299999 830
nn1 125300000 125399999 2055
nn1 125400000 125499999 1673
nn1 125500000 125599999 1034
nn1 125600000 125699999 1105
nn1 125700000 125799999 1049
nn1 125800000 125899999 1105
nn1 125900000 125999999 1587
nn1 126000000 126099999 1213
nn1 126100000 126199999 1945
nn1 126200000 126299999 979
nn1 126300000 126399999 1262
nn1 126400000 126499999 1108
nn1 126500000 126599999 1184
nn1 126600000 126699999 1091
nn1 126700000 126799999 1263
nn1 126800000 126899999 1006
nn1 126900000 126999999 985
nn1 127000000 127099999 1523
nn1 127100000 127199999 785
nn1 127200000 127299999 1006
nn1 127300000 127399999 558
nn1 127400000 127499999 1194
nn1 127500000 127599999 994
nn1 127600000 127699999 1065
nn1 127700000 127799999 874
nn1 127800000 127899999 1119
nn1 127900000 127999999 1570
nn1 128000000 128099999 794
nn1 128100000 128199999 939
nn1 128200000 128299999 925
nn1 128300000 128399999 1064
nn1 128400000 128499999 883
nn1 128500000 128599999 895
nn1 128600000 128699999 735
nn1 128700000 128799999 1147
nn1 128800000 128899999 1113
nn1 128900000 128999999 922
nn1 129000000 129099999 1130
nn1 129100000 129199999 914
nn1 129200000 129299999 1671
nn1 129300000 129399999 1452
nn1 129400000 129499999 890
nn1 129500000 129599999 1028
nn1 129600000 129699999 758
nn1 129700000 129799999 1816
nn1 129800000 129899999 1251
nn1 129900000 129999999 1054
nn1 130000000 130099999 1452
nn1 130100000 130199999 2569
nn1 130200000 130299999 1229
nn1 130300000 130399999 1803
nn1 130400000 130499999 1631
nn1 130500000 130599999 1262
nn1 130600000 130699999 1251
nn1 130700000 130799999 1063
nn1 130800000 130899999 1808
nn1 130900000 130999999 1085
nn1 131000000 131099999 1073
nn1 131100000 131199999 998
nn1 131200000 131299999 1200
nn1 131300000 131399999 1023
nn1 131400000 131499999 1631
nn1 131500000 131599999 1408
nn1 131600000 131699999 1347
nn1 131700000 131799999 1281
nn1 131800000 131899999 1243
nn1 131900000 131999999 1305
nn1 132000000 132099999 1225
nn1 132100000 132199999 1397
nn1 132200000 132299999 1198
nn1 132300000 132399999 1426
nn1 132400000 132499999 942
nn1 132500000 132599999 1644
nn1 132600000 132699999 1556
nn1 132700000 132799999 1515
nn1 132800000 132899999 1696
nn1 132900000 132999999 1321
nn1 133000000 133099999 1665
nn1 133100000 133199999 1126
nn1 133200000 133299999 923
nn1 133300000 133399999 1357
nn1 133400000 133499999 1006
nn1 133500000 133599999 1387
nn1 133600000 133699999 843
nn1 133700000 133799999 1169
nn1 133800000 133899999 778
nn1 133900000 133999999 1191
nn1 134000000 134099999 1360
nn1 134100000 134199999 566
nn1 134200000 134299999 639
nn1 134300000 134399999 907
nn1 134400000 134499999 1108
nn1 134500000 134599999 1020
nn1 134600000 134699999 892
nn1 134700000 134799999 881
nn1 134800000 134899999 1147
nn1 134900000 134999999 906
nn1 135000000 135099999 924
nn1 135100000 135199999 1052
nn1 135200000 135299999 1072
nn1 135300000 135399999 848
nn1 135400000 135499999 1256
nn1 135500000 135599999 1010
nn1 135600000 135699999 1232
nn1 135700000 135799999 1243
nn1 135800000 135899999 951
nn1 135900000 135999999 921
nn1 136000000 136099999 668
nn1 136100000 136199999 827
nn1 136200000 136299999 824
nn1 136300000 136399999 879
nn1 136400000 136499999 742
nn1 136500000 136599999 803
nn1 136600000 136699999 927
nn1 136700000 136799999 1083
nn1 136800000 136899999 1028
nn1 136900000 136999999 908
nn1 137000000 137099999 721
nn1 137100000 137199999 1112
nn1 137200000 137299999 914
nn1 137300000 137399999 991
nn1 137400000 137499999 1114
nn1 137500000 137599999 1160
nn1 137600000 137699999 1167
nn1 137700000 137799999 1626
nn1 137800000 137899999 2337
nn1 137900000 137999999 1343
nn1 138000000 138099999 1798
nn1 138100000 138199999 1935
nn1 138200000 138299999 1943
nn1 138300000 138399999 2072
nn1 138400000 138499999 1846
nn1 138500000 138599999 2598
nn1 138600000 138699999 1407
nn1 138700000 138799999 1363
nn1 138800000 138899999 1428
nn1 138900000 138999999 867
nn1 139000000 139099999 975
nn1 139100000 139199999 1520
nn1 139200000 139299999 756
nn1 139300000 139399999 829
nn1 139400000 139499999 1063
nn1 139500000 139599999 882
nn1 139600000 139699999 926
nn1 139700000 139799999 1073
nn1 139800000 139899999 1068
nn1 139900000 139999999 971
nn1 140000000 140099999 829
nn1 140100000 140199999 846
nn1 140200000 140299999 1182
nn1 140300000 140399999 1201
nn1 140400000 140499999 1595
nn1 140500000 140599999 1081
nn1 140600000 140699999 1149
nn1 140700000 140799999 1216
nn1 140800000 140899999 1336
nn1 140900000 140999999 1159
nn1 141000000 141099999 970
nn1 141100000 141199999 1982
nn1 141200000 141299999 1229
nn1 141300000 141399999 1661
nn1 141400000 141499999 1192
nn1 141500000 141599999 870
nn1 141600000 141699999 692
nn1 141700000 141799999 853
nn1 141800000 141899999 1053
nn1 141900000 141999999 1036
nn1 142000000 142099999 656
nn1 142100000 142199999 658
nn1 142200000 142299999 1044
nn1 142300000 142399999 1050
nn1 142400000 142499999 1010
nn1 142500000 142599999 984
nn1 142600000 142699999 1060
nn1 142700000 142799999 935
nn1 142800000 142899999 983
nn1 142900000 142999999 874
nn1 143000000 143099999 770
nn1 143100000 143199999 998
nn1 143200000 143299999 857
nn1 143300000 143399999 788
nn1 143400000 143499999 1215
nn1 143500000 143599999 965
nn1 143600000 143699999 649
nn1 143700000 143799999 983
nn1 143800000 143899999 1739
nn1 143900000 143999999 1496
nn1 144000000 144099999 825
nn1 144100000 144199999 1980
nn1 144200000 144299999 949
nn1 144300000 144399999 1325
nn1 144400000 144499999 1312
nn1 144500000 144599999 1243
nn1 144600000 144699999 933
nn1 144700000 144799999 953
nn1 144800000 144899999 1735
nn1 144900000 144999999 726
nn1 145000000 145099999 776
nn1 145100000 145199999 1465
nn1 145200000 145299999 840
nn1 145300000 145399999 972
nn1 145400000 145499999 1278
nn1 145500000 145599999 1399
nn1 145600000 145699999 1291
nn1 145700000 145799999 1320
nn1 145800000 145899999 1307
nn1 145900000 145999999 1093
nn1 146000000 146099999 1170
nn1 146100000 146199999 802
nn1 146200000 146299999 1090
nn1 146300000 146399999 1297
nn1 146400000 146499999 848
nn1 146500000 146599999 975
nn1 146600000 146699999 1486
nn1 146700000 146799999 1137
nn1 146800000 146899999 808
nn1 146900000 146999999 682
nn1 147000000 147099999 868
nn1 147100000 147199999 836
nn1 147200000 147299999 1300
nn1 147300000 147399999 731
nn1 147400000 147499999 1022
nn1 147500000 147599999 945
nn1 147600000 147699999 877
nn1 147700000 147799999 1507
nn1 147800000 147899999 1057
nn1 147900000 147999999 1329
nn1 148000000 148099999 1374
nn1 148100000 148199999 982
nn1 148200000 148299999 1211
nn1 148300000 148399999 1078
nn1 148400000 148499999 1302
nn1 148500000 148599999 870
nn1 148600000 148699999 844
nn1 148700000 148799999 1127
nn1 148800000 148899999 677
nn1 148900000 148999999 999
nn1 149000000 149099999 1009
nn1 149100000 149199999 996
nn1 149200000 149299999 1163
nn1 149300000 149399999 1050
nn1 149400000 149499999 1133
nn1 149500000 149599999 1142
nn1 149600000 149699999 1010
nn1 149700000 149799999 958
nn1 149800000 149899999 948
nn1 149900000 149999999 1714
nn1 150000000 150099999 1426
nn1 150100000 150199999 1232
nn1 150200000 150299999 1075
nn1 150300000 150399999 1437
nn1 150400000 150499999 1140
nn1 150500000 150599999 1203
nn1 150600000 150699999 1035
nn1 150700000 150799999 1111
nn1 150800000 150899999 579
nn1 150900000 150999999 938
nn1 151000000 151099999 1182
nn1 151100000 151199999 863
nn1 151200000 151299999 955
nn1 151300000 151399999 1441
nn1 151400000 151499999 1119
nn1 151500000 151599999 1073
nn1 151600000 151699999 876
nn1 151700000 151799999 747
nn1 151800000 151899999 1144
nn1 151900000 151999999 1177
nn1 152000000 152099999 1121
nn1 152100000 152199999 1638
nn1 152200000 152299999 1695
nn1 152300000 152399999 1860
nn1 152400000 152499999 2086
nn1 152500000 152599999 2206
nn1 152600000 152699999 1079
nn1 152700000 152799999 948
nn1 152800000 152899999 1080
nn1 152900000 152999999 1212
nn1 153000000 153099999 1415
nn1 153100000 153199999 1573
nn1 153200000 153299999 2090
nn1 153300000 153399999 1034
nn1 153400000 153499999 1404
nn1 153500000 153599999 1943
nn1 153600000 153699999 1174
nn1 153700000 153799999 1883
nn1 153800000 153899999 1631
nn1 153900000 153999999 1974
nn1 154000000 154099999 2045
nn1 154100000 154199999 2673
nn1 154200000 154299999 2301
nn1 154300000 154399999 1702
nn1 154400000 154499999 2065
nn1 154500000 154599999 1951
nn1 154600000 154699999 1808
nn1 154700000 154799999 1793
nn1 154800000 154899999 2295
nn1 154900000 154999999 2404
nn1 155000000 155099999 1836
nn1 155100000 155199999 1554
nn1 155200000 155299999 1866
nn1 155300000 155399999 1332
nn1 155400000 155499999 2031
nn1 155500000 155599999 1384
nn1 155600000 155699999 1171
nn1 155700000 155799999 1371
nn1 155800000 155899999 1363
nn1 155900000 155999999 1463
nn1 156000000 156099999 1101
nn1 156100000 156199999 1531
nn1 156200000 156299999 1021
nn1 156300000 156399999 1012
nn1 156400000 156499999 1323
nn1 156500000 156599999 1196
nn1 156600000 156699999 914
nn1 156700000 156799999 866
nn1 156800000 156899999 1289
nn1 156900000 156999999 1251
nn1 157000000 157099999 775
nn1 157100000 157199999 1015
nn1 157200000 157299999 1143
nn1 157300000 157399999 1415
nn1 157400000 157499999 1663
nn1 157500000 157599999 1214
nn1 157600000 157699999 1465
nn1 157700000 157799999 1502
nn1 157800000 157899999 1256
nn1 157900000 157999999 1113
nn1 158000000 158099999 755
nn1 158100000 158199999 944
nn1 158200000 158299999 963
nn1 158300000 158399999 921
nn1 158400000 158499999 1043
nn1 158500000 158599999 1947
nn1 158600000 158699999 1055
nn1 158700000 158799999 1027
nn1 158800000 158899999 1114
nn1 158900000 158999999 826
nn1 159000000 159099999 1437
nn1 159100000 159199999 1457
nn1 159200000 159299999 1272
nn1 159300000 159399999 1591
nn1 159400000 159499999 1598
nn1 159500000 159599999 1007
nn1 159600000 159699999 1015
nn1 159700000 159799999 1366
nn1 159800000 159899999 823
nn1 159900000 159999999 1186
nn1 160000000 160099999 701
nn1 160100000 160199999 1458
nn1 160200000 160299999 1328
nn1 160300000 160399999 1009
nn1 160400000 160499999 919
nn1 160500000 160599999 1046
nn1 160600000 160699999 1403
nn1 160700000 160799999 854
nn1 160800000 160899999 1035
nn1 160900000 160999999 1421
nn1 161000000 161099999 1090
nn1 161100000 161199999 945
nn1 161200000 161299999 901
nn1 161300000 161399999 831
nn1 161400000 161499999 1080
nn1 161500000 161599999 1344
nn1 161600000 161699999 1095
nn1 161700000 161799999 999
nn1 161800000 161899999 1165
nn1 161900000 161999999 1374
nn1 162000000 162099999 758
nn1 162100000 162199999 1225
nn1 162200000 162299999 897
nn1 162300000 162399999 1159
nn1 162400000 162499999 1417
nn1 162500000 162599999 824
nn1 162600000 162699999 964
nn1 162700000 162799999 1001
nn1 162800000 162899999 650
nn1 162900000 162999999 1137
nn1 163000000 163099999 1808
nn1 163100000 163199999 991
nn1 163200000 163299999 1391
nn1 163300000 163399999 1053
nn1 163400000 163499999 1135
nn1 163500000 163599999 1117
nn1 163600000 163699999 1259
nn1 163700000 163799999 1459
nn1 163800000 163899999 1553
nn1 163900000 163999999 1993
nn1 164000000 164099999 2454
nn1 164100000 164199999 2931
nn1 164200000 164299999 2591
nn1 164300000 164399999 1438
nn1 164400000 164499999 2474
nn1 164500000 164599999 1705
nn1 164600000 164699999 2244
nn1 164700000 164799999 1662
nn1 164800000 164899999 1445
nn1 164900000 164999999 1058
nn1 165000000 165099999 1559
nn1 165100000 165199999 2391
nn1 165200000 165299999 971
nn1 165300000 165399999 1327
nn1 165400000 165499999 913
nn1 165500000 165599999 1501
nn1 165600000 165699999 1087
nn1 165700000 165799999 1315
nn1 165800000 165899999 1792
nn1 165900000 165999999 1067
nn1 166000000 166099999 752
nn1 166100000 166199999 1022
nn1 166200000 166299999 956
nn1 166300000 166399999 1050
nn1 166400000 166499999 996
nn1 166500000 166599999 709
nn1 166600000 166699999 1053
nn1 166700000 166799999 1092
nn1 166800000 166899999 1258
nn1 166900000 166999999 1290
nn1 167000000 167099999 1010
nn1 167100000 167199999 1054
nn1 167200000 167299999 1202
nn1 167300000 167399999 1030
nn1 167400000 167499999 1270
nn1 167500000 167599999 1026
nn1 167600000 167699999 1071
nn1 167700000 167799999 1098
nn1 167800000 167899999 918
nn1 167900000 167999999 1031
nn1 168000000 168099999 1505
nn1 168100000 168199999 731
nn1 168200000 168299999 1227
nn1 168300000 168399999 1137
nn1 168400000 168499999 1209
nn1 168500000 168599999 1474
nn1 168600000 168699999 1600
nn1 168700000 168799999 1673
nn1 168800000 168899999 1330
nn1 168900000 168999999 1718
nn1 169000000 169099999 1418
nn1 169100000 169199999 998
nn1 169200000 169299999 889
nn1 169300000 169399999 815
nn1 169400000 169499999 1020
nn1 169500000 169599999 816
nn1 169600000 169699999 845
nn1 169700000 169799999 1203
nn1 169800000 169899999 872
nn1 169900000 169999999 1219
nn1 170000000 170099999 1187
nn1 170100000 170199999 1459
nn1 170200000 170299999 1346
nn1 170300000 170399999 1148
nn1 170400000 170499999 1308
nn1 170500000 170599999 1146
nn1 170600000 170699999 1226
nn1 170700000 170799999 1327
nn1 170800000 170899999 1849
nn1 170900000 170999999 2347
nn1 171000000 171099999 1223
nn1 171100000 171199999 988
nn1 171200000 171299999 1183
nn1 171300000 171399999 829
nn1 171400000 171499999 830
nn1 171500000 171599999 970
nn1 171600000 171699999 716
nn1 171700000 171799999 1374
nn1 171800000 171899999 1326
nn1 171900000 171999999 1499
nn1 172000000 172099999 966
nn1 172100000 172199999 995
nn1 172200000 172299999 1203
nn1 172300000 172399999 1444
nn1 172400000 172499999 1434
nn1 172500000 172599999 1534
nn1 172600000 172699999 1766
nn1 172700000 172799999 1545
nn1 172800000 172899999 1243
nn1 172900000 172999999 1237
nn1 173000000 173099999 912
nn1 173100000 173199999 1228
nn1 173200000 173299999 964
nn1 173300000 173399999 1390
nn1 173400000 173499999 1215
nn1 173500000 173599999 1363
nn1 173600000 173699999 903
nn1 173700000 173799999 954
nn1 173800000 173899999 1000
nn1 173900000 173999999 903
nn1 174000000 174099999 956
nn1 174100000 174199999 817
nn1 174200000 174299999 830
nn1 174300000 174399999 954
nn1 174400000 174499999 1006
nn1 174500000 174599999 1383
nn1 174600000 174699999 1101
nn1 174700000 174799999 1013
nn1 174800000 174899999 2200
nn1 174900000 174999999 1639
nn1 175000000 175099999 1391
nn1 175100000 175199999 1848
nn1 175200000 175299999 1519
nn1 175300000 175399999 1039
nn1 175400000 175499999 1194
nn1 175500000 175599999 1051
nn1 175600000 175699999 1199
nn1 175700000 175799999 903
nn1 175800000 175899999 1520
nn1 175900000 175999999 791
nn1 176000000 176099999 790
nn1 176100000 176199999 697
nn1 176200000 176299999 681
nn1 176300000 176399999 1501
nn1 176400000 176499999 902
nn1 176500000 176599999 1020
nn1 176600000 176699999 1821
nn1 176700000 176799999 2029
nn1 176800000 176899999 1448
nn1 176900000 176999999 2024
nn1 177000000 177099999 1772
nn1 177100000 177199999 1733
nn1 177200000 177299999 1557
nn1 177300000 177399999 1090
nn1 177400000 177499999 2292
nn1 177500000 177599999 1136
nn1 177600000 177699999 1449
nn1 177700000 177799999 1071
nn1 177800000 177899999 1140
nn1 177900000 177999999 1985
nn1 178000000 178099999 2175
nn1 178100000 178199999 2019
nn1 178200000 178299999 1820
nn1 178300000 178399999 2893
nn1 178400000 178499999 1831
nn1 178500000 178599999 2026
nn1 178600000 178699999 2166
nn1 178700000 178799999 1589
nn1 178800000 178899999 1643
nn1 178900000 178999999 1959
nn1 179000000 179099999 2466
nn1 179100000 179199999 2351
nn1 179200000 179299999 2123
nn1 179300000 179399999 1300
nn1 179400000 179499999 1944
nn1 179500000 179599999 2140
nn1 179600000 179699999 1139
nn1 179700000 179799999 1561
nn1 179800000 179899999 1075
nn1 179900000 179999999 1378
nn1 180000000 180099999 733
nn1 180100000 180199999 1054
nn1 180200000 180299999 1069
nn1 180300000 180399999 1161
nn1 180400000 180499999 971
nn1 180500000 180599999 1084
nn1 180600000 180699999 616
nn1 180700000 180799999 1218
nn1 180800000 180899999 902
nn1 180900000 180999999 715
nn1 181000000 181099999 1192
nn1 181100000 181199999 1009
nn1 181200000 181299999 1207
nn1 181300000 181399999 891
nn1 181400000 181499999 695
nn1 181500000 181599999 602
nn1 181600000 181699999 1055
nn1 181700000 181799999 1297
nn1 181800000 181899999 863
nn1 181900000 181999999 1210
nn1 182000000 182099999 922
nn1 182100000 182199999 891
nn1 182200000 182299999 863
nn1 182300000 182399999 1306
nn1 182400000 182499999 971
nn1 182500000 182599999 1041
nn1 182600000 182699999 1589
nn1 182700000 182799999 637
nn1 182800000 182899999 807
nn1 182900000 182999999 784
nn1 183000000 183099999 939
nn1 183100000 183199999 702
nn1 183200000 183299999 861
nn1 183300000 183399999 675
nn1 183400000 183499999 1005
nn1 183500000 183599999 1328
nn1 183600000 183699999 1113
nn1 183700000 183799999 1245
nn1 183800000 183899999 975
nn1 183900000 183999999 1146
nn1 184000000 184099999 1001
nn1 184100000 184199999 1076
nn1 184200000 184299999 961
nn1 184300000 184399999 1454
nn1 184400000 184499999 1491
nn1 184500000 184599999 1306
nn1 184600000 184699999 1198
nn1 184700000 184799999 1747
nn1 184800000 184899999 1543
nn1 184900000 184999999 1254
nn1 185000000 185099999 891
nn1 185100000 185199999 1807
nn1 185200000 185299999 1222
nn1 185300000 185399999 1758
nn1 185400000 185499999 2452
nn1 185500000 185599999 1822
nn1 185600000 185699999 1828
nn1 185700000 185799999 2750
nn1 185800000 185899999 2171
nn1 185900000 185999999 1817
nn1 186000000 186099999 1703
nn1 186100000 186199999 1576
nn1 186200000 186299999 1624
nn1 186300000 186399999 1586
nn1 186400000 186499999 1467
nn1 186500000 186599999 1759
nn1 186600000 186699999 1539
nn1 186700000 186799999 3028
nn1 186800000 186899999 1830
nn1 186900000 186999999 2264
nn1 187000000 187099999 1660
nn1 187100000 187199999 2963
nn1 187200000 187299999 2133
nn1 187300000 187399999 1727
nn1 187400000 187499999 2511
nn1 187500000 187599999 2185
nn1 187600000 187699999 2008
nn1 187700000 187799999 1792
nn1 187800000 187899999 637
nn1 187900000 187999999 763
nn1 188000000 188099999 3057
nn1 188100000 188199999 1584
nn1 188200000 188299999 1425
nn1 188300000 188399999 1606
nn1 188400000 188499999 844
nn1 188500000 188599999 1484
nn1 188600000 188699999 1227
nn1 188700000 188799999 857
nn1 188800000 188899999 791
nn1 188900000 188999999 897
nn1 189000000 189099999 820
nn1 189100000 189199999 1648
nn1 189200000 189299999 590
nn1 189300000 189399999 1081
nn1 189400000 189499999 791
nn1 189500000 189599999 946
nn1 189600000 189699999 984
nn1 189700000 189799999 1206
nn1 189800000 189899999 815
nn1 189900000 189999999 1135
nn1 190000000 190099999 1269
nn1 190100000 190199999 1365
nn1 190200000 190299999 1057
nn1 190300000 190399999 918
nn1 190400000 190499999 1418
nn1 190500000 190599999 1822
nn1 190600000 190699999 1410
nn1 190700000 190799999 2128
nn1 190800000 190899999 1747
nn1 190900000 190999999 1672
nn1 191000000 191099999 1436
nn1 191100000 191199999 2354
nn1 191200000 191299999 1944
nn1 191300000 191399999 2406
nn1 191400000 191499999 1394
nn1 191500000 191599999 1495
nn1 191600000 191699999 1454
nn1 191700000 191799999 3245
nn1 191800000 191899999 779
nn1 191900000 191999999 754
nn1 192000000 192099999 1018
nn1 192100000 192199999 640
nn1 192200000 192299999 1511
nn1 192300000 192399999 879
nn1 192400000 192499999 1803
nn1 192500000 192599999 1227
nn1 192600000 192699999 1231
nn1 192700000 192799999 981
nn1 192800000 192899999 838
nn1 192900000 192999999 1374
nn1 193000000 193099999 1152
nn1 193100000 193199999 1172
nn1 193200000 193299999 438
nn1 193300000 193399999 1527
nn1 193400000 193499999 823
nn1 193500000 193599999 1124
nn1 193600000 193699999 1398
nn1 193700000 193799999 877
nn1 193800000 193899999 1300
nn1 193900000 193999999 642
nn1 194000000 194099999 879
nn1 194100000 194199999 527
nn1 194200000 194299999 364
nn1 194300000 194399999 336
nn1 194400000 194499999 559
nn1 194500000 194599999 809
nn1 194600000 194699999 1191
nn1 194700000 194799999 1167
nn1 194800000 194899999 1143
nn1 194900000 194999999 1151
nn1 195000000 195099999 1015
nn1 195100000 195199999 1054
nn1 195200000 195299999 1141
nn1 195300000 195399999 978
nn1 195400000 195499999 1297
nn1 195500000 195599999 978
nn1 195600000 195699999 952
nn1 195700000 195799999 732
nn1 195800000 195899999 1797
nn1 195900000 195999999 4336
nn1 196000000 196099999 3078
nn1 196100000 196199999 4268
nn1 196200000 196299999 2711
nn1 196300000 196399999 3767
nn1 196400000 196499999 1213
nn1 196500000 196599999 2943
nn1 196600000 196699999 4283
nn1 196700000 196799999 2524
nn1 196800000 196899999 1397
nn1 196900000 196999999 1678
nn1 197000000 197099999 1662
nn1 197100000 197199999 1177
nn1 197200000 197299999 820
nn1 197300000 197399999 15753
nn1 197400000 197499999 908
nn1 197500000 197518696 212
nn2 0 99999 7695
nn2 100000 199999 823
nn2 200000 299999 1060
nn2 300000 399999 1829
nn2 400000 499999 1826
nn2 500000 599999 1850
nn2 600000 699999 2111
nn2 700000 799999 2301
nn2 800000 899999 847
nn2 900000 999999 842
nn2 1000000 1099999 756
nn2 1100000 1199999 948
nn2 1200000 1299999 898
nn2 1300000 1399999 1089
nn2 1400000 1499999 890
nn2 1500000 1599999 1519
nn2 1600000 1699999 1630
nn2 1700000 1799999 1574
nn2 1800000 1899999 1763
nn2 1900000 1999999 2364
nn2 2000000 2099999 1596
nn2 2100000 2199999 1785
nn2 2200000 2299999 1106
nn2 2300000 2399999 1277
nn2 2400000 2499999 1075
nn2 2500000 2599999 1195
nn2 2600000 2699999 1023
nn2 2700000 2799999 1043
nn2 2800000 2899999 1440
nn2 2900000 2999999 959
nn2 3000000 3099999 1813
nn2 3100000 3199999 1250
nn2 3200000 3299999 692
nn2 3300000 3399999 1138
nn2 3400000 3499999 1234
nn2 3500000 3599999 1742
nn2 3600000 3699999 1279
nn2 3700000 3799999 1092
nn2 3800000 3899999 1412
nn2 3900000 3999999 1165
nn2 4000000 4099999 1716
nn2 4100000 4199999 629
nn2 4200000 4299999 819
nn2 4300000 4399999 1058
nn2 4400000 4499999 854
nn2 4500000 4599999 1021
nn2 4600000 4699999 1303
nn2 4700000 4799999 1030
nn2 4800000 4899999 1515
nn2 4900000 4999999 1889
nn2 5000000 5099999 3659
nn2 5100000 5199999 1613
nn2 5200000 5299999 1764
nn2 5300000 5399999 1567
nn2 5400000 5499999 1488
nn2 5500000 5599999 2085
nn2 5600000 5699999 1155
nn2 5700000 5799999 1153
nn2 5800000 5899999 968
nn2 5900000 5999999 1260
nn2 6000000 6099999 1692
nn2 6100000 6199999 1079
nn2 6200000 6299999 1340
nn2 6300000 6399999 2416
nn2 6400000 6499999 1095
nn2 6500000 6599999 2268
nn2 6600000 6699999 1456
nn2 6700000 6799999 1578
nn2 6800000 6899999 442
nn2 6900000 6999999 1227
nn2 7000000 7099999 925
nn2 7100000 7199999 1150
nn2 7200000 7299999 910
nn2 7300000 7399999 1318
nn2 7400000 7499999 1179
nn2 7500000 7599999 1818
nn2 7600000 7699999 1086
nn2 7700000 7799999 1037
nn2 7800000 7899999 958
nn2 7900000 7999999 975
nn2 8000000 8099999 922
nn2 8100000 8199999 898
nn2 8200000 8299999 772
nn2 8300000 8399999 870
nn2 8400000 8499999 1242
nn2 8500000 8599999 998
nn2 8600000 8699999 1085
nn2 8700000 8799999 1086
nn2 8800000 8899999 852
nn2 8900000 8999999 1355
nn2 9000000 9099999 1221
nn2 9100000 9199999 936
nn2 9200000 9299999 1035
nn2 9300000 9399999 826
nn2 9400000 9499999 1069
nn2 9500000 9599999 1028
nn2 9600000 9699999 1240
nn2 9700000 9799999 1657
nn2 9800000 9899999 1114
nn2 9900000 9999999 1032
nn2 10000000 10099999 1062
nn2 10100000 10199999 789
nn2 10200000 10299999 975
nn2 10300000 10399999 1188
nn2 10400000 10499999 807
nn2 10500000 10599999 1604
nn2 10600000 10699999 1281
nn2 10700000 10799999 928
nn2 10800000 10899999 1107
nn2 10900000 10999999 799
nn2 11000000 11099999 892
nn2 11100000 11199999 2095
nn2 11200000 11299999 1032
nn2 11300000 11399999 918
nn2 11400000 11499999 1074
nn2 11500000 11599999 1119
nn2 11600000 11699999 1196
nn2 11700000 11799999 1385
nn2 11800000 11899999 996
nn2 11900000 11999999 790
nn2 12000000 12099999 1172
nn2 12100000 12199999 1182
nn2 12200000 12299999 1147
nn2 12300000 12399999 923
nn2 12400000 12499999 1197
nn2 12500000 12599999 1175
nn2 12600000 12699999 1094
nn2 12700000 12799999 1023
nn2 12800000 12899999 876
nn2 12900000 12999999 2625
nn2 13000000 13099999 705
nn2 13100000 13199999 1091
nn2 13200000 13299999 941
nn2 13300000 13399999 1048
nn2 13400000 13499999 1096
nn2 13500000 13599999 1192
nn2 13600000 13699999 1170
nn2 13700000 13799999 918
nn2 13800000 13899999 927
nn2 13900000 13999999 846
nn2 14000000 14099999 859
nn2 14100000 14199999 1122
nn2 14200000 14299999 1006
nn2 14300000 14399999 1183
nn2 14400000 14499999 1102
nn2 14500000 14599999 1198
nn2 14600000 14699999 1524
nn2 14700000 14799999 1835
nn2 14800000 14899999 977
nn2 14900000 14999999 927
nn2 15000000 15099999 1123
nn2 15100000 15199999 757
nn2 15200000 15299999 1126
nn2 15300000 15399999 747
nn2 15400000 15499999 2826
nn2 15500000 15599999 3198
nn2 15600000 15699999 1131
nn2 15700000 15799999 1216
nn2 15800000 15899999 757
nn2 15900000 15999999 1039
nn2 16000000 16099999 839
nn2 16100000 16199999 1019
nn2 16200000 16299999 955
nn2 16300000 16399999 727
nn2 16400000 16499999 803
nn2 16500000 16599999 1002
nn2 16600000 16699999 1265
nn2 16700000 16799999 968
nn2 16800000 16899999 1417
nn2 16900000 16999999 1203
nn2 17000000 17099999 1318
nn2 17100000 17199999 1858
nn2 17200000 17299999 1535
nn2 17300000 17399999 2000
nn2 17400000 17499999 3619
nn2 17500000 17599999 1683
nn2 17600000 17699999 2618
nn2 17700000 17799999 1720
nn2 17800000 17899999 1434
nn2 17900000 17999999 1660
nn2 18000000 18099999 1335
nn2 18100000 18199999 2268
nn2 18200000 18299999 1934
nn2 18300000 18399999 1935
nn2 18400000 18499999 1766
nn2 18500000 18599999 1796
nn2 18600000 18699999 2025
nn2 18700000 18799999 1578
nn2 18800000 18899999 2322
nn2 18900000 18999999 3052
nn2 19000000 19099999 2476
nn2 19100000 19199999 2272
nn2 19200000 19299999 1838
nn2 19300000 19399999 2501
nn2 19400000 19499999 2231
nn2 19500000 19599999 3094
nn2 19600000 19699999 2358
nn2 19700000 19799999 2073
nn2 19800000 19899999 2089
nn2 19900000 19999999 1916
nn2 20000000 20099999 1466
nn2 20100000 20199999 5102
nn2 20200000 20299999 1826
nn2 20300000 20399999 1879
nn2 20400000 20499999 2171
nn2 20500000 20599999 1663
nn2 20600000 20699999 2245
nn2 20700000 20799999 1853
nn2 20800000 20899999 1845
nn2 20900000 20999999 1877
nn2 21000000 21099999 1272
nn2 21100000 21199999 1550
nn2 21200000 21299999 1920
nn2 21300000 21399999 1600
nn2 21400000 21499999 1490
nn2 21500000 21599999 1559
nn2 21600000 21699999 1738
nn2 21700000 21799999 1429
nn2 21800000 21899999 1369
nn2 21900000 21999999 1446
nn2 22000000 22099999 1561
nn2 22100000 22199999 2050
nn2 22200000 22299999 1090
nn2 22300000 22399999 890
nn2 22400000 22499999 990
nn2 22500000 22599999 1001
nn2 22600000 22699999 1078
nn2 22700000 22799999 1125
nn2 22800000 22899999 1034
nn2 22900000 22999999 1048
nn2 23000000 23099999 1148
nn2 23100000 23199999 1063
nn2 23200000 23299999 989
nn2 23300000 23399999 1003
nn2 23400000 23499999 975
nn2 23500000 23599999 1024
nn2 23600000 23699999 1000
nn2 23700000 23799999 1286
nn2 23800000 23899999 1287
nn2 23900000 23999999 1395
nn2 24000000 24099999 881
nn2 24100000 24199999 1087
nn2 24200000 24299999 907
nn2 24300000 24399999 1318
nn2 24400000 24499999 1290
nn2 24500000 24599999 1589
nn2 24600000 24699999 1432
nn2 24700000 24799999 1429
nn2 24800000 24899999 881
nn2 24900000 24999999 1167
nn2 25000000 25099999 1209
nn2 25100000 25199999 1117
nn2 25200000 25299999 831
nn2 25300000 25399999 872
nn2 25400000 25499999 1370
nn2 25500000 25599999 957
nn2 25600000 25699999 929
nn2 25700000 25799999 634
nn2 25800000 25899999 1247
nn2 25900000 25999999 1346
nn2 26000000 26099999 1798
nn2 26100000 26199999 1268
nn2 26200000 26299999 1135
nn2 26300000 26399999 1086
nn2 26400000 26499999 873
nn2 26500000 26599999 1113
nn2 26600000 26699999 1123
nn2 26700000 26799999 1038
nn2 26800000 26899999 860
nn2 26900000 26999999 881
nn2 27000000 27099999 946
nn2 27100000 27199999 887
nn2 27200000 27299999 765
nn2 27300000 27399999 1317
nn2 27400000 27499999 1374
nn2 27500000 27599999 1275
nn2 27600000 27699999 1116
nn2 27700000 27799999 1131
nn2 27800000 27899999 1343
nn2 27900000 27999999 1535
nn2 28000000 28099999 1343
nn2 28100000 28199999 1006
nn2 28200000 28299999 1162
nn2 28300000 28399999 801
nn2 28400000 28499999 1276
nn2 28500000 28599999 1142
nn2 28600000 28699999 1179
nn2 28700000 28799999 1621
nn2 28800000 28899999 2034
nn2 28900000 28999999 1140
nn2 29000000 29099999 2105
nn2 29100000 29199999 2165
nn2 29200000 29299999 2668
nn2 29300000 29399999 2489
nn2 29400000 29499999 2517
nn2 29500000 29599999 1350
nn2 29600000 29699999 1571
nn2 29700000 29799999 1647
nn2 29800000 29899999 1757
nn2 29900000 29999999 1369
nn2 30000000 30099999 1170
nn2 30100000 30199999 841
nn2 30200000 30299999 1056
nn2 30300000 30399999 1051
nn2 30400000 30499999 1154
nn2 30500000 30599999 1095
nn2 30600000 30699999 1284
nn2 30700000 30799999 1422
nn2 30800000 30899999 830
nn2 30900000 30999999 823
nn2 31000000 31099999 1323
nn2 31100000 31199999 954
nn2 31200000 31299999 1207
nn2 31300000 31399999 948
nn2 31400000 31499999 1166
nn2 31500000 31599999 1198
nn2 31600000 31699999 748
nn2 31700000 31799999 1201
nn2 31800000 31899999 1334
nn2 31900000 31999999 1287
nn2 32000000 32099999 1076
nn2 32100000 32199999 633
nn2 32200000 32299999 1080
nn2 32300000 32399999 1013
nn2 32400000 32499999 1416
nn2 32500000 32599999 813
nn2 32600000 32699999 1179
nn2 32700000 32799999 1485
nn2 32800000 32899999 1072
nn2 32900000 32999999 801
nn2 33000000 33099999 978
nn2 33100000 33199999 1434
nn2 33200000 33299999 1590
nn2 33300000 33399999 1861
nn2 33400000 33499999 1754
nn2 33500000 33599999 2591
nn2 33600000 33699999 1991
nn2 33700000 33799999 2712
nn2 33800000 33899999 1224
nn2 33900000 33999999 1511
nn2 34000000 34099999 1317
nn2 34100000 34199999 2429
nn2 34200000 34299999 1677
nn2 34300000 34399999 1310
nn2 34400000 34499999 1826
nn2 34500000 34599999 2173
nn2 34600000 34699999 1583
nn2 34700000 34799999 1497
nn2 34800000 34899999 1116
nn2 34900000 34999999 1302
nn2 35000000 35099999 1086
nn2 35100000 35199999 1247
nn2 35200000 35299999 1107
nn2 35300000 35399999 907
nn2 35400000 35499999 1133
nn2 35500000 35599999 889
nn2 35600000 35699999 1262
nn2 35700000 35799999 825
nn2 35800000 35899999 1358
nn2 35900000 35999999 1028
nn2 36000000 36099999 1693
nn2 36100000 36199999 1162
nn2 36200000 36299999 940
nn2 36300000 36399999 1300
nn2 36400000 36499999 1162
nn2 36500000 36599999 831
nn2 36600000 36699999 997
nn2 36700000 36799999 1082
nn2 36800000 36899999 992
nn2 36900000 36999999 1219
nn2 37000000 37099999 1107
nn2 37100000 37199999 946
nn2 37200000 37299999 769
nn2 37300000 37399999 1039
nn2 37400000 37499999 1285
nn2 37500000 37599999 1129
nn2 37600000 37699999 1102
nn2 37700000 37799999 1133
nn2 37800000 37899999 1515
nn2 37900000 37999999 1536
nn2 38000000 38099999 1694
nn2 38100000 38199999 2190
nn2 38200000 38299999 1194
nn2 38300000 38399999 1521
nn2 38400000 38499999 2218
nn2 38500000 38599999 1208
nn2 38600000 38699999 1270
nn2 38700000 38799999 1000
nn2 38800000 38899999 956
nn2 38900000 38999999 887
nn2 39000000 39099999 879
nn2 39100000 39199999 1014
nn2 39200000 39299999 1246
nn2 39300000 39399999 1651
nn2 39400000 39499999 1296
nn2 39500000 39599999 1698
nn2 39600000 39699999 1031
nn2 39700000 39799999 1678
nn2 39800000 39899999 2887
nn2 39900000 39999999 1782
nn2 40000000 40099999 2202
nn2 40100000 40199999 1495
nn2 40200000 40299999 1750
nn2 40300000 40399999 1519
nn2 40400000 40499999 1415
nn2 40500000 40599999 1478
nn2 40600000 40699999 1491
nn2 40700000 40799999 1285
nn2 40800000 40899999 1481
nn2 40900000 40999999 1604
nn2 41000000 41099999 1935
nn2 41100000 41199999 1474
nn2 41200000 41299999 1985
nn2 41300000 41399999 1233
nn2 41400000 41499999 1760
nn2 41500000 41599999 1617
nn2 41600000 41699999 1446
nn2 41700000 41799999 2237
nn2 41800000 41899999 2722
nn2 41900000 41999999 1929
nn2 42000000 42099999 2613
nn2 42100000 42199999 2265
nn2 42200000 42299999 2658
nn2 42300000 42399999 2261
nn2 42400000 42499999 2331
nn2 42500000 42599999 1774
nn2 42600000 42699999 2887
nn2 42700000 42799999 1494
nn2 42800000 42899999 1153
nn2 42900000 42999999 1455
nn2 43000000 43099999 1274
nn2 43100000 43199999 2041
nn2 43200000 43299999 1096
nn2 43300000 43399999 1098
nn2 43400000 43499999 1043
nn2 43500000 43599999 977
nn2 43600000 43699999 970
nn2 43700000 43799999 920
nn2 43800000 43899999 816
nn2 43900000 43999999 838
nn2 44000000 44099999 1123
nn2 44100000 44199999 975
nn2 44200000 44299999 1076
nn2 44300000 44399999 585
nn2 44400000 44499999 1024
nn2 44500000 44599999 1434
nn2 44600000 44699999 1074
nn2 44700000 44799999 712
nn2 44800000 44899999 1206
nn2 44900000 44999999 1271
nn2 45000000 45099999 1218
nn2 45100000 45199999 1295
nn2 45200000 45299999 826
nn2 45300000 45399999 1299
nn2 45400000 45499999 1231
nn2 45500000 45599999 1107
nn2 45600000 45699999 780
nn2 45700000 45799999 829
nn2 45800000 45899999 1077
nn2 45900000 45999999 1208
nn2 46000000 46099999 866
nn2 46100000 46199999 1237
nn2 46200000 46299999 947
nn2 46300000 46399999 1187
nn2 46400000 46499999 1385
nn2 46500000 46599999 1098
nn2 46600000 46699999 1362
nn2 46700000 46799999 762
nn2 46800000 46899999 1076
nn2 46900000 46999999 1493
nn2 47000000 47099999 974
nn2 47100000 47199999 1394
nn2 47200000 47299999 956
nn2 47300000 47399999 1048
nn2 47400000 47499999 1121
nn2 47500000 47599999 1449
nn2 47600000 47699999 885
nn2 47700000 47799999 1069
nn2 47800000 47899999 913
nn2 47900000 47999999 1048
nn2 48000000 48099999 1493
nn2 48100000 48199999 2074
nn2 48200000 48299999 2015
nn2 48300000 48399999 1744
nn2 48400000 48499999 1207
nn2 48500000 48599999 1448
nn2 48600000 48699999 1018
nn2 48700000 48799999 1021
nn2 48800000 48899999 985
nn2 48900000 48999999 1193
nn2 49000000 49099999 1224
nn2 49100000 49199999 1410
nn2 49200000 49299999 934
nn2 49300000 49399999 1783
nn2 49400000 49499999 1055
nn2 49500000 49599999 1233
nn2 49600000 49699999 825
nn2 49700000 49799999 1164
nn2 49800000 49899999 1029
nn2 49900000 49999999 936
nn2 50000000 50099999 981
nn2 50100000 50199999 1046
nn2 50200000 50299999 1123
nn2 50300000 50399999 1044
nn2 50400000 50499999 1062
nn2 50500000 50599999 1665
nn2 50600000 50699999 1157
nn2 50700000 50799999 1002
nn2 50800000 50899999 844
nn2 50900000 50999999 1148
nn2 51000000 51099999 1735
nn2 51100000 51199999 1389
nn2 51200000 51299999 980
nn2 51300000 51399999 1024
nn2 51400000 51499999 1302
nn2 51500000 51599999 1284
nn2 51600000 51699999 1245
nn2 51700000 51799999 1494
nn2 51800000 51899999 1723
nn2 51900000 51999999 1530
nn2 52000000 52099999 2273
nn2 52100000 52199999 1664
nn2 52200000 52299999 2499
nn2 52300000 52399999 1746
nn2 52400000 52499999 1353
nn2 52500000 52599999 1853
nn2 52600000 52699999 1295
nn2 52700000 52799999 1007
nn2 52800000 52899999 1326
nn2 52900000 52999999 1278
nn2 53000000 53099999 1211
nn2 53100000 53199999 841
nn2 53200000 53299999 1000
nn2 53300000 53399999 1460
nn2 53400000 53499999 1260
nn2 53500000 53599999 1410
nn2 53600000 53699999 1006
nn2 53700000 53799999 985
nn2 53800000 53899999 1124
nn2 53900000 53999999 994
nn2 54000000 54099999 752
nn2 54100000 54199999 760
nn2 54200000 54299999 1330
nn2 54300000 54399999 818
nn2 54400000 54499999 851
nn2 54500000 54599999 1368
nn2 54600000 54699999 1061
nn2 54700000 54799999 928
nn2 54800000 54899999 1534
nn2 54900000 54999999 1718
nn2 55000000 55099999 1235
nn2 55100000 55199999 1128
nn2 55200000 55299999 1148
nn2 55300000 55399999 1530
nn2 55400000 55499999 1264
nn2 55500000 55599999 1403
nn2 55600000 55699999 1386
nn2 55700000 55799999 1650
nn2 55800000 55899999 1935
nn2 55900000 55999999 1724
nn2 56000000 56099999 1492
nn2 56100000 56199999 1126
nn2 56200000 56299999 1544
nn2 56300000 56399999 1746
nn2 56400000 56499999 1124
nn2 56500000 56599999 1407
nn2 56600000 56699999 1085
nn2 56700000 56799999 968
nn2 56800000 56899999 1177
nn2 56900000 56999999 1053
nn2 57000000 57099999 1834
nn2 57100000 57199999 1127
nn2 57200000 57299999 1919
nn2 57300000 57399999 1333
nn2 57400000 57499999 1167
nn2 57500000 57599999 808
nn2 57600000 57699999 1168
nn2 57700000 57799999 1138
nn2 57800000 57899999 1179
nn2 57900000 57999999 1323
nn2 58000000 58099999 762
nn2 58100000 58199999 1146
nn2 58200000 58299999 1185
nn2 58300000 58399999 1041
nn2 58400000 58499999 1181
nn2 58500000 58599999 843
nn2 58600000 58699999 724
nn2 58700000 58799999 1120
nn2 58800000 58899999 885
nn2 58900000 58999999 862
nn2 59000000 59099999 1592
nn2 59100000 59199999 1677
nn2 59200000 59299999 2681
nn2 59300000 59399999 921
nn2 59400000 59499999 1475
nn2 59500000 59599999 1402
nn2 59600000 59699999 1595
nn2 59700000 59799999 1834
nn2 59800000 59899999 1136
nn2 59900000 59999999 1270
nn2 60000000 60099999 1066
nn2 60100000 60199999 1406
nn2 60200000 60299999 1378
nn2 60300000 60399999 1203
nn2 60400000 60499999 1218
nn2 60500000 60599999 1147
nn2 60600000 60699999 1202
nn2 60700000 60799999 1158
nn2 60800000 60899999 1301
nn2 60900000 60999999 2006
nn2 61000000 61099999 1709
nn2 61100000 61199999 963
nn2 61200000 61299999 1005
nn2 61300000 61399999 1326
nn2 61400000 61499999 960
nn2 61500000 61599999 1505
nn2 61600000 61699999 788
nn2 61700000 61799999 1534
nn2 61800000 61899999 1112
nn2 61900000 61999999 1167
nn2 62000000 62099999 887
nn2 62100000 62199999 807
nn2 62200000 62299999 1236
nn2 62300000 62399999 1119
nn2 62400000 62499999 1244
nn2 62500000 62599999 1286
nn2 62600000 62699999 879
nn2 62700000 62799999 1728
nn2 62800000 62899999 918
nn2 62900000 62999999 1029
nn2 63000000 63099999 1072
nn2 63100000 63199999 1091
nn2 63200000 63299999 1259
nn2 63300000 63399999 1373
nn2 63400000 63499999 984
nn2 63500000 63599999 736
nn2 63600000 63699999 779
nn2 63700000 63799999 1297
nn2 63800000 63899999 1225
nn2 63900000 63999999 1239
nn2 64000000 64099999 918
nn2 64100000 64199999 809
nn2 64200000 64299999 927
nn2 64300000 64399999 819
nn2 64400000 64499999 621
nn2 64500000 64599999 1126
nn2 64600000 64699999 1137
nn2 64700000 64799999 867
nn2 64800000 64899999 1307
nn2 64900000 64999999 1252
nn2 65000000 65099999 1264
nn2 65100000 65199999 1317
nn2 65200000 65299999 2162
nn2 65300000 65399999 2156
nn2 65400000 65499999 2112
nn2 65500000 65599999 2667
nn2 65600000 65699999 2381
nn2 65700000 65799999 1940
nn2 65800000 65899999 1585
nn2 65900000 65999999 2131
nn2 66000000 66099999 1749
nn2 66100000 66199999 1655
nn2 66200000 66299999 1808
nn2 66300000 66399999 2716
nn2 66400000 66499999 2332
nn2 66500000 66599999 1426
nn2 66600000 66699999 1500
nn2 66700000 66799999 1361
nn2 66800000 66899999 2422
nn2 66900000 66999999 1697
nn2 67000000 67099999 1089
nn2 67100000 67199999 1459
nn2 67200000 67299999 1456
nn2 67300000 67399999 786
nn2 67400000 67499999 1199
nn2 67500000 67599999 879
nn2 67600000 67699999 949
nn2 67700000 67799999 890
nn2 67800000 67899999 1400
nn2 67900000 67999999 963
nn2 68000000 68099999 1266
nn2 68100000 68199999 1431
nn2 68200000 68299999 1838
nn2 68300000 68399999 1651
nn2 68400000 68499999 1772
nn2 68500000 68599999 2019
nn2 68600000 68699999 1363
nn2 68700000 68799999 1403
nn2 68800000 68899999 1594
nn2 68900000 68999999 2092
nn2 69000000 69099999 1552
nn2 69100000 69199999 1014
nn2 69200000 69299999 933
nn2 69300000 69399999 1145
nn2 69400000 69499999 1503
nn2 69500000 69599999 1018
nn2 69600000 69699999 1108
nn2 69700000 69799999 1738
nn2 69800000 69899999 1773
nn2 69900000 69999999 2059
nn2 70000000 70099999 1605
nn2 70100000 70199999 1440
nn2 70200000 70299999 1479
nn2 70300000 70399999 2511
nn2 70400000 70499999 1404
nn2 70500000 70599999 1516
nn2 70600000 70699999 1909
nn2 70700000 70799999 1692
nn2 70800000 70899999 1119
nn2 70900000 70999999 1742
nn2 71000000 71099999 1235
nn2 71100000 71199999 1449
nn2 71200000 71299999 986
nn2 71300000 71399999 1076
nn2 71400000 71499999 1423
nn2 71500000 71599999 1229
nn2 71600000 71699999 2106
nn2 71700000 71799999 1170
nn2 71800000 71899999 1397
nn2 71900000 71999999 1160
nn2 72000000 72099999 1146
nn2 72100000 72199999 1740
nn2 72200000 72299999 1240
nn2 72300000 72399999 848
nn2 72400000 72499999 715
nn2 72500000 72599999 690
nn2 72600000 72699999 862
nn2 72700000 72799999 933
nn2 72800000 72899999 1035
nn2 72900000 72999999 951
nn2 73000000 73099999 988
nn2 73100000 73199999 686
nn2 73200000 73299999 1541
nn2 73300000 73399999 687
nn2 73400000 73499999 1117
nn2 73500000 73599999 868
nn2 73600000 73699999 958
nn2 73700000 73799999 1097
nn2 73800000 73899999 1017
nn2 73900000 73999999 858
nn2 74000000 74099999 750
nn2 74100000 74199999 1268
nn2 74200000 74299999 1150
nn2 74300000 74399999 688
nn2 74400000 74499999 890
nn2 74500000 74599999 898
nn2 74600000 74699999 1004
nn2 74700000 74799999 697
nn2 74800000 74899999 789
nn2 74900000 74999999 805
nn2 75000000 75099999 813
nn2 75100000 75199999 1280
nn2 75200000 75299999 1000
nn2 75300000 75399999 1097
nn2 75400000 75499999 1715
nn2 75500000 75599999 1281
nn2 75600000 75699999 1029
nn2 75700000 75799999 861
nn2 75800000 75899999 833
nn2 75900000 75999999 929
nn2 76000000 76099999 962
nn2 76100000 76199999 1076
nn2 76200000 76299999 1150
nn2 76300000 76399999 607
nn2 76400000 76499999 934
nn2 76500000 76599999 1588
nn2 76600000 76699999 1311
nn2 76700000 76799999 1328
nn2 76800000 76899999 1068
nn2 76900000 76999999 1208
nn2 77000000 77099999 997
nn2 77100000 77199999 1647
nn2 77200000 77299999 891
nn2 77300000 77399999 1105
nn2 77400000 77499999 1103
nn2 77500000 77599999 1285
nn2 77600000 77699999 1210
nn2 77700000 77799999 1197
nn2 77800000 77899999 1097
nn2 77900000 77999999 1067
nn2 78000000 78099999 555
nn2 78100000 78199999 1288
nn2 78200000 78299999 993
nn2 78300000 78399999 1068
nn2 78400000 78499999 927
nn2 78500000 78599999 1315
nn2 78600000 78699999 1370
nn2 78700000 78799999 1485
nn2 78800000 78899999 1573
nn2 78900000 78999999 1707
nn2 79000000 79099999 1691
nn2 79100000 79199999 2816
nn2 79200000 79299999 1813
nn2 79300000 79399999 2559
nn2 79400000 79499999 2574
nn2 79500000 79599999 1758
nn2 79600000 79699999 1546
nn2 79700000 79799999 1773
nn2 79800000 79899999 1952
nn2 79900000 79999999 1809
nn2 80000000 80099999 1487
nn2 80100000 80199999 1877
nn2 80200000 80299999 1812
nn2 80300000 80399999 1791
nn2 80400000 80499999 2006
nn2 80500000 80599999 1263
nn2 80600000 80699999 1578
nn2 80700000 80799999 1431
nn2 80800000 80899999 1638
nn2 80900000 80999999 1120
nn2 81000000 81099999 950
nn2 81100000 81199999 949
nn2 81200000 81299999 940
nn2 81300000 81399999 831
nn2 81400000 81499999 1017
nn2 81500000 81599999 656
nn2 81600000 81699999 948
nn2 81700000 81799999 882
nn2 81800000 81899999 873
nn2 81900000 81999999 984
nn2 82000000 82099999 1193
nn2 82100000 82199999 870
nn2 82200000 82299999 932
nn2 82300000 82399999 929
nn2 82400000 82499999 853
nn2 82500000 82599999 830
nn2 82600000 82699999 974
nn2 82700000 82799999 747
nn2 82800000 82899999 1187
nn2 82900000 82999999 1128
nn2 83000000 83099999 1026
nn2 83100000 83199999 1564
nn2 83200000 83299999 1221
nn2 83300000 83399999 815
nn2 83400000 83499999 1132
nn2 83500000 83599999 1036
nn2 83600000 83699999 1386
nn2 83700000 83799999 875
nn2 83800000 83899999 676
nn2 83900000 83999999 854
nn2 84000000 84099999 1311
nn2 84100000 84199999 742
nn2 84200000 84299999 1264
nn2 84300000 84399999 703
nn2 84400000 84499999 856
nn2 84500000 84599999 1126
nn2 84600000 84699999 948
nn2 84700000 84799999 1029
nn2 84800000 84899999 1489
nn2 84900000 84999999 1484
nn2 85000000 85099999 909
nn2 85100000 85199999 2029
nn2 85200000 85299999 974
nn2 85300000 85399999 1396
nn2 85400000 85499999 1271
nn2 85500000 85599999 1255
nn2 85600000 85699999 925
nn2 85700000 85799999 1294
nn2 85800000 85899999 1492
nn2 85900000 85999999 1707
nn2 86000000 86099999 1370
nn2 86100000 86199999 1830
nn2 86200000 86299999 1014
nn2 86300000 86399999 1012
nn2 86400000 86499999 1260
nn2 86500000 86599999 1309
nn2 86600000 86699999 1346
nn2 86700000 86799999 1766
nn2 86800000 86899999 2240
nn2 86900000 86999999 2125
nn2 87000000 87099999 876
nn2 87100000 87199999 1071
nn2 87200000 87299999 1067
nn2 87300000 87399999 1327
nn2 87400000 87499999 926
nn2 87500000 87599999 784
nn2 87600000 87699999 1296
nn2 87700000 87799999 1008
nn2 87800000 87899999 946
nn2 87900000 87999999 1388
nn2 88000000 88099999 1035
nn2 88100000 88199999 1299
nn2 88200000 88299999 1187
nn2 88300000 88399999 1046
nn2 88400000 88499999 899
nn2 88500000 88599999 1741
nn2 88600000 88699999 1983
nn2 88700000 88799999 1311
nn2 88800000 88899999 1110
nn2 88900000 88999999 1464
nn2 89000000 89099999 1898
nn2 89100000 89199999 1719
nn2 89200000 89299999 2039
nn2 89300000 89399999 2109
nn2 89400000 89499999 1939
nn2 89500000 89599999 2557
nn2 89600000 89699999 2765
nn2 89700000 89799999 1432
nn2 89800000 89899999 2569
nn2 89900000 89999999 1941
nn2 90000000 90099999 1231
nn2 90100000 90199999 1678
nn2 90200000 90299999 1006
nn2 90300000 90399999 1117
nn2 90400000 90499999 1206
nn2 90500000 90599999 894
nn2 90600000 90699999 1132
nn2 90700000 90799999 1068
nn2 90800000 90899999 971
nn2 90900000 90999999 753
nn2 91000000 91099999 1132
nn2 91100000 91199999 952
nn2 91200000 91299999 992
nn2 91300000 91399999 837
nn2 91400000 91499999 931
nn2 91500000 91599999 1060
nn2 91600000 91699999 713
nn2 91700000 91799999 794
nn2 91800000 91899999 1452
nn2 91900000 91999999 793
nn2 92000000 92099999 1210
nn2 92100000 92199999 1440
nn2 92200000 92299999 1372
nn2 92300000 92399999 1788
nn2 92400000 92499999 1461
nn2 92500000 92599999 1589
nn2 92600000 92699999 1698
nn2 92700000 92799999 1201
nn2 92800000 92899999 1029
nn2 92900000 92999999 773
nn2 93000000 93099999 1351
nn2 93100000 93199999 2331
nn2 93200000 93299999 1184
nn2 93300000 93399999 1866
nn2 93400000 93499999 2023
nn2 93500000 93599999 2032
nn2 93600000 93699999 1373
nn2 93700000 93799999 1770
nn2 93800000 93899999 1764
nn2 93900000 93999999 1750
nn2 94000000 94099999 1134
nn2 94100000 94199999 2334
nn2 94200000 94299999 1378
nn2 94300000 94399999 1016
nn2 94400000 94499999 1056
nn2 94500000 94599999 1046
nn2 94600000 94699999 2608
nn2 94700000 94799999 1379
nn2 94800000 94899999 2475
nn2 94900000 94999999 2003
nn2 95000000 95099999 3247
nn2 95100000 95199999 816
nn2 95200000 95299999 627
nn2 95300000 95399999 3357
nn2 95400000 95499999 1732
nn2 95500000 95599999 1534
nn2 95600000 95699999 3828
nn2 95700000 95799999 14541
nn2 95800000 95899999 1001
nn2 95900000 95999999 3962
nn2 96000000 96099999 2181
nn2 96100000 96199999 1277
nn2 96200000 96299999 2099
nn2 96300000 96399999 2851
nn2 96400000 96499999 1467
nn2 96500000 96599999 945
nn2 96600000 96699999 1344
nn2 96700000 96799999 1341
nn2 96800000 96899999 1168
nn2 96900000 96999999 2013
nn2 97000000 97069654 873
nn2a 0 99999 4171
nn2a 100000 199999 767
nn2a 200000 299999 1068
nn2a 300000 399999 2504
nn2a 400000 499999 754
nn2a 500000 599999 883
nn2a 600000 699999 2006
nn2a 700000 799999 808
nn2a 800000 899999 974
nn2a 900000 999999 1041
nn2a 1000000 1099999 792
nn2a 1100000 1199999 1361
nn2a 1200000 1299999 1900
nn2a 1300000 1399999 1292
nn2a 1400000 1499999 2053
nn2a 1500000 1599999 1564
nn2a 1600000 1699999 1788
nn2a 1700000 1799999 2084
nn2a 1800000 1899999 1070
nn2a 1900000 1999999 711
nn2a 2000000 2099999 1833
nn2a 2100000 2199999 576
nn2a 2200000 2299999 784
nn2a 2300000 2399999 848
nn2a 2400000 2499999 721
nn2a 2500000 2599999 1674
nn2a 2600000 2699999 1353
nn2a 2700000 2799999 2081
nn2a 2800000 2899999 1592
nn2a 2900000 2999999 2433
nn2a 3000000 3099999 3680
nn2a 3100000 3199999 1241
nn2a 3200000 3299999 1434
nn2a 3300000 3399999 953
nn2a 3400000 3499999 1457
nn2a 3500000 3599999 2473
nn2a 3600000 3699999 1678
nn2a 3700000 3799999 897
nn2a 3800000 3899999 1527
nn2a 3900000 3999999 988
nn2a 4000000 4099999 908
nn2a 4100000 4199999 1421
nn2a 4200000 4299999 793
nn2a 4300000 4399999 781
nn2a 4400000 4499999 1821
nn2a 4500000 4599999 1019
nn2a 4600000 4699999 1092
nn2a 4700000 4799999 713
nn2a 4800000 4899999 1119
nn2a 4900000 4999999 666
nn2a 5000000 5099999 736
nn2a 5100000 5199999 788
nn2a 5200000 5299999 1385
nn2a 5300000 5399999 1188
nn2a 5400000 5499999 996
nn2a 5500000 5599999 1022
nn2a 5600000 5699999 1355
nn2a 5700000 5799999 1790
nn2a 5800000 5899999 1377
nn2a 5900000 5999999 1295
nn2a 6000000 6099999 834
nn2a 6100000 6199999 723
nn2a 6200000 6299999 968
nn2a 6300000 6399999 1007
nn2a 6400000 6499999 755
nn2a 6500000 6599999 1207
nn2a 6600000 6699999 706
nn2a 6700000 6799999 1188
nn2a 6800000 6899999 1461
nn2a 6900000 6999999 810
nn2a 7000000 7099999 795
nn2a 7100000 7199999 638
nn2a 7200000 7299999 1238
nn2a 7300000 7399999 1301
nn2a 7400000 7499999 969
nn2a 7500000 7599999 1082
nn2a 7600000 7699999 1081
nn2a 7700000 7799999 1344
nn2a 7800000 7899999 775
nn2a 7900000 7999999 5440
nn2a 8000000 8099999 1115
nn2a 8100000 8199999 1757
nn2a 8200000 8299999 1375
nn2a 8300000 8399999 1188
nn2a 8400000 8499999 948
nn2a 8500000 8599999 1097
nn2a 8600000 8699999 1289
nn2a 8700000 8799999 716
nn2a 8800000 8899999 1107
nn2a 8900000 8999999 930
nn2a 9000000 9099999 1096
nn2a 9100000 9199999 1446
nn2a 9200000 9299999 1411
nn2a 9300000 9399999 937
nn2a 9400000 9499999 795
nn2a 9500000 9599999 1016
nn2a 9600000 9699999 851
nn2a 9700000 9799999 981
nn2a 9800000 9899999 1146
nn2a 9900000 9999999 1171
nn2a 10000000 10099999 661
nn2a 10100000 10199999 595
nn2a 10200000 10299999 987
nn2a 10300000 10399999 864
nn2a 10400000 10499999 1071
nn2a 10500000 10599999 1235
nn2a 10600000 10699999 937
nn2a 10700000 10799999 988
nn2a 10800000 10899999 2411
nn2a 10900000 10999999 1332
nn2a 11000000 11099999 1906
nn2a 11100000 11199999 1606
nn2a 11200000 11299999 1864
nn2a 11300000 11399999 1922
nn2a 11400000 11499999 1305
nn2a 11500000 11599999 1904
nn2a 11600000 11699999 2073
nn2a 11700000 11799999 1443
nn2a 11800000 11899999 1936
nn2a 11900000 11999999 2890
nn2a 12000000 12099999 1323
nn2a 12100000 12199999 1470
nn2a 12200000 12299999 1636
nn2a 12300000 12399999 1922
nn2a 12400000 12499999 2106
nn2a 12500000 12599999 1282
nn2a 12600000 12699999 1335
nn2a 12700000 12799999 1059
nn2a 12800000 12899999 1276
nn2a 12900000 12999999 1244
nn2a 13000000 13099999 1088
nn2a 13100000 13199999 1510
nn2a 13200000 13299999 1166
nn2a 13300000 13399999 1079
nn2a 13400000 13499999 1239
nn2a 13500000 13599999 1237
nn2a 13600000 13699999 1146
nn2a 13700000 13799999 1173
nn2a 13800000 13899999 821
nn2a 13900000 13999999 649
nn2a 14000000 14099999 791
nn2a 14100000 14199999 959
nn2a 14200000 14299999 1113
nn2a 14300000 14399999 721
nn2a 14400000 14499999 1101
nn2a 14500000 14599999 892
nn2a 14600000 14699999 778
nn2a 14700000 14799999 942
nn2a 14800000 14899999 723
nn2a 14900000 14999999 765
nn2a 15000000 15099999 1001
nn2a 15100000 15199999 753
nn2a 15200000 15299999 888
nn2a 15300000 15399999 891
nn2a 15400000 15499999 734
nn2a 15500000 15599999 767
nn2a 15600000 15699999 1121
nn2a 15700000 15799999 595
nn2a 15800000 15899999 818
nn2a 15900000 15999999 1038
nn2a 16000000 16099999 973
nn2a 16100000 16199999 940
nn2a 16200000 16299999 756
nn2a 16300000 16399999 832
nn2a 16400000 16499999 695
nn2a 16500000 16599999 537
nn2a 16600000 16699999 1130
nn2a 16700000 16799999 1420
nn2a 16800000 16899999 833
nn2a 16900000 16999999 927
nn2a 17000000 17099999 859
nn2a 17100000 17199999 1013
nn2a 17200000 17299999 978
nn2a 17300000 17399999 1108
nn2a 17400000 17499999 890
nn2a 17500000 17599999 720
nn2a 17600000 17699999 1290
nn2a 17700000 17799999 1081
nn2a 17800000 17899999 1192
nn2a 17900000 17999999 2213
nn2a 18000000 18099999 885
nn2a 18100000 18199999 888
nn2a 18200000 18299999 1316
nn2a 18300000 18399999 1137
nn2a 18400000 18499999 1100
nn2a 18500000 18599999 1169
nn2a 18600000 18699999 1033
nn2a 18700000 18799999 1297
nn2a 18800000 18899999 1348
nn2a 18900000 18999999 932
nn2a 19000000 19099999 1046
nn2a 19100000 19199999 1297
nn2a 19200000 19299999 1354
nn2a 19300000 19399999 1073
nn2a 19400000 19499999 1011
nn2a 19500000 19599999 1035
nn2a 19600000 19699999 933
nn2a 19700000 19799999 808
nn2a 19800000 19899999 952
nn2a 19900000 19999999 792
nn2a 20000000 20099999 1116
nn2a 20100000 20199999 958
nn2a 20200000 20299999 784
nn2a 20300000 20399999 910
nn2a 20400000 20499999 890
nn2a 20500000 20599999 919
nn2a 20600000 20699999 1184
nn2a 20700000 20799999 1032
nn2a 20800000 20899999 877
nn2a 20900000 20999999 983
nn2a 21000000 21099999 1041
nn2a 21100000 21199999 1170
nn2a 21200000 21299999 1171
nn2a 21300000 21399999 1040
nn2a 21400000 21499999 1193
nn2a 21500000 21599999 662
nn2a 21600000 21699999 1405
nn2a 21700000 21799999 1221
nn2a 21800000 21899999 1181
nn2a 21900000 21999999 1371
nn2a 22000000 22099999 1314
nn2a 22100000 22199999 811
nn2a 22200000 22299999 1062
nn2a 22300000 22399999 937
nn2a 22400000 22499999 1073
nn2a 22500000 22599999 1014
nn2a 22600000 22699999 747
nn2a 22700000 22799999 1148
nn2a 22800000 22899999 1410
nn2a 22900000 22999999 997
nn2a 23000000 23099999 908
nn2a 23100000 23199999 932
nn2a 23200000 23299999 1117
nn2a 23300000 23399999 942
nn2a 23400000 23499999 952
nn2a 23500000 23599999 969
nn2a 23600000 23699999 797
nn2a 23700000 23799999 954
nn2a 23800000 23899999 900
nn2a 23900000 23999999 801
nn2a 24000000 24099999 1222
nn2a 24100000 24199999 1028
nn2a 24200000 24299999 994
nn2a 24300000 24399999 2024
nn2a 24400000 24499999 931
nn2a 24500000 24599999 869
nn2a 24600000 24699999 1050
nn2a 24700000 24799999 892
nn2a 24800000 24899999 1075
nn2a 24900000 24999999 1074
nn2a 25000000 25099999 838
nn2a 25100000 25199999 1728
nn2a 25200000 25299999 2327
nn2a 25300000 25399999 1932
nn2a 25400000 25499999 1481
nn2a 25500000 25599999 2285
nn2a 25600000 25699999 2439
nn2a 25700000 25799999 1214
nn2a 25800000 25899999 1441
nn2a 25900000 25999999 1396
nn2a 26000000 26099999 1206
nn2a 26100000 26199999 1270
nn2a 26200000 26299999 1184
nn2a 26300000 26399999 1275
nn2a 26400000 26499999 1155
nn2a 26500000 26599999 1120
nn2a 26600000 26699999 1304
nn2a 26700000 26799999 1876
nn2a 26800000 26899999 1303
nn2a 26900000 26999999 1706
nn2a 27000000 27099999 1480
nn2a 27100000 27199999 1456
nn2a 27200000 27299999 1669
nn2a 27300000 27399999 1593
nn2a 27400000 27499999 1686
nn2a 27500000 27599999 1745
nn2a 27600000 27699999 1531
nn2a 27700000 27799999 1535
nn2a 27800000 27899999 1797
nn2a 27900000 27999999 1821
nn2a 28000000 28099999 1389
nn2a 28100000 28199999 920
nn2a 28200000 28299999 1193
nn2a 28300000 28399999 1321
nn2a 28400000 28499999 918
nn2a 28500000 28599999 1162
nn2a 28600000 28699999 1010
nn2a 28700000 28799999 1312
nn2a 28800000 28899999 991
nn2a 28900000 28999999 948
nn2a 29000000 29099999 1870
nn2a 29100000 29199999 1126
nn2a 29200000 29299999 1122
nn2a 29300000 29399999 2446
nn2a 29400000 29499999 1524
nn2a 29500000 29599999 1929
nn2a 29600000 29699999 1101
nn2a 29700000 29799999 2038
nn2a 29800000 29899999 1071
nn2a 29900000 29999999 1333
nn2a 30000000 30099999 1072
nn2a 30100000 30199999 1348
nn2a 30200000 30299999 934
nn2a 30300000 30399999 989
nn2a 30400000 30499999 1137
nn2a 30500000 30599999 998
nn2a 30600000 30699999 973
nn2a 30700000 30799999 1176
nn2a 30800000 30899999 791
nn2a 30900000 30999999 1533
nn2a 31000000 31099999 912
nn2a 31100000 31199999 723
nn2a 31200000 31299999 1233
nn2a 31300000 31399999 1085
nn2a 31400000 31499999 837
nn2a 31500000 31599999 1207
nn2a 31600000 31699999 1235
nn2a 31700000 31799999 1193
nn2a 31800000 31899999 1176
nn2a 31900000 31999999 838
nn2a 32000000 32099999 1575
nn2a 32100000 32199999 1047
nn2a 32200000 32299999 2503
nn2a 32300000 32399999 3070
nn2a 32400000 32499999 1143
nn2a 32500000 32599999 1065
nn2a 32600000 32699999 1051
nn2a 32700000 32799999 736
nn2a 32800000 32899999 1217
nn2a 32900000 32999999 1240
nn2a 33000000 33099999 1036
nn2a 33100000 33199999 1482
nn2a 33200000 33299999 921
nn2a 33300000 33399999 918
nn2a 33400000 33499999 1037
nn2a 33500000 33599999 1050
nn2a 33600000 33699999 929
nn2a 33700000 33799999 1152
nn2a 33800000 33899999 823
nn2a 33900000 33999999 711
nn2a 34000000 34099999 832
nn2a 34100000 34199999 1155
nn2a 34200000 34299999 913
nn2a 34300000 34399999 1120
nn2a 34400000 34499999 1027
nn2a 34500000 34599999 1076
nn2a 34600000 34699999 3034
nn2a 34700000 34799999 2877
nn2a 34800000 34899999 2818
nn2a 34900000 34999999 1807
nn2a 35000000 35099999 1624
nn2a 35100000 35199999 1708
nn2a 35200000 35299999 1385
nn2a 35300000 35399999 1873
nn2a 35400000 35499999 1501
nn2a 35500000 35599999 1518
nn2a 35600000 35699999 1432
nn2a 35700000 35799999 1229
nn2a 35800000 35899999 1658
nn2a 35900000 35999999 1786
nn2a 36000000 36099999 1643
nn2a 36100000 36199999 1197
nn2a 36200000 36299999 1091
nn2a 36300000 36399999 1103
nn2a 36400000 36499999 1134
nn2a 36500000 36599999 1295
nn2a 36600000 36699999 1029
nn2a 36700000 36799999 1264
nn2a 36800000 36899999 967
nn2a 36900000 36999999 619
nn2a 37000000 37099999 1405
nn2a 37100000 37199999 1130
nn2a 37200000 37299999 974
nn2a 37300000 37399999 1037
nn2a 37400000 37499999 1422
nn2a 37500000 37599999 880
nn2a 37600000 37699999 726
nn2a 37700000 37799999 1185
nn2a 37800000 37899999 586
nn2a 37900000 37999999 1099
nn2a 38000000 38099999 1365
nn2a 38100000 38199999 1195
nn2a 38200000 38299999 1190
nn2a 38300000 38399999 1004
nn2a 38400000 38499999 926
nn2a 38500000 38599999 938
nn2a 38600000 38699999 1300
nn2a 38700000 38799999 1415
nn2a 38800000 38899999 1510
nn2a 38900000 38999999 1188
nn2a 39000000 39099999 1267
nn2a 39100000 39199999 956
nn2a 39200000 39299999 918
nn2a 39300000 39399999 904
nn2a 39400000 39499999 793
nn2a 39500000 39599999 960
nn2a 39600000 39699999 1099
nn2a 39700000 39799999 985
nn2a 39800000 39899999 1122
nn2a 39900000 39999999 1127
nn2a 40000000 40099999 914
nn2a 40100000 40199999 917
nn2a 40200000 40299999 701
nn2a 40300000 40399999 718
nn2a 40400000 40499999 1127
nn2a 40500000 40599999 918
nn2a 40600000 40699999 997
nn2a 40700000 40799999 974
nn2a 40800000 40899999 1179
nn2a 40900000 40999999 1148
nn2a 41000000 41099999 789
nn2a 41100000 41199999 953
nn2a 41200000 41299999 937
nn2a 41300000 41399999 732
nn2a 41400000 41499999 698
nn2a 41500000 41599999 1032
nn2a 41600000 41699999 1111
nn2a 41700000 41799999 1052
nn2a 41800000 41899999 844
nn2a 41900000 41999999 1032
nn2a 42000000 42099999 647
nn2a 42100000 42199999 1264
nn2a 42200000 42299999 727
nn2a 42300000 42399999 1045
nn2a 42400000 42499999 1040
nn2a 42500000 42599999 940
nn2a 42600000 42699999 807
nn2a 42700000 42799999 1149
nn2a 42800000 42899999 1066
nn2a 42900000 42999999 1176
nn2a 43000000 43099999 1310
nn2a 43100000 43199999 1338
nn2a 43200000 43299999 1006
nn2a 43300000 43399999 1005
nn2a 43400000 43499999 695
nn2a 43500000 43599999 972
nn2a 43600000 43699999 988
nn2a 43700000 43799999 9927
nn2a 43800000 43899999 929
nn2a 43900000 43999999 914
nn2a 44000000 44099999 883
nn2a 44100000 44199999 907
nn2a 44200000 44299999 1108
nn2a 44300000 44399999 892
nn2a 44400000 44499999 1116
nn2a 44500000 44599999 1113
nn2a 44600000 44699999 1015
nn2a 44700000 44799999 1101
nn2a 44800000 44899999 1004
nn2a 44900000 44999999 1068
nn2a 45000000 45099999 690
nn2a 45100000 45199999 1230
nn2a 45200000 45299999 1112
nn2a 45300000 45399999 923
nn2a 45400000 45499999 1933
nn2a 45500000 45599999 1023
nn2a 45600000 45699999 905
nn2a 45700000 45799999 869
nn2a 45800000 45899999 1115
nn2a 45900000 45999999 1049
nn2a 46000000 46099999 1429
nn2a 46100000 46199999 565
nn2a 46200000 46299999 829
nn2a 46300000 46399999 998
nn2a 46400000 46499999 1449
nn2a 46500000 46599999 853
nn2a 46600000 46699999 1700
nn2a 46700000 46799999 1234
nn2a 46800000 46899999 1110
nn2a 46900000 46999999 877
nn2a 47000000 47099999 971
nn2a 47100000 47199999 893
nn2a 47200000 47299999 1696
nn2a 47300000 47399999 928
nn2a 47400000 47499999 1202
nn2a 47500000 47599999 1051
nn2a 47600000 47699999 868
nn2a 47700000 47799999 946
nn2a 47800000 47899999 1065
nn2a 47900000 47999999 1003
nn2a 48000000 48099999 2551
nn2a 48100000 48199999 1250
nn2a 48200000 48299999 1157
nn2a 48300000 48399999 1167
nn2a 48400000 48499999 1353
nn2a 48500000 48599999 1311
nn2a 48600000 48699999 1039
nn2a 48700000 48799999 1148
nn2a 48800000 48899999 1620
nn2a 48900000 48999999 1309
nn2a 49000000 49099999 2089
nn2a 49100000 49199999 1561
nn2a 49200000 49299999 1822
nn2a 49300000 49399999 1212
nn2a 49400000 49499999 1104
nn2a 49500000 49599999 1288
nn2a 49600000 49699999 916
nn2a 49700000 49799999 1838
nn2a 49800000 49899999 1713
nn2a 49900000 49999999 1249
nn2a 50000000 50099999 1515
nn2a 50100000 50199999 1172
nn2a 50200000 50299999 911
nn2a 50300000 50399999 1069
nn2a 50400000 50499999 776
nn2a 50500000 50599999 974
nn2a 50600000 50699999 1040
nn2a 50700000 50799999 719
nn2a 50800000 50899999 954
nn2a 50900000 50999999 1004
nn2a 51000000 51099999 1446
nn2a 51100000 51199999 995
nn2a 51200000 51299999 1030
nn2a 51300000 51399999 1519
nn2a 51400000 51499999 1801
nn2a 51500000 51599999 546
nn2a 51600000 51699999 350
nn2a 51700000 51799999 370
nn2a 51800000 51899999 742
nn2a 51900000 51999999 651
nn2a 52000000 52099999 591
nn2a 52100000 52199999 1368
nn2a 52200000 52299999 1150
nn2a 52300000 52355976 632
nn3 0 99999 14434
nn3 100000 199999 671
nn3 200000 299999 558
nn3 300000 399999 643
nn3 400000 499999 767
nn3 500000 599999 1373
nn3 600000 699999 1164
nn3 700000 799999 706
nn3 800000 899999 896
nn3 900000 999999 604
nn3 1000000 1099999 871
nn3 1100000 1199999 557
nn3 1200000 1299999 668
nn3 1300000 1399999 1183
nn3 1400000 1499999 1069
nn3 1500000 1599999 1307
nn3 1600000 1699999 910
nn3 1700000 1799999 838
nn3 1800000 1899999 1024
nn3 1900000 1999999 1716
nn3 2000000 2099999 624
nn3 2100000 2199999 1455
nn3 2200000 2299999 1328
nn3 2300000 2399999 1822
nn3 2400000 2499999 1746
nn3 2500000 2599999 4149
nn3 2600000 2699999 3806
nn3 2700000 2799999 1517
nn3 2800000 2899999 1805
nn3 2900000 2999999 2312
nn3 3000000 3099999 2358
nn3 3100000 3199999 1412
nn3 3200000 3299999 1000
nn3 3300000 3399999 839
nn3 3400000 3499999 1022
nn3 3500000 3599999 1393
nn3 3600000 3699999 945
nn3 3700000 3799999 1630
nn3 3800000 3899999 1103
nn3 3900000 3999999 1019
nn3 4000000 4099999 1116
nn3 4100000 4199999 859
nn3 4200000 4299999 1261
nn3 4300000 4399999 954
nn3 4400000 4499999 956
nn3 4500000 4599999 784
nn3 4600000 4699999 1642
nn3 4700000 4799999 677
nn3 4800000 4899999 843
nn3 4900000 4999999 611
nn3 5000000 5099999 738
nn3 5100000 5199999 743
nn3 5200000 5299999 669
nn3 5300000 5399999 1941
nn3 5400000 5499999 929
nn3 5500000 5599999 846
nn3 5600000 5699999 757
nn3 5700000 5799999 2082
nn3 5800000 5899999 1244
nn3 5900000 5999999 1215
nn3 6000000 6099999 422
nn3 6100000 6199999 1170
nn3 6200000 6299999 735
nn3 6300000 6399999 712
nn3 6400000 6499999 2093
nn3 6500000 6599999 953
nn3 6600000 6699999 681
nn3 6700000 6799999 747
nn3 6800000 6899999 690
nn3 6900000 6999999 875
nn3 7000000 7099999 770
nn3 7100000 7199999 1168
nn3 7200000 7299999 1104
nn3 7300000 7399999 1132
nn3 7400000 7499999 1235
nn3 7500000 7599999 1698
nn3 7600000 7699999 1915
nn3 7700000 7799999 1435
nn3 7800000 7899999 1512
nn3 7900000 7999999 1666
nn3 8000000 8099999 1682
nn3 8100000 8199999 2383
nn3 8200000 8299999 1513
nn3 8300000 8399999 1474
nn3 8400000 8499999 1230
nn3 8500000 8599999 1275
nn3 8600000 8699999 1359
nn3 8700000 8799999 1005
nn3 8800000 8899999 1063
nn3 8900000 8999999 1225
nn3 9000000 9099999 801
nn3 9100000 9199999 1146
nn3 9200000 9299999 1209
nn3 9300000 9399999 693
nn3 9400000 9499999 730
nn3 9500000 9599999 844
nn3 9600000 9699999 869
nn3 9700000 9799999 746
nn3 9800000 9899999 1395
nn3 9900000 9999999 2595
nn3 10000000 10099999 1887
nn3 10100000 10199999 1494
nn3 10200000 10299999 951
nn3 10300000 10399999 1504
nn3 10400000 10499999 2665
nn3 10500000 10599999 1787
nn3 10600000 10699999 1402
nn3 10700000 10799999 1227
nn3 10800000 10899999 1027
nn3 10900000 10999999 1215
nn3 11000000 11099999 1066
nn3 11100000 11199999 1247
nn3 11200000 11299999 1115
nn3 11300000 11399999 3095
nn3 11400000 11499999 1378
nn3 11500000 11599999 1562
nn3 11600000 11699999 1464
nn3 11700000 11799999 1381
nn3 11800000 11899999 1548
nn3 11900000 11999999 1075
nn3 12000000 12099999 1017
nn3 12100000 12199999 1069
nn3 12200000 12299999 1447
nn3 12300000 12399999 1201
nn3 12400000 12499999 1645
nn3 12500000 12599999 1632
nn3 12600000 12699999 2487
nn3 12700000 12799999 2436
nn3 12800000 12899999 2378
nn3 12900000 12999999 1773
nn3 13000000 13099999 1969
nn3 13100000 13199999 1633
nn3 13200000 13299999 1422
nn3 13300000 13399999 1394
nn3 13400000 13499999 1207
nn3 13500000 13599999 971
nn3 13600000 13699999 846
nn3 13700000 13799999 887
nn3 13800000 13899999 1271
nn3 13900000 13999999 1145
nn3 14000000 14099999 1129
nn3 14100000 14199999 868
nn3 14200000 14299999 1004
nn3 14300000 14399999 631
nn3 14400000 14499999 753
nn3 14500000 14599999 1004
nn3 14600000 14699999 894
nn3 14700000 14799999 1374
nn3 14800000 14899999 805
nn3 14900000 14999999 769
nn3 15000000 15099999 753
nn3 15100000 15199999 875
nn3 15200000 15299999 1185
nn3 15300000 15399999 838
nn3 15400000 15499999 926
nn3 15500000 15599999 1129
nn3 15600000 15699999 1245
nn3 15700000 15799999 1198
nn3 15800000 15899999 1690
nn3 15900000 15999999 1434
nn3 16000000 16099999 1226
nn3 16100000 16199999 3056
nn3 16200000 16299999 2398
nn3 16300000 16399999 2135
nn3 16400000 16499999 1669
nn3 16500000 16599999 3195
nn3 16600000 16699999 1804
nn3 16700000 16799999 1931
nn3 16800000 16899999 1539
nn3 16900000 16999999 1376
nn3 17000000 17099999 1805
nn3 17100000 17199999 1879
nn3 17200000 17299999 1415
nn3 17300000 17399999 1094
nn3 17400000 17499999 1040
nn3 17500000 17599999 1389
nn3 17600000 17699999 1224
nn3 17700000 17799999 1426
nn3 17800000 17899999 1433
nn3 17900000 17999999 1102
nn3 18000000 18099999 1258
nn3 18100000 18199999 1243
nn3 18200000 18299999 1537
nn3 18300000 18399999 1214
nn3 18400000 18499999 1519
nn3 18500000 18599999 1016
nn3 18600000 18699999 2158
nn3 18700000 18799999 2250
nn3 18800000 18899999 1478
nn3 18900000 18999999 1290
nn3 19000000 19099999 1415
nn3 19100000 19199999 1201
nn3 19200000 19299999 938
nn3 19300000 19399999 969
nn3 19400000 19499999 794
nn3 19500000 19599999 861
nn3 19600000 19699999 1159
nn3 19700000 19799999 1083
nn3 19800000 19899999 973
nn3 19900000 19999999 1404
nn3 20000000 20099999 991
nn3 20100000 20199999 1203
nn3 20200000 20299999 1094
nn3 20300000 20399999 1508
nn3 20400000 20499999 1253
nn3 20500000 20599999 1375
nn3 20600000 20699999 1325
nn3 20700000 20799999 1213
nn3 20800000 20899999 2141
nn3 20900000 20999999 2050
nn3 21000000 21099999 2287
nn3 21100000 21199999 2013
nn3 21200000 21299999 2014
nn3 21300000 21399999 1505
nn3 21400000 21499999 1842
nn3 21500000 21599999 1475
nn3 21600000 21699999 1959
nn3 21700000 21799999 1611
nn3 21800000 21899999 1350
nn3 21900000 21999999 1655
nn3 22000000 22099999 1018
nn3 22100000 22199999 1268
nn3 22200000 22299999 1222
nn3 22300000 22399999 936
nn3 22400000 22499999 969
nn3 22500000 22599999 878
nn3 22600000 22699999 988
nn3 22700000 22799999 750
nn3 22800000 22899999 938
nn3 22900000 22999999 862
nn3 23000000 23099999 987
nn3 23100000 23199999 1251
nn3 23200000 23299999 1331
nn3 23300000 23399999 917
nn3 23400000 23499999 1114
nn3 23500000 23599999 1844
nn3 23600000 23699999 1048
nn3 23700000 23799999 2118
nn3 23800000 23899999 815
nn3 23900000 23999999 926
nn3 24000000 24099999 1060
nn3 24100000 24199999 814
nn3 24200000 24299999 1343
nn3 24300000 24399999 1100
nn3 24400000 24499999 1006
nn3 24500000 24599999 873
nn3 24600000 24699999 941
nn3 24700000 24799999 1292
nn3 24800000 24899999 1119
nn3 24900000 24999999 1210
nn3 25000000 25099999 981
nn3 25100000 25199999 1473
nn3 25200000 25299999 1149
nn3 25300000 25399999 1083
nn3 25400000 25499999 1127
nn3 25500000 25599999 1286
nn3 25600000 25699999 1165
nn3 25700000 25799999 1129
nn3 25800000 25899999 1040
nn3 25900000 25999999 1080
nn3 26000000 26099999 1100
nn3 26100000 26199999 1318
nn3 26200000 26299999 1335
nn3 26300000 26399999 1667
nn3 26400000 26499999 1726
nn3 26500000 26599999 1572
nn3 26600000 26699999 2142
nn3 26700000 26799999 2676
nn3 26800000 26899999 1650
nn3 26900000 26999999 1557
nn3 27000000 27099999 1752
nn3 27100000 27199999 1775
nn3 27200000 27299999 1969
nn3 27300000 27399999 2067
nn3 27400000 27499999 1939
nn3 27500000 27599999 1413
nn3 27600000 27699999 1647
nn3 27700000 27799999 1551
nn3 27800000 27899999 1193
nn3 27900000 27999999 913
nn3 28000000 28099999 616
nn3 28100000 28199999 1197
nn3 28200000 28299999 1002
nn3 28300000 28399999 1260
nn3 28400000 28499999 944
nn3 28500000 28599999 764
nn3 28600000 28699999 744
nn3 28700000 28799999 1107
nn3 28800000 28899999 1076
nn3 28900000 28999999 840
nn3 29000000 29099999 1217
nn3 29100000 29199999 1431
nn3 29200000 29299999 1321
nn3 29300000 29399999 1013
nn3 29400000 29499999 922
nn3 29500000 29599999 837
nn3 29600000 29699999 889
nn3 29700000 29799999 1154
nn3 29800000 29899999 722
nn3 29900000 29999999 956
nn3 30000000 30099999 878
nn3 30100000 30199999 1329
nn3 30200000 30299999 1377
nn3 30300000 30399999 989
nn3 30400000 30499999 1055
nn3 30500000 30599999 1292
nn3 30600000 30699999 1166
nn3 30700000 30799999 1102
nn3 30800000 30899999 1167
nn3 30900000 30999999 1676
nn3 31000000 31099999 1037
nn3 31100000 31199999 1663
nn3 31200000 31299999 1192
nn3 31300000 31399999 1525
nn3 31400000 31499999 1051
nn3 31500000 31599999 1705
nn3 31600000 31699999 1202
nn3 31700000 31799999 1432
nn3 31800000 31899999 912
nn3 31900000 31999999 1057
nn3 32000000 32099999 1013
nn3 32100000 32199999 1092
nn3 32200000 32299999 1465
nn3 32300000 32399999 1539
nn3 32400000 32499999 1110
nn3 32500000 32599999 2095
nn3 32600000 32699999 1748
nn3 32700000 32799999 1760
nn3 32800000 32899999 1362
nn3 32900000 32999999 1290
nn3 33000000 33099999 1689
nn3 33100000 33199999 937
nn3 33200000 33299999 1303
nn3 33300000 33399999 1176
nn3 33400000 33499999 950
nn3 33500000 33599999 1082
nn3 33600000 33699999 1101
nn3 33700000 33799999 1014
nn3 33800000 33899999 1094
nn3 33900000 33999999 2984
nn3 34000000 34099999 1584
nn3 34100000 34199999 2041
nn3 34200000 34299999 857
nn3 34300000 34399999 1117
nn3 34400000 34499999 669
nn3 34500000 34599999 764
nn3 34600000 34699999 823
nn3 34700000 34799999 774
nn3 34800000 34899999 896
nn3 34900000 34999999 800
nn3 35000000 35099999 1265
nn3 35100000 35199999 1065
nn3 35200000 35299999 937
nn3 35300000 35399999 995
nn3 35400000 35499999 834
nn3 35500000 35599999 1219
nn3 35600000 35699999 834
nn3 35700000 35799999 1120
nn3 35800000 35899999 1244
nn3 35900000 35999999 955
nn3 36000000 36099999 1707
nn3 36100000 36199999 1406
nn3 36200000 36299999 953
nn3 36300000 36399999 1047
nn3 36400000 36499999 1746
nn3 36500000 36599999 1320
nn3 36600000 36699999 1674
nn3 36700000 36799999 1579
nn3 36800000 36899999 2596
nn3 36900000 36999999 2875
nn3 37000000 37099999 2421
nn3 37100000 37199999 2643
nn3 37200000 37299999 1502
nn3 37300000 37399999 1482
nn3 37400000 37499999 1983
nn3 37500000 37599999 2207
nn3 37600000 37699999 2317
nn3 37700000 37799999 1737
nn3 37800000 37899999 1919
nn3 37900000 37999999 1508
nn3 38000000 38099999 1429
nn3 38100000 38199999 1190
nn3 38200000 38299999 1549
nn3 38300000 38399999 1397
nn3 38400000 38499999 1106
nn3 38500000 38599999 1440
nn3 38600000 38699999 1442
nn3 38700000 38799999 1714
nn3 38800000 38899999 1259
nn3 38900000 38999999 1388
nn3 39000000 39099999 1629
nn3 39100000 39199999 1226
nn3 39200000 39299999 1929
nn3 39300000 39399999 1555
nn3 39400000 39499999 1359
nn3 39500000 39599999 1552
nn3 39600000 39699999 1056
nn3 39700000 39799999 1145
nn3 39800000 39899999 2012
nn3 39900000 39999999 1216
nn3 40000000 40099999 1595
nn3 40100000 40199999 888
nn3 40200000 40299999 1418
nn3 40300000 40399999 1298
nn3 40400000 40499999 840
nn3 40500000 40599999 1383
nn3 40600000 40699999 987
nn3 40700000 40799999 1213
nn3 40800000 40899999 1773
nn3 40900000 40999999 1741
nn3 41000000 41099999 2014
nn3 41100000 41199999 2584
nn3 41200000 41299999 2273
nn3 41300000 41399999 2612
nn3 41400000 41499999 2588
nn3 41500000 41599999 1702
nn3 41600000 41699999 1691
nn3 41700000 41799999 1312
nn3 41800000 41899999 1360
nn3 41900000 41999999 1226
nn3 42000000 42099999 1265
nn3 42100000 42199999 1173
nn3 42200000 42299999 1411
nn3 42300000 42399999 1053
nn3 42400000 42499999 963
nn3 42500000 42599999 858
nn3 42600000 42699999 918
nn3 42700000 42799999 1007
nn3 42800000 42899999 1450
nn3 42900000 42999999 1092
nn3 43000000 43099999 1170
nn3 43100000 43199999 753
nn3 43200000 43299999 1311
nn3 43300000 43399999 1068
nn3 43400000 43499999 1328
nn3 43500000 43599999 1905
nn3 43600000 43699999 1110
nn3 43700000 43799999 2299
nn3 43800000 43899999 1101
nn3 43900000 43999999 854
nn3 44000000 44099999 1224
nn3 44100000 44199999 988
nn3 44200000 44299999 754
nn3 44300000 44399999 1346
nn3 44400000 44499999 1322
nn3 44500000 44599999 1074
nn3 44600000 44699999 1041
nn3 44700000 44799999 766
nn3 44800000 44899999 895
nn3 44900000 44999999 884
nn3 45000000 45099999 1472
nn3 45100000 45199999 1054
nn3 45200000 45299999 946
nn3 45300000 45399999 1447
nn3 45400000 45499999 1629
nn3 45500000 45599999 1140
nn3 45600000 45699999 1216
nn3 45700000 45799999 1306
nn3 45800000 45899999 1501
nn3 45900000 45999999 1337
nn3 46000000 46099999 1778
nn3 46100000 46199999 1586
nn3 46200000 46299999 1522
nn3 46300000 46399999 2134
nn3 46400000 46499999 1393
nn3 46500000 46599999 1437
nn3 46600000 46699999 1683
nn3 46700000 46799999 2420
nn3 46800000 46899999 1413
nn3 46900000 46999999 1890
nn3 47000000 47099999 2292
nn3 47100000 47199999 1243
nn3 47200000 47299999 1417
nn3 47300000 47399999 1024
nn3 47400000 47499999 1128
nn3 47500000 47599999 1066
nn3 47600000 47699999 986
nn3 47700000 47799999 1017
nn3 47800000 47899999 1127
nn3 47900000 47999999 1606
nn3 48000000 48099999 1170
nn3 48100000 48199999 896
nn3 48200000 48299999 1044
nn3 48300000 48399999 1721
nn3 48400000 48499999 1147
nn3 48500000 48599999 1235
nn3 48600000 48699999 1180
nn3 48700000 48799999 1353
nn3 48800000 48899999 1548
nn3 48900000 48999999 1279
nn3 49000000 49099999 1285
nn3 49100000 49199999 1003
nn3 49200000 49299999 1384
nn3 49300000 49399999 1110
nn3 49400000 49499999 1732
nn3 49500000 49599999 1952
nn3 49600000 49699999 1020
nn3 49700000 49799999 1352
nn3 49800000 49899999 1201
nn3 49900000 49999999 1305
nn3 50000000 50099999 1415
nn3 50100000 50199999 1334
nn3 50200000 50299999 1307
nn3 50300000 50399999 1592
nn3 50400000 50499999 1460
nn3 50500000 50599999 1828
nn3 50600000 50699999 1072
nn3 50700000 50799999 1678
nn3 50800000 50899999 898
nn3 50900000 50999999 1547
nn3 51000000 51099999 1211
nn3 51100000 51199999 1270
nn3 51200000 51299999 1239
nn3 51300000 51399999 1178
nn3 51400000 51499999 795
nn3 51500000 51599999 1771
nn3 51600000 51699999 2157
nn3 51700000 51799999 1996
nn3 51800000 51899999 889
nn3 51900000 51999999 831
nn3 52000000 52099999 1308
nn3 52100000 52199999 1934
nn3 52200000 52299999 1286
nn3 52300000 52399999 1554
nn3 52400000 52499999 1259
nn3 52500000 52599999 1770
nn3 52600000 52699999 1010
nn3 52700000 52799999 1035
nn3 52800000 52899999 1487
nn3 52900000 52999999 1091
nn3 53000000 53099999 1432
nn3 53100000 53199999 1123
nn3 53200000 53299999 1091
nn3 53300000 53399999 821
nn3 53400000 53499999 1011
nn3 53500000 53599999 791
nn3 53600000 53699999 1020
nn3 53700000 53799999 1125
nn3 53800000 53899999 1098
nn3 53900000 53999999 1660
nn3 54000000 54099999 922
nn3 54100000 54199999 916
nn3 54200000 54299999 1048
nn3 54300000 54399999 1318
nn3 54400000 54499999 1684
nn3 54500000 54599999 1707
nn3 54600000 54699999 1650
nn3 54700000 54799999 1672
nn3 54800000 54899999 1480
nn3 54900000 54999999 1507
nn3 55000000 55099999 1662
nn3 55100000 55199999 1255
nn3 55200000 55299999 935
nn3 55300000 55399999 1269
nn3 55400000 55499999 1089
nn3 55500000 55599999 1041
nn3 55600000 55699999 1229
nn3 55700000 55799999 950
nn3 55800000 55899999 1031
nn3 55900000 55999999 1239
nn3 56000000 56099999 1373
nn3 56100000 56199999 1151
nn3 56200000 56299999 1110
nn3 56300000 56399999 1513
nn3 56400000 56499999 1056
nn3 56500000 56599999 998
nn3 56600000 56699999 858
nn3 56700000 56799999 1236
nn3 56800000 56899999 1396
nn3 56900000 56999999 1214
nn3 57000000 57099999 1238
nn3 57100000 57199999 1693
nn3 57200000 57299999 1346
nn3 57300000 57399999 1242
nn3 57400000 57499999 1726
nn3 57500000 57599999 2221
nn3 57600000 57699999 2338
nn3 57700000 57799999 1443
nn3 57800000 57899999 1425
nn3 57900000 57999999 1169
nn3 58000000 58099999 933
nn3 58100000 58199999 1025
nn3 58200000 58299999 2196
nn3 58300000 58399999 1488
nn3 58400000 58499999 1178
nn3 58500000 58599999 768
nn3 58600000 58699999 1245
nn3 58700000 58799999 978
nn3 58800000 58899999 792
nn3 58900000 58999999 759
nn3 59000000 59099999 1034
nn3 59100000 59199999 842
nn3 59200000 59299999 852
nn3 59300000 59399999 1164
nn3 59400000 59499999 932
nn3 59500000 59599999 985
nn3 59600000 59699999 1170
nn3 59700000 59799999 1151
nn3 59800000 59899999 1233
nn3 59900000 59999999 1589
nn3 60000000 60099999 1067
nn3 60100000 60199999 1354
nn3 60200000 60299999 1501
nn3 60300000 60399999 2317
nn3 60400000 60499999 1195
nn3 60500000 60599999 1085
nn3 60600000 60699999 1129
nn3 60700000 60799999 820
nn3 60800000 60899999 1037
nn3 60900000 60999999 1172
nn3 61000000 61099999 1206
nn3 61100000 61199999 780
nn3 61200000 61299999 1498
nn3 61300000 61399999 1145
nn3 61400000 61499999 1098
nn3 61500000 61599999 1234
nn3 61600000 61699999 1132
nn3 61700000 61799999 1316
nn3 61800000 61899999 1414
nn3 61900000 61999999 1273
nn3 62000000 62099999 1149
nn3 62100000 62199999 1324
nn3 62200000 62299999 1592
nn3 62300000 62399999 853
nn3 62400000 62499999 1203
nn3 62500000 62599999 1096
nn3 62600000 62699999 1202
nn3 62700000 62799999 780
nn3 62800000 62899999 1195
nn3 62900000 62999999 1209
nn3 63000000 63099999 1106
nn3 63100000 63199999 910
nn3 63200000 63299999 1445
nn3 63300000 63399999 1009
nn3 63400000 63499999 1121
nn3 63500000 63599999 867
nn3 63600000 63699999 814
nn3 63700000 63799999 1308
nn3 63800000 63899999 1104
nn3 63900000 63999999 1026
nn3 64000000 64099999 1034
nn3 64100000 64199999 1015
nn3 64200000 64299999 981
nn3 64300000 64399999 912
nn3 64400000 64499999 763
nn3 64500000 64599999 1147
nn3 64600000 64699999 1157
nn3 64700000 64799999 1264
nn3 64800000 64899999 1150
nn3 64900000 64999999 1291
nn3 65000000 65099999 1278
nn3 65100000 65199999 1303
nn3 65200000 65299999 856
nn3 65300000 65399999 771
nn3 65400000 65499999 783
nn3 65500000 65599999 982
nn3 65600000 65699999 1133
nn3 65700000 65799999 1221
nn3 65800000 65899999 946
nn3 65900000 65999999 1030
nn3 66000000 66099999 1229
nn3 66100000 66199999 1195
nn3 66200000 66299999 1548
nn3 66300000 66399999 1140
nn3 66400000 66499999 1326
nn3 66500000 66599999 1515
nn3 66600000 66699999 1350
nn3 66700000 66799999 1487
nn3 66800000 66899999 1738
nn3 66900000 66999999 1381
nn3 67000000 67099999 1010
nn3 67100000 67199999 1355
nn3 67200000 67299999 1251
nn3 67300000 67399999 1202
nn3 67400000 67499999 1342
nn3 67500000 67599999 1062
nn3 67600000 67699999 1403
nn3 67700000 67799999 1313
nn3 67800000 67899999 1592
nn3 67900000 67999999 1295
nn3 68000000 68099999 1204
nn3 68100000 68199999 1391
nn3 68200000 68299999 1011
nn3 68300000 68399999 1255
nn3 68400000 68499999 848
nn3 68500000 68599999 1180
nn3 68600000 68699999 951
nn3 68700000 68799999 989
nn3 68800000 68899999 1493
nn3 68900000 68999999 1209
nn3 69000000 69099999 750
nn3 69100000 69199999 802
nn3 69200000 69299999 1310
nn3 69300000 69399999 958
nn3 69400000 69499999 1342
nn3 69500000 69599999 1128
nn3 69600000 69699999 1827
nn3 69700000 69799999 1119
nn3 69800000 69899999 1283
nn3 69900000 69999999 1368
nn3 70000000 70099999 1822
nn3 70100000 70199999 1387
nn3 70200000 70299999 882
nn3 70300000 70399999 975
nn3 70400000 70499999 1066
nn3 70500000 70599999 994
nn3 70600000 70699999 1293
nn3 70700000 70799999 1200
nn3 70800000 70899999 973
nn3 70900000 70999999 1136
nn3 71000000 71099999 1136
nn3 71100000 71199999 1137
nn3 71200000 71299999 1754
nn3 71300000 71399999 1133
nn3 71400000 71499999 1032
nn3 71500000 71599999 930
nn3 71600000 71699999 1094
nn3 71700000 71799999 994
nn3 71800000 71899999 770
nn3 71900000 71999999 864
nn3 72000000 72099999 860
nn3 72100000 72199999 1004
nn3 72200000 72299999 975
nn3 72300000 72399999 842
nn3 72400000 72499999 1090
nn3 72500000 72599999 849
nn3 72600000 72699999 766
nn3 72700000 72799999 1172
nn3 72800000 72899999 940
nn3 72900000 72999999 1050
nn3 73000000 73099999 1349
nn3 73100000 73199999 630
nn3 73200000 73299999 1038
nn3 73300000 73399999 1027
nn3 73400000 73499999 757
nn3 73500000 73599999 1350
nn3 73600000 73699999 1207
nn3 73700000 73799999 972
nn3 73800000 73899999 1121
nn3 73900000 73999999 1086
nn3 74000000 74099999 1102
nn3 74100000 74199999 1473
nn3 74200000 74299999 1272
nn3 74300000 74399999 1249
nn3 74400000 74499999 1739
nn3 74500000 74599999 1542
nn3 74600000 74699999 1350
nn3 74700000 74799999 1035
nn3 74800000 74899999 1140
nn3 74900000 74999999 1342
nn3 75000000 75099999 1143
nn3 75100000 75199999 1520
nn3 75200000 75299999 1247
nn3 75300000 75399999 1088
nn3 75400000 75499999 1008
nn3 75500000 75599999 1156
nn3 75600000 75699999 1057
nn3 75700000 75799999 1056
nn3 75800000 75899999 874
nn3 75900000 75999999 716
nn3 76000000 76099999 1601
nn3 76100000 76199999 1660
nn3 76200000 76299999 893
nn3 76300000 76399999 997
nn3 76400000 76499999 1214
nn3 76500000 76599999 1226
nn3 76600000 76699999 1031
nn3 76700000 76799999 1060
nn3 76800000 76899999 1196
nn3 76900000 76999999 1121
nn3 77000000 77099999 1040
nn3 77100000 77199999 1199
nn3 77200000 77299999 866
nn3 77300000 77399999 787
nn3 77400000 77499999 1075
nn3 77500000 77599999 1036
nn3 77600000 77699999 1045
nn3 77700000 77799999 927
nn3 77800000 77899999 864
nn3 77900000 77999999 1122
nn3 78000000 78099999 872
nn3 78100000 78199999 1399
nn3 78200000 78299999 979
nn3 78300000 78399999 1309
nn3 78400000 78499999 1025
nn3 78500000 78599999 1477
nn3 78600000 78699999 1161
nn3 78700000 78799999 1293
nn3 78800000 78899999 943
nn3 78900000 78999999 1167
nn3 79000000 79099999 1024
nn3 79100000 79199999 1005
nn3 79200000 79299999 717
nn3 79300000 79399999 1112
nn3 79400000 79499999 1044
nn3 79500000 79599999 1052
nn3 79600000 79699999 1077
nn3 79700000 79799999 1106
nn3 79800000 79899999 927
nn3 79900000 79999999 921
nn3 80000000 80099999 702
nn3 80100000 80199999 843
nn3 80200000 80299999 968
nn3 80300000 80399999 2312
nn3 80400000 80499999 1277
nn3 80500000 80599999 885
nn3 80600000 80699999 599
nn3 80700000 80799999 969
nn3 80800000 80899999 1022
nn3 80900000 80999999 1078
nn3 81000000 81099999 554
nn3 81100000 81199999 1269
nn3 81200000 81299999 1235
nn3 81300000 81399999 993
nn3 81400000 81499999 881
nn3 81500000 81599999 1213
nn3 81600000 81699999 1396
nn3 81700000 81799999 1003
nn3 81800000 81899999 1678
nn3 81900000 81999999 1088
nn3 82000000 82099999 929
nn3 82100000 82199999 1254
nn3 82200000 82299999 1038
nn3 82300000 82399999 1062
nn3 82400000 82499999 1228
nn3 82500000 82599999 1135
nn3 82600000 82699999 1371
nn3 82700000 82799999 1046
nn3 82800000 82899999 1083
nn3 82900000 82999999 1015
nn3 83000000 83099999 1382
nn3 83100000 83199999 776
nn3 83200000 83299999 941
nn3 83300000 83399999 1121
nn3 83400000 83499999 1294
nn3 83500000 83599999 1192
nn3 83600000 83699999 1113
nn3 83700000 83799999 989
nn3 83800000 83899999 947
nn3 83900000 83999999 602
nn3 84000000 84099999 751
nn3 84100000 84199999 1039
nn3 84200000 84299999 890
nn3 84300000 84399999 1368
nn3 84400000 84499999 1069
nn3 84500000 84599999 971
nn3 84600000 84699999 1243
nn3 84700000 84799999 1060
nn3 84800000 84899999 1138
nn3 84900000 84999999 959
nn3 85000000 85099999 1035
nn3 85100000 85199999 1405
nn3 85200000 85299999 1884
nn3 85300000 85399999 1204
nn3 85400000 85499999 1268
nn3 85500000 85599999 1203
nn3 85600000 85699999 898
nn3 85700000 85799999 985
nn3 85800000 85899999 1042
nn3 85900000 85999999 927
nn3 86000000 86099999 989
nn3 86100000 86199999 965
nn3 86200000 86299999 938
nn3 86300000 86399999 1463
nn3 86400000 86499999 1195
nn3 86500000 86599999 1059
nn3 86600000 86699999 1110
nn3 86700000 86799999 1392
nn3 86800000 86899999 1077
nn3 86900000 86999999 885
nn3 87000000 87099999 1064
nn3 87100000 87199999 1522
nn3 87200000 87299999 994
nn3 87300000 87399999 1371
nn3 87400000 87499999 1120
nn3 87500000 87599999 1710
nn3 87600000 87699999 1145
nn3 87700000 87799999 1032
nn3 87800000 87899999 971
nn3 87900000 87999999 1203
nn3 88000000 88099999 1134
nn3 88100000 88199999 1155
nn3 88200000 88299999 1467
nn3 88300000 88399999 985
nn3 88400000 88499999 923
nn3 88500000 88599999 949
nn3 88600000 88699999 994
nn3 88700000 88799999 761
nn3 88800000 88899999 957
nn3 88900000 88999999 1054
nn3 89000000 89099999 1223
nn3 89100000 89199999 868
nn3 89200000 89299999 1097
nn3 89300000 89399999 967
nn3 89400000 89499999 862
nn3 89500000 89599999 857
nn3 89600000 89699999 964
nn3 89700000 89799999 2038
nn3 89800000 89899999 823
nn3 89900000 89999999 1425
nn3 90000000 90099999 935
nn3 90100000 90199999 1179
nn3 90200000 90299999 1325
nn3 90300000 90399999 967
nn3 90400000 90499999 1218
nn3 90500000 90599999 1113
nn3 90600000 90699999 932
nn3 90700000 90799999 1298
nn3 90800000 90899999 1245
nn3 90900000 90999999 1297
nn3 91000000 91099999 1351
nn3 91100000 91199999 1259
nn3 91200000 91299999 1292
nn3 91300000 91399999 920
nn3 91400000 91499999 1123
nn3 91500000 91599999 1553
nn3 91600000 91699999 1354
nn3 91700000 91799999 1474
nn3 91800000 91899999 1015
nn3 91900000 91999999 900
nn3 92000000 92099999 969
nn3 92100000 92199999 830
nn3 92200000 92299999 883
nn3 92300000 92399999 931
nn3 92400000 92499999 1342
nn3 92500000 92599999 1575
nn3 92600000 92699999 1077
nn3 92700000 92799999 744
nn3 92800000 92899999 770
nn3 92900000 92999999 656
nn3 93000000 93099999 784
nn3 93100000 93199999 897
nn3 93200000 93299999 702
nn3 93300000 93399999 768
nn3 93400000 93499999 1037
nn3 93500000 93599999 936
nn3 93600000 93699999 807
nn3 93700000 93799999 970
nn3 93800000 93899999 1202
nn3 93900000 93999999 1088
nn3 94000000 94099999 717
nn3 94100000 94199999 953
nn3 94200000 94299999 1067
nn3 94300000 94399999 859
nn3 94400000 94499999 984
nn3 94500000 94599999 1058
nn3 94600000 94699999 869
nn3 94700000 94799999 914
nn3 94800000 94899999 742
nn3 94900000 94999999 883
nn3 95000000 95099999 1102
nn3 95100000 95199999 863
nn3 95200000 95299999 615
nn3 95300000 95399999 1149
nn3 95400000 95499999 689
nn3 95500000 95599999 964
nn3 95600000 95699999 1097
nn3 95700000 95799999 814
nn3 95800000 95899999 935
nn3 95900000 95999999 1127
nn3 96000000 96099999 879
nn3 96100000 96199999 1106
nn3 96200000 96299999 1295
nn3 96300000 96399999 1055
nn3 96400000 96499999 870
nn3 96500000 96599999 953
nn3 96600000 96699999 804
nn3 96700000 96799999 902
nn3 96800000 96899999 1090
nn3 96900000 96999999 1333
nn3 97000000 97099999 1054
nn3 97100000 97199999 885
nn3 97200000 97299999 705
nn3 97300000 97399999 959
nn3 97400000 97499999 1075
nn3 97500000 97599999 1202
nn3 97600000 97699999 842
nn3 97700000 97799999 917
nn3 97800000 97899999 1043
nn3 97900000 97999999 1793
nn3 98000000 98099999 1170
nn3 98100000 98199999 922
nn3 98200000 98299999 1011
nn3 98300000 98399999 1031
nn3 98400000 98499999 1026
nn3 98500000 98599999 898
nn3 98600000 98699999 1008
nn3 98700000 98799999 1038
nn3 98800000 98899999 757
nn3 98900000 98999999 766
nn3 99000000 99099999 856
nn3 99100000 99199999 1581
nn3 99200000 99299999 1259
nn3 99300000 99399999 1215
nn3 99400000 99499999 1059
nn3 99500000 99599999 1664
nn3 99600000 99699999 1366
nn3 99700000 99799999 1122
nn3 99800000 99899999 1221
nn3 99900000 99999999 1235
nn3 100000000 100099999 1553
nn3 100100000 100199999 837
nn3 100200000 100299999 1192
nn3 100300000 100399999 1143
nn3 100400000 100499999 916
nn3 100500000 100599999 1136
nn3 100600000 100699999 752
nn3 100700000 100799999 749
nn3 100800000 100899999 837
nn3 100900000 100999999 849
nn3 101000000 101099999 824
nn3 101100000 101199999 860
nn3 101200000 101299999 979
nn3 101300000 101399999 747
nn3 101400000 101499999 864
nn3 101500000 101599999 821
nn3 101600000 101699999 840
nn3 101700000 101799999 929
nn3 101800000 101899999 994
nn3 101900000 101999999 982
nn3 102000000 102099999 939
nn3 102100000 102199999 689
nn3 102200000 102299999 783
nn3 102300000 102399999 957
nn3 102400000 102499999 1637
nn3 102500000 102599999 912
nn3 102600000 102699999 677
nn3 102700000 102799999 795
nn3 102800000 102899999 1152
nn3 102900000 102999999 1519
nn3 103000000 103099999 965
nn3 103100000 103199999 1110
nn3 103200000 103299999 1045
nn3 103300000 103399999 899
nn3 103400000 103499999 1188
nn3 103500000 103599999 1793
nn3 103600000 103699999 1588
nn3 103700000 103799999 1202
nn3 103800000 103899999 1303
nn3 103900000 103999999 1232
nn3 104000000 104099999 779
nn3 104100000 104199999 716
nn3 104200000 104299999 1042
nn3 104300000 104399999 889
nn3 104400000 104499999 1076
nn3 104500000 104599999 883
nn3 104600000 104699999 724
nn3 104700000 104799999 1023
nn3 104800000 104899999 969
nn3 104900000 104999999 996
nn3 105000000 105099999 1412
nn3 105100000 105199999 904
nn3 105200000 105299999 983
nn3 105300000 105399999 707
nn3 105400000 105499999 664
nn3 105500000 105599999 975
nn3 105600000 105699999 1231
nn3 105700000 105799999 829
nn3 105800000 105899999 1580
nn3 105900000 105999999 1013
nn3 106000000 106099999 1047
nn3 106100000 106199999 822
nn3 106200000 106299999 787
nn3 106300000 106399999 953
nn3 106400000 106499999 626
nn3 106500000 106599999 1075
nn3 106600000 106699999 1095
nn3 106700000 106799999 1039
nn3 106800000 106899999 1961
nn3 106900000 106999999 3517
nn3 107000000 107099999 2288
nn3 107100000 107199999 1656
nn3 107200000 107299999 1230
nn3 107300000 107399999 1022
nn3 107400000 107499999 778
nn3 107500000 107599999 1027
nn3 107600000 107699999 1037
nn3 107700000 107799999 677
nn3 107800000 107899999 771
nn3 107900000 107999999 950
nn3 108000000 108099999 995
nn3 108100000 108199999 1050
nn3 108200000 108299999 1046
nn3 108300000 108399999 685
nn3 108400000 108499999 1079
nn3 108500000 108599999 798
nn3 108600000 108699999 1493
nn3 108700000 108799999 1424
nn3 108800000 108899999 885
nn3 108900000 108999999 1202
nn3 109000000 109099999 2017
nn3 109100000 109199999 1580
nn3 109200000 109299999 1442
nn3 109300000 109399999 2176
nn3 109400000 109499999 1312
nn3 109500000 109599999 1158
nn3 109600000 109699999 1634
nn3 109700000 109799999 1753
nn3 109800000 109899999 1650
nn3 109900000 109999999 776
nn3 110000000 110099999 1204
nn3 110100000 110199999 890
nn3 110200000 110299999 1195
nn3 110300000 110399999 768
nn3 110400000 110499999 527
nn3 110500000 110599999 350
nn3 110600000 110699999 568
nn3 110700000 110799999 1517
nn3 110800000 110899999 561
nn3 110900000 110999999 1274
nn3 111000000 111099999 1362
nn3 111100000 111199999 580
nn3 111200000 111299999 752
nn3 111300000 111382486 955
nn4 0 99999 15438
nn4 100000 199999 940
nn4 200000 299999 1492
nn4 300000 399999 2291
nn4 400000 499999 2899
nn4 500000 599999 5414
nn4 600000 699999 2263
nn4 700000 799999 3385
nn4 800000 899999 2035
nn4 900000 999999 2054
nn4 1000000 1099999 1018
nn4 1100000 1199999 1079
nn4 1200000 1299999 2010
nn4 1300000 1399999 737
nn4 1400000 1499999 1003
nn4 1500000 1599999 1722
nn4 1600000 1699999 1050
nn4 1700000 1799999 702
nn4 1800000 1899999 1036
nn4 1900000 1999999 1221
nn4 2000000 2099999 1584
nn4 2100000 2199999 717
nn4 2200000 2299999 1385
nn4 2300000 2399999 1135
nn4 2400000 2499999 525
nn4 2500000 2599999 812
nn4 2600000 2699999 828
nn4 2700000 2799999 918
nn4 2800000 2899999 1152
nn4 2900000 2999999 1039
nn4 3000000 3099999 1422
nn4 3100000 3199999 1166
nn4 3200000 3299999 2325
nn4 3300000 3399999 918
nn4 3400000 3499999 1064
nn4 3500000 3599999 1148
nn4 3600000 3699999 1220
nn4 3700000 3799999 1911
nn4 3800000 3899999 1136
nn4 3900000 3999999 1734
nn4 4000000 4099999 1561
nn4 4100000 4199999 1504
nn4 4200000 4299999 1253
nn4 4300000 4399999 1842
nn4 4400000 4499999 1473
nn4 4500000 4599999 1091
nn4 4600000 4699999 1109
nn4 4700000 4799999 994
nn4 4800000 4899999 1749
nn4 4900000 4999999 1828
nn4 5000000 5099999 890
nn4 5100000 5199999 567
nn4 5200000 5299999 804
nn4 5300000 5399999 1785
nn4 5400000 5499999 843
nn4 5500000 5599999 753
nn4 5600000 5699999 724
nn4 5700000 5799999 788
nn4 5800000 5899999 800
nn4 5900000 5999999 978
nn4 6000000 6099999 1532
nn4 6100000 6199999 892
nn4 6200000 6299999 905
nn4 6300000 6399999 689
nn4 6400000 6499999 743
nn4 6500000 6599999 1268
nn4 6600000 6699999 1014
nn4 6700000 6799999 711
nn4 6800000 6899999 1008
nn4 6900000 6999999 1049
nn4 7000000 7099999 1313
nn4 7100000 7199999 1030
nn4 7200000 7299999 749
nn4 7300000 7399999 643
nn4 7400000 7499999 1057
nn4 7500000 7599999 1281
nn4 7600000 7699999 1234
nn4 7700000 7799999 1444
nn4 7800000 7899999 1521
nn4 7900000 7999999 925
nn4 8000000 8099999 1043
nn4 8100000 8199999 763
nn4 8200000 8299999 1247
nn4 8300000 8399999 850
nn4 8400000 8499999 963
nn4 8500000 8599999 775
nn4 8600000 8699999 774
nn4 8700000 8799999 733
nn4 8800000 8899999 1093
nn4 8900000 8999999 964
nn4 9000000 9099999 943
nn4 9100000 9199999 1216
nn4 9200000 9299999 1037
nn4 9300000 9399999 1343
nn4 9400000 9499999 903
nn4 9500000 9599999 997
nn4 9600000 9699999 1058
nn4 9700000 9799999 997
nn4 9800000 9899999 1823
nn4 9900000 9999999 1676
nn4 10000000 10099999 1290
nn4 10100000 10199999 1297
nn4 10200000 10299999 1069
nn4 10300000 10399999 1326
nn4 10400000 10499999 1583
nn4 10500000 10599999 1005
nn4 10600000 10699999 1087
nn4 10700000 10799999 1095
nn4 10800000 10899999 1155
nn4 10900000 10999999 763
nn4 11000000 11099999 1171
nn4 11100000 11199999 1268
nn4 11200000 11299999 851
nn4 11300000 11399999 1329
nn4 11400000 11499999 1097
nn4 11500000 11599999 1229
nn4 11600000 11699999 947
nn4 11700000 11799999 796
nn4 11800000 11899999 1240
nn4 11900000 11999999 1551
nn4 12000000 12099999 1094
nn4 12100000 12199999 798
nn4 12200000 12299999 881
nn4 12300000 12399999 1055
nn4 12400000 12499999 1547
nn4 12500000 12599999 929
nn4 12600000 12699999 1089
nn4 12700000 12799999 1099
nn4 12800000 12899999 923
nn4 12900000 12999999 1044
nn4 13000000 13099999 1262
nn4 13100000 13199999 1701
nn4 13200000 13299999 1298
nn4 13300000 13399999 1009
nn4 13400000 13499999 1302
nn4 13500000 13599999 1425
nn4 13600000 13699999 1120
nn4 13700000 13799999 1359
nn4 13800000 13899999 2529
nn4 13900000 13999999 1010
nn4 14000000 14099999 1072
nn4 14100000 14199999 1080
nn4 14200000 14299999 996
nn4 14300000 14399999 1190
nn4 14400000 14499999 804
nn4 14500000 14599999 1168
nn4 14600000 14699999 832
nn4 14700000 14799999 854
nn4 14800000 14899999 941
nn4 14900000 14999999 963
nn4 15000000 15099999 992
nn4 15100000 15199999 1074
nn4 15200000 15299999 1160
nn4 15300000 15399999 1061
nn4 15400000 15499999 1563
nn4 15500000 15599999 938
nn4 15600000 15699999 1275
nn4 15700000 15799999 1332
nn4 15800000 15899999 1515
nn4 15900000 15999999 1111
nn4 16000000 16099999 1662
nn4 16100000 16199999 1244
nn4 16200000 16299999 1159
nn4 16300000 16399999 1568
nn4 16400000 16499999 1541
nn4 16500000 16599999 1417
nn4 16600000 16699999 1250
nn4 16700000 16799999 1193
nn4 16800000 16899999 1113
nn4 16900000 16999999 869
nn4 17000000 17099999 1081
nn4 17100000 17199999 1139
nn4 17200000 17299999 1100
nn4 17300000 17399999 773
nn4 17400000 17499999 853
nn4 17500000 17599999 1019
nn4 17600000 17699999 853
nn4 17700000 17799999 945
nn4 17800000 17899999 1055
nn4 17900000 17999999 921
nn4 18000000 18099999 1283
nn4 18100000 18199999 1188
nn4 18200000 18299999 895
nn4 18300000 18399999 1299
nn4 18400000 18499999 1283
nn4 18500000 18599999 1519
nn4 18600000 18699999 1180
nn4 18700000 18799999 1672
nn4 18800000 18899999 1411
nn4 18900000 18999999 1932
nn4 19000000 19099999 1491
nn4 19100000 19199999 1761
nn4 19200000 19299999 1301
nn4 19300000 19399999 1367
nn4 19400000 19499999 1762
nn4 19500000 19599999 1332
nn4 19600000 19699999 1704
nn4 19700000 19799999 1476
nn4 19800000 19899999 1874
nn4 19900000 19999999 1472
nn4 20000000 20099999 1499
nn4 20100000 20199999 1624
nn4 20200000 20299999 1542
nn4 20300000 20399999 1617
nn4 20400000 20499999 1738
nn4 20500000 20599999 1417
nn4 20600000 20699999 1210
nn4 20700000 20799999 1900
nn4 20800000 20899999 1134
nn4 20900000 20999999 1399
nn4 21000000 21099999 1272
nn4 21100000 21199999 1129
nn4 21200000 21299999 1304
nn4 21300000 21399999 1029
nn4 21400000 21499999 1122
nn4 21500000 21599999 1023
nn4 21600000 21699999 828
nn4 21700000 21799999 1036
nn4 21800000 21899999 1022
nn4 21900000 21999999 999
nn4 22000000 22099999 931
nn4 22100000 22199999 1396
nn4 22200000 22299999 1473
nn4 22300000 22399999 1250
nn4 22400000 22499999 1093
nn4 22500000 22599999 1110
nn4 22600000 22699999 973
nn4 22700000 22799999 873
nn4 22800000 22899999 1500
nn4 22900000 22999999 965
nn4 23000000 23099999 981
nn4 23100000 23199999 1004
nn4 23200000 23299999 1157
nn4 23300000 23399999 1171
nn4 23400000 23499999 1179
nn4 23500000 23599999 1425
nn4 23600000 23699999 1171
nn4 23700000 23799999 1086
nn4 23800000 23899999 1157
nn4 23900000 23999999 988
nn4 24000000 24099999 1638
nn4 24100000 24199999 1214
nn4 24200000 24299999 1344
nn4 24300000 24399999 1169
nn4 24400000 24499999 873
nn4 24500000 24599999 1214
nn4 24600000 24699999 1437
nn4 24700000 24799999 1137
nn4 24800000 24899999 1242
nn4 24900000 24999999 1535
nn4 25000000 25099999 902
nn4 25100000 25199999 759
nn4 25200000 25299999 730
nn4 25300000 25399999 823
nn4 25400000 25499999 975
nn4 25500000 25599999 1144
nn4 25600000 25699999 825
nn4 25700000 25799999 745
nn4 25800000 25899999 1712
nn4 25900000 25999999 860
nn4 26000000 26099999 850
nn4 26100000 26199999 1206
nn4 26200000 26299999 1051
nn4 26300000 26399999 899
nn4 26400000 26499999 956
nn4 26500000 26599999 1280
nn4 26600000 26699999 1104
nn4 26700000 26799999 1092
nn4 26800000 26899999 1531
nn4 26900000 26999999 1535
nn4 27000000 27099999 1528
nn4 27100000 27199999 1476
nn4 27200000 27299999 1269
nn4 27300000 27399999 903
nn4 27400000 27499999 1598
nn4 27500000 27599999 1431
nn4 27600000 27699999 1420
nn4 27700000 27799999 1218
nn4 27800000 27899999 1295
nn4 27900000 27999999 1136
nn4 28000000 28099999 1367
nn4 28100000 28199999 1137
nn4 28200000 28299999 1908
nn4 28300000 28399999 1219
nn4 28400000 28499999 833
nn4 28500000 28599999 1001
nn4 28600000 28699999 1188
nn4 28700000 28799999 841
nn4 28800000 28899999 1186
nn4 28900000 28999999 1374
nn4 29000000 29099999 1306
nn4 29100000 29199999 1253
nn4 29200000 29299999 1342
nn4 29300000 29399999 1160
nn4 29400000 29499999 1562
nn4 29500000 29599999 916
nn4 29600000 29699999 1200
nn4 29700000 29799999 1193
nn4 29800000 29899999 1077
nn4 29900000 29999999 855
nn4 30000000 30099999 998
nn4 30100000 30199999 1153
nn4 30200000 30299999 1253
nn4 30300000 30399999 1155
nn4 30400000 30499999 1078
nn4 30500000 30599999 1117
nn4 30600000 30699999 740
nn4 30700000 30799999 1093
nn4 30800000 30899999 1106
nn4 30900000 30999999 1180
nn4 31000000 31099999 1255
nn4 31100000 31199999 1037
nn4 31200000 31299999 1378
nn4 31300000 31399999 812
nn4 31400000 31499999 996
nn4 31500000 31599999 1349
nn4 31600000 31699999 1247
nn4 31700000 31799999 1207
nn4 31800000 31899999 1095
nn4 31900000 31999999 1644
nn4 32000000 32099999 1011
nn4 32100000 32199999 947
nn4 32200000 32299999 1049
nn4 32300000 32399999 1153
nn4 32400000 32499999 959
nn4 32500000 32599999 1015
nn4 32600000 32699999 1188
nn4 32700000 32799999 973
nn4 32800000 32899999 1019
nn4 32900000 32999999 958
nn4 33000000 33099999 1175
nn4 33100000 33199999 1323
nn4 33200000 33299999 1078
nn4 33300000 33399999 971
nn4 33400000 33499999 863
nn4 33500000 33599999 2102
nn4 33600000 33699999 1080
nn4 33700000 33799999 1350
nn4 33800000 33899999 1278
nn4 33900000 33999999 1310
nn4 34000000 34099999 938
nn4 34100000 34199999 1207
nn4 34200000 34299999 1061
nn4 34300000 34399999 1043
nn4 34400000 34499999 1334
nn4 34500000 34599999 1086
nn4 34600000 34699999 1157
nn4 34700000 34799999 1513
nn4 34800000 34899999 912
nn4 34900000 34999999 1060
nn4 35000000 35099999 1179
nn4 35100000 35199999 913
nn4 35200000 35299999 1041
nn4 35300000 35399999 986
nn4 35400000 35499999 1350
nn4 35500000 35599999 1281
nn4 35600000 35699999 1134
nn4 35700000 35799999 1079
nn4 35800000 35899999 1145
nn4 35900000 35999999 1126
nn4 36000000 36099999 1392
nn4 36100000 36199999 1532
nn4 36200000 36299999 1491
nn4 36300000 36399999 1325
nn4 36400000 36499999 1129
nn4 36500000 36599999 930
nn4 36600000 36699999 1100
nn4 36700000 36799999 1157
nn4 36800000 36899999 850
nn4 36900000 36999999 1075
nn4 37000000 37099999 1067
nn4 37100000 37199999 1234
nn4 37200000 37299999 945
nn4 37300000 37399999 1181
nn4 37400000 37499999 1125
nn4 37500000 37599999 1540
nn4 37600000 37699999 1022
nn4 37700000 37799999 1097
nn4 37800000 37899999 1016
nn4 37900000 37999999 957
nn4 38000000 38099999 1017
nn4 38100000 38199999 1108
nn4 38200000 38299999 1174
nn4 38300000 38399999 741
nn4 38400000 38499999 914
nn4 38500000 38599999 1240
nn4 38600000 38699999 1459
nn4 38700000 38799999 1376
nn4 38800000 38899999 1167
nn4 38900000 38999999 1084
nn4 39000000 39099999 1376
nn4 39100000 39199999 1778
nn4 39200000 39299999 847
nn4 39300000 39399999 1313
nn4 39400000 39499999 938
nn4 39500000 39599999 731
nn4 39600000 39699999 793
nn4 39700000 39799999 731
nn4 39800000 39899999 1032
nn4 39900000 39999999 1455
nn4 40000000 40099999 1119
nn4 40100000 40199999 871
nn4 40200000 40299999 889
nn4 40300000 40399999 1104
nn4 40400000 40499999 949
nn4 40500000 40599999 1332
nn4 40600000 40699999 975
nn4 40700000 40799999 965
nn4 40800000 40899999 725
nn4 40900000 40999999 720
nn4 41000000 41099999 884
nn4 41100000 41199999 1065
nn4 41200000 41299999 1005
nn4 41300000 41399999 1319
nn4 41400000 41499999 1156
nn4 41500000 41599999 899
nn4 41600000 41699999 575
nn4 41700000 41799999 947
nn4 41800000 41899999 936
nn4 41900000 41999999 893
nn4 42000000 42099999 971
nn4 42100000 42199999 1018
nn4 42200000 42299999 939
nn4 42300000 42399999 676
nn4 42400000 42499999 647
nn4 42500000 42599999 980
nn4 42600000 42699999 980
nn4 42700000 42799999 1237
nn4 42800000 42899999 1034
nn4 42900000 42999999 1162
nn4 43000000 43099999 1536
nn4 43100000 43199999 935
nn4 43200000 43299999 860
nn4 43300000 43399999 1105
nn4 43400000 43499999 1536
nn4 43500000 43599999 1505
nn4 43600000 43699999 1319
nn4 43700000 43799999 1202
nn4 43800000 43899999 788
nn4 43900000 43999999 988
nn4 44000000 44099999 875
nn4 44100000 44199999 885
nn4 44200000 44299999 830
nn4 44300000 44399999 1043
nn4 44400000 44499999 1088
nn4 44500000 44599999 2269
nn4 44600000 44699999 738
nn4 44700000 44799999 1053
nn4 44800000 44899999 1082
nn4 44900000 44999999 1065
nn4 45000000 45099999 958
nn4 45100000 45199999 829
nn4 45200000 45299999 641
nn4 45300000 45399999 761
nn4 45400000 45499999 981
nn4 45500000 45599999 970
nn4 45600000 45699999 903
nn4 45700000 45799999 813
nn4 45800000 45899999 538
nn4 45900000 45999999 1006
nn4 46000000 46099999 1587
nn4 46100000 46199999 913
nn4 46200000 46299999 769
nn4 46300000 46399999 958
nn4 46400000 46499999 1019
nn4 46500000 46599999 693
nn4 46600000 46699999 1027
nn4 46700000 46799999 1053
nn4 46800000 46899999 1570
nn4 46900000 46999999 1266
nn4 47000000 47099999 647
nn4 47100000 47199999 1203
nn4 47200000 47299999 1073
nn4 47300000 47399999 1663
nn4 47400000 47499999 1134
nn4 47500000 47599999 1235
nn4 47600000 47699999 1461
nn4 47700000 47799999 1043
nn4 47800000 47899999 1303
nn4 47900000 47999999 2838
nn4 48000000 48099999 1183
nn4 48100000 48199999 816
nn4 48200000 48299999 1265
nn4 48300000 48399999 1277
nn4 48400000 48499999 1395
nn4 48500000 48599999 1328
nn4 48600000 48699999 1518
nn4 48700000 48799999 1191
nn4 48800000 48899999 1173
nn4 48900000 48999999 1303
nn4 49000000 49099999 1417
nn4 49100000 49199999 1019
nn4 49200000 49299999 1153
nn4 49300000 49399999 1286
nn4 49400000 49499999 1400
nn4 49500000 49599999 1205
nn4 49600000 49699999 1308
nn4 49700000 49799999 1622
nn4 49800000 49899999 1646
nn4 49900000 49999999 1602
nn4 50000000 50099999 1512
nn4 50100000 50199999 1533
nn4 50200000 50299999 1322
nn4 50300000 50399999 1684
nn4 50400000 50499999 1326
nn4 50500000 50599999 1834
nn4 50600000 50699999 1243
nn4 50700000 50799999 1429
nn4 50800000 50899999 1446
nn4 50900000 50999999 1034
nn4 51000000 51099999 1087
nn4 51100000 51199999 1069
nn4 51200000 51299999 1252
nn4 51300000 51399999 949
nn4 51400000 51499999 828
nn4 51500000 51599999 1135
nn4 51600000 51699999 854
nn4 51700000 51799999 595
nn4 51800000 51899999 985
nn4 51900000 51999999 922
nn4 52000000 52099999 1136
nn4 52100000 52199999 691
nn4 52200000 52299999 1418
nn4 52300000 52399999 808
nn4 52400000 52499999 1084
nn4 52500000 52599999 816
nn4 52600000 52699999 1168
nn4 52700000 52799999 1209
nn4 52800000 52899999 1186
nn4 52900000 52999999 1060
nn4 53000000 53099999 1171
nn4 53100000 53199999 1203
nn4 53200000 53299999 1365
nn4 53300000 53399999 988
nn4 53400000 53499999 1121
nn4 53500000 53599999 983
nn4 53600000 53699999 881
nn4 53700000 53799999 844
nn4 53800000 53899999 5871
nn4 53900000 53999999 1275
nn4 54000000 54099999 849
nn4 54100000 54199999 1320
nn4 54200000 54299999 1148
nn4 54300000 54399999 957
nn4 54400000 54499999 1442
nn4 54500000 54599999 1124
nn4 54600000 54699999 1875
nn4 54700000 54799999 1427
nn4 54800000 54899999 1593
nn4 54900000 54999999 2033
nn4 55000000 55099999 1565
nn4 55100000 55199999 1599
nn4 55200000 55299999 1300
nn4 55300000 55399999 1407
nn4 55400000 55499999 1055
nn4 55500000 55599999 1188
nn4 55600000 55699999 877
nn4 55700000 55799999 581
nn4 55800000 55899999 525
nn4 55900000 55999999 897
nn4 56000000 56099999 934
nn4 56100000 56199999 833
nn4 56200000 56299999 887
nn4 56300000 56399999 669
nn4 56400000 56499999 627
nn4 56500000 56599999 1281
nn4 56600000 56699999 1138
nn4 56700000 56799999 1196
nn4 56800000 56899999 1129
nn4 56900000 56999999 1057
nn4 57000000 57099999 981
nn4 57100000 57199999 892
nn4 57200000 57299999 945
nn4 57300000 57399999 1743
nn4 57400000 57499999 849
nn4 57500000 57599999 612
nn4 57600000 57699999 926
nn4 57700000 57799999 957
nn4 57800000 57899999 996
nn4 57900000 57999999 1119
nn4 58000000 58099999 883
nn4 58100000 58199999 1050
nn4 58200000 58299999 1397
nn4 58300000 58399999 1437
nn4 58400000 58499999 1046
nn4 58500000 58599999 1050
nn4 58600000 58699999 1166
nn4 58700000 58799999 1166
nn4 58800000 58899999 1140
nn4 58900000 58999999 891
nn4 59000000 59099999 1286
nn4 59100000 59199999 1190
nn4 59200000 59299999 1185
nn4 59300000 59399999 999
nn4 59400000 59499999 1114
nn4 59500000 59599999 1162
nn4 59600000 59699999 1646
nn4 59700000 59799999 1535
nn4 59800000 59899999 737
nn4 59900000 59999999 742
nn4 60000000 60099999 1204
nn4 60100000 60199999 1254
nn4 60200000 60299999 879
nn4 60300000 60399999 909
nn4 60400000 60499999 1032
nn4 60500000 60599999 1131
nn4 60600000 60699999 1020
nn4 60700000 60799999 1184
nn4 60800000 60899999 1293
nn4 60900000 60999999 1518
nn4 61000000 61099999 672
nn4 61100000 61199999 719
nn4 61200000 61299999 1034
nn4 61300000 61399999 1194
nn4 61400000 61499999 1073
nn4 61500000 61599999 1166
nn4 61600000 61699999 1013
nn4 61700000 61799999 1283
nn4 61800000 61899999 1039
nn4 61900000 61999999 847
nn4 62000000 62099999 976
nn4 62100000 62199999 1108
nn4 62200000 62299999 821
nn4 62300000 62399999 1091
nn4 62400000 62499999 871
nn4 62500000 62599999 1044
nn4 62600000 62699999 1146
nn4 62700000 62799999 1420
nn4 62800000 62899999 1251
nn4 62900000 62999999 1384
nn4 63000000 63099999 1812
nn4 63100000 63199999 1863
nn4 63200000 63299999 1428
nn4 63300000 63399999 1336
nn4 63400000 63499999 1714
nn4 63500000 63599999 1823
nn4 63600000 63699999 1686
nn4 63700000 63799999 1634
nn4 63800000 63899999 1830
nn4 63900000 63999999 1795
nn4 64000000 64099999 1393
nn4 64100000 64199999 1338
nn4 64200000 64299999 1072
nn4 64300000 64399999 1420
nn4 64400000 64499999 1403
nn4 64500000 64599999 1298
nn4 64600000 64699999 1665
nn4 64700000 64799999 1221
nn4 64800000 64899999 1583
nn4 64900000 64999999 1382
nn4 65000000 65099999 1314
nn4 65100000 65199999 1209
nn4 65200000 65299999 1120
nn4 65300000 65399999 1170
nn4 65400000 65499999 1114
nn4 65500000 65599999 1722
nn4 65600000 65699999 1274
nn4 65700000 65799999 911
nn4 65800000 65899999 989
nn4 65900000 65999999 1059
nn4 66000000 66099999 1401
nn4 66100000 66199999 1007
nn4 66200000 66299999 7252
nn4 66300000 66399999 678
nn4 66400000 66499999 1194
nn4 66500000 66599999 1023
nn4 66600000 66699999 1056
nn4 66700000 66799999 196
nn4 66800000 66899999 780
nn4 66900000 66999999 1163
nn4 67000000 67099999 1564
nn4 67100000 67199999 1455
nn4 67200000 67299999 1218
nn4 67300000 67399999 983
nn4 67400000 67499999 1013
nn4 67500000 67599999 1063
nn4 67600000 67699999 840
nn4 67700000 67799999 1247
nn4 67800000 67899999 1291
nn4 67900000 67999999 1145
nn4 68000000 68099999 1259
nn4 68100000 68199999 1273
nn4 68200000 68299999 1450
nn4 68300000 68399999 1549
nn4 68400000 68499999 1298
nn4 68500000 68599999 2049
nn4 68600000 68699999 849
nn4 68700000 68799999 1431
nn4 68800000 68899999 925
nn4 68900000 68999999 1008
nn4 69000000 69099999 1056
nn4 69100000 69199999 1288
nn4 69200000 69299999 1241
nn4 69300000 69399999 1056
nn4 69400000 69499999 865
nn4 69500000 69599999 1253
nn4 69600000 69699999 1166
nn4 69700000 69799999 946
nn4 69800000 69899999 1033
nn4 69900000 69999999 1489
nn4 70000000 70099999 884
nn4 70100000 70199999 1126
nn4 70200000 70299999 924
nn4 70300000 70399999 866
nn4 70400000 70499999 820
nn4 70500000 70599999 1752
nn4 70600000 70699999 948
nn4 70700000 70799999 846
nn4 70800000 70899999 972
nn4 70900000 70999999 1277
nn4 71000000 71099999 1266
nn4 71100000 71199999 1476
nn4 71200000 71299999 1056
nn4 71300000 71399999 694
nn4 71400000 71499999 1026
nn4 71500000 71599999 1234
nn4 71600000 71699999 707
nn4 71700000 71799999 1297
nn4 71800000 71899999 1062
nn4 71900000 71999999 827
nn4 72000000 72099999 1423
nn4 72100000 72199999 610
nn4 72200000 72274758 320
nn4a 0 99999 824
nn4a 100000 199999 900
nn4a 200000 299999 1067
nn4a 300000 399999 695
nn4a 400000 499999 701
nn4a 500000 599999 1068
nn4a 600000 699999 935
nn4a 700000 799999 1177
nn4a 800000 899999 1148
nn4a 900000 999999 757
nn4a 1000000 1099999 1788
nn4a 1100000 1199999 1018
nn4a 1200000 1299999 757
nn4a 1300000 1399999 969
nn4a 1400000 1499999 884
nn4a 1500000 1599999 1069
nn4a 1600000 1699999 1254
nn4a 1700000 1799999 1287
nn4a 1800000 1899999 953
nn4a 1900000 1999999 938
nn4a 2000000 2099999 921
nn4a 2100000 2199999 1053
nn4a 2200000 2299999 1113
nn4a 2300000 2399999 1117
nn4a 2400000 2499999 897
nn4a 2500000 2599999 725
nn4a 2600000 2699999 1523
nn4a 2700000 2799999 867
nn4a 2800000 2899999 1151
nn4a 2900000 2999999 1151
nn4a 3000000 3099999 1042
nn4a 3100000 3199999 697
nn4a 3200000 3299999 1057
nn4a 3300000 3399999 688
nn4a 3400000 3499999 1049
nn4a 3500000 3599999 828
nn4a 3600000 3699999 891
nn4a 3700000 3799999 897
nn4a 3800000 3899999 943
nn4a 3900000 3999999 2257
nn4a 4000000 4099999 1059
nn4a 4100000 4199999 1035
nn4a 4200000 4299999 841
nn4a 4300000 4399999 734
nn4a 4400000 4499999 1001
nn4a 4500000 4599999 1703
nn4a 4600000 4699999 902
nn4a 4700000 4799999 784
nn4a 4800000 4899999 1064
nn4a 4900000 4999999 766
nn4a 5000000 5099999 775
nn4a 5100000 5199999 871
nn4a 5200000 5299999 893
nn4a 5300000 5399999 934
nn4a 5400000 5499999 814
nn4a 5500000 5599999 1006
nn4a 5600000 5699999 1178
nn4a 5700000 5799999 1409
nn4a 5800000 5899999 984
nn4a 5900000 5999999 1098
nn4a 6000000 6099999 1646
nn4a 6100000 6199999 962
nn4a 6200000 6299999 1347
nn4a 6300000 6399999 1351
nn4a 6400000 6499999 1417
nn4a 6500000 6599999 1401
nn4a 6600000 6699999 1089
nn4a 6700000 6799999 1303
nn4a 6800000 6899999 1216
nn4a 6900000 6999999 1222
nn4a 7000000 7099999 1767
nn4a 7100000 7199999 1376
nn4a 7200000 7299999 1793
nn4a 7300000 7399999 1402
nn4a 7400000 7499999 1422
nn4a 7500000 7599999 1406
nn4a 7600000 7699999 1517
nn4a 7700000 7799999 1161
nn4a 7800000 7899999 928
nn4a 7900000 7999999 1065
nn4a 8000000 8099999 899
nn4a 8100000 8199999 1175
nn4a 8200000 8299999 809
nn4a 8300000 8399999 957
nn4a 8400000 8499999 897
nn4a 8500000 8599999 1232
nn4a 8600000 8699999 1008
nn4a 8700000 8799999 989
nn4a 8800000 8899999 1454
nn4a 8900000 8999999 991
nn4a 9000000 9099999 1480
nn4a 9100000 9199999 949
nn4a 9200000 9299999 1180
nn4a 9300000 9399999 1230
nn4a 9400000 9499999 825
nn4a 9500000 9599999 731
nn4a 9600000 9699999 951
nn4a 9700000 9799999 1025
nn4a 9800000 9899999 1271
nn4a 9900000 9999999 1237
nn4a 10000000 10099999 869
nn4a 10100000 10199999 1146
nn4a 10200000 10299999 972
nn4a 10300000 10399999 906
nn4a 10400000 10499999 930
nn4a 10500000 10599999 1359
nn4a 10600000 10699999 872
nn4a 10700000 10799999 842
nn4a 10800000 10899999 613
nn4a 10900000 10999999 845
nn4a 11000000 11099999 1072
nn4a 11100000 11199999 767
nn4a 11200000 11299999 557
nn4a 11300000 11399999 868
nn4a 11400000 11499999 671
nn4a 11500000 11599999 694
nn4a 11600000 11699999 767
nn4a 11700000 11799999 871
nn4a 11800000 11899999 759
nn4a 11900000 11999999 503
nn4a 12000000 12099999 1073
nn4a 12100000 12199999 888
nn4a 12200000 12299999 1266
nn4a 12300000 12399999 1034
nn4a 12400000 12499999 1244
nn4a 12500000 12599999 1000
nn4a 12600000 12699999 961
nn4a 12700000 12799999 952
nn4a 12800000 12899999 964
nn4a 12900000 12999999 862
nn4a 13000000 13099999 674
nn4a 13100000 13199999 732
nn4a 13200000 13299999 658
nn4a 13300000 13399999 913
nn4a 13400000 13499999 819
nn4a 13500000 13599999 843
nn4a 13600000 13699999 947
nn4a 13700000 13799999 722
nn4a 13800000 13899999 789
nn4a 13900000 13999999 821
nn4a 14000000 14099999 962
nn4a 14100000 14199999 863
nn4a 14200000 14299999 719
nn4a 14300000 14399999 899
nn4a 14400000 14499999 1008
nn4a 14500000 14599999 946
nn4a 14600000 14699999 934
nn4a 14700000 14799999 1119
nn4a 14800000 14899999 1209
nn4a 14900000 14999999 1113
nn4a 15000000 15099999 981
nn4a 15100000 15199999 1036
nn4a 15200000 15299999 986
nn4a 15300000 15399999 753
nn4a 15400000 15499999 896
nn4a 15500000 15599999 1029
nn4a 15600000 15699999 1284
nn4a 15700000 15799999 952
nn4a 15800000 15899999 777
nn4a 15900000 15999999 914
nn4a 16000000 16099999 787
nn4a 16100000 16199999 800
nn4a 16200000 16299999 723
nn4a 16300000 16399999 1094
nn4a 16400000 16499999 845
nn4a 16500000 16599999 826
nn4a 16600000 16699999 766
nn4a 16700000 16799999 869
nn4a 16800000 16899999 934
nn4a 16900000 16999999 779
nn4a 17000000 17099999 680
nn4a 17100000 17199999 814
nn4a 17200000 17299999 819
nn4a 17300000 17399999 947
nn4a 17400000 17499999 716
nn4a 17500000 17599999 1262
nn4a 17600000 17699999 1057
nn4a 17700000 17799999 1011
nn4a 17800000 17899999 1988
nn4a 17900000 17999999 864
nn4a 18000000 18099999 1465
nn4a 18100000 18199999 960
nn4a 18200000 18299999 1310
nn4a 18300000 18399999 1364
nn4a 18400000 18499999 1822
nn4a 18500000 18599999 1084
nn4a 18600000 18699999 1267
nn4a 18700000 18799999 1777
nn4a 18800000 18899999 1901
nn4a 18900000 18999999 1904
nn4a 19000000 19099999 1612
nn4a 19100000 19199999 1750
nn4a 19200000 19299999 263
nn4a 19300000 19399999 10
nn4a 19400000 19499999 0
nn4a 19500000 19599999 0
nn4a 19600000 19699999 121
nn4a 19700000 19703776 1297
nn5 0 99999 14086
nn5 100000 199999 1391
nn5 200000 299999 997
nn5 300000 399999 820
nn5 400000 499999 922
nn5 500000 599999 860
nn5 600000 699999 995
nn5 700000 799999 1101
nn5 800000 899999 869
nn5 900000 999999 1153
nn5 1000000 1099999 890
nn5 1100000 1199999 1286
nn5 1200000 1299999 1054
nn5 1300000 1399999 1735
nn5 1400000 1499999 880
nn5 1500000 1599999 939
nn5 1600000 1699999 1046
nn5 1700000 1799999 1014
nn5 1800000 1899999 1070
nn5 1900000 1999999 1060
nn5 2000000 2099999 1584
nn5 2100000 2199999 1283
nn5 2200000 2299999 1748
nn5 2300000 2399999 1009
nn5 2400000 2499999 1225
nn5 2500000 2599999 825
nn5 2600000 2699999 977
nn5 2700000 2799999 1469
nn5 2800000 2899999 914
nn5 2900000 2999999 1032
nn5 3000000 3099999 1123
nn5 3100000 3199999 1090
nn5 3200000 3299999 865
nn5 3300000 3399999 904
nn5 3400000 3499999 761
nn5 3500000 3599999 1067
nn5 3600000 3699999 1357
nn5 3700000 3799999 1149
nn5 3800000 3899999 1111
nn5 3900000 3999999 911
nn5 4000000 4099999 968
nn5 4100000 4199999 920
nn5 4200000 4299999 1320
nn5 4300000 4399999 1004
nn5 4400000 4499999 1117
nn5 4500000 4599999 816
nn5 4600000 4699999 716
nn5 4700000 4799999 932
nn5 4800000 4899999 715
nn5 4900000 4999999 680
nn5 5000000 5099999 904
nn5 5100000 5199999 934
nn5 5200000 5299999 862
nn5 5300000 5399999 836
nn5 5400000 5499999 756
nn5 5500000 5599999 964
nn5 5600000 5699999 2023
nn5 5700000 5799999 961
nn5 5800000 5899999 735
nn5 5900000 5999999 693
nn5 6000000 6099999 1044
nn5 6100000 6199999 875
nn5 6200000 6299999 821
nn5 6300000 6399999 970
nn5 6400000 6499999 729
nn5 6500000 6599999 1002
nn5 6600000 6699999 563
nn5 6700000 6799999 1254
nn5 6800000 6899999 1340
nn5 6900000 6999999 1309
nn5 7000000 7099999 1000
nn5 7100000 7199999 1137
nn5 7200000 7299999 860
nn5 7300000 7399999 757
nn5 7400000 7499999 1259
nn5 7500000 7599999 1048
nn5 7600000 7699999 800
nn5 7700000 7799999 1240
nn5 7800000 7899999 798
nn5 7900000 7999999 1164
nn5 8000000 8099999 925
nn5 8100000 8199999 1703
nn5 8200000 8299999 1031
nn5 8300000 8399999 774
nn5 8400000 8499999 1000
nn5 8500000 8599999 1357
nn5 8600000 8699999 1135
nn5 8700000 8799999 862
nn5 8800000 8899999 1206
nn5 8900000 8999999 844
nn5 9000000 9099999 1155
nn5 9100000 9199999 1615
nn5 9200000 9299999 1000
nn5 9300000 9399999 896
nn5 9400000 9499999 820
nn5 9500000 9599999 1619
nn5 9600000 9699999 937
nn5 9700000 9799999 1118
nn5 9800000 9899999 1044
nn5 9900000 9999999 860
nn5 10000000 10099999 1259
nn5 10100000 10199999 1001
nn5 10200000 10299999 905
nn5 10300000 10399999 1049
nn5 10400000 10499999 872
nn5 10500000 10599999 1098
nn5 10600000 10699999 1272
nn5 10700000 10799999 1041
nn5 10800000 10899999 1035
nn5 10900000 10999999 1091
nn5 11000000 11099999 1021
nn5 11100000 11199999 1895
nn5 11200000 11299999 1056
nn5 11300000 11399999 1416
nn5 11400000 11499999 1043
nn5 11500000 11599999 1089
nn5 11600000 11699999 1431
nn5 11700000 11799999 928
nn5 11800000 11899999 734
nn5 11900000 11999999 878
nn5 12000000 12099999 1102
nn5 12100000 12199999 846
nn5 12200000 12299999 919
nn5 12300000 12399999 834
nn5 12400000 12499999 993
nn5 12500000 12599999 972
nn5 12600000 12699999 850
nn5 12700000 12799999 852
nn5 12800000 12899999 798
nn5 12900000 12999999 1028
nn5 13000000 13099999 690
nn5 13100000 13199999 1060
nn5 13200000 13299999 1308
nn5 13300000 13399999 1341
nn5 13400000 13499999 1075
nn5 13500000 13599999 1016
nn5 13600000 13699999 1137
nn5 13700000 13799999 1511
nn5 13800000 13899999 1245
nn5 13900000 13999999 1111
nn5 14000000 14099999 863
nn5 14100000 14199999 866
nn5 14200000 14299999 1096
nn5 14300000 14399999 691
nn5 14400000 14499999 1216
nn5 14500000 14599999 730
nn5 14600000 14699999 1104
nn5 14700000 14799999 2240
nn5 14800000 14899999 1195
nn5 14900000 14999999 815
nn5 15000000 15099999 798
nn5 15100000 15199999 877
nn5 15200000 15299999 855
nn5 15300000 15399999 693
nn5 15400000 15499999 858
nn5 15500000 15599999 821
nn5 15600000 15699999 813
nn5 15700000 15799999 912
nn5 15800000 15899999 796
nn5 15900000 15999999 924
nn5 16000000 16099999 635
nn5 16100000 16199999 966
nn5 16200000 16299999 838
nn5 16300000 16399999 936
nn5 16400000 16499999 929
nn5 16500000 16599999 742
nn5 16600000 16699999 935
nn5 16700000 16799999 1000
nn5 16800000 16899999 862
nn5 16900000 16999999 848
nn5 17000000 17099999 1285
nn5 17100000 17199999 829
nn5 17200000 17299999 891
nn5 17300000 17399999 1012
nn5 17400000 17499999 1159
nn5 17500000 17599999 1096
nn5 17600000 17699999 1754
nn5 17700000 17799999 1268
nn5 17800000 17899999 1024
nn5 17900000 17999999 902
nn5 18000000 18099999 1266
nn5 18100000 18199999 1215
nn5 18200000 18299999 1370
nn5 18300000 18399999 1147
nn5 18400000 18499999 819
nn5 18500000 18599999 833
nn5 18600000 18699999 927
nn5 18700000 18799999 889
nn5 18800000 18899999 1217
nn5 18900000 18999999 1106
nn5 19000000 19099999 994
nn5 19100000 19199999 891
nn5 19200000 19299999 1136
nn5 19300000 19399999 906
nn5 19400000 19499999 896
nn5 19500000 19599999 427
nn5 19600000 19699999 844
nn5 19700000 19799999 1377
nn5 19800000 19899999 1181
nn5 19900000 19999999 1628
nn5 20000000 20099999 1262
nn5 20100000 20199999 1772
nn5 20200000 20299999 1038
nn5 20300000 20399999 2155
nn5 20400000 20499999 1907
nn5 20500000 20599999 1628
nn5 20600000 20699999 1250
nn5 20700000 20799999 1522
nn5 20800000 20899999 1448
nn5 20900000 20999999 1724
nn5 21000000 21099999 1381
nn5 21100000 21199999 1248
nn5 21200000 21299999 1003
nn5 21300000 21399999 932
nn5 21400000 21499999 1232
nn5 21500000 21599999 846
nn5 21600000 21699999 1858
nn5 21700000 21799999 775
nn5 21800000 21899999 987
nn5 21900000 21999999 1374
nn5 22000000 22099999 778
nn5 22100000 22199999 823
nn5 22200000 22299999 819
nn5 22300000 22399999 779
nn5 22400000 22499999 1184
nn5 22500000 22599999 859
nn5 22600000 22699999 840
nn5 22700000 22799999 1555
nn5 22800000 22899999 1408
nn5 22900000 22999999 1005
nn5 23000000 23099999 939
nn5 23100000 23199999 1316
nn5 23200000 23299999 1171
nn5 23300000 23399999 762
nn5 23400000 23499999 1350
nn5 23500000 23599999 705
nn5 23600000 23699999 610
nn5 23700000 23799999 760
nn5 23800000 23899999 956
nn5 23900000 23999999 1401
nn5 24000000 24099999 1038
nn5 24100000 24199999 661
nn5 24200000 24299999 806
nn5 24300000 24399999 729
nn5 24400000 24499999 732
nn5 24500000 24599999 965
nn5 24600000 24699999 869
nn5 24700000 24799999 1161
nn5 24800000 24899999 1045
nn5 24900000 24999999 911
nn5 25000000 25099999 673
nn5 25100000 25199999 1242
nn5 25200000 25299999 1086
nn5 25300000 25399999 719
nn5 25400000 25499999 914
nn5 25500000 25599999 819
nn5 25600000 25699999 1251
nn5 25700000 25799999 1057
nn5 25800000 25899999 840
nn5 25900000 25999999 937
nn5 26000000 26099999 1240
nn5 26100000 26199999 1116
nn5 26200000 26299999 1185
nn5 26300000 26399999 895
nn5 26400000 26499999 789
nn5 26500000 26599999 1115
nn5 26600000 26699999 939
nn5 26700000 26799999 1292
nn5 26800000 26899999 781
nn5 26900000 26999999 662
nn5 27000000 27099999 1042
nn5 27100000 27199999 1008
nn5 27200000 27299999 1173
nn5 27300000 27399999 918
nn5 27400000 27499999 1071
nn5 27500000 27599999 768
nn5 27600000 27699999 826
nn5 27700000 27799999 800
nn5 27800000 27899999 819
nn5 27900000 27999999 939
nn5 28000000 28099999 832
nn5 28100000 28199999 892
nn5 28200000 28299999 908
nn5 28300000 28399999 1276
nn5 28400000 28499999 872
nn5 28500000 28599999 975
nn5 28600000 28699999 922
nn5 28700000 28799999 807
nn5 28800000 28899999 765
nn5 28900000 28999999 823
nn5 29000000 29099999 749
nn5 29100000 29199999 903
nn5 29200000 29299999 1337
nn5 29300000 29399999 1100
nn5 29400000 29499999 1299
nn5 29500000 29599999 932
nn5 29600000 29699999 1087
nn5 29700000 29799999 1224
nn5 29800000 29899999 850
nn5 29900000 29999999 1092
nn5 30000000 30099999 1829
nn5 30100000 30199999 878
nn5 30200000 30299999 1091
nn5 30300000 30399999 1106
nn5 30400000 30499999 1243
nn5 30500000 30599999 1469
nn5 30600000 30699999 1187
nn5 30700000 30799999 1145
nn5 30800000 30899999 1224
nn5 30900000 30999999 1209
nn5 31000000 31099999 1228
nn5 31100000 31199999 1015
nn5 31200000 31299999 928
nn5 31300000 31399999 1352
nn5 31400000 31499999 1971
nn5 31500000 31599999 1215
nn5 31600000 31699999 1874
nn5 31700000 31799999 1029
nn5 31800000 31899999 1529
nn5 31900000 31999999 1639
nn5 32000000 32099999 1155
nn5 32100000 32199999 1183
nn5 32200000 32299999 1490
nn5 32300000 32399999 1140
nn5 32400000 32499999 1971
nn5 32500000 32599999 1159
nn5 32600000 32699999 1833
nn5 32700000 32799999 2054
nn5 32800000 32899999 1438
nn5 32900000 32999999 1218
nn5 33000000 33099999 1574
nn5 33100000 33199999 1126
nn5 33200000 33299999 1459
nn5 33300000 33399999 1246
nn5 33400000 33499999 1720
nn5 33500000 33599999 894
nn5 33600000 33699999 1195
nn5 33700000 33799999 1784
nn5 33800000 33899999 1037
nn5 33900000 33999999 1280
nn5 34000000 34099999 1370
nn5 34100000 34199999 1580
nn5 34200000 34299999 1247
nn5 34300000 34399999 1130
nn5 34400000 34499999 1052
nn5 34500000 34599999 1150
nn5 34600000 34699999 1423
nn5 34700000 34799999 1263
nn5 34800000 34899999 1336
nn5 34900000 34999999 1974
nn5 35000000 35099999 1307
nn5 35100000 35199999 1141
nn5 35200000 35299999 1383
nn5 35300000 35399999 2515
nn5 35400000 35499999 1222
nn5 35500000 35599999 1121
nn5 35600000 35699999 1265
nn5 35700000 35799999 1119
nn5 35800000 35899999 1179
nn5 35900000 35999999 982
nn5 36000000 36099999 1362
nn5 36100000 36199999 1245
nn5 36200000 36299999 1651
nn5 36300000 36399999 986
nn5 36400000 36499999 1174
nn5 36500000 36599999 1330
nn5 36600000 36699999 1036
nn5 36700000 36799999 1186
nn5 36800000 36899999 1528
nn5 36900000 36999999 1589
nn5 37000000 37099999 1032
nn5 37100000 37199999 1164
nn5 37200000 37299999 1475
nn5 37300000 37399999 1104
nn5 37400000 37499999 1861
nn5 37500000 37599999 901
nn5 37600000 37699999 915
nn5 37700000 37799999 1026
nn5 37800000 37899999 1123
nn5 37900000 37999999 1103
nn5 38000000 38099999 910
nn5 38100000 38199999 762
nn5 38200000 38299999 609
nn5 38300000 38399999 784
nn5 38400000 38499999 856
nn5 38500000 38599999 875
nn5 38600000 38699999 790
nn5 38700000 38799999 800
nn5 38800000 38899999 684
nn5 38900000 38999999 1156
nn5 39000000 39099999 885
nn5 39100000 39199999 872
nn5 39200000 39299999 1171
nn5 39300000 39399999 1081
nn5 39400000 39499999 757
nn5 39500000 39599999 958
nn5 39600000 39699999 829
nn5 39700000 39799999 784
nn5 39800000 39899999 1068
nn5 39900000 39999999 798
nn5 40000000 40099999 1181
nn5 40100000 40199999 1089
nn5 40200000 40299999 1052
nn5 40300000 40399999 1493
nn5 40400000 40499999 1183
nn5 40500000 40599999 792
nn5 40600000 40699999 1207
nn5 40700000 40799999 1130
nn5 40800000 40899999 1099
nn5 40900000 40999999 1377
nn5 41000000 41099999 1025
nn5 41100000 41199999 1190
nn5 41200000 41299999 869
nn5 41300000 41399999 937
nn5 41400000 41499999 1157
nn5 41500000 41599999 1232
nn5 41600000 41699999 869
nn5 41700000 41799999 1339
nn5 41800000 41899999 1623
nn5 41900000 41999999 1650
nn5 42000000 42099999 1945
nn5 42100000 42199999 1215
nn5 42200000 42299999 1444
nn5 42300000 42399999 1614
nn5 42400000 42499999 1575
nn5 42500000 42599999 2667
nn5 42600000 42699999 1758
nn5 42700000 42799999 1273
nn5 42800000 42899999 1418
nn5 42900000 42999999 1037
nn5 43000000 43099999 1096
nn5 43100000 43199999 853
nn5 43200000 43299999 1604
nn5 43300000 43399999 943
nn5 43400000 43499999 1164
nn5 43500000 43599999 1044
nn5 43600000 43699999 1014
nn5 43700000 43799999 947
nn5 43800000 43899999 790
nn5 43900000 43999999 1252
nn5 44000000 44099999 993
nn5 44100000 44199999 729
nn5 44200000 44299999 1192
nn5 44300000 44399999 1042
nn5 44400000 44499999 1136
nn5 44500000 44599999 1067
nn5 44600000 44699999 839
nn5 44700000 44799999 980
nn5 44800000 44899999 975
nn5 44900000 44999999 1166
nn5 45000000 45099999 1053
nn5 45100000 45199999 1124
nn5 45200000 45299999 1050
nn5 45300000 45399999 1229
nn5 45400000 45499999 818
nn5 45500000 45599999 756
nn5 45600000 45699999 815
nn5 45700000 45799999 878
nn5 45800000 45899999 975
nn5 45900000 45999999 856
nn5 46000000 46099999 1165
nn5 46100000 46199999 1390
nn5 46200000 46299999 1056
nn5 46300000 46399999 988
nn5 46400000 46499999 1114
nn5 46500000 46599999 1259
nn5 46600000 46699999 1179
nn5 46700000 46799999 1060
nn5 46800000 46899999 1706
nn5 46900000 46999999 1249
nn5 47000000 47099999 1153
nn5 47100000 47199999 1759
nn5 47200000 47299999 1481
nn5 47300000 47399999 2155
nn5 47400000 47499999 1571
nn5 47500000 47599999 1829
nn5 47600000 47699999 1726
nn5 47700000 47799999 1622
nn5 47800000 47899999 1697
nn5 47900000 47999999 1642
nn5 48000000 48099999 1530
nn5 48100000 48199999 2652
nn5 48200000 48299999 2096
nn5 48300000 48399999 840
nn5 48400000 48499999 1043
nn5 48500000 48599999 816
nn5 48600000 48699999 894
nn5 48700000 48799999 1014
nn5 48800000 48899999 1109
nn5 48900000 48999999 1172
nn5 49000000 49099999 1037
nn5 49100000 49199999 1172
nn5 49200000 49299999 920
nn5 49300000 49399999 1088
nn5 49400000 49499999 1182
nn5 49500000 49599999 2040
nn5 49600000 49699999 1214
nn5 49700000 49799999 1216
nn5 49800000 49899999 743
nn5 49900000 49999999 803
nn5 50000000 50099999 1175
nn5 50100000 50199999 1179
nn5 50200000 50299999 931
nn5 50300000 50399999 965
nn5 50400000 50499999 820
nn5 50500000 50599999 776
nn5 50600000 50699999 705
nn5 50700000 50799999 815
nn5 50800000 50899999 817
nn5 50900000 50999999 1031
nn5 51000000 51099999 1201
nn5 51100000 51199999 802
nn5 51200000 51299999 805
nn5 51300000 51399999 1168
nn5 51400000 51499999 1350
nn5 51500000 51599999 789
nn5 51600000 51699999 1078
nn5 51700000 51799999 1271
nn5 51800000 51899999 692
nn5 51900000 51999999 768
nn5 52000000 52099999 1316
nn5 52100000 52199999 669
nn5 52200000 52299999 748
nn5 52300000 52399999 845
nn5 52400000 52499999 776
nn5 52500000 52599999 995
nn5 52600000 52699999 846
nn5 52700000 52799999 921
nn5 52800000 52899999 910
nn5 52900000 52999999 718
nn5 53000000 53099999 868
nn5 53100000 53199999 1117
nn5 53200000 53299999 994
nn5 53300000 53399999 998
nn5 53400000 53499999 852
nn5 53500000 53599999 747
nn5 53600000 53699999 751
nn5 53700000 53799999 972
nn5 53800000 53899999 1127
nn5 53900000 53999999 806
nn5 54000000 54099999 1030
nn5 54100000 54199999 894
nn5 54200000 54299999 761
nn5 54300000 54399999 772
nn5 54400000 54499999 666
nn5 54500000 54599999 726
nn5 54600000 54699999 844
nn5 54700000 54799999 1895
nn5 54800000 54899999 1371
nn5 54900000 54999999 1009
nn5 55000000 55099999 729
nn5 55100000 55199999 945
nn5 55200000 55299999 1367
nn5 55300000 55399999 913
nn5 55400000 55499999 916
nn5 55500000 55599999 1021
nn5 55600000 55699999 962
nn5 55700000 55799999 971
nn5 55800000 55899999 1103
nn5 55900000 55999999 903
nn5 56000000 56099999 848
nn5 56100000 56199999 2230
nn5 56200000 56299999 973
nn5 56300000 56399999 1140
nn5 56400000 56499999 1342
nn5 56500000 56599999 781
nn5 56600000 56699999 990
nn5 56700000 56799999 1216
nn5 56800000 56899999 873
nn5 56900000 56999999 1071
nn5 57000000 57099999 1611
nn5 57100000 57199999 1442
nn5 57200000 57299999 795
nn5 57300000 57399999 842
nn5 57400000 57499999 828
nn5 57500000 57599999 1060
nn5 57600000 57699999 1225
nn5 57700000 57799999 675
nn5 57800000 57899999 574
nn5 57900000 57999999 858
nn5 58000000 58099999 841
nn5 58100000 58199999 828
nn5 58200000 58299999 881
nn5 58300000 58399999 979
nn5 58400000 58499999 2204
nn5 58500000 58599999 552
nn5 58600000 58699999 1509
nn5 58700000 58799999 1152
nn5 58800000 58899999 1454
nn5 58900000 58999999 673
nn5 59000000 59099999 668
nn5 59100000 59199999 864
nn5 59200000 59299999 682
nn5 59300000 59399999 593
nn5 59400000 59499999 1052
nn5 59500000 59599999 1718
nn5 59600000 59699999 1052
nn5 59700000 59799999 640
nn5 59800000 59899999 754
nn5 59900000 59999999 709
nn5 60000000 60045830 786
nn6 0 99999 17048
nn6 100000 199999 985
nn6 200000 299999 764
nn6 300000 399999 708
nn6 400000 499999 748
nn6 500000 599999 745
nn6 600000 699999 694
nn6 700000 799999 658
nn6 800000 899999 635
nn6 900000 999999 605
nn6 1000000 1099999 701
nn6 1100000 1199999 797
nn6 1200000 1299999 1321
nn6 1300000 1399999 1065
nn6 1400000 1499999 993
nn6 1500000 1599999 757
nn6 1600000 1699999 1176
nn6 1700000 1799999 1693
nn6 1800000 1899999 1351
nn6 1900000 1999999 2321
nn6 2000000 2099999 1405
nn6 2100000 2199999 846
nn6 2200000 2299999 1006
nn6 2300000 2399999 899
nn6 2400000 2499999 790
nn6 2500000 2599999 948
nn6 2600000 2699999 1051
nn6 2700000 2799999 1047
nn6 2800000 2899999 1045
nn6 2900000 2999999 1031
nn6 3000000 3099999 968
nn6 3100000 3199999 956
nn6 3200000 3299999 1121
nn6 3300000 3399999 927
nn6 3400000 3499999 1037
nn6 3500000 3599999 2852
nn6 3600000 3699999 869
nn6 3700000 3799999 747
nn6 3800000 3899999 9937
nn6 3900000 3999999 976
nn6 4000000 4099999 1884
nn6 4100000 4199999 625
nn6 4200000 4299999 839
nn6 4300000 4399999 837
nn6 4400000 4499999 695
nn6 4500000 4599999 938
nn6 4600000 4699999 1107
nn6 4700000 4799999 1012
nn6 4800000 4899999 1281
nn6 4900000 4999999 851
nn6 5000000 5099999 844
nn6 5100000 5199999 795
nn6 5200000 5299999 991
nn6 5300000 5399999 928
nn6 5400000 5499999 776
nn6 5500000 5599999 1067
nn6 5600000 5699999 865
nn6 5700000 5799999 895
nn6 5800000 5899999 748
nn6 5900000 5999999 1037
nn6 6000000 6099999 904
nn6 6100000 6199999 1259
nn6 6200000 6299999 1581
nn6 6300000 6399999 1178
nn6 6400000 6499999 1559
nn6 6500000 6599999 941
nn6 6600000 6699999 1030
nn6 6700000 6799999 691
nn6 6800000 6899999 1141
nn6 6900000 6999999 710
nn6 7000000 7099999 1516
nn6 7100000 7199999 1166
nn6 7200000 7299999 1126
nn6 7300000 7399999 1050
nn6 7400000 7499999 1006
nn6 7500000 7599999 736
nn6 7600000 7699999 692
nn6 7700000 7799999 910
nn6 7800000 7899999 817
nn6 7900000 7999999 585
nn6 8000000 8099999 811
nn6 8100000 8199999 1063
nn6 8200000 8299999 1263
nn6 8300000 8399999 1649
nn6 8400000 8499999 1806
nn6 8500000 8599999 1577
nn6 8600000 8699999 1035
nn6 8700000 8799999 1202
nn6 8800000 8899999 1069
nn6 8900000 8999999 699
nn6 9000000 9099999 925
nn6 9100000 9199999 1318
nn6 9200000 9299999 797
nn6 9300000 9399999 1468
nn6 9400000 9499999 1089
nn6 9500000 9599999 761
nn6 9600000 9699999 871
nn6 9700000 9799999 1178
nn6 9800000 9899999 950
nn6 9900000 9999999 786
nn6 10000000 10099999 1164
nn6 10100000 10199999 1337
nn6 10200000 10299999 1038
nn6 10300000 10399999 1075
nn6 10400000 10499999 896
nn6 10500000 10599999 1202
nn6 10600000 10699999 921
nn6 10700000 10799999 1240
nn6 10800000 10899999 1110
nn6 10900000 10999999 781
nn6 11000000 11099999 798
nn6 11100000 11199999 1173
nn6 11200000 11299999 635
nn6 11300000 11399999 742
nn6 11400000 11499999 868
nn6 11500000 11599999 825
nn6 11600000 11699999 786
nn6 11700000 11799999 966
nn6 11800000 11899999 910
nn6 11900000 11999999 756
nn6 12000000 12099999 913
nn6 12100000 12199999 806
nn6 12200000 12299999 1062
nn6 12300000 12399999 1091
nn6 12400000 12499999 795
nn6 12500000 12599999 1532
nn6 12600000 12699999 858
nn6 12700000 12799999 788
nn6 12800000 12899999 1080
nn6 12900000 12999999 1006
nn6 13000000 13099999 1134
nn6 13100000 13199999 1194
nn6 13200000 13299999 943
nn6 13300000 13399999 655
nn6 13400000 13499999 1565
nn6 13500000 13599999 901
nn6 13600000 13699999 845
nn6 13700000 13799999 1137
nn6 13800000 13899999 1081
nn6 13900000 13999999 956
nn6 14000000 14099999 947
nn6 14100000 14199999 1136
nn6 14200000 14299999 1029
nn6 14300000 14399999 1149
nn6 14400000 14499999 679
nn6 14500000 14599999 1078
nn6 14600000 14699999 1278
nn6 14700000 14799999 1464
nn6 14800000 14899999 1223
nn6 14900000 14999999 1284
nn6 15000000 15099999 1130
nn6 15100000 15199999 1063
nn6 15200000 15299999 1128
nn6 15300000 15399999 984
nn6 15400000 15499999 587
nn6 15500000 15599999 1065
nn6 15600000 15699999 1003
nn6 15700000 15799999 840
nn6 15800000 15899999 960
nn6 15900000 15999999 861
nn6 16000000 16099999 861
nn6 16100000 16199999 877
nn6 16200000 16299999 1058
nn6 16300000 16399999 1089
nn6 16400000 16499999 882
nn6 16500000 16599999 801
nn6 16600000 16699999 887
nn6 16700000 16799999 807
nn6 16800000 16899999 1411
nn6 16900000 16999999 731
nn6 17000000 17099999 918
nn6 17100000 17199999 617
nn6 17200000 17299999 848
nn6 17300000 17399999 1021
nn6 17400000 17499999 1149
nn6 17500000 17599999 725
nn6 17600000 17699999 874
nn6 17700000 17799999 912
nn6 17800000 17899999 728
nn6 17900000 17999999 974
nn6 18000000 18099999 1026
nn6 18100000 18199999 671
nn6 18200000 18299999 1231
nn6 18300000 18399999 2682
nn6 18400000 18499999 755
nn6 18500000 18599999 1043
nn6 18600000 18699999 987
nn6 18700000 18799999 958
nn6 18800000 18899999 815
nn6 18900000 18999999 686
nn6 19000000 19099999 999
nn6 19100000 19199999 935
nn6 19200000 19299999 841
nn6 19300000 19399999 879
nn6 19400000 19499999 986
nn6 19500000 19599999 1022
nn6 19600000 19699999 887
nn6 19700000 19799999 887
nn6 19800000 19899999 968
nn6 19900000 19999999 616
nn6 20000000 20099999 866
nn6 20100000 20199999 973
nn6 20200000 20299999 979
nn6 20300000 20399999 1177
nn6 20400000 20499999 1216
nn6 20500000 20599999 1462
nn6 20600000 20699999 1047
nn6 20700000 20799999 986
nn6 20800000 20899999 873
nn6 20900000 20999999 1164
nn6 21000000 21099999 1681
nn6 21100000 21199999 1244
nn6 21200000 21299999 1377
nn6 21300000 21399999 1749
nn6 21400000 21499999 1389
nn6 21500000 21599999 1276
nn6 21600000 21699999 1431
nn6 21700000 21799999 1459
nn6 21800000 21899999 1469
nn6 21900000 21999999 1503
nn6 22000000 22099999 1270
nn6 22100000 22199999 1606
nn6 22200000 22299999 1263
nn6 22300000 22399999 1091
nn6 22400000 22499999 1014
nn6 22500000 22599999 1077
nn6 22600000 22699999 1171
nn6 22700000 22799999 1024
nn6 22800000 22899999 980
nn6 22900000 22999999 1232
nn6 23000000 23099999 842
nn6 23100000 23199999 980
nn6 23200000 23299999 1239
nn6 23300000 23399999 947
nn6 23400000 23499999 1095
nn6 23500000 23599999 725
nn6 23600000 23699999 748
nn6 23700000 23799999 851
nn6 23800000 23899999 869
nn6 23900000 23999999 1007
nn6 24000000 24099999 1126
nn6 24100000 24199999 1031
nn6 24200000 24299999 1085
nn6 24300000 24399999 1005
nn6 24400000 24499999 1012
nn6 24500000 24599999 904
nn6 24600000 24699999 1192
nn6 24700000 24799999 1029
nn6 24800000 24899999 1163
nn6 24900000 24999999 948
nn6 25000000 25099999 1149
nn6 25100000 25199999 1061
nn6 25200000 25299999 829
nn6 25300000 25399999 1537
nn6 25400000 25499999 1219
nn6 25500000 25599999 1094
nn6 25600000 25699999 1257
nn6 25700000 25799999 1292
nn6 25800000 25899999 1124
nn6 25900000 25999999 963
nn6 26000000 26099999 923
nn6 26100000 26199999 1292
nn6 26200000 26299999 958
nn6 26300000 26399999 885
nn6 26400000 26499999 1369
nn6 26500000 26599999 641
nn6 26600000 26699999 986
nn6 26700000 26799999 1364
nn6 26800000 26899999 1603
nn6 26900000 26999999 954
nn6 27000000 27099999 934
nn6 27100000 27199999 1142
nn6 27200000 27299999 849
nn6 27300000 27399999 888
nn6 27400000 27499999 1089
nn6 27500000 27599999 959
nn6 27600000 27699999 1060
nn6 27700000 27799999 1401
nn6 27800000 27899999 1007
nn6 27900000 27999999 831
nn6 28000000 28099999 885
nn6 28100000 28199999 668
nn6 28200000 28299999 1018
nn6 28300000 28399999 1034
nn6 28400000 28499999 1431
nn6 28500000 28599999 1023
nn6 28600000 28699999 1051
nn6 28700000 28799999 763
nn6 28800000 28899999 1094
nn6 28900000 28999999 1174
nn6 29000000 29099999 1100
nn6 29100000 29199999 1047
nn6 29200000 29299999 756
nn6 29300000 29399999 1096
nn6 29400000 29499999 958
nn6 29500000 29599999 588
nn6 29600000 29699999 810
nn6 29700000 29799999 1000
nn6 29800000 29899999 750
nn6 29900000 29999999 878
nn6 30000000 30099999 902
nn6 30100000 30199999 1077
nn6 30200000 30299999 881
nn6 30300000 30399999 228
nn6 30400000 30499999 57
nn6 30500000 30599999 20
nn6 30600000 30699999 40
nn6 30700000 30799999 503
nn6 30800000 30899999 949
nn6 30900000 30999999 935
nn6 31000000 31099999 827
nn6 31100000 31199999 960
nn6 31200000 31299999 1035
nn6 31300000 31399999 1038
nn6 31400000 31499999 1253
nn6 31500000 31599999 1193
nn6 31600000 31699999 1038
nn6 31700000 31799999 1082
nn6 31800000 31899999 1188
nn6 31900000 31999999 714
nn6 32000000 32099999 988
nn6 32100000 32199999 750
nn6 32200000 32299999 882
nn6 32300000 32399999 908
nn6 32400000 32499999 874
nn6 32500000 32599999 892
nn6 32600000 32699999 785
nn6 32700000 32799999 1024
nn6 32800000 32899999 1130
nn6 32900000 32999999 805
nn6 33000000 33099999 707
nn6 33100000 33199999 773
nn6 33200000 33299999 684
nn6 33300000 33399999 1203
nn6 33400000 33499999 783
nn6 33500000 33599999 947
nn6 33600000 33699999 1119
nn6 33700000 33799999 1055
nn6 33800000 33899999 1038
nn6 33900000 33999999 877
nn6 34000000 34099999 974
nn6 34100000 34199999 695
nn6 34200000 34299999 1241
nn6 34300000 34399999 888
nn6 34400000 34499999 1022
nn6 34500000 34599999 834
nn6 34600000 34699999 1611
nn6 34700000 34799999 972
nn6 34800000 34899999 906
nn6 34900000 34999999 1029
nn6 35000000 35099999 1154
nn6 35100000 35199999 664
nn6 35200000 35299999 825
nn6 35300000 35399999 890
nn6 35400000 35499999 978
nn6 35500000 35599999 763
nn6 35600000 35699999 875
nn6 35700000 35799999 624
nn6 35800000 35899999 590
nn6 35900000 35999999 280
nn6 36000000 36099999 330
nn6 36100000 36199999 174
nn6 36200000 36299999 615
nn6 36300000 36399999 641
nn6 36400000 36499999 645
nn6 36500000 36599999 1239
nn6 36600000 36699999 1098
nn6 36700000 36750195 664
nn7 0 99999 729
nn7 100000 199999 1001
nn7 200000 299999 618
nn7 300000 399999 17983
nn7 400000 499999 5095
nn7 500000 599999 1375
nn7 600000 699999 1342
nn7 700000 799999 1175
nn7 800000 899999 863
nn7 900000 999999 833
nn7 1000000 1099999 727
nn7 1100000 1199999 1099
nn7 1200000 1299999 805
nn7 1300000 1399999 1002
nn7 1400000 1499999 1032
nn7 1500000 1599999 705
nn7 1600000 1699999 991
nn7 1700000 1799999 812
nn7 1800000 1899999 784
nn7 1900000 1999999 813
nn7 2000000 2099999 806
nn7 2100000 2199999 911
nn7 2200000 2299999 760
nn7 2300000 2399999 2001
nn7 2400000 2499999 944
nn7 2500000 2599999 803
nn7 2600000 2699999 1073
nn7 2700000 2799999 1078
nn7 2800000 2899999 936
nn7 2900000 2999999 880
nn7 3000000 3099999 1178
nn7 3100000 3199999 1543
nn7 3200000 3299999 1581
nn7 3300000 3399999 1076
nn7 3400000 3499999 1444
nn7 3500000 3599999 1766
nn7 3600000 3699999 1463
nn7 3700000 3799999 1465
nn7 3800000 3899999 1355
nn7 3900000 3999999 2197
nn7 4000000 4099999 1168
nn7 4100000 4199999 1099
nn7 4200000 4299999 1213
nn7 4300000 4399999 1673
nn7 4400000 4499999 1477
nn7 4500000 4599999 1589
nn7 4600000 4699999 809
nn7 4700000 4799999 1602
nn7 4800000 4899999 1294
nn7 4900000 4999999 826
nn7 5000000 5099999 914
nn7 5100000 5199999 1861
nn7 5200000 5299999 1133
nn7 5300000 5399999 1054
nn7 5400000 5499999 1062
nn7 5500000 5599999 1374
nn7 5600000 5699999 814
nn7 5700000 5799999 704
nn7 5800000 5899999 1158
nn7 5900000 5999999 802
nn7 6000000 6099999 771
nn7 6100000 6199999 691
nn7 6200000 6299999 832
nn7 6300000 6399999 1196
nn7 6400000 6499999 830
nn7 6500000 6599999 1246
nn7 6600000 6699999 949
nn7 6700000 6799999 860
nn7 6800000 6899999 935
nn7 6900000 6999999 946
nn7 7000000 7099999 823
nn7 7100000 7199999 839
nn7 7200000 7299999 613
nn7 7300000 7399999 786
nn7 7400000 7499999 863
nn7 7500000 7599999 794
nn7 7600000 7699999 994
nn7 7700000 7799999 1069
nn7 7800000 7899999 884
nn7 7900000 7999999 1027
nn7 8000000 8099999 1076
nn7 8100000 8199999 3080
nn7 8200000 8299999 1237
nn7 8300000 8399999 811
nn7 8400000 8499999 621
nn7 8500000 8599999 1009
nn7 8600000 8699999 789
nn7 8700000 8799999 1103
nn7 8800000 8899999 1795
nn7 8900000 8999999 1021
nn7 9000000 9099999 856
nn7 9100000 9199999 829
nn7 9200000 9299999 1219
nn7 9300000 9399999 961
nn7 9400000 9499999 1047
nn7 9500000 9599999 930
nn7 9600000 9699999 811
nn7 9700000 9799999 536
nn7 9800000 9899999 918
nn7 9900000 9999999 782
nn7 10000000 10099999 967
nn7 10100000 10199999 787
nn7 10200000 10299999 843
nn7 10300000 10399999 1200
nn7 10400000 10499999 1025
nn7 10500000 10599999 846
nn7 10600000 10699999 917
nn7 10700000 10799999 772
nn7 10800000 10899999 612
nn7 10900000 10999999 1385
nn7 11000000 11099999 913
nn7 11100000 11199999 939
nn7 11200000 11299999 746
nn7 11300000 11399999 821
nn7 11400000 11499999 746
nn7 11500000 11599999 576
nn7 11600000 11699999 959
nn7 11700000 11799999 1483
nn7 11800000 11899999 1063
nn7 11900000 11999999 886
nn7 12000000 12099999 1086
nn7 12100000 12199999 960
nn7 12200000 12299999 702
nn7 12300000 12399999 1054
nn7 12400000 12499999 860
nn7 12500000 12599999 1175
nn7 12600000 12699999 1286
nn7 12700000 12799999 1034
nn7 12800000 12899999 1295
nn7 12900000 12999999 1139
nn7 13000000 13099999 1002
nn7 13100000 13199999 1284
nn7 13200000 13299999 1065
nn7 13300000 13399999 1068
nn7 13400000 13499999 871
nn7 13500000 13599999 869
nn7 13600000 13699999 810
nn7 13700000 13799999 962
nn7 13800000 13899999 1072
nn7 13900000 13999999 1089
nn7 14000000 14099999 1042
nn7 14100000 14199999 1003
nn7 14200000 14299999 1505
nn7 14300000 14399999 1045
nn7 14400000 14499999 1018
nn7 14500000 14599999 955
nn7 14600000 14699999 1186
nn7 14700000 14799999 985
nn7 14800000 14899999 1226
nn7 14900000 14999999 1005
nn7 15000000 15099999 673
nn7 15100000 15199999 1126
nn7 15200000 15299999 1034
nn7 15300000 15399999 1086
nn7 15400000 15499999 875
nn7 15500000 15599999 545
nn7 15600000 15699999 989
nn7 15700000 15799999 1072
nn7 15800000 15899999 1965
nn7 15900000 15999999 1283
nn7 16000000 16099999 1141
nn7 16100000 16199999 1332
nn7 16200000 16299999 1349
nn7 16300000 16399999 1339
nn7 16400000 16499999 1311
nn7 16500000 16599999 1061
nn7 16600000 16699999 1040
nn7 16700000 16799999 1364
nn7 16800000 16899999 1184
nn7 16900000 16999999 1592
nn7 17000000 17099999 1785
nn7 17100000 17199999 1602
nn7 17200000 17299999 1305
nn7 17300000 17399999 1190
nn7 17400000 17499999 1339
nn7 17500000 17599999 1211
nn7 17600000 17699999 1029
nn7 17700000 17799999 1062
nn7 17800000 17899999 1270
nn7 17900000 17999999 968
nn7 18000000 18099999 1735
nn7 18100000 18199999 1066
nn7 18200000 18299999 1119
nn7 18300000 18399999 1116
nn7 18400000 18499999 1268
nn7 18500000 18599999 1304
nn7 18600000 18699999 725
nn7 18700000 18799999 925
nn7 18800000 18899999 983
nn7 18900000 18999999 1201
nn7 19000000 19099999 1241
nn7 19100000 19199999 1244
nn7 19200000 19299999 833
nn7 19300000 19399999 888
nn7 19400000 19499999 1184
nn7 19500000 19599999 1066
nn7 19600000 19699999 1131
nn7 19700000 19799999 1323
nn7 19800000 19899999 1063
nn7 19900000 19999999 1068
nn7 20000000 20099999 628
nn7 20100000 20199999 808
nn7 20200000 20299999 916
nn7 20300000 20399999 989
nn7 20400000 20499999 1143
nn7 20500000 20599999 1121
nn7 20600000 20699999 1394
nn7 20700000 20799999 1250
nn7 20800000 20899999 810
nn7 20900000 20999999 890
nn7 21000000 21099999 814
nn7 21100000 21199999 530
nn7 21200000 21299999 1658
nn7 21300000 21399999 1847
nn7 21400000 21499999 1089
nn7 21500000 21599999 1119
nn7 21600000 21699999 595
nn7 21700000 21799999 1308
nn7 21800000 21899999 1042
nn7 21900000 21999999 957
nn7 22000000 22099999 1044
nn7 22100000 22199999 1126
nn7 22200000 22299999 852
nn7 22300000 22399999 1150
nn7 22400000 22499999 856
nn7 22500000 22599999 707
nn7 22600000 22699999 1063
nn7 22700000 22799999 1043
nn7 22800000 22899999 1368
nn7 22900000 22999999 955
nn7 23000000 23099999 1329
nn7 23100000 23199999 1231
nn7 23200000 23299999 1002
nn7 23300000 23399999 1427
nn7 23400000 23499999 946
nn7 23500000 23599999 1054
nn7 23600000 23699999 802
nn7 23700000 23799999 801
nn7 23800000 23899999 5273
nn7 23900000 23999999 614
nn7 24000000 24099999 1352
nn7 24100000 24199999 932
nn7 24200000 24299999 617
nn7 24300000 24399999 1310
nn7 24400000 24499999 944
nn7 24500000 24599999 1016
nn7 24600000 24699999 1035
nn7 24700000 24799999 1025
nn7 24800000 24899999 932
nn7 24900000 24999999 871
nn7 25000000 25099999 1219
nn7 25100000 25199999 1225
nn7 25200000 25299999 965
nn7 25300000 25399999 1200
nn7 25400000 25499999 918
nn7 25500000 25599999 1057
nn7 25600000 25699999 1149
nn7 25700000 25799999 957
nn7 25800000 25899999 881
nn7 25900000 25999999 961
nn7 26000000 26099999 932
nn7 26100000 26199999 1262
nn7 26200000 26299999 1165
nn7 26300000 26399999 1113
nn7 26400000 26499999 1163
nn7 26500000 26599999 752
nn7 26600000 26699999 700
nn7 26700000 26799999 1263
nn7 26800000 26899999 887
nn7 26900000 26999999 972
nn7 27000000 27099999 709
nn7 27100000 27199999 632
nn7 27200000 27299999 766
nn7 27300000 27399999 979
nn7 27400000 27499999 787
nn7 27500000 27599999 1036
nn7 27600000 27699999 1167
nn7 27700000 27799999 1015
nn7 27800000 27899999 1244
nn7 27900000 27999999 1009
nn7 28000000 28099999 1096
nn7 28100000 28199999 832
nn7 28200000 28299999 716
nn7 28300000 28399999 983
nn7 28400000 28499999 1125
nn7 28500000 28599999 1169
nn7 28600000 28699999 1053
nn7 28700000 28799999 1320
nn7 28800000 28899999 1225
nn7 28900000 28999999 877
nn7 29000000 29099999 1127
nn7 29100000 29199999 1030
nn7 29200000 29299999 1193
nn7 29300000 29399999 998
nn7 29400000 29499999 784
nn7 29500000 29599999 749
nn7 29600000 29699999 947
nn7 29700000 29799999 1290
nn7 29800000 29899999 795
nn7 29900000 29999999 812
nn7 30000000 30099999 944
nn7 30100000 30199999 778
nn7 30200000 30299999 1322
nn7 30300000 30399999 1071
nn7 30400000 30499999 868
nn7 30500000 30599999 872
nn7 30600000 30699999 763
nn7 30700000 30799999 1145
nn7 30800000 30899999 1344
nn7 30900000 30999999 1407
nn7 31000000 31099999 1109
nn7 31100000 31199999 1293
nn7 31200000 31299999 1081
nn7 31300000 31399999 1403
nn7 31400000 31499999 1000
nn7 31500000 31599999 787
nn7 31600000 31699999 989
nn7 31700000 31799999 885
nn7 31800000 31899999 623
nn7 31900000 31999999 871
nn7 32000000 32099999 947
nn7 32100000 32199999 945
nn7 32200000 32299999 742
nn7 32300000 32399999 1026
nn7 32400000 32499999 701
nn7 32500000 32599999 1038
nn7 32600000 32699999 952
nn7 32700000 32799999 716
nn7 32800000 32899999 805
nn7 32900000 32999999 834
nn7 33000000 33099999 799
nn7 33100000 33199999 1025
nn7 33200000 33299999 983
nn7 33300000 33399999 1224
nn7 33400000 33499999 1040
nn7 33500000 33599999 1367
nn7 33600000 33699999 719
nn7 33700000 33799999 1225
nn7 33800000 33899999 786
nn7 33900000 33999999 1196
nn7 34000000 34099999 592
nn7 34100000 34199999 657
nn7 34200000 34299999 1061
nn7 34300000 34399999 1063
nn7 34400000 34499999 817
nn7 34500000 34599999 676
nn7 34600000 34699999 822
nn7 34700000 34799999 825
nn7 34800000 34899999 745
nn7 34900000 34999999 1313
nn7 35000000 35099999 1245
nn7 35100000 35199999 870
nn7 35200000 35299999 700
nn7 35300000 35399999 616
nn7 35400000 35499999 718
nn7 35500000 35599999 905
nn7 35600000 35699999 697
nn7 35700000 35799999 1291
nn7 35800000 35899999 2130
nn7 35900000 35999999 1049
nn7 36000000 36099999 1142
nn7 36100000 36199999 822
nn7 36200000 36299999 983
nn7 36300000 36399999 618
nn7 36400000 36499999 972
nn7 36500000 36599999 1293
nn7 36600000 36699999 786
nn7 36700000 36799999 700
nn7 36800000 36899999 903
nn7 36900000 36999999 1014
nn7 37000000 37099999 931
nn7 37100000 37199999 835
nn7 37200000 37299999 617
nn7 37300000 37399999 350
nn7 37400000 37499999 610
nn7 37500000 37599999 1211
nn7 37600000 37699999 1708
nn7 37700000 37799999 911
nn7 37800000 37899999 1298
nn7 37900000 37999999 1096
nn7 38000000 38099999 1075
nn7 38100000 38130504 188
nn8 0 99999 421
nn8 100000 199999 1018
nn8 200000 299999 1006
nn8 300000 399999 914
nn8 400000 499999 967
nn8 500000 599999 1087
nn8 600000 699999 1061
nn8 700000 799999 794
nn8 800000 899999 1240
nn8 900000 999999 1559
nn8 1000000 1099999 1570
nn8 1100000 1199999 1129
nn8 1200000 1299999 1449
nn8 1300000 1399999 1453
nn8 1400000 1499999 1899
nn8 1500000 1599999 2002
nn8 1600000 1699999 1792
nn8 1700000 1799999 1044
nn8 1800000 1899999 1435
nn8 1900000 1999999 1714
nn8 2000000 2099999 1685
nn8 2100000 2199999 2211
nn8 2200000 2299999 1606
nn8 2300000 2399999 1099
nn8 2400000 2499999 718
nn8 2500000 2599999 663
nn8 2600000 2699999 935
nn8 2700000 2799999 923
nn8 2800000 2899999 838
nn8 2900000 2999999 784
nn8 3000000 3099999 891
nn8 3100000 3199999 1047
nn8 3200000 3299999 1159
nn8 3300000 3399999 746
nn8 3400000 3499999 828
nn8 3500000 3599999 1116
nn8 3600000 3699999 971
nn8 3700000 3799999 806
nn8 3800000 3899999 1039
nn8 3900000 3999999 747
nn8 4000000 4099999 923
nn8 4100000 4199999 875
nn8 4200000 4299999 760
nn8 4300000 4399999 803
nn8 4400000 4499999 590
nn8 4500000 4599999 993
nn8 4600000 4699999 1206
nn8 4700000 4799999 821
nn8 4800000 4899999 1081
nn8 4900000 4999999 811
nn8 5000000 5099999 843
nn8 5100000 5199999 955
nn8 5200000 5299999 1135
nn8 5300000 5399999 1318
nn8 5400000 5499999 1021
nn8 5500000 5599999 973
nn8 5600000 5699999 809
nn8 5700000 5799999 1069
nn8 5800000 5899999 1055
nn8 5900000 5999999 884
nn8 6000000 6099999 1012
nn8 6100000 6199999 744
nn8 6200000 6299999 717
nn8 6300000 6399999 703
nn8 6400000 6499999 905
nn8 6500000 6599999 820
nn8 6600000 6699999 967
nn8 6700000 6799999 774
nn8 6800000 6899999 862
nn8 6900000 6999999 630
nn8 7000000 7099999 938
nn8 7100000 7199999 1022
nn8 7200000 7299999 1157
nn8 7300000 7399999 1021
nn8 7400000 7499999 1198
nn8 7500000 7599999 1164
nn8 7600000 7699999 1152
nn8 7700000 7799999 1031
nn8 7800000 7899999 1124
nn8 7900000 7999999 1120
nn8 8000000 8099999 1117
nn8 8100000 8199999 885
nn8 8200000 8299999 947
nn8 8300000 8399999 726
nn8 8400000 8499999 1157
nn8 8500000 8599999 1013
nn8 8600000 8699999 939
nn8 8700000 8799999 1073
nn8 8800000 8899999 977
nn8 8900000 8999999 892
nn8 9000000 9099999 1727
nn8 9100000 9199999 1153
nn8 9200000 9299999 1284
nn8 9300000 9399999 1205
nn8 9400000 9499999 1048
nn8 9500000 9599999 1195
nn8 9600000 9699999 728
nn8 9700000 9799999 1223
nn8 9800000 9899999 1259
nn8 9900000 9999999 1239
nn8 10000000 10099999 910
nn8 10100000 10199999 1152
nn8 10200000 10299999 1174
nn8 10300000 10399999 1255
nn8 10400000 10499999 1767
nn8 10500000 10599999 1050
nn8 10600000 10699999 1051
nn8 10700000 10799999 1303
nn8 10800000 10899999 1132
nn8 10900000 10999999 1251
nn8 11000000 11099999 1053
nn8 11100000 11199999 1347
nn8 11200000 11299999 1044
nn8 11300000 11399999 578
nn8 11400000 11499999 744
nn8 11500000 11599999 1328
nn8 11600000 11699999 1329
nn8 11700000 11799999 1431
nn8 11800000 11899999 1021
nn8 11900000 11999999 1009
nn8 12000000 12099999 1377
nn8 12100000 12199999 819
nn8 12200000 12299999 890
nn8 12300000 12399999 858
nn8 12400000 12499999 1200
nn8 12500000 12599999 1092
nn8 12600000 12699999 863
nn8 12700000 12799999 1023
nn8 12800000 12899999 958
nn8 12900000 12999999 870
nn8 13000000 13099999 1189
nn8 13100000 13199999 1065
nn8 13200000 13299999 974
nn8 13300000 13399999 745
nn8 13400000 13499999 1091
nn8 13500000 13599999 1414
nn8 13600000 13699999 1155
nn8 13700000 13799999 1153
nn8 13800000 13899999 992
nn8 13900000 13999999 966
nn8 14000000 14099999 1133
nn8 14100000 14199999 900
nn8 14200000 14299999 1117
nn8 14300000 14399999 1092
nn8 14400000 14499999 1092
nn8 14500000 14599999 1297
nn8 14600000 14699999 1114
nn8 14700000 14799999 961
nn8 14800000 14899999 1048
nn8 14900000 14999999 1120
nn8 15000000 15099999 979
nn8 15100000 15199999 910
nn8 15200000 15299999 856
nn8 15300000 15399999 949
nn8 15400000 15499999 984
nn8 15500000 15599999 881
nn8 15600000 15699999 1055
nn8 15700000 15799999 1255
nn8 15800000 15899999 840
nn8 15900000 15999999 890
nn8 16000000 16099999 903
nn8 16100000 16199999 1143
nn8 16200000 16299999 995
nn8 16300000 16399999 1143
nn8 16400000 16499999 1318
nn8 16500000 16599999 1170
nn8 16600000 16699999 1109
nn8 16700000 16799999 1196
nn8 16800000 16899999 1394
nn8 16900000 16999999 1036
nn8 17000000 17099999 1428
nn8 17100000 17199999 972
nn8 17200000 17299999 1215
nn8 17300000 17399999 1292
nn8 17400000 17499999 1074
nn8 17500000 17599999 1306
nn8 17600000 17699999 1070
nn8 17700000 17799999 1602
nn8 17800000 17899999 1578
nn8 17900000 17999999 1508
nn8 18000000 18099999 1503
nn8 18100000 18199999 1158
nn8 18200000 18299999 936
nn8 18300000 18399999 826
nn8 18400000 18499999 1253
nn8 18500000 18599999 1313
nn8 18600000 18699999 1196
nn8 18700000 18799999 938
nn8 18800000 18899999 1258
nn8 18900000 18999999 740
nn8 19000000 19099999 1068
nn8 19100000 19199999 776
nn8 19200000 19299999 992
nn8 19300000 19399999 618
nn8 19400000 19499999 1033
nn8 19500000 19599999 745
nn8 19600000 19699999 816
nn8 19700000 19799999 514
nn8 19800000 19899999 1057
nn8 19900000 19999999 917
nn8 20000000 20099999 1079
nn8 20100000 20199999 951
nn8 20200000 20299999 1360
nn8 20300000 20399999 1128
nn8 20400000 20499999 827
nn8 20500000 20599999 1192
nn8 20600000 20699999 964
nn8 20700000 20799999 909
nn8 20800000 20899999 610
nn8 20900000 20999999 1120
nn8 21000000 21099999 852
nn8 21100000 21199999 1171
nn8 21200000 21299999 888
nn8 21300000 21399999 1590
nn8 21400000 21499999 1589
nn8 21500000 21599999 1350
nn8 21600000 21699999 1766
nn8 21700000 21799999 1178
nn8 21800000 21899999 964
nn8 21900000 21999999 790
nn8 22000000 22099999 882
nn8 22100000 22199999 1115
nn8 22200000 22299999 1156
nn8 22300000 22399999 964
nn8 22400000 22499999 1321
nn8 22500000 22599999 1011
nn8 22600000 22699999 1156
nn8 22700000 22799999 1594
nn8 22800000 22899999 1081
nn8 22900000 22999999 934
nn8 23000000 23099999 1260
nn8 23100000 23199999 858
nn8 23200000 23299999 778
nn8 23300000 23399999 954
nn8 23400000 23499999 1304
nn8 23500000 23599999 994
nn8 23600000 23699999 1474
nn8 23700000 23799999 934
nn8 23800000 23899999 1039
nn8 23900000 23999999 862
nn8 24000000 24099999 819
nn8 24100000 24199999 872
nn8 24200000 24299999 864
nn8 24300000 24399999 657
nn8 24400000 24499999 735
nn8 24500000 24599999 906
nn8 24600000 24699999 840
nn8 24700000 24799999 778
nn8 24800000 24899999 990
nn8 24900000 24999999 1274
nn8 25000000 25099999 984
nn8 25100000 25199999 600
nn8 25200000 25299999 898
nn8 25300000 25399999 1014
nn8 25400000 25499999 1048
nn8 25500000 25599999 1005
nn8 25600000 25699999 799
nn8 25700000 25799999 855
nn8 25800000 25899999 963
nn8 25900000 25999999 1054
nn8 26000000 26099999 813
nn8 26100000 26199999 739
nn8 26200000 26299999 774
nn8 26300000 26399999 637
nn8 26400000 26499999 677
nn8 26500000 26599999 1265
nn8 26600000 26699999 937
nn8 26700000 26799999 1221
nn8 26800000 26899999 1314
nn8 26900000 26999999 933
nn8 27000000 27099999 1375
nn8 27100000 27199999 1078
nn8 27200000 27299999 895
nn8 27300000 27399999 741
nn8 27400000 27499999 716
nn8 27500000 27599999 1451
nn8 27600000 27699999 913
nn8 27700000 27799999 890
nn8 27800000 27899999 922
nn8 27900000 27999999 969
nn8 28000000 28099999 974
nn8 28100000 28199999 654
nn8 28200000 28299999 1127
nn8 28300000 28399999 1222
nn8 28400000 28499999 1253
nn8 28500000 28599999 1164
nn8 28600000 28699999 712
nn8 28700000 28799999 994
nn8 28800000 28899999 890
nn8 28900000 28999999 986
nn8 29000000 29099999 735
nn8 29100000 29199999 647
nn8 29200000 29299999 742
nn8 29300000 29399999 888
nn8 29400000 29499999 1082
nn8 29500000 29599999 1002
nn8 29600000 29699999 1089
nn8 29700000 29734179 464
nn9 0 99999 14700
nn9 100000 199999 972
nn9 200000 299999 1375
nn9 300000 399999 937
nn9 400000 499999 1266
nn9 500000 599999 945
nn9 600000 699999 778
nn9 700000 799999 742
nn9 800000 899999 781
nn9 900000 999999 618
nn9 1000000 1099999 650
nn9 1100000 1199999 902
nn9 1200000 1299999 760
nn9 1300000 1399999 937
nn9 1400000 1499999 749
nn9 1500000 1599999 1239
nn9 1600000 1699999 790
nn9 1700000 1799999 734
nn9 1800000 1899999 946
nn9 1900000 1999999 1041
nn9 2000000 2099999 633
nn9 2100000 2199999 868
nn9 2200000 2299999 977
nn9 2300000 2399999 1051
nn9 2400000 2499999 1422
nn9 2500000 2599999 1049
nn9 2600000 2699999 1198
nn9 2700000 2799999 4060
nn9 2800000 2899999 1117
nn9 2900000 2999999 870
nn9 3000000 3099999 1819
nn9 3100000 3199999 1012
nn9 3200000 3299999 1115
nn9 3300000 3399999 1038
nn9 3400000 3499999 850
nn9 3500000 3599999 484
nn9 3600000 3699999 902
nn9 3700000 3799999 1059
nn9 3800000 3899999 952
nn9 3900000 3999999 1544
nn9 4000000 4099999 1039
nn9 4100000 4199999 2162
nn9 4200000 4299999 618
nn9 4300000 4399999 837
nn9 4400000 4499999 775
nn9 4500000 4599999 1066
nn9 4600000 4699999 1281
nn9 4700000 4799999 914
nn9 4800000 4899999 757
nn9 4900000 4999999 741
nn9 5000000 5099999 1012
nn9 5100000 5199999 979
nn9 5200000 5299999 1125
nn9 5300000 5399999 933
nn9 5400000 5499999 1254
nn9 5500000 5599999 1018
nn9 5600000 5699999 1154
nn9 5700000 5799999 944
nn9 5800000 5899999 875
nn9 5900000 5999999 868
nn9 6000000 6099999 875
nn9 6100000 6199999 1048
nn9 6200000 6299999 994
nn9 6300000 6399999 928
nn9 6400000 6499999 716
nn9 6500000 6599999 795
nn9 6600000 6699999 1250
nn9 6700000 6799999 918
nn9 6800000 6899999 923
nn9 6900000 6999999 833
nn9 7000000 7099999 989
nn9 7100000 7199999 907
nn9 7200000 7299999 1119
nn9 7300000 7399999 1437
nn9 7400000 7499999 873
nn9 7500000 7599999 841
nn9 7600000 7699999 1232
nn9 7700000 7799999 1015
nn9 7800000 7899999 1103
nn9 7900000 7999999 782
nn9 8000000 8099999 909
nn9 8100000 8199999 1180
nn9 8200000 8299999 1142
nn9 8300000 8399999 1111
nn9 8400000 8499999 754
nn9 8500000 8599999 760
nn9 8600000 8699999 550
nn9 8700000 8799999 924
nn9 8800000 8899999 1112
nn9 8900000 8999999 768
nn9 9000000 9099999 879
nn9 9100000 9199999 774
nn9 9200000 9299999 937
nn9 9300000 9399999 1597
nn9 9400000 9499999 1329
nn9 9500000 9599999 933
nn9 9600000 9699999 867
nn9 9700000 9799999 831
nn9 9800000 9899999 1283
nn9 9900000 9999999 851
nn9 10000000 10099999 880
nn9 10100000 10199999 719
nn9 10200000 10299999 818
nn9 10300000 10399999 903
nn9 10400000 10499999 985
nn9 10500000 10599999 719
nn9 10600000 10699999 846
nn9 10700000 10799999 956
nn9 10800000 10899999 698
nn9 10900000 10999999 702
nn9 11000000 11099999 609
nn9 11100000 11199999 976
nn9 11200000 11299999 731
nn9 11300000 11399999 844
nn9 11400000 11499999 792
nn9 11500000 11599999 653
nn9 11600000 11699999 958
nn9 11700000 11799999 1646
nn9 11800000 11899999 1100
nn9 11900000 11999999 906
nn9 12000000 12099999 1217
nn9 12100000 12199999 914
nn9 12200000 12299999 1637
nn9 12300000 12399999 1705
nn9 12400000 12499999 841
nn9 12500000 12599999 699
nn9 12600000 12699999 884
nn9 12700000 12799999 1101
nn9 12800000 12899999 1129
nn9 12900000 12999999 872
nn9 13000000 13099999 967
nn9 13100000 13199999 943
nn9 13200000 13299999 1232
nn9 13300000 13399999 970
nn9 13400000 13499999 982
nn9 13500000 13599999 1033
nn9 13600000 13699999 980
nn9 13700000 13799999 1132
nn9 13800000 13899999 1413
nn9 13900000 13999999 972
nn9 14000000 14099999 1537
nn9 14100000 14199999 977
nn9 14200000 14299999 798
nn9 14300000 14399999 957
nn9 14400000 14499999 970
nn9 14500000 14599999 1065
nn9 14600000 14699999 1199
nn9 14700000 14799999 1224
nn9 14800000 14899999 858
nn9 14900000 14999999 1198
nn9 15000000 15099999 813
nn9 15100000 15199999 973
nn9 15200000 15299999 901
nn9 15300000 15399999 760
nn9 15400000 15499999 856
nn9 15500000 15599999 800
nn9 15600000 15699999 784
nn9 15700000 15799999 1157
nn9 15800000 15899999 822
nn9 15900000 15999999 749
nn9 16000000 16099999 886
nn9 16100000 16199999 1034
nn9 16200000 16299999 1864
nn9 16300000 16399999 1128
nn9 16400000 16499999 955
nn9 16500000 16599999 771
nn9 16600000 16699999 861
nn9 16700000 16799999 1020
nn9 16800000 16899999 1333
nn9 16900000 16999999 903
nn9 17000000 17099999 1053
nn9 17100000 17199999 1100
nn9 17200000 17299999 815
nn9 17300000 17399999 1308
nn9 17400000 17499999 641
nn9 17500000 17599999 973
nn9 17600000 17699999 1197
nn9 17700000 17799999 1044
nn9 17800000 17899999 1029
nn9 17900000 17999999 1058
nn9 18000000 18099999 1060
nn9 18100000 18199999 987
nn9 18200000 18299999 636
nn9 18300000 18399999 788
nn9 18400000 18499999 917
nn9 18500000 18599999 1152
nn9 18600000 18699999 905
nn9 18700000 18799999 992
nn9 18800000 18899999 960
nn9 18900000 18999999 1732
nn9 19000000 19099999 1093
nn9 19100000 19199999 537
nn9 19200000 19299999 616
nn9 19300000 19399999 1187
nn9 19400000 19499999 903
nn9 19500000 19599999 964
nn9 19600000 19699999 972
nn9 19700000 19799999 1161
nn9 19800000 19899999 935
nn9 19900000 19999999 2630
nn9 20000000 20099999 2512
nn9 20100000 20199999 1274
nn9 20200000 20299999 1099
nn9 20300000 20399999 1482
nn9 20400000 20499999 1015
nn9 20500000 20599999 779
nn9 20600000 20699999 695
nn9 20700000 20799999 883
nn9 20800000 20899999 926
nn9 20900000 20999999 765
nn9 21000000 21099999 963
nn9 21100000 21199999 1327
nn9 21200000 21299999 698
nn9 21300000 21399999 745
nn9 21400000 21499999 4182
nn9 21500000 21599999 695
nn9 21600000 21699999 786
nn9 21700000 21799999 811
nn9 21800000 21899999 898
nn9 21900000 21999999 769
nn9 22000000 22099999 640
nn9 22100000 22199999 774
nn9 22200000 22299999 839
nn9 22300000 22399999 683
nn9 22400000 22499999 763
nn9 22500000 22599999 669
nn9 22600000 22699999 784
nn9 22700000 22799999 832
nn9 22800000 22899999 818
nn9 22900000 22999999 595
nn9 23000000 23099999 920
nn9 23100000 23199999 818
nn9 23200000 23299999 643
nn9 23300000 23399999 1175
nn9 23400000 23499999 1245
nn9 23500000 23599999 7898
nn9 23600000 23699999 9988
nn9 23700000 23799999 42
nn9 23800000 23899999 10
nn9 23900000 23999999 10
nn9 24000000 24099999 60
nn9 24100000 24199999 112
nn9 24200000 24299999 0
nn9 24300000 24360532 129
nn10 0 99999 8063
nn10 100000 199999 1086
nn10 200000 299999 896
nn10 300000 399999 891
nn10 400000 499999 1158
nn10 500000 599999 968
nn10 600000 699999 927
nn10 700000 799999 624
nn10 800000 899999 1031
nn10 900000 999999 1461
nn10 1000000 1099999 977
nn10 1100000 1199999 1479
nn10 1200000 1299999 1732
nn10 1300000 1399999 1229
nn10 1400000 1499999 996
nn10 1500000 1599999 514
nn10 1600000 1699999 1064
nn10 1700000 1799999 916
nn10 1800000 1899999 1065
nn10 1900000 1999999 984
nn10 2000000 2099999 820
nn10 2100000 2199999 589
nn10 2200000 2299999 843
nn10 2300000 2399999 473
nn10 2400000 2499999 536
nn10 2500000 2599999 860
nn10 2600000 2699999 931
nn10 2700000 2799999 924
nn10 2800000 2899999 1022
nn10 2900000 2999999 783
nn10 3000000 3099999 955
nn10 3100000 3199999 884
nn10 3200000 3299999 724
nn10 3300000 3399999 888
nn10 3400000 3499999 691
nn10 3500000 3599999 1316
nn10 3600000 3699999 1119
nn10 3700000 3799999 1310
nn10 3800000 3899999 916
nn10 3900000 3999999 766
nn10 4000000 4099999 853
nn10 4100000 4199999 1092
nn10 4200000 4299999 1043
nn10 4300000 4399999 980
nn10 4400000 4499999 1191
nn10 4500000 4599999 2226
nn10 4600000 4699999 2114
nn10 4700000 4799999 1676
nn10 4800000 4899999 1132
nn10 4900000 4999999 1802
nn10 5000000 5099999 1324
nn10 5100000 5199999 1987
nn10 5200000 5299999 1197
nn10 5300000 5399999 1377
nn10 5400000 5499999 799
nn10 5500000 5599999 857
nn10 5600000 5699999 758
nn10 5700000 5799999 1101
nn10 5800000 5899999 832
nn10 5900000 5999999 780
nn10 6000000 6099999 675
nn10 6100000 6199999 922
nn10 6200000 6299999 1100
nn10 6300000 6399999 867
nn10 6400000 6499999 1025
nn10 6500000 6599999 765
nn10 6600000 6699999 789
nn10 6700000 6799999 933
nn10 6800000 6899999 1033
nn10 6900000 6999999 943
nn10 7000000 7099999 1238
nn10 7100000 7199999 776
nn10 7200000 7299999 1254
nn10 7300000 7399999 953
nn10 7400000 7499999 905
nn10 7500000 7599999 1815
nn10 7600000 7699999 729
nn10 7700000 7799999 578
nn10 7800000 7899999 779
nn10 7900000 7999999 873
nn10 8000000 8099999 781
nn10 8100000 8199999 1442
nn10 8200000 8299999 1149
nn10 8300000 8399999 946
nn10 8400000 8499999 1072
nn10 8500000 8599999 748
nn10 8600000 8699999 1130
nn10 8700000 8799999 938
nn10 8800000 8899999 1075
nn10 8900000 8999999 931
nn10 9000000 9099999 1076
nn10 9100000 9199999 1011
nn10 9200000 9299999 796
nn10 9300000 9399999 846
nn10 9400000 9499999 829
nn10 9500000 9599999 1026
nn10 9600000 9699999 1184
nn10 9700000 9799999 996
nn10 9800000 9899999 709
nn10 9900000 9999999 851
nn10 10000000 10099999 1115
nn10 10100000 10199999 1104
nn10 10200000 10299999 725
nn10 10300000 10399999 1041
nn10 10400000 10499999 948
nn10 10500000 10599999 856
nn10 10600000 10699999 778
nn10 10700000 10799999 981
nn10 10800000 10899999 1177
nn10 10900000 10999999 1270
nn10 11000000 11099999 1046
nn10 11100000 11199999 1079
nn10 11200000 11299999 1077
nn10 11300000 11399999 584
nn10 11400000 11499999 863
nn10 11500000 11599999 1015
nn10 11600000 11699999 963
nn10 11700000 11799999 1072
nn10 11800000 11899999 1458
nn10 11900000 11999999 767
nn10 12000000 12099999 791
nn10 12100000 12199999 845
nn10 12200000 12299999 1009
nn10 12300000 12399999 1194
nn10 12400000 12499999 1168
nn10 12500000 12599999 1113
nn10 12600000 12699999 1284
nn10 12700000 12799999 880
nn10 12800000 12899999 1025
nn10 12900000 12999999 1107
nn10 13000000 13099999 1411
nn10 13100000 13199999 1060
nn10 13200000 13299999 909
nn10 13300000 13399999 877
nn10 13400000 13499999 741
nn10 13500000 13599999 940
nn10 13600000 13699999 1096
nn10 13700000 13799999 1024
nn10 13800000 13899999 832
nn10 13900000 13999999 793
nn10 14000000 14099999 986
nn10 14100000 14199999 809
nn10 14200000 14299999 1158
nn10 14300000 14399999 1102
nn10 14400000 14499999 869
nn10 14500000 14599999 858
nn10 14600000 14699999 842
nn10 14700000 14799999 3275
nn10 14800000 14899999 1118
nn10 14900000 14999999 1030
nn10 15000000 15099999 1443
nn10 15100000 15199999 1133
nn10 15200000 15299999 915
nn10 15300000 15399999 1252
nn10 15400000 15499999 1302
nn10 15500000 15599999 895
nn10 15600000 15699999 881
nn10 15700000 15799999 1250
nn10 15800000 15899999 1187
nn10 15900000 15999999 979
nn10 16000000 16099999 956
nn10 16100000 16199999 1019
nn10 16200000 16299999 712
nn10 16300000 16399999 1032
nn10 16400000 16499999 852
nn10 16500000 16599999 890
nn10 16600000 16699999 1265
nn10 16700000 16799999 765
nn10 16800000 16899999 1051
nn10 16900000 16999999 711
nn10 17000000 17099999 986
nn10 17100000 17199999 1201
nn10 17200000 17299999 943
nn10 17300000 17399999 870
nn10 17400000 17499999 643
nn10 17500000 17599999 518
nn10 17600000 17699999 794
nn10 17700000 17799999 1900
nn10 17800000 17899999 1258
nn10 17900000 17999999 1620
nn10 18000000 18099999 748
nn10 18100000 18199999 1072
nn10 18200000 18299999 1486
nn10 18300000 18399999 870
nn10 18400000 18499999 786
nn10 18500000 18599999 869
nn10 18600000 18699999 646
nn10 18700000 18799999 866
nn10 18800000 18899999 736
nn10 18900000 18999999 1299
nn10 19000000 19099999 669
nn10 19100000 19199999 807
nn10 19200000 19299999 748
nn10 19300000 19399999 1018
nn10 19400000 19499999 638
nn10 19500000 19599999 825
nn10 19600000 19699999 693
nn10 19700000 19799999 784
nn10 19800000 19899999 23
nn10 19900000 19999999 331
nn10 20000000 20098048 444
nn11 0 99999 2955
nn11 100000 199999 1144
nn11 200000 299999 771
nn11 300000 399999 1032
nn11 400000 499999 1023
nn11 500000 599999 739
nn11 600000 699999 1107
nn11 700000 799999 959
nn11 800000 899999 971
nn11 900000 999999 1142
nn11 1000000 1099999 1161
nn11 1100000 1199999 1124
nn11 1200000 1299999 1235
nn11 1300000 1399999 894
nn11 1400000 1499999 1418
nn11 1500000 1599999 1637
nn11 1600000 1699999 1804
nn11 1700000 1799999 1590
nn11 1800000 1899999 1359
nn11 1900000 1999999 727
nn11 2000000 2099999 1021
nn11 2100000 2199999 1058
nn11 2200000 2299999 875
nn11 2300000 2399999 2197
nn11 2400000 2499999 1172
nn11 2500000 2599999 2176
nn11 2600000 2699999 3360
nn11 2700000 2799999 1216
nn11 2800000 2899999 2374
nn11 2900000 2999999 2722
nn11 3000000 3099999 860
nn11 3100000 3199999 1107
nn11 3200000 3299999 763
nn11 3300000 3399999 636
nn11 3400000 3499999 843
nn11 3500000 3599999 903
nn11 3600000 3699999 876
nn11 3700000 3799999 1013
nn11 3800000 3899999 1135
nn11 3900000 3999999 756
nn11 4000000 4099999 832
nn11 4100000 4199999 676
nn11 4200000 4299999 938
nn11 4300000 4399999 1061
nn11 4400000 4499999 1039
nn11 4500000 4599999 1149
nn11 4600000 4699999 841
nn11 4700000 4799999 734
nn11 4800000 4899999 748
nn11 4900000 4999999 699
nn11 5000000 5099999 648
nn11 5100000 5199999 878
nn11 5200000 5299999 973
nn11 5300000 5399999 2214
nn11 5400000 5499999 1212
nn11 5500000 5599999 1297
nn11 5600000 5699999 798
nn11 5700000 5799999 918
nn11 5800000 5899999 975
nn11 5900000 5999999 1162
nn11 6000000 6099999 790
nn11 6100000 6199999 861
nn11 6200000 6299999 1105
nn11 6300000 6399999 877
nn11 6400000 6499999 1168
nn11 6500000 6599999 980
nn11 6600000 6699999 1104
nn11 6700000 6799999 1342
nn11 6800000 6899999 1138
nn11 6900000 6999999 1149
nn11 7000000 7099999 1822
nn11 7100000 7199999 1068
nn11 7200000 7299999 1264
nn11 7300000 7399999 1165
nn11 7400000 7499999 1260
nn11 7500000 7599999 1817
nn11 7600000 7699999 1564
nn11 7700000 7799999 1647
nn11 7800000 7899999 1131
nn11 7900000 7999999 1282
nn11 8000000 8099999 1357
nn11 8100000 8199999 1244
nn11 8200000 8299999 1150
nn11 8300000 8399999 845
nn11 8400000 8499999 804
nn11 8500000 8599999 931
nn11 8600000 8699999 1097
nn11 8700000 8799999 817
nn11 8800000 8899999 709
nn11 8900000 8999999 662
nn11 9000000 9099999 875
nn11 9100000 9199999 1151
nn11 9200000 9299999 1461
nn11 9300000 9399999 916
nn11 9400000 9499999 1118
nn11 9500000 9599999 777
nn11 9600000 9699999 755
nn11 9700000 9799999 834
nn11 9800000 9899999 832
nn11 9900000 9999999 865
nn11 10000000 10099999 797
nn11 10100000 10199999 840
nn11 10200000 10299999 990
nn11 10300000 10399999 914
nn11 10400000 10499999 1192
nn11 10500000 10599999 1247
nn11 10600000 10699999 879
nn11 10700000 10799999 951
nn11 10800000 10899999 1606
nn11 10900000 10999999 842
nn11 11000000 11099999 1097
nn11 11100000 11199999 1118
nn11 11200000 11299999 1056
nn11 11300000 11399999 1360
nn11 11400000 11499999 1239
nn11 11500000 11599999 916
nn11 11600000 11699999 1111
nn11 11700000 11799999 671
nn11 11800000 11899999 800
nn11 11900000 11999999 1088
nn11 12000000 12099999 994
nn11 12100000 12199999 1026
nn11 12200000 12299999 991
nn11 12300000 12399999 952
nn11 12400000 12499999 1228
nn11 12500000 12599999 1053
nn11 12600000 12699999 740
nn11 12700000 12799999 1203
nn11 12800000 12899999 998
nn11 12900000 12999999 1227
nn11 13000000 13099999 877
nn11 13100000 13199999 1228
nn11 13200000 13299999 802
nn11 13300000 13399999 956
nn11 13400000 13499999 1273
nn11 13500000 13599999 1413
nn11 13600000 13699999 955
nn11 13700000 13799999 1325
nn11 13800000 13899999 854
nn11 13900000 13999999 1071
nn11 14000000 14099999 1049
nn11 14100000 14199999 1450
nn11 14200000 14299999 1103
nn11 14300000 14399999 1079
nn11 14400000 14499999 957
nn11 14500000 14599999 952
nn11 14600000 14699999 1099
nn11 14700000 14799999 1341
nn11 14800000 14899999 913
nn11 14900000 14999999 568
nn11 15000000 15099999 977
nn11 15100000 15199999 1143
nn11 15200000 15299999 812
nn11 15300000 15399999 915
nn11 15400000 15499999 823
nn11 15500000 15599999 1249
nn11 15600000 15699999 864
nn11 15700000 15799999 839
nn11 15800000 15899999 814
nn11 15900000 15999999 1281
nn11 16000000 16099999 679
nn11 16100000 16199999 633
nn11 16200000 16299999 1075
nn11 16300000 16399999 972
nn11 16400000 16499999 799
nn11 16500000 16599999 809
nn11 16600000 16699999 858
nn11 16700000 16799999 1089
nn11 16800000 16899999 1219
nn11 16900000 16999999 866
nn11 17000000 17099999 937
nn11 17100000 17199999 784
nn11 17200000 17299999 1020
nn11 17300000 17399999 842
nn11 17400000 17499999 954
nn11 17500000 17599999 1515
nn11 17600000 17699999 728
nn11 17700000 17799999 691
nn11 17800000 17899999 590
nn11 17900000 17999999 1067
nn11 18000000 18099999 917
nn11 18100000 18199999 782
nn11 18200000 18299999 711
nn11 18300000 18399999 809
nn11 18400000 18499999 519
nn11 18500000 18599999 1064
nn11 18600000 18699999 866
nn11 18700000 18799999 750
nn11 18800000 18899999 845
nn11 18900000 18999999 991
nn11 19000000 19099999 1158
nn11 19100000 19199999 1338
nn11 19200000 19299999 715
nn11 19300000 19399999 805
nn11 19400000 19499999 634
nn11 19500000 19599999 618
nn11 19600000 19699999 737
nn11 19700000 19799999 351
nn11 19800000 19899999 90
nn11 19900000 19999999 80
nn11 20000000 20099999 0
nn11 20100000 20148113 19869
nn12 0 99999 3262
nn12 100000 199999 656
nn12 200000 299999 1117
nn12 300000 399999 1487
nn12 400000 499999 779
nn12 500000 599999 800
nn12 600000 699999 639
nn12 700000 799999 769
nn12 800000 899999 705
nn12 900000 999999 782
nn12 1000000 1099999 760
nn12 1100000 1199999 1064
nn12 1200000 1299999 876
nn12 1300000 1399999 1328
nn12 1400000 1499999 947
nn12 1500000 1599999 657
nn12 1600000 1699999 774
nn12 1700000 1799999 897
nn12 1800000 1899999 886
nn12 1900000 1999999 894
nn12 2000000 2099999 895
nn12 2100000 2199999 1066
nn12 2200000 2299999 1036
nn12 2300000 2399999 913
nn12 2400000 2499999 1160
nn12 2500000 2599999 985
nn12 2600000 2699999 956
nn12 2700000 2799999 1014
nn12 2800000 2899999 966
nn12 2900000 2999999 989
nn12 3000000 3099999 826
nn12 3100000 3199999 909
nn12 3200000 3299999 729
nn12 3300000 3399999 721
nn12 3400000 3499999 823
nn12 3500000 3599999 946
nn12 3600000 3699999 862
nn12 3700000 3799999 1406
nn12 3800000 3899999 1204
nn12 3900000 3999999 1014
nn12 4000000 4099999 1357
nn12 4100000 4199999 852
nn12 4200000 4299999 896
nn12 4300000 4399999 1023
nn12 4400000 4499999 945
nn12 4500000 4599999 951
nn12 4600000 4699999 926
nn12 4700000 4799999 1032
nn12 4800000 4899999 1104
nn12 4900000 4999999 972
nn12 5000000 5099999 741
nn12 5100000 5199999 590
nn12 5200000 5299999 654
nn12 5300000 5399999 1094
nn12 5400000 5499999 848
nn12 5500000 5599999 871
nn12 5600000 5699999 877
nn12 5700000 5799999 1040
nn12 5800000 5899999 979
nn12 5900000 5999999 959
nn12 6000000 6099999 744
nn12 6100000 6199999 958
nn12 6200000 6299999 969
nn12 6300000 6399999 1155
nn12 6400000 6499999 929
nn12 6500000 6599999 845
nn12 6600000 6699999 828
nn12 6700000 6799999 565
nn12 6800000 6899999 1499
nn12 6900000 6999999 744
nn12 7000000 7099999 962
nn12 7100000 7199999 811
nn12 7200000 7299999 1074
nn12 7300000 7399999 1068
nn12 7400000 7499999 921
nn12 7500000 7599999 1053
nn12 7600000 7699999 887
nn12 7700000 7799999 1018
nn12 7800000 7899999 779
nn12 7900000 7999999 951
nn12 8000000 8099999 573
nn12 8100000 8199999 729
nn12 8200000 8299999 942
nn12 8300000 8399999 907
nn12 8400000 8499999 875
nn12 8500000 8599999 1003
nn12 8600000 8699999 744
nn12 8700000 8799999 827
nn12 8800000 8899999 773
nn12 8900000 8999999 991
nn12 9000000 9099999 731
nn12 9100000 9199999 1006
nn12 9200000 9299999 1052
nn12 9300000 9399999 1047
nn12 9400000 9499999 617
nn12 9500000 9599999 787
nn12 9600000 9699999 816
nn12 9700000 9799999 784
nn12 9800000 9899999 1322
nn12 9900000 9999999 891
nn12 10000000 10099999 924
nn12 10100000 10199999 898
nn12 10200000 10299999 814
nn12 10300000 10399999 810
nn12 10400000 10499999 773
nn12 10500000 10599999 977
nn12 10600000 10699999 956
nn12 10700000 10799999 1035
nn12 10800000 10899999 1527
nn12 10900000 10999999 892
nn12 11000000 11099999 658
nn12 11100000 11199999 802
nn12 11200000 11299999 1225
nn12 11300000 11399999 1020
nn12 11400000 11499999 1718
nn12 11500000 11599999 898
nn12 11600000 11699999 1393
nn12 11700000 11799999 1100
nn12 11800000 11899999 974
nn12 11900000 11999999 1382
nn12 12000000 12099999 1137
nn12 12100000 12199999 1437
nn12 12200000 12299999 1247
nn12 12300000 12399999 1365
nn12 12400000 12499999 1035
nn12 12500000 12599999 1123
nn12 12600000 12699999 1205
nn12 12700000 12799999 932
nn12 12800000 12899999 1273
nn12 12900000 12999999 1272
nn12 13000000 13099999 1062
nn12 13100000 13199999 956
nn12 13200000 13299999 729
nn12 13300000 13399999 849
nn12 13400000 13499999 945
nn12 13500000 13599999 1057
nn12 13600000 13699999 1097
nn12 13700000 13799999 623
nn12 13800000 13899999 1122
nn12 13900000 13999999 1019
nn12 14000000 14099999 1140
nn12 14100000 14199999 772
nn12 14200000 14299999 787
nn12 14300000 14399999 868
nn12 14400000 14499999 823
nn12 14500000 14599999 704
nn12 14600000 14699999 646
nn12 14700000 14799999 958
nn12 14800000 14899999 749
nn12 14900000 14999999 884
nn12 15000000 15099999 1037
nn12 15100000 15199999 1193
nn12 15200000 15299999 904
nn12 15300000 15399999 1249
nn12 15400000 15499999 1064
nn12 15500000 15599999 1190
nn12 15600000 15699999 968
nn12 15700000 15799999 1031
nn12 15800000 15899999 1034
nn12 15900000 15999999 1273
nn12 16000000 16099999 1051
nn12 16100000 16199999 916
nn12 16200000 16299999 1076
nn12 16300000 16399999 809
nn12 16400000 16499999 1027
nn12 16500000 16599999 944
nn12 16600000 16699999 666
nn12 16700000 16799999 1159
nn12 16800000 16899999 1612
nn12 16900000 16999999 670
nn12 17000000 17099999 586
nn12 17100000 17199999 659
nn12 17200000 17299999 862
nn12 17300000 17399999 1200
nn12 17400000 17499999 817
nn12 17500000 17599999 853
nn12 17600000 17699999 830
nn12 17700000 17799999 518
nn12 17800000 17899999 1412
nn12 17900000 17999999 911
nn12 18000000 18099999 722
nn12 18100000 18199999 1129
nn12 18200000 18299999 885
nn12 18300000 18399999 861
nn12 18400000 18499999 1155
nn12 18500000 18599999 870
nn12 18600000 18699999 872
nn12 18700000 18799999 739
nn12 18800000 18899999 858
nn12 18900000 18999999 1159
nn12 19000000 19099999 759
nn12 19100000 19199999 1072
nn12 19200000 19299999 1157
nn12 19300000 19399999 629
nn12 19400000 19499999 905
nn12 19500000 19599999 894
nn12 19600000 19699999 784
nn12 19700000 19799999 754
nn12 19800000 19899999 1192
nn12 19900000 19999999 681
nn12 20000000 20099999 840
nn12 20100000 20199999 10
nn12 20200000 20299999 0
nn12 20300000 20399999 0
nn12 20400000 20499999 20
nn12 20500000 20554282 83
nn13 0 99999 4423
nn13 100000 199999 1093
nn13 200000 299999 806
nn13 300000 399999 554
nn13 400000 499999 1012
nn13 500000 599999 722
nn13 600000 699999 682
nn13 700000 799999 796
nn13 800000 899999 812
nn13 900000 999999 932
nn13 1000000 1099999 890
nn13 1100000 1199999 906
nn13 1200000 1299999 931
nn13 1300000 1399999 949
nn13 1400000 1499999 988
nn13 1500000 1599999 735
nn13 1600000 1699999 1041
nn13 1700000 1799999 809
nn13 1800000 1899999 972
nn13 1900000 1999999 639
nn13 2000000 2099999 723
nn13 2100000 2199999 798
nn13 2200000 2299999 950
nn13 2300000 2399999 985
nn13 2400000 2499999 1129
nn13 2500000 2599999 1008
nn13 2600000 2699999 1146
nn13 2700000 2799999 2433
nn13 2800000 2899999 1170
nn13 2900000 2999999 1841
nn13 3000000 3099999 492
nn13 3100000 3199999 1056
nn13 3200000 3299999 1106
nn13 3300000 3399999 784
nn13 3400000 3499999 920
nn13 3500000 3599999 668
nn13 3600000 3699999 802
nn13 3700000 3799999 843
nn13 3800000 3899999 721
nn13 3900000 3999999 812
nn13 4000000 4099999 1098
nn13 4100000 4199999 905
nn13 4200000 4299999 807
nn13 4300000 4399999 746
nn13 4400000 4499999 833
nn13 4500000 4599999 646
nn13 4600000 4699999 810
nn13 4700000 4799999 818
nn13 4800000 4899999 941
nn13 4900000 4999999 723
nn13 5000000 5099999 875
nn13 5100000 5199999 898
nn13 5200000 5299999 1022
nn13 5300000 5399999 1024
nn13 5400000 5499999 813
nn13 5500000 5599999 890
nn13 5600000 5699999 952
nn13 5700000 5799999 1137
nn13 5800000 5899999 987
nn13 5900000 5999999 901
nn13 6000000 6099999 1142
nn13 6100000 6199999 967
nn13 6200000 6299999 1075
nn13 6300000 6399999 691
nn13 6400000 6499999 1090
nn13 6500000 6599999 889
nn13 6600000 6699999 820
nn13 6700000 6799999 851
nn13 6800000 6899999 991
nn13 6900000 6999999 759
nn13 7000000 7099999 519
nn13 7100000 7199999 1052
nn13 7200000 7299999 1753
nn13 7300000 7399999 1087
nn13 7400000 7499999 1144
nn13 7500000 7599999 910
nn13 7600000 7699999 1552
nn13 7700000 7799999 1023
nn13 7800000 7899999 790
nn13 7900000 7999999 1268
nn13 8000000 8099999 1165
nn13 8100000 8199999 1170
nn13 8200000 8299999 836
nn13 8300000 8399999 1374
nn13 8400000 8499999 1236
nn13 8500000 8599999 1892
nn13 8600000 8699999 898
nn13 8700000 8799999 701
nn13 8800000 8899999 1034
nn13 8900000 8999999 927
nn13 9000000 9099999 1078
nn13 9100000 9199999 1168
nn13 9200000 9299999 777
nn13 9300000 9399999 763
nn13 9400000 9499999 771
nn13 9500000 9599999 1266
nn13 9600000 9699999 737
nn13 9700000 9799999 712
nn13 9800000 9899999 746
nn13 9900000 9999999 817
nn13 10000000 10099999 631
nn13 10100000 10199999 1032
nn13 10200000 10299999 730
nn13 10300000 10399999 646
nn13 10400000 10499999 1306
nn13 10500000 10599999 985
nn13 10600000 10699999 1173
nn13 10700000 10799999 1062
nn13 10800000 10899999 1007
nn13 10900000 10999999 1427
nn13 11000000 11099999 1142
nn13 11100000 11199999 1154
nn13 11200000 11299999 1061
nn13 11300000 11399999 932
nn13 11400000 11499999 898
nn13 11500000 11599999 989
nn13 11600000 11699999 1234
nn13 11700000 11799999 878
nn13 11800000 11899999 1267
nn13 11900000 11999999 903
nn13 12000000 12099999 974
nn13 12100000 12199999 1277
nn13 12200000 12299999 783
nn13 12300000 12399999 1044
nn13 12400000 12499999 1298
nn13 12500000 12599999 1167
nn13 12600000 12699999 1212
nn13 12700000 12799999 1440
nn13 12800000 12899999 1741
nn13 12900000 12999999 1459
nn13 13000000 13099999 1205
nn13 13100000 13199999 1364
nn13 13200000 13299999 1440
nn13 13300000 13399999 1006
nn13 13400000 13499999 985
nn13 13500000 13599999 968
nn13 13600000 13699999 828
nn13 13700000 13799999 891
nn13 13800000 13899999 827
nn13 13900000 13999999 1000
nn13 14000000 14099999 1127
nn13 14100000 14199999 863
nn13 14200000 14299999 1146
nn13 14300000 14399999 819
nn13 14400000 14499999 946
nn13 14500000 14599999 787
nn13 14600000 14699999 834
nn13 14700000 14799999 552
nn13 14800000 14899999 803
nn13 14900000 14999999 1147
nn13 15000000 15099999 1187
nn13 15100000 15199999 1086
nn13 15200000 15299999 436
nn13 15300000 15399999 899
nn13 15400000 15499999 687
nn13 15500000 15599999 1038
nn13 15600000 15699999 680
nn13 15700000 15799999 756
nn13 15800000 15899999 979
nn13 15900000 15999999 872
nn13 16000000 16099999 1093
nn13 16100000 16199999 769
nn13 16200000 16299999 991
nn13 16300000 16399999 1342
nn13 16400000 16499999 1484
nn13 16500000 16599999 1479
nn13 16600000 16699999 1329
nn13 16700000 16799999 606
nn13 16800000 16899999 1688
nn13 16900000 16999999 1296
nn13 17000000 17099999 1053
nn13 17100000 17199999 948
nn13 17200000 17299999 1098
nn13 17300000 17399999 819
nn13 17400000 17499999 888
nn13 17500000 17599999 941
nn13 17600000 17699999 1171
nn13 17700000 17799999 788
nn13 17800000 17899999 1022
nn13 17900000 17999999 508
nn13 18000000 18099999 10
nn13 18100000 18199999 30
nn13 18200000 18299999 10
nn13 18300000 18371304 12902
nn14 0 99999 1165
nn14 100000 199999 1515
nn14 200000 299999 1118
nn14 300000 399999 926
nn14 400000 499999 836
nn14 500000 599999 719
nn14 600000 699999 1027
nn14 700000 799999 820
nn14 800000 899999 1119
nn14 900000 999999 888
nn14 1000000 1099999 724
nn14 1100000 1199999 921
nn14 1200000 1299999 867
nn14 1300000 1399999 950
nn14 1400000 1499999 885
nn14 1500000 1599999 661
nn14 1600000 1699999 522
nn14 1700000 1799999 776
nn14 1800000 1899999 979
nn14 1900000 1999999 636
nn14 2000000 2099999 1183
nn14 2100000 2199999 717
nn14 2200000 2299999 596
nn14 2300000 2399999 685
nn14 2400000 2499999 1360
nn14 2500000 2599999 1162
nn14 2600000 2699999 1360
nn14 2700000 2799999 914
nn14 2800000 2899999 759
nn14 2900000 2999999 684
nn14 3000000 3099999 879
nn14 3100000 3199999 766
nn14 3200000 3299999 1182
nn14 3300000 3399999 808
nn14 3400000 3499999 745
nn14 3500000 3599999 864
nn14 3600000 3699999 732
nn14 3700000 3799999 812
nn14 3800000 3899999 857
nn14 3900000 3999999 911
nn14 4000000 4099999 980
nn14 4100000 4199999 1463
nn14 4200000 4299999 1193
nn14 4300000 4399999 1245
nn14 4400000 4499999 1156
nn14 4500000 4599999 1238
nn14 4600000 4699999 1151
nn14 4700000 4799999 1149
nn14 4800000 4899999 938
nn14 4900000 4999999 1480
nn14 5000000 5099999 986
nn14 5100000 5199999 886
nn14 5200000 5299999 931
nn14 5300000 5399999 746
nn14 5400000 5499999 1034
nn14 5500000 5599999 1027
nn14 5600000 5699999 734
nn14 5700000 5799999 961
nn14 5800000 5899999 1058
nn14 5900000 5999999 1022
nn14 6000000 6099999 843
nn14 6100000 6199999 747
nn14 6200000 6299999 1300
nn14 6300000 6399999 568
nn14 6400000 6499999 1109
nn14 6500000 6599999 1497
nn14 6600000 6699999 1145
nn14 6700000 6799999 1086
nn14 6800000 6899999 1246
nn14 6900000 6999999 1058
nn14 7000000 7099999 882
nn14 7100000 7199999 527
nn14 7200000 7299999 749
nn14 7300000 7399999 676
nn14 7400000 7499999 1041
nn14 7500000 7599999 874
nn14 7600000 7699999 1095
nn14 7700000 7799999 731
nn14 7800000 7899999 751
nn14 7900000 7999999 504
nn14 8000000 8099999 690
nn14 8100000 8199999 951
nn14 8200000 8299999 703
nn14 8300000 8399999 763
nn14 8400000 8499999 892
nn14 8500000 8599999 934
nn14 8600000 8699999 795
nn14 8700000 8799999 793
nn14 8800000 8899999 741
nn14 8900000 8999999 1213
nn14 9000000 9099999 908
nn14 9100000 9199999 666
nn14 9200000 9299999 873
nn14 9300000 9399999 796
nn14 9400000 9499999 900
nn14 9500000 9599999 784
nn14 9600000 9699999 778
nn14 9700000 9799999 895
nn14 9800000 9899999 902
nn14 9900000 9999999 682
nn14 10000000 10099999 1003
nn14 10100000 10199999 1125
nn14 10200000 10299999 675
nn14 10300000 10399999 783
nn14 10400000 10499999 774
nn14 10500000 10599999 1176
nn14 10600000 10699999 1011
nn14 10700000 10799999 1318
nn14 10800000 10899999 1130
nn14 10900000 10999999 1460
nn14 11000000 11099999 1345
nn14 11100000 11199999 1358
nn14 11200000 11299999 1320
nn14 11300000 11399999 1271
nn14 11400000 11499999 915
nn14 11500000 11599999 1090
nn14 11600000 11699999 1285
nn14 11700000 11799999 1349
nn14 11800000 11899999 894
nn14 11900000 11999999 767
nn14 12000000 12099999 721
nn14 12100000 12199999 509
nn14 12200000 12299999 803
nn14 12300000 12399999 973
nn14 12400000 12499999 578
nn14 12500000 12599999 1048
nn14 12600000 12699999 1030
nn14 12700000 12799999 1499
nn14 12800000 12899999 738
nn14 12900000 12999999 658
nn14 13000000 13099999 1082
nn14 13100000 13199999 934
nn14 13200000 13299999 1076
nn14 13300000 13399999 836
nn14 13400000 13499999 923
nn14 13500000 13599999 1208
nn14 13600000 13699999 1117
nn14 13700000 13799999 1681
nn14 13800000 13899999 1027
nn14 13900000 13999999 1913
nn14 14000000 14099999 911
nn14 14100000 14199999 764
nn14 14200000 14299999 817
nn14 14300000 14399999 784
nn14 14400000 14499999 606
nn14 14500000 14599999 1783
nn14 14600000 14699999 674
nn14 14700000 14799999 867
nn14 14800000 14899999 998
nn14 14900000 14999999 845
nn14 15000000 15099999 728
nn14 15100000 15199999 722
nn14 15200000 15299999 1827
nn14 15300000 15399999 386
nn14 15400000 15499999 0
nn14 15500000 15599999 0
nn14 15600000 15699999 0
nn14 15700000 15799999 170
nn14 15800000 15813833 72
nn15 0 99999 879
nn15 100000 199999 1072
nn15 200000 299999 1090
nn15 300000 399999 1349
nn15 400000 499999 1385
nn15 500000 599999 970
nn15 600000 699999 935
nn15 700000 799999 865
nn15 800000 899999 959
nn15 900000 999999 866
nn15 1000000 1099999 1266
nn15 1100000 1199999 775
nn15 1200000 1299999 343
nn15 1300000 1399999 674
nn15 1400000 1499999 974
nn15 1500000 1599999 1248
nn15 1600000 1699999 808
nn15 1700000 1799999 1496
nn15 1800000 1899999 839
nn15 1900000 1999999 886
nn15 2000000 2099999 798
nn15 2100000 2199999 998
nn15 2200000 2299999 1040
nn15 2300000 2399999 844
nn15 2400000 2499999 838
nn15 2500000 2599999 665
nn15 2600000 2699999 658
nn15 2700000 2799999 1027
nn15 2800000 2899999 899
nn15 2900000 2999999 914
nn15 3000000 3099999 974
nn15 3100000 3199999 851
nn15 3200000 3299999 943
nn15 3300000 3399999 1303
nn15 3400000 3499999 1214
nn15 3500000 3599999 992
nn15 3600000 3699999 883
nn15 3700000 3799999 976
nn15 3800000 3899999 790
nn15 3900000 3999999 732
nn15 4000000 4099999 901
nn15 4100000 4199999 1159
nn15 4200000 4299999 607
nn15 4300000 4399999 964
nn15 4400000 4499999 873
nn15 4500000 4599999 853
nn15 4600000 4699999 808
nn15 4700000 4799999 779
nn15 4800000 4899999 1009
nn15 4900000 4999999 843
nn15 5000000 5099999 1108
nn15 5100000 5199999 1306
nn15 5200000 5299999 943
nn15 5300000 5399999 682
nn15 5400000 5499999 1048
nn15 5500000 5599999 774
nn15 5600000 5699999 1033
nn15 5700000 5799999 1168
nn15 5800000 5899999 945
nn15 5900000 5999999 928
nn15 6000000 6099999 849
nn15 6100000 6199999 1328
nn15 6200000 6299999 904
nn15 6300000 6399999 836
nn15 6400000 6499999 830
nn15 6500000 6599999 1034
nn15 6600000 6699999 1111
nn15 6700000 6799999 780
nn15 6800000 6899999 927
nn15 6900000 6999999 1160
nn15 7000000 7099999 1097
nn15 7100000 7199999 994
nn15 7200000 7299999 929
nn15 7300000 7399999 1094
nn15 7400000 7499999 1105
nn15 7500000 7599999 1238
nn15 7600000 7699999 669
nn15 7700000 7799999 1286
nn15 7800000 7899999 815
nn15 7900000 7999999 731
nn15 8000000 8099999 754
nn15 8100000 8199999 1023
nn15 8200000 8299999 944
nn15 8300000 8399999 937
nn15 8400000 8499999 709
nn15 8500000 8599999 824
nn15 8600000 8699999 852
nn15 8700000 8799999 1181
nn15 8800000 8899999 904
nn15 8900000 8999999 871
nn15 9000000 9099999 1169
nn15 9100000 9199999 1072
nn15 9200000 9299999 1075
nn15 9300000 9399999 961
nn15 9400000 9499999 1025
nn15 9500000 9599999 894
nn15 9600000 9699999 969
nn15 9700000 9799999 1106
nn15 9800000 9899999 979
nn15 9900000 9999999 1288
nn15 10000000 10099999 1022
nn15 10100000 10199999 609
nn15 10200000 10299999 853
nn15 10300000 10399999 1076
nn15 10400000 10499999 953
nn15 10500000 10599999 1039
nn15 10600000 10699999 1034
nn15 10700000 10799999 1029
nn15 10800000 10899999 1497
nn15 10900000 10999999 1295
nn15 11000000 11099999 658
nn15 11100000 11199999 1355
nn15 11200000 11299999 960
nn15 11300000 11399999 1970
nn15 11400000 11499999 1042
nn15 11500000 11599999 1039
nn15 11600000 11699999 936
nn15 11700000 11799999 798
nn15 11800000 11899999 933
nn15 11900000 11999999 1008
nn15 12000000 12099999 806
nn15 12100000 12199999 1500
nn15 12200000 12299999 1159
nn15 12300000 12399999 1762
nn15 12400000 12499999 2243
nn15 12500000 12599999 1430
nn15 12600000 12699999 2149
nn15 12700000 12799999 679
nn15 12800000 12880243 94
nn16 0 99999 17719
nn16 100000 199999 1393
nn16 200000 299999 1944
nn16 300000 399999 1798
nn16 400000 499999 1784
nn16 500000 599999 947
nn16 600000 699999 1578
nn16 700000 799999 2248
nn16 800000 899999 2002
nn16 900000 999999 1756
nn16 1000000 1099999 1162
nn16 1100000 1199999 2205
nn16 1200000 1299999 998
nn16 1300000 1399999 2105
nn16 1400000 1499999 1310
nn16 1500000 1599999 496
nn16 1600000 1699999 770
nn16 1700000 1799999 983
nn16 1800000 1899999 2893
nn16 1900000 1999999 1724
nn16 2000000 2099999 915
nn16 2100000 2199999 1028
nn16 2200000 2299999 1374
nn16 2300000 2399999 2341
nn16 2400000 2499999 1514
nn16 2500000 2599999 667
nn16 2600000 2699999 685
nn16 2700000 2799999 863
nn16 2800000 2899999 753
nn16 2900000 2999999 703
nn16 3000000 3099999 806
nn16 3100000 3199999 684
nn16 3200000 3299999 822
nn16 3300000 3399999 811
nn16 3400000 3499999 826
nn16 3500000 3599999 812
nn16 3600000 3699999 795
nn16 3700000 3799999 765
nn16 3800000 3899999 653
nn16 3900000 3999999 746
nn16 4000000 4099999 609
nn16 4100000 4199999 2717
nn16 4200000 4299999 1001
nn16 4300000 4399999 1023
nn16 4400000 4499999 1002
nn16 4500000 4599999 831
nn16 4600000 4635106 0
nn17 0 99999 844
nn17 100000 199999 907
nn17 200000 299999 957
nn17 300000 399999 899
nn17 400000 499999 1026
nn17 500000 599999 882
nn17 600000 699999 702
nn17 700000 799999 757
nn17 800000 899999 699
nn17 900000 999999 1238
nn17 1000000 1099999 603
nn17 1100000 1199999 1094
nn17 1200000 1299999 953
nn17 1300000 1399999 1471
nn17 1400000 1499999 828
nn17 1500000 1599999 1037
nn17 1600000 1699999 1099
nn17 1700000 1799999 992
nn17 1800000 1899999 681
nn17 1900000 1999999 691
nn17 2000000 2099999 808
nn17 2100000 2199999 876
nn17 2200000 2299999 1248
nn17 2300000 2399999 1639
nn17 2400000 2499999 939
nn17 2500000 2599999 570
nn17 2600000 2699999 1078
nn17 2700000 2799999 1538
nn17 2800000 2899999 785
nn17 2900000 2999999 1326
nn17 3000000 3099999 975
nn17 3100000 3199999 1147
nn17 3200000 3299999 1265
nn17 3300000 3399999 1349
nn17 3400000 3499999 1041
nn17 3500000 3599999 936
nn17 3600000 3699999 901
nn17 3700000 3799999 773
nn17 3800000 3899999 994
nn17 3900000 3999999 1125
nn17 4000000 4099999 1066
nn17 4100000 4199999 949
nn17 4200000 4299999 805
nn17 4300000 4399999 1101
nn17 4400000 4499999 805
nn17 4500000 4599999 1226
nn17 4600000 4699999 844
nn17 4700000 4799999 911
nn17 4800000 4899999 1611
nn17 4900000 4999999 1099
nn17 5000000 5099999 782
nn17 5100000 5199999 806
nn17 5200000 5299999 1233
nn17 5300000 5399999 891
nn17 5400000 5499999 1244
nn17 5500000 5599999 1167
nn17 5600000 5699999 893
nn17 5700000 5799999 1062
nn17 5800000 5899999 1065
nn17 5900000 5999999 890
nn17 6000000 6099999 962
nn17 6100000 6199999 1150
nn17 6200000 6299999 1050
nn17 6300000 6399999 1766
nn17 6400000 6499999 1083
nn17 6500000 6599999 1510
nn17 6600000 6699999 891
nn17 6700000 6799999 1407
nn17 6800000 6899999 950
nn17 6900000 6999999 988
nn17 7000000 7099999 1089
nn17 7100000 7199999 820
nn17 7200000 7299999 1144
nn17 7300000 7399999 964
nn17 7400000 7499999 831
nn17 7500000 7599999 687
nn17 7600000 7699999 1011
nn17 7700000 7799999 967
nn17 7800000 7899999 1612
nn17 7900000 7999999 907
nn17 8000000 8099999 1667
nn17 8100000 8199999 832
nn17 8200000 8299999 723
nn17 8300000 8399999 1124
nn17 8400000 8499999 1053
nn17 8500000 8599999 817
nn17 8600000 8699999 897
nn17 8700000 8799999 637
nn17 8800000 8899999 715
nn17 8900000 8999999 676
nn17 9000000 9099999 709
nn17 9100000 9199999 640
nn17 9200000 9299999 1379
nn17 9300000 9399999 837
nn17 9400000 9499999 1175
nn17 9500000 9599999 553
nn17 9600000 9699999 823
nn17 9700000 9799999 1247
nn17 9800000 9899999 1005
nn17 9900000 9999999 852
nn17 10000000 10099999 1363
nn17 10100000 10199999 668
nn17 10200000 10299999 1715
nn17 10300000 10399999 885
nn17 10400000 10499999 10
nn17 10500000 10599999 50
nn17 10600000 10683667 172
nn18 0 99999 13300
nn18 100000 199999 875
nn18 200000 299999 796
nn18 300000 399999 989
nn18 400000 499999 720
nn18 500000 599999 753
nn18 600000 699999 769
nn18 700000 799999 949
nn18 800000 899999 1050
nn18 900000 999999 868
nn18 1000000 1099999 740
nn18 1100000 1199999 800
nn18 1200000 1299999 632
nn18 1300000 1399999 669
nn18 1400000 1499999 807
nn18 1500000 1599999 754
nn18 1600000 1699999 616
nn18 1700000 1799999 711
nn18 1800000 1899999 964
nn18 1900000 1999999 718
nn18 2000000 2099999 746
nn18 2100000 2199999 795
nn18 2200000 2299999 648
nn18 2300000 2399999 933
nn18 2400000 2499999 607
nn18 2500000 2599999 1188
nn18 2600000 2699999 1025
nn18 2700000 2799999 562
nn18 2800000 2899999 1080
nn18 2900000 2999999 1111
nn18 3000000 3099999 983
nn18 3100000 3199999 923
nn18 3200000 3299999 792
nn18 3300000 3399999 787
nn18 3400000 3499999 909
nn18 3500000 3599999 1371
nn18 3600000 3699999 1002
nn18 3700000 3799999 903
nn18 3800000 3899999 893
nn18 3900000 3999999 1754
nn18 4000000 4099999 996
nn18 4100000 4199999 1635
nn18 4200000 4299999 666
nn18 4300000 4399999 1017
nn18 4400000 4499999 1271
nn18 4500000 4599999 1342
nn18 4600000 4699999 1477
nn18 4700000 4799999 1401
nn18 4800000 4899999 1366
nn18 4900000 4999999 888
nn18 5000000 5099999 1710
nn18 5100000 5199999 2044
nn18 5200000 5299999 1672
nn18 5300000 5399999 784
nn18 5400000 5499999 990
nn18 5500000 5599999 1741
nn18 5600000 5699999 1592
nn18 5700000 5799999 1093
nn18 5800000 5899999 1058
nn18 5900000 5999999 1034
nn18 6000000 6099999 1012
nn18 6100000 6199999 639
nn18 6200000 6299999 1032
nn18 6300000 6399999 795
nn18 6400000 6499999 974
nn18 6500000 6599999 1276
nn18 6600000 6699999 948
nn18 6700000 6799999 1047
nn18 6800000 6899999 882
nn18 6900000 6999999 1288
nn18 7000000 7099999 1380
nn18 7100000 7199999 1182
nn18 7200000 7299999 692
nn18 7300000 7399999 1117
nn18 7400000 7499999 828
nn18 7500000 7599999 1316
nn18 7600000 7699999 934
nn18 7700000 7799999 776
nn18 7800000 7899999 980
nn18 7900000 7999999 740
nn18 8000000 8099999 764
nn18 8100000 8199999 1821
nn18 8200000 8299999 597
nn18 8300000 8399999 1069
nn18 8400000 8499999 953
nn18 8500000 8599999 1589
nn18 8600000 8699999 1092
nn18 8700000 8799999 1019
nn18 8800000 8899999 1096
nn18 8900000 8999999 2063
nn18 9000000 9099999 1406
nn18 9100000 9199999 681
nn18 9200000 9299999 1092
nn18 9300000 9399999 844
nn18 9400000 9499999 642
nn18 9500000 9599999 967
nn18 9600000 9699999 706
nn18 9700000 9799999 394
nn18 9800000 9899999 587
nn18 9900000 9999999 697
nn18 10000000 10099999 737
nn18 10100000 10199999 754
nn18 10200000 10299999 882
nn18 10300000 10399999 923
nn18 10400000 10499999 1446
nn18 10500000 10599999 971
nn18 10600000 10699999 665
nn18 10700000 10799999 735
nn18 10800000 10899999 649
nn18 10900000 10999999 0
nn18 11000000 11099999 30
nn18 11100000 11165485 2489
nn19 0 99999 1068
nn19 100000 199999 1579
nn19 200000 299999 864
nn19 300000 399999 679
nn19 400000 499999 807
nn19 500000 599999 986
nn19 600000 699999 1369
nn19 700000 799999 860
nn19 800000 899999 697
nn19 900000 999999 797
nn19 1000000 1099999 956
nn19 1100000 1199999 1062
nn19 1200000 1299999 1097
nn19 1300000 1399999 1149
nn19 1400000 1499999 880
nn19 1500000 1599999 872
nn19 1600000 1699999 1001
nn19 1700000 1799999 1215
nn19 1800000 1899999 1012
nn19 1900000 1999999 891
nn19 2000000 2099999 834
nn19 2100000 2199999 1384
nn19 2200000 2299999 1203
nn19 2300000 2399999 925
nn19 2400000 2499999 819
nn19 2500000 2599999 808
nn19 2600000 2699999 951
nn19 2700000 2799999 872
nn19 2800000 2899999 883
nn19 2900000 2999999 595
nn19 3000000 3099999 728
nn19 3100000 3199999 663
nn19 3200000 3299999 699
nn19 3300000 3399999 657
nn19 3400000 3499999 1273
nn19 3500000 3599999 721
nn19 3600000 3699999 800
nn19 3700000 3799999 678
nn19 3800000 3899999 598
nn19 3900000 3999999 830
nn19 4000000 4099999 1347
nn19 4100000 4199999 800
nn19 4200000 4299999 873
nn19 4300000 4399999 906
nn19 4400000 4499999 1368
nn19 4500000 4599999 1012
nn19 4600000 4699999 648
nn19 4700000 4799999 692
nn19 4800000 4899999 748
nn19 4900000 4999999 1229
nn19 5000000 5099999 696
nn19 5100000 5199999 874
nn19 5200000 5299999 945
nn19 5300000 5399999 883
nn19 5400000 5499999 876
nn19 5500000 5599999 1246
nn19 5600000 5699999 1186
nn19 5700000 5799999 1416
nn19 5800000 5899999 1085
nn19 5900000 5999999 1196
nn19 6000000 6099999 1405
nn19 6100000 6199999 1708
nn19 6200000 6299999 1808
nn19 6300000 6399999 855
nn19 6400000 6499999 853
nn19 6500000 6599999 1012
nn19 6600000 6699999 960
nn19 6700000 6799999 876
nn19 6800000 6899999 726
nn19 6900000 6999999 746
nn19 7000000 7099999 989
nn19 7100000 7199999 765
nn19 7200000 7299999 973
nn19 7300000 7399999 1096
nn19 7400000 7499999 1177
nn19 7500000 7599999 826
nn19 7600000 7699999 1274
nn19 7700000 7799999 792
nn19 7800000 7899999 1768
nn19 7900000 7999999 793
nn19 8000000 8099999 711
nn19 8100000 8199999 1061
nn19 8200000 8299999 979
nn19 8300000 8399999 825
nn19 8400000 8499999 1264
nn19 8500000 8599999 1326
nn19 8600000 8699999 1215
nn19 8700000 8799999 787
nn19 8800000 8899999 869
nn19 8900000 8999999 1653
nn19 9000000 9099999 890
nn19 9100000 9199999 937
nn19 9200000 9299999 673
nn19 9300000 9399999 1033
nn19 9400000 9499999 730
nn19 9500000 9599999 885
nn19 9600000 9699999 1000
nn19 9700000 9799999 969
nn19 9800000 9899999 657
nn19 9900000 9999999 944
nn19 10000000 10099999 1196
nn19 10100000 10199999 702
nn19 10200000 10254927 23278
nn20 0 99999 11410
nn20 100000 199999 669
nn20 200000 299999 846
nn20 300000 399999 850
nn20 400000 499999 1094
nn20 500000 599999 1027
nn20 600000 699999 653
nn20 700000 799999 1255
nn20 800000 899999 1132
nn20 900000 999999 1001
nn20 1000000 1099999 777
nn20 1100000 1199999 640
nn20 1200000 1299999 1264
nn20 1300000 1399999 920
nn20 1400000 1499999 1216
nn20 1500000 1599999 1266
nn20 1600000 1699999 785
nn20 1700000 1799999 806
nn20 1800000 1899999 955
nn20 1900000 1999999 882
nn20 2000000 2099999 1312
nn20 2100000 2199999 804
nn20 2200000 2299999 722
nn20 2300000 2399999 1349
nn20 2400000 2499999 970
nn20 2500000 2599999 1028
nn20 2600000 2699999 1093
nn20 2700000 2799999 940
nn20 2800000 2899999 861
nn20 2900000 2999999 939
nn20 3000000 3099999 990
nn20 3100000 3199999 1001
nn20 3200000 3299999 950
nn20 3300000 3399999 761
nn20 3400000 3499999 1120
nn20 3500000 3599999 1554
nn20 3600000 3699999 712
nn20 3700000 3799999 1245
nn20 3800000 3899999 1452
nn20 3900000 3999999 925
nn20 4000000 4099999 940
nn20 4100000 4199999 1353
nn20 4200000 4299999 1151
nn20 4300000 4399999 1193
nn20 4400000 4499999 1352
nn20 4500000 4599999 1773
nn20 4600000 4699999 1144
nn20 4700000 4799999 1328
nn20 4800000 4899999 1785
nn20 4900000 4999999 1093
nn20 5000000 5099999 1253
nn20 5100000 5199999 1021
nn20 5200000 5299999 1048
nn20 5300000 5399999 1247
nn20 5400000 5499999 1456
nn20 5500000 5599999 1339
nn20 5600000 5699999 950
nn20 5700000 5799999 796
nn20 5800000 5899999 825
nn20 5900000 5999999 2250
nn20 6000000 6099999 1153
nn20 6100000 6199999 706
nn20 6200000 6299999 998
nn20 6300000 6399999 1228
nn20 6400000 6499999 837
nn20 6500000 6599999 1387
nn20 6600000 6699999 943
nn20 6700000 6799999 1003
nn20 6800000 6899999 1316
nn20 6900000 6999999 1033
nn20 7000000 7099999 838
nn20 7100000 7199999 925
nn20 7200000 7299999 1057
nn20 7300000 7399999 1170
nn20 7400000 7499999 765
nn20 7500000 7599999 1074
nn20 7600000 7699999 1032
nn20 7700000 7799999 836
nn20 7800000 7899999 724
nn20 7900000 7999999 670
nn20 8000000 8099999 840
nn20 8100000 8199999 848
nn20 8200000 8299999 1090
nn20 8300000 8399999 846
nn20 8400000 8499999 1074
nn20 8500000 8599999 903
nn20 8600000 8699999 1239
nn20 8700000 8799999 843
nn20 8800000 8899999 1021
nn20 8900000 8999999 1477
nn20 9000000 9099999 1129
nn20 9100000 9199999 813
nn20 9200000 9299999 1091
nn20 9300000 9399999 2345
nn20 9400000 9499999 950
nn20 9500000 9599999 1519
nn20 9600000 9699999 1773
nn20 9700000 9799999 955
nn20 9800000 9899999 870
nn20 9900000 9999999 937
nn20 10000000 10099999 911
nn20 10100000 10199999 892
nn20 10200000 10299999 681
nn20 10300000 10399999 1070
nn20 10400000 10499999 966
nn20 10500000 10599999 1116
nn20 10600000 10699999 774
nn20 10700000 10799999 1020
nn20 10800000 10899999 804
nn20 10900000 10999999 791
nn20 11000000 11099999 882
nn20 11100000 11199999 737
nn20 11200000 11299999 1163
nn20 11300000 11399999 772
nn20 11400000 11499999 753
nn20 11500000 11599999 1760
nn20 11600000 11699999 1102
nn20 11700000 11799999 1056
nn20 11800000 11899999 1120
nn20 11900000 11999999 1102
nn20 12000000 12099999 1509
nn20 12100000 12199999 1881
nn20 12200000 12299999 1252
nn20 12300000 12399999 999
nn20 12400000 12499999 846
nn20 12500000 12599999 946
nn20 12600000 12699999 1108
nn20 12700000 12799999 952
nn20 12800000 12899999 721
nn20 12900000 12999999 719
nn20 13000000 13099999 646
nn20 13100000 13199999 1046
nn20 13200000 13299999 814
nn20 13300000 13399999 683
nn20 13400000 13499999 624
nn20 13500000 13599999 811
nn20 13600000 13699999 1014
nn20 13700000 13799999 992
nn20 13800000 13899999 619
nn20 13900000 13999999 852
nn20 14000000 14099999 1156
nn20 14100000 14199999 850
nn20 14200000 14299999 120
nn20 14300000 14399999 70
nn20 14400000 14499999 40
nn20 14500000 14599999 10
nn20 14600000 14699999 10
nn20 14700000 14769858 10210
nn21 0 99999 3506
nn21 100000 199999 1305
nn21 200000 299999 678
nn21 300000 399999 707
nn21 400000 499999 725
nn21 500000 599999 1013
nn21 600000 699999 1013
nn21 700000 799999 1099
nn21 800000 899999 1490
nn21 900000 999999 848
nn21 1000000 1099999 1425
nn21 1100000 1199999 1207
nn21 1200000 1299999 1277
nn21 1300000 1399999 844
nn21 1400000 1499999 921
nn21 1500000 1599999 782
nn21 1600000 1699999 1211
nn21 1700000 1799999 1129
nn21 1800000 1899999 580
nn21 1900000 1999999 1061
nn21 2000000 2099999 984
nn21 2100000 2199999 1136
nn21 2200000 2299999 793
nn21 2300000 2399999 867
nn21 2400000 2499999 853
nn21 2500000 2599999 864
nn21 2600000 2699999 827
nn21 2700000 2799999 1826
nn21 2800000 2899999 1559
nn21 2900000 2999999 1722
nn21 3000000 3099999 1019
nn21 3100000 3199999 693
nn21 3200000 3299999 951
nn21 3300000 3399999 524
nn21 3400000 3499999 1099
nn21 3500000 3599999 992
nn21 3600000 3699999 942
nn21 3700000 3799999 915
nn21 3800000 3899999 1316
nn21 3900000 3999999 1446
nn21 4000000 4099999 943
nn21 4100000 4199999 851
nn21 4200000 4299999 1567
nn21 4300000 4399999 1191
nn21 4400000 4499999 2339
nn21 4500000 4599999 1507
nn21 4600000 4699999 868
nn21 4700000 4799999 1031
nn21 4800000 4899999 1300
nn21 4900000 4999999 1167
nn21 5000000 5099999 821
nn21 5100000 5199999 906
nn21 5200000 5299999 945
nn21 5300000 5399999 682
nn21 5400000 5499999 766
nn21 5500000 5599999 781
nn21 5600000 5699999 755
nn21 5700000 5799999 609
nn21 5800000 5899999 1472
nn21 5900000 5999999 646
nn21 6000000 6099999 1769
nn21 6100000 6199999 1031
nn21 6200000 6299999 649
nn21 6300000 6399999 713
nn21 6400000 6499999 1140
nn21 6500000 6599999 2044
nn21 6600000 6699999 1134
nn21 6700000 6799999 1035
nn21 6800000 6899999 255
nn21 6900000 6999999 20
nn21 7000000 7099999 0
nn21 7100000 7199999 20
nn21 7200000 7299999 0
nn21 7300000 7395262 118
nn22 0 99999 13252
nn22 100000 199999 835
nn22 200000 299999 910
nn22 300000 399999 879
nn22 400000 499999 1295
nn22 500000 599999 853
nn22 600000 699999 1070
nn22 700000 799999 1076
nn22 800000 899999 765
nn22 900000 999999 764
nn22 1000000 1099999 698
nn22 1100000 1199999 1181
nn22 1200000 1299999 1780
nn22 1300000 1399999 2904
nn22 1400000 1499999 3907
nn22 1500000 1599999 2149
nn22 1600000 1699999 2159
nn22 1700000 1799999 1103
nn22 1800000 1899999 872
nn22 1900000 1999999 811
nn22 2000000 2099999 825
nn22 2100000 2199999 956
nn22 2200000 2299999 1012
nn22 2300000 2399999 2339
nn22 2400000 2499999 1104
nn22 2500000 2599999 1957
nn22 2600000 2699999 1519
nn22 2700000 2799999 985
nn22 2800000 2899999 928
nn22 2900000 2999999 901
nn22 3000000 3099999 918
nn22 3100000 3199999 1791
nn22 3200000 3299999 1143
nn22 3300000 3399999 2080
nn22 3400000 3499999 3228
nn22 3500000 3599999 2608
nn22 3600000 3699999 1657
nn22 3700000 3799999 1510
nn22 3800000 3899999 719
nn22 3900000 3999999 1376
nn22 4000000 4099999 814
nn22 4100000 4199999 1123
nn22 4200000 4299999 1087
nn22 4300000 4399999 916
nn22 4400000 4499999 747
nn22 4500000 4599999 761
nn22 4600000 4699999 1047
nn22 4700000 4799999 2521
nn22 4800000 4899999 1108
nn22 4900000 4999999 40
nn22 5000000 5099999 70
nn22 5100000 5199999 21
nn22 5200000 5238597 2441
nn23 0 99999 13638
nn23 100000 199999 821
nn23 200000 299999 883
nn23 300000 399999 820
nn23 400000 499999 1054
nn23 500000 599999 1152
nn23 600000 699999 1211
nn23 700000 799999 1816
nn23 800000 899999 1147
nn23 900000 999999 1127
nn23 1000000 1099999 954
nn23 1100000 1199999 942
nn23 1200000 1299999 802
nn23 1300000 1399999 1034
nn23 1400000 1499999 1140
nn23 1500000 1599999 1384
nn23 1600000 1699999 1254
nn23 1700000 1799999 1272
nn23 1800000 1899999 1277
nn23 1900000 1999999 1044
nn23 2000000 2099999 1390
nn23 2100000 2199999 977
nn23 2200000 2299999 996
nn23 2300000 2399999 1012
nn23 2400000 2499999 858
nn23 2500000 2599999 957
nn23 2600000 2699999 933
nn23 2700000 2799999 1000
nn23 2800000 2899999 890
nn23 2900000 2999999 1578
nn23 3000000 3099999 1177
nn23 3100000 3199999 1088
nn23 3200000 3299999 1211
nn23 3300000 3399999 1614
nn23 3400000 3499999 905
nn23 3500000 3599999 1813
nn23 3600000 3699999 1198
nn23 3700000 3799999 2044
nn23 3800000 3899999 2043
nn23 3900000 3999999 1564
nn23 4000000 4099999 733
nn23 4100000 4199999 693
nn23 4200000 4299999 906
nn23 4300000 4399999 714
nn23 4400000 4499999 1569
nn23 4500000 4599999 1742
nn23 4600000 4699999 1965
nn23 4700000 4799999 1299
nn23 4800000 4899999 1205
nn23 4900000 4999999 1111
nn23 5000000 5099999 1144
nn23 5100000 5199999 3178
nn23 5200000 5299999 2320
nn23 5300000 5399999 1023
nn23 5400000 5499999 1587
nn23 5500000 5599999 890
nn23 5600000 5699999 1010
nn23 5700000 5799999 1479
nn23 5800000 5899999 912
nn23 5900000 5999999 387
nn23 6000000 6099999 26
nn23 6100000 6199999 26
nn23 6200000 6299999 39
nn23 6300000 6329449 14585
nn24 0 99999 15366
nn24 100000 199999 1072
nn24 200000 299999 1221
nn24 300000 399999 1073
nn24 400000 499999 909
nn24 500000 599999 702
nn24 600000 699999 846
nn24 700000 799999 1294
nn24 800000 899999 823
nn24 900000 999999 1077
nn24 1000000 1099999 1357
nn24 1100000 1199999 661
nn24 1200000 1299999 809
nn24 1300000 1399999 1094
nn24 1400000 1499999 755
nn24 1500000 1599999 659
nn24 1600000 1699999 737
nn24 1700000 1799999 942
nn24 1800000 1899999 903
nn24 1900000 1999999 1204
nn24 2000000 2099999 1588
nn24 2100000 2199999 1396
nn24 2200000 2299999 1093
nn24 2300000 2399999 1086
nn24 2400000 2499999 1552
nn24 2500000 2599999 859
nn24 2600000 2699999 1156
nn24 2700000 2799999 708
nn24 2800000 2899999 538
nn24 2900000 2999999 775
nn24 3000000 3099999 695
nn24 3100000 3199999 854
nn24 3200000 3299999 1239
nn24 3300000 3399999 1482
nn24 3400000 3499999 1315
nn24 3500000 3599999 859
nn24 3600000 3699999 764
nn24 3700000 3799999 995
nn24 3800000 3899999 1275
nn24 3900000 3999999 860
nn24 4000000 4099999 1105
nn24 4100000 4199999 1635
nn24 4200000 4299999 1111
nn24 4300000 4399999 987
nn24 4400000 4499999 846
nn24 4500000 4599999 1357
nn24 4600000 4699999 1167
nn24 4700000 4799999 1246
nn24 4800000 4899999 890
nn24 4900000 4999999 1119
nn24 5000000 5099999 1210
nn24 5100000 5199999 963
nn24 5200000 5299999 906
nn24 5300000 5399999 984
nn24 5400000 5499999 849
nn24 5500000 5599999 985
nn24 5600000 5699999 919
nn24 5700000 5799999 927
nn24 5800000 5899999 839
nn24 5900000 5999999 579
nn24 6000000 6099999 747
nn24 6100000 6199999 1433
nn24 6200000 6299999 748
nn24 6300000 6399999 1629
nn24 6400000 6499999 101
nn24 6500000 6599999 10
nn24 6600000 6699999 23
nn24 6700000 6799999 0
nn24 6800000 6899999 418
nn24 6900000 6998170 598
nn25 0 99999 1360
nn25 100000 199999 950
nn25 200000 299999 2941
nn25 300000 399999 2194
nn25 400000 499999 1799
nn25 500000 599999 2273
nn25 600000 699999 1219
nn25 700000 799999 1691
nn25 800000 899999 3036
nn25 900000 999999 1727
nn25 1000000 1099999 3981
nn25 1100000 1199999 5280
nn25 1200000 1299999 3280
nn25 1300000 1399999 3001
nn25 1400000 1499999 1442
nn25 1500000 1599999 989
nn25 1600000 1699999 1908
nn25 1700000 1799999 2385
nn25 1800000 1899999 1822
nn25 1900000 1999999 1218
nn25 2000000 2099999 1603
nn25 2100000 2199999 844
nn25 2200000 2299999 2264
nn25 2300000 2399999 3629
nn25 2400000 2499999 2580
nn25 2500000 2599999 1692
nn25 2600000 2699999 3240
nn25 2700000 2799999 1090
nn25 2800000 2899999 1209
nn25 2900000 2999999 573
nn25 3000000 3099999 995
nn25 3100000 3199999 1072
nn25 3200000 3299999 2227
nn25 3300000 3399999 1094
nn25 3400000 3499999 2843
nn25 3500000 3599999 1328
nn25 3600000 3699999 12401
nn25 3700000 3799999 2984
nn25 3800000 3899999 1275
nn25 3900000 3999999 1319
nn25 4000000 4099999 264
nn25 4100000 4199999 105
nn25 4200000 4299999 42
nn25 4300000 4333314 116
nn26 0 99999 1070
nn26 100000 199999 1023
nn26 200000 299999 869
nn26 300000 399999 922
nn26 400000 499999 685
nn26 500000 599999 935
nn26 600000 699999 1327
nn26 700000 799999 1229
nn26 800000 899999 783
nn26 900000 999999 515
nn26 1000000 1099999 613
nn26 1100000 1199999 1783
nn26 1200000 1299999 2384
nn26 1300000 1399999 3165
nn26 1400000 1499999 1597
nn26 1500000 1599999 913
nn26 1600000 1699999 1378
nn26 1700000 1799999 1244
nn26 1800000 1899999 1191
nn26 1900000 1999999 1246
nn26 2000000 2099999 1696
nn26 2100000 2199999 1449
nn26 2200000 2299999 1351
nn26 2300000 2399999 1135
nn26 2400000 2499999 1120
nn26 2500000 2599999 1187
nn26 2600000 2699999 774
nn26 2700000 2799999 980
nn26 2800000 2899999 809
nn26 2900000 2999999 1210
nn26 3000000 3099999 1403
nn26 3100000 3199999 1153
nn26 3200000 3299999 1043
nn26 3300000 3399999 794
nn26 3400000 3499999 1427
nn26 3500000 3599999 1065
nn26 3600000 3699999 2583
nn26 3700000 3799999 1047
nn26 3800000 3899999 873
nn26 3900000 3999999 1450
nn26 4000000 4099999 1043
nn26 4100000 4199999 1132
nn26 4200000 4299999 757
nn26 4300000 4399999 833
nn26 4400000 4499999 1842
nn26 4500000 4599999 1970
nn26 4600000 4699999 778
nn26 4700000 4799999 1107
nn26 4800000 4899999 2020
nn26 4900000 4999999 2024
nn26 5000000 5099999 1276
nn26 5100000 5199999 1079
nn26 5200000 5299999 1254
nn26 5300000 5399999 1106
nn26 5400000 5499999 22
nn26 5500000 5599999 0
nn26 5600000 5699999 141
nn26 5700000 5799999 50
nn26 5800000 5899999 0
nn26 5900000 5993406 128
nn27 0 99999 12245
nn27 100000 199999 916
nn27 200000 299999 986
nn27 300000 399999 964
nn27 400000 499999 1012
nn27 500000 599999 1088
nn27 600000 699999 897
nn27 700000 799999 845
nn27 800000 899999 3410
nn27 900000 999999 909
nn27 1000000 1099999 2305
nn27 1100000 1199999 1413
nn27 1200000 1299999 2535
nn27 1300000 1399999 3018
nn27 1400000 1499999 2555
nn27 1500000 1599999 2137
nn27 1600000 1699999 2423
nn27 1700000 1799999 3681
nn27 1800000 1899999 5103
nn27 1900000 1999999 1824
nn27 2000000 2099999 999
nn27 2100000 2199999 1727
nn27 2200000 2299999 1200
nn27 2300000 2399999 937
nn27 2400000 2499999 3458
nn27 2500000 2599999 3746
nn27 2600000 2699999 3367
nn27 2700000 2799999 1130
nn27 2800000 2899999 998
nn27 2900000 2999999 1186
nn27 3000000 3099999 814
nn27 3100000 3199999 903
nn27 3200000 3299999 1000
nn27 3300000 3399999 1332
nn27 3400000 3499999 936
nn27 3500000 3599999 806
nn27 3600000 3699999 666
nn27 3700000 3799999 1423
nn27 3800000 3899999 1497
nn27 3900000 3999999 1629
nn27 4000000 4099999 1275
nn27 4100000 4199999 2648
nn27 4200000 4299999 825
nn27 4300000 4399999 1261
nn27 4400000 4499999 564
nn27 4500000 4599999 1039
nn27 4600000 4699999 853
nn27 4700000 4799999 1065
nn27 4800000 4899999 494
nn27 4900000 4999999 742
nn27 5000000 5099999 870
nn27 5100000 5199999 765
nn27 5200000 5299999 664
nn27 5300000 5399999 1572
nn27 5400000 5499999 1020
nn27 5500000 5599999 1100
nn27 5600000 5699999 723
nn27 5700000 5799999 385
nn27 5800000 5899999 0
nn27 5900000 5999999 61
nn27 6000000 6099999 50
nn27 6100000 6199999 20
nn27 6200000 6242314 104
nn28 0 99999 1874
nn28 100000 199999 1064
nn28 200000 299999 1310
nn28 300000 399999 1193
nn28 400000 499999 1932
nn28 500000 599999 1116
nn28 600000 699999 1034
nn28 700000 799999 919
nn28 800000 899999 555
nn28 900000 999999 1320
nn28 1000000 1099999 2249
nn28 1100000 1199999 1415
nn28 1200000 1299999 880
nn28 1300000 1399999 1391
nn28 1400000 1499999 1283
nn28 1500000 1599999 2044
nn28 1600000 1699999 3117
nn28 1700000 1799999 1776
nn28 1800000 1899999 2865
nn28 1900000 1999999 2353
nn28 2000000 2099999 1058
nn28 2100000 2199999 1644
nn28 2200000 2299999 1519
nn28 2300000 2399999 1094
nn28 2400000 2499999 1709
nn28 2500000 2599999 2109
nn28 2600000 2699999 4710
nn28 2700000 2799999 1958
nn28 2800000 2899999 1662
nn28 2900000 2999999 1117
nn28 3000000 3099999 1928
nn28 3100000 3199999 984
nn28 3200000 3299999 995
nn28 3300000 3399999 916
nn28 3400000 3499999 1217
nn28 3500000 3599999 2408
nn28 3600000 3699999 1701
nn28 3700000 3799999 1754
nn28 3800000 3899999 3390
nn28 3900000 3999999 1337
nn28 4000000 4099999 1392
nn28 4100000 4199999 1271
nn28 4200000 4299999 780
nn28 4300000 4399999 1217
nn28 4400000 4499999 669
nn28 4500000 4599999 668
nn28 4600000 4699999 841
nn28 4700000 4799999 943
nn28 4800000 4899999 1441
nn28 4900000 4999999 507
nn28 5000000 5099999 231
nn28 5100000 5199999 40
nn28 5200000 5299999 20
nn28 5300000 5399999 10
nn28 5400000 5499999 0
nn28 5500000 5598070 12768
nn29 0 99999 16886
nn29 100000 199999 1463
nn29 200000 299999 2809
nn29 300000 399999 2793
nn29 400000 499999 2193
nn29 500000 599999 816
nn29 600000 699999 1023
nn29 700000 799999 1983
nn29 800000 899999 1745
nn29 900000 999999 2982
nn29 1000000 1099999 1427
nn29 1100000 1199999 2271
nn29 1200000 1299999 2575
nn29 1300000 1399999 2490
nn29 1400000 1499999 1457
nn29 1500000 1599999 1511
nn29 1600000 1699999 2361
nn29 1700000 1799999 1664
nn29 1800000 1899999 1759
nn29 1900000 1999999 1831
nn29 2000000 2099999 1111
nn29 2100000 2199999 1814
nn29 2200000 2299999 2183
nn29 2300000 2399999 2179
nn29 2400000 2499999 1652
nn29 2500000 2599999 2936
nn29 2600000 2699999 2189
nn29 2700000 2799999 3032
nn29 2800000 2899999 2783
nn29 2900000 2999999 1957
nn29 3000000 3099999 2217
nn29 3100000 3199999 2003
nn29 3200000 3299999 1667
nn29 3300000 3399999 1947
nn29 3400000 3499999 1432
nn29 3500000 3502936 10
nn30 0 99999 13839
nn30 100000 199999 2209
nn30 200000 299999 2436
nn30 300000 399999 3544
nn30 400000 499999 1991
nn30 500000 599999 1986
nn30 600000 699999 2019
nn30 700000 799999 2465
nn30 800000 899999 4668
nn30 900000 999999 2729
nn30 1000000 1099999 3232
nn30 1100000 1199999 1841
nn30 1200000 1299999 1610
nn30 1300000 1399999 995
nn30 1400000 1499999 979
nn30 1500000 1599999 803
nn30 1600000 1699999 783
nn30 1700000 1799999 649
nn30 1800000 1899999 40
nn30 1900000 1999999 10
nn30 2000000 2072913 0
nn31 0 99999 2545
nn31 100000 199999 2432
nn31 200000 299999 2163
nn31 300000 399999 2671
nn31 400000 499999 752
nn31 500000 599999 2083
nn31 600000 699999 570
nn31 700000 799999 748
nn31 800000 899999 804
nn31 900000 999999 559
nn31 1000000 1099999 932
nn31 1100000 1199999 1232
nn31 1200000 1299999 1608
nn31 1300000 1399999 285
nn31 1400000 1499999 2501
nn31 1500000 1599999 1672
nn31 1600000 1699999 649
nn31 1700000 1799999 959
nn31 1800000 1899999 2089
nn31 1900000 1999999 1729
nn31 2000000 2099999 12
nn31 2100000 2199999 13
nn31 2200000 2299999 13
nn31 2300000 2399999 10
nn31 2400000 2403615 0
nn32 0 99999 1943
nn32 100000 199999 2913
nn32 200000 299999 2623
nn32 300000 399999 3942
nn32 400000 499999 2856
nn32 500000 599999 2514
nn32 600000 699999 2254
nn32 700000 799999 1652
nn32 800000 899999 3578
nn32 900000 999999 3379
nn32 1000000 1099999 2480
nn32 1100000 1199999 5479
nn32 1200000 1299999 2415
nn32 1300000 1399999 4635
nn32 1400000 1499999 4714
nn32 1500000 1599999 947
nn32 1600000 1699999 806
nn32 1700000 1799999 659
nn32 1800000 1899999 658
nn32 1900000 1999999 2689
nn32 2000000 2099999 2300
nn32 2100000 2199999 2631
nn32 2200000 2299999 2419
nn32 2300000 2399999 2517
nn32 2400000 2499999 1531
nn32 2500000 2599999 40
nn32 2600000 2699999 20
nn32 2700000 2799999 9513
nn32 2800000 2803647 3648
nn33 0 99999 3222
nn33 100000 199999 2017
nn33 200000 299999 2141
nn33 300000 399999 2656
nn33 400000 499999 3204
nn33 500000 599999 4176
nn33 600000 699999 2438
nn33 700000 799999 969
nn33 800000 899999 1081
nn33 900000 999999 984
nn33 1000000 1099999 1738
nn33 1100000 1199999 3303
nn33 1200000 1299999 4792
nn33 1300000 1399999 7847
nn33 1400000 1499999 2744
nn33 1500000 1599999 2372
nn33 1600000 1699999 2331
nn33 1700000 1799999 5415
nn33 1800000 1899999 3313
nn33 1900000 1999999 2979
nn33 2000000 2099999 1294
nn33 2100000 2199999 643
nn33 2200000 2299999 1183
nn33 2300000 2399999 1687
nn33 2400000 2499999 3187
nn33 2500000 2599999 5522
nn33 2600000 2699999 3029
nn33 2700000 2799999 2870
nn33 2800000 2899999 4640
nn33 2900000 2999999 1809
nn33 3000000 3099999 20
nn33 3100000 3199999 0
nn33 3200000 3299999 10
nn33 3300000 3399999 20
nn33 3400000 3483575 13918
nn34 0 99999 1691
nn34 100000 199999 672
nn34 200000 299999 959
nn34 300000 399999 3037
nn34 400000 499999 3259
nn34 500000 599999 1657
nn34 600000 699999 640
nn34 700000 799999 327
nn34 800000 899999 958
nn34 900000 999999 2231
nn34 1000000 1099999 814
nn34 1100000 1199999 1398
nn34 1200000 1299999 530
nn34 1300000 1399999 880
nn34 1400000 1499999 839
nn34 1500000 1599999 588
nn34 1600000 1699999 40
nn34 1700000 1799999 0
nn34 1800000 1899999 11
nn34 1900000 1999999 21
nn34 2000000 2037436 2224
nn35 0 99999 1679
nn35 100000 199999 2013
nn35 200000 299999 2284
nn35 300000 399999 2431
nn35 400000 499999 2159
nn35 500000 599999 1763
nn35 600000 699999 1563
nn35 700000 799999 1799
nn35 800000 899999 6960
nn35 900000 999999 2213
nn35 1000000 1099999 2464
nn35 1100000 1199999 2255
nn35 1200000 1299999 1153
nn35 1300000 1399999 2563
nn35 1400000 1499999 1640
nn35 1500000 1599999 1291
nn35 1600000 1699999 107
nn35 1700000 1799999 10
nn35 1800000 1899999 363
nn35 1900000 1948696 15084
nn36 0 99999 5168
nn36 100000 199999 1844
nn36 200000 299999 634
nn36 300000 399999 1148
nn36 400000 499999 1088
nn36 500000 599999 2290
nn36 600000 699999 1920
nn36 700000 799999 1262
nn36 800000 899999 681
nn36 900000 999999 1098
nn36 1000000 1099999 1207
nn36 1100000 1199999 1048
nn36 1200000 1299999 1177
nn36 1300000 1399999 810
nn36 1400000 1499999 1325
nn36 1500000 1599999 98
nn36 1600000 1648179 33
nn37 0 99999 4913
nn37 100000 199999 4442
nn37 200000 299999 3078
nn37 300000 399999 3923
nn37 400000 499999 1363
nn37 500000 599999 1470
nn37 600000 699999 1755
nn37 700000 799999 18119
nn37 800000 899999 1549
nn37 900000 999999 306
nn37 1000000 1099999 533
nn37 1100000 1199999 1143
nn37 1200000 1299999 1199
nn37 1300000 1399999 1166
nn37 1400000 1499999 1037
nn37 1500000 1599999 0
nn37 1600000 1699999 0
nn37 1700000 1799999 0
nn37 1800000 1899999 10537
nn37 1900000 1903433 3224
nn38 0 99999 1542
nn38 100000 199999 1546
nn38 200000 299999 1458
nn38 300000 399999 807
nn38 400000 499999 2096
nn38 500000 599999 2286
nn38 600000 699999 852
nn38 700000 799999 1436
nn38 800000 899999 487
nn38 900000 999999 10
nn38 1000000 1099999 10
nn38 1100000 1199999 10
nn38 1200000 1299999 20
nn38 1300000 1399999 104
nn38 1400000 1499999 1670
nn38 1500000 1599999 915
nn38 1600000 1699999 585
nn38 1700000 1799999 81
nn38 1800000 1899999 10
nn38 1900000 1999999 13
nn38 2000000 2099999 0
nn38 2100000 2199999 0
nn38 2200000 2229092 5301
nnZ 0 99999 1627
nnZ 100000 199999 758
nnZ 200000 299999 1231
nnZ 300000 399999 1685
nnZ 400000 499999 1389
nnZ 500000 599999 861
nnZ 600000 699999 878
nnZ 700000 799999 547
nnZ 800000 899999 2568
nnZ 900000 999999 1075
nnZ 1000000 1099999 1223
nnZ 1100000 1199999 891
nnZ 1200000 1299999 721
nnZ 1300000 1399999 742
nnZ 1400000 1499999 2299
nnZ 1500000 1599999 1715
nnZ 1600000 1699999 1319
nnZ 1700000 1799999 546
nnZ 1800000 1899999 445
nnZ 1900000 1999999 658
nnZ 2000000 2099999 1267
nnZ 2100000 2199999 496
nnZ 2200000 2299999 429
nnZ 2300000 2399999 580
nnZ 2400000 2499999 852
nnZ 2500000 2599999 1103
nnZ 2600000 2699999 1931
nnZ 2700000 2799999 679
nnZ 2800000 2899999 438
nnZ 2900000 2999999 756
nnZ 3000000 3099999 749
nnZ 3100000 3199999 1563
nnZ 3200000 3299999 1259
nnZ 3300000 3399999 602
nnZ 3400000 3499999 597
nnZ 3500000 3599999 612
nnZ 3600000 3699999 1035
nnZ 3700000 3799999 758
nnZ 3800000 3899999 1036
nnZ 3900000 3999999 1248
nnZ 4000000 4099999 2294
nnZ 4100000 4199999 1106
nnZ 4200000 4299999 1619
nnZ 4300000 4399999 1393
nnZ 4400000 4499999 1357
nnZ 4500000 4599999 1257
nnZ 4600000 4699999 1360
nnZ 4700000 4799999 928
nnZ 4800000 4899999 998
nnZ 4900000 4999999 1063
nnZ 5000000 5099999 974
nnZ 5100000 5199999 1050
nnZ 5200000 5299999 1139
nnZ 5300000 5399999 1869
nnZ 5400000 5499999 1090
nnZ 5500000 5599999 1145
nnZ 5600000 5699999 1036
nnZ 5700000 5799999 1360
nnZ 5800000 5899999 1003
nnZ 5900000 5999999 1440
nnZ 6000000 6099999 1629
nnZ 6100000 6199999 1034
nnZ 6200000 6299999 1707
nnZ 6300000 6399999 1913
nnZ 6400000 6499999 882
nnZ 6500000 6599999 1027
nnZ 6600000 6699999 1440
nnZ 6700000 6799999 1347
nnZ 6800000 6899999 1449
nnZ 6900000 6999999 2632
nnZ 7000000 7099999 1599
nnZ 7100000 7199999 1521
nnZ 7200000 7299999 2703
nnZ 7300000 7399999 1242
nnZ 7400000 7499999 2798
nnZ 7500000 7599999 1986
nnZ 7600000 7699999 2456
nnZ 7700000 7799999 2711
nnZ 7800000 7899999 2399
nnZ 7900000 7999999 2753
nnZ 8000000 8099999 2421
nnZ 8100000 8199999 2104
nnZ 8200000 8299999 2542
nnZ 8300000 8399999 1656
nnZ 8400000 8499999 2844
nnZ 8500000 8599999 1745
nnZ 8600000 8699999 1979
nnZ 8700000 8799999 1896
nnZ 8800000 8899999 1353
nnZ 8900000 8999999 1466
nnZ 9000000 9099999 1708
nnZ 9100000 9199999 1566
nnZ 9200000 9299999 1824
nnZ 9300000 9399999 1281
nnZ 9400000 9499999 1486
nnZ 9500000 9599999 1241
nnZ 9600000 9699999 1957
nnZ 9700000 9799999 1455
nnZ 9800000 9899999 2265
nnZ 9900000 9999999 3358
nnZ 10000000 10099999 1145
nnZ 10100000 10199999 1467
nnZ 10200000 10299999 1647
nnZ 10300000 10399999 1231
nnZ 10400000 10499999 914
nnZ 10500000 10599999 828
nnZ 10600000 10699999 1917
nnZ 10700000 10799999 960
nnZ 10800000 10899999 1359
nnZ 10900000 10999999 771
nnZ 11000000 11099999 1238
nnZ 11100000 11199999 1584
nnZ 11200000 11299999 1373
nnZ 11300000 11399999 1031
nnZ 11400000 11499999 1935
nnZ 11500000 11599999 1024
nnZ 11600000 11699999 1237
nnZ 11700000 11799999 1103
nnZ 11800000 11899999 633
nnZ 11900000 11999999 1059
nnZ 12000000 12099999 1148
nnZ 12100000 12199999 2602
nnZ 12200000 12299999 1020
nnZ 12300000 12399999 715
nnZ 12400000 12499999 977
nnZ 12500000 12599999 829
nnZ 12600000 12699999 1447
nnZ 12700000 12799999 836
nnZ 12800000 12899999 1150
nnZ 12900000 12999999 1175
nnZ 13000000 13099999 1041
nnZ 13100000 13199999 1107
nnZ 13200000 13299999 1385
nnZ 13300000 13399999 1725
nnZ 13400000 13499999 1085
nnZ 13500000 13599999 997
nnZ 13600000 13699999 885
nnZ 13700000 13799999 713
nnZ 13800000 13899999 939
nnZ 13900000 13999999 1189
nnZ 14000000 14099999 1163
nnZ 14100000 14199999 3093
nnZ 14200000 14299999 2663
nnZ 14300000 14399999 1448
nnZ 14400000 14499999 1670
nnZ 14500000 14599999 1115
nnZ 14600000 14699999 1724
nnZ 14700000 14799999 1932
nnZ 14800000 14899999 1392
nnZ 14900000 14999999 3091
nnZ 15000000 15099999 1059
nnZ 15100000 15199999 2426
nnZ 15200000 15299999 1211
nnZ 15300000 15399999 1292
nnZ 15400000 15499999 1319
nnZ 15500000 15599999 1156
nnZ 15600000 15699999 1519
nnZ 15700000 15799999 1027
nnZ 15800000 15899999 645
nnZ 15900000 15999999 1564
nnZ 16000000 16099999 1368
nnZ 16100000 16199999 1889
nnZ 16200000 16299999 834
nnZ 16300000 16399999 1557
nnZ 16400000 16499999 1182
nnZ 16500000 16599999 1655
nnZ 16600000 16699999 993
nnZ 16700000 16799999 1132
nnZ 16800000 16899999 2046
nnZ 16900000 16999999 908
nnZ 17000000 17099999 1212
nnZ 17100000 17199999 1154
nnZ 17200000 17299999 995
nnZ 17300000 17399999 1914
nnZ 17400000 17499999 2081
nnZ 17500000 17599999 1870
nnZ 17600000 17699999 900
nnZ 17700000 17799999 1137
nnZ 17800000 17899999 1442
nnZ 17900000 17999999 1495
nnZ 18000000 18099999 1127
nnZ 18100000 18199999 2480
nnZ 18200000 18299999 1705
nnZ 18300000 18399999 2435
nnZ 18400000 18499999 2124
nnZ 18500000 18599999 1569
nnZ 18600000 18699999 2037
nnZ 18700000 18799999 1119
nnZ 18800000 18899999 1459
nnZ 18900000 18999999 1899
nnZ 19000000 19099999 1769
nnZ 19100000 19199999 1999
nnZ 19200000 19299999 1483
nnZ 19300000 19399999 1804
nnZ 19400000 19499999 2367
nnZ 19500000 19599999 2378
nnZ 19600000 19699999 1269
nnZ 19700000 19799999 1258
nnZ 19800000 19899999 454
nnZ 19900000 19999999 448
nnZ 20000000 20099999 1446
nnZ 20100000 20199999 1975
nnZ 20200000 20299999 1760
nnZ 20300000 20399999 1096
nnZ 20400000 20499999 1496
nnZ 20500000 20599999 1232
nnZ 20600000 20699999 1846
nnZ 20700000 20799999 1440
nnZ 20800000 20899999 1922
nnZ 20900000 20999999 1781
nnZ 21000000 21099999 3085
nnZ 21100000 21199999 1824
nnZ 21200000 21299999 2541
nnZ 21300000 21399999 1185
nnZ 21400000 21499999 1938
nnZ 21500000 21599999 1013
nnZ 21600000 21699999 1417
nnZ 21700000 21799999 1379
nnZ 21800000 21899999 1871
nnZ 21900000 21999999 996
nnZ 22000000 22099999 1594
nnZ 22100000 22199999 2095
nnZ 22200000 22299999 1289
nnZ 22300000 22399999 1034
nnZ 22400000 22499999 950
nnZ 22500000 22599999 2164
nnZ 22600000 22699999 1244
nnZ 22700000 22799999 831
nnZ 22800000 22899999 1111
nnZ 22900000 22999999 1023
nnZ 23000000 23099999 1061
nnZ 23100000 23199999 1088
nnZ 23200000 23299999 1035
nnZ 23300000 23399999 1254
nnZ 23400000 23499999 1038
nnZ 23500000 23599999 1310
nnZ 23600000 23699999 3331
nnZ 23700000 23799999 831
nnZ 23800000 23899999 1005
nnZ 23900000 23999999 1655
nnZ 24000000 24099999 1218
nnZ 24100000 24199999 1118
nnZ 24200000 24299999 1106
nnZ 24300000 24399999 995
nnZ 24400000 24499999 1016
nnZ 24500000 24599999 2183
nnZ 24600000 24699999 1524
nnZ 24700000 24799999 1054
nnZ 24800000 24899999 907
nnZ 24900000 24999999 1416
nnZ 25000000 25099999 865
nnZ 25100000 25199999 1011
nnZ 25200000 25299999 690
nnZ 25300000 25399999 716
nnZ 25400000 25499999 1040
nnZ 25500000 25599999 1275
nnZ 25600000 25699999 1165
nnZ 25700000 25799999 706
nnZ 25800000 25899999 793
nnZ 25900000 25999999 993
nnZ 26000000 26099999 1048
nnZ 26100000 26199999 1590
nnZ 26200000 26299999 918
nnZ 26300000 26399999 2116
nnZ 26400000 26499999 1110
nnZ 26500000 26599999 672
nnZ 26600000 26699999 2123
nnZ 26700000 26799999 2131
nnZ 26800000 26899999 1987
nnZ 26900000 26999999 632
nnZ 27000000 27099999 870
nnZ 27100000 27199999 1681
nnZ 27200000 27299999 1573
nnZ 27300000 27399999 1880
nnZ 27400000 27499999 2063
nnZ 27500000 27599999 1065
nnZ 27600000 27699999 1273
nnZ 27700000 27799999 1274
nnZ 27800000 27899999 1036
nnZ 27900000 27999999 1044
nnZ 28000000 28099999 1507
nnZ 28100000 28199999 1469
nnZ 28200000 28299999 1446
nnZ 28300000 28399999 1492
nnZ 28400000 28499999 1220
nnZ 28500000 28599999 3389
nnZ 28600000 28699999 1647
nnZ 28700000 28799999 2022
nnZ 28800000 28899999 1616
nnZ 28900000 28999999 1978
nnZ 29000000 29099999 1685
nnZ 29100000 29199999 1542
nnZ 29200000 29299999 2270
nnZ 29300000 29399999 1895
nnZ 29400000 29499999 1189
nnZ 29500000 29599999 1167
nnZ 29600000 29699999 605
nnZ 29700000 29799999 2221
nnZ 29800000 29899999 1948
nnZ 29900000 29999999 1032
nnZ 30000000 30099999 1066
nnZ 30100000 30199999 1459
nnZ 30200000 30299999 1033
nnZ 30300000 30399999 1402
nnZ 30400000 30499999 1364
nnZ 30500000 30599999 1520
nnZ 30600000 30699999 949
nnZ 30700000 30799999 1347
nnZ 30800000 30899999 1593
nnZ 30900000 30999999 1541
nnZ 31000000 31099999 1041
nnZ 31100000 31199999 1121
nnZ 31200000 31299999 2585
nnZ 31300000 31399999 1005
nnZ 31400000 31499999 791
nnZ 31500000 31599999 1172
nnZ 31600000 31699999 958
nnZ 31700000 31799999 821
nnZ 31800000 31899999 1510
nnZ 31900000 31999999 1254
nnZ 32000000 32099999 515
nnZ 32100000 32199999 544
nnZ 32200000 32299999 1837
nnZ 32300000 32399999 2851
nnZ 32400000 32499999 774
nnZ 32500000 32599999 1284
nnZ 32600000 32699999 745
nnZ 32700000 32799999 1051
nnZ 32800000 32899999 2188
nnZ 32900000 32999999 1340
nnZ 33000000 33099999 1390
nnZ 33100000 33199999 2442
nnZ 33200000 33299999 1656
nnZ 33300000 33399999 2274
nnZ 33400000 33499999 3030
nnZ 33500000 33599999 1240
nnZ 33600000 33699999 1258
nnZ 33700000 33799999 1164
nnZ 33800000 33899999 1240
nnZ 33900000 33999999 832
nnZ 34000000 34099999 1064
nnZ 34100000 34199999 980
nnZ 34200000 34299999 2256
nnZ 34300000 34399999 1331
nnZ 34400000 34499999 1156
nnZ 34500000 34599999 1972
nnZ 34600000 34699999 910
nnZ 34700000 34799999 1181
nnZ 34800000 34899999 1295
nnZ 34900000 34999999 893
nnZ 35000000 35099999 1157
nnZ 35100000 35199999 1746
nnZ 35200000 35299999 1651
nnZ 35300000 35399999 1220
nnZ 35400000 35499999 967
nnZ 35500000 35599999 1066
nnZ 35600000 35699999 1834
nnZ 35700000 35799999 1008
nnZ 35800000 35899999 754
nnZ 35900000 35999999 897
nnZ 36000000 36099999 1034
nnZ 36100000 36199999 1241
nnZ 36200000 36299999 1053
nnZ 36300000 36399999 1756
nnZ 36400000 36499999 1785
nnZ 36500000 36599999 1235
nnZ 36600000 36699999 1591
nnZ 36700000 36799999 3668
nnZ 36800000 36899999 1956
nnZ 36900000 36999999 1022
nnZ 37000000 37099999 1397
nnZ 37100000 37199999 1535
nnZ 37200000 37299999 1555
nnZ 37300000 37399999 1601
nnZ 37400000 37499999 1112
nnZ 37500000 37599999 1617
nnZ 37600000 37699999 1419
nnZ 37700000 37799999 1732
nnZ 37800000 37899999 1296
nnZ 37900000 37999999 951
nnZ 38000000 38099999 1436
nnZ 38100000 38199999 1027
nnZ 38200000 38299999 939
nnZ 38300000 38399999 929
nnZ 38400000 38499999 1265
nnZ 38500000 38599999 1332
nnZ 38600000 38699999 1218
nnZ 38700000 38799999 999
nnZ 38800000 38899999 1177
nnZ 38900000 38999999 1237
nnZ 39000000 39099999 1254
nnZ 39100000 39199999 1290
nnZ 39200000 39299999 1580
nnZ 39300000 39399999 922
nnZ 39400000 39499999 1677
nnZ 39500000 39599999 1228
nnZ 39600000 39699999 1792
nnZ 39700000 39799999 1348
nnZ 39800000 39899999 1597
nnZ 39900000 39999999 1342
nnZ 40000000 40099999 2797
nnZ 40100000 40199999 1476
nnZ 40200000 40299999 1613
nnZ 40300000 40399999 2084
nnZ 40400000 40499999 1547
nnZ 40500000 40599999 2205
nnZ 40600000 40699999 2136
nnZ 40700000 40799999 1983
nnZ 40800000 40899999 1237
nnZ 40900000 40999999 2124
nnZ 41000000 41099999 1476
nnZ 41100000 41199999 2038
nnZ 41200000 41299999 2630
nnZ 41300000 41399999 2465
nnZ 41400000 41499999 2352
nnZ 41500000 41599999 1138
nnZ 41600000 41699999 2561
nnZ 41700000 41799999 1238
nnZ 41800000 41899999 1452
nnZ 41900000 41999999 1455
nnZ 42000000 42099999 1789
nnZ 42100000 42199999 1263
nnZ 42200000 42299999 2172
nnZ 42300000 42399999 1026
nnZ 42400000 42499999 827
nnZ 42500000 42599999 1326
nnZ 42600000 42699999 1452
nnZ 42700000 42799999 1417
nnZ 42800000 42899999 877
nnZ 42900000 42999999 1467
nnZ 43000000 43099999 1707
nnZ 43100000 43199999 1707
nnZ 43200000 43299999 1321
nnZ 43300000 43399999 2948
nnZ 43400000 43499999 1792
nnZ 43500000 43599999 2314
nnZ 43600000 43699999 1715
nnZ 43700000 43799999 1501
nnZ 43800000 43899999 1078
nnZ 43900000 43999999 1231
nnZ 44000000 44099999 1582
nnZ 44100000 44199999 2122
nnZ 44200000 44299999 1493
nnZ 44300000 44399999 1386
nnZ 44400000 44499999 1441
nnZ 44500000 44599999 660
nnZ 44600000 44699999 881
nnZ 44700000 44799999 1138
nnZ 44800000 44899999 1011
nnZ 44900000 44999999 1445
nnZ 45000000 45099999 832
nnZ 45100000 45199999 1415
nnZ 45200000 45299999 945
nnZ 45300000 45399999 1108
nnZ 45400000 45499999 1460
nnZ 45500000 45599999 917
nnZ 45600000 45699999 1081
nnZ 45700000 45799999 1065
nnZ 45800000 45899999 1437
nnZ 45900000 45999999 790
nnZ 46000000 46099999 2050
nnZ 46100000 46199999 1460
nnZ 46200000 46299999 2753
nnZ 46300000 46399999 1628
nnZ 46400000 46499999 1137
nnZ 46500000 46599999 1228
nnZ 46600000 46699999 1387
nnZ 46700000 46799999 1369
nnZ 46800000 46899999 1676
nnZ 46900000 46999999 1683
nnZ 47000000 47099999 1538
nnZ 47100000 47199999 2642
nnZ 47200000 47299999 1093
nnZ 47300000 47399999 1020
nnZ 47400000 47499999 994
nnZ 47500000 47599999 1210
nnZ 47600000 47699999 1115
nnZ 47700000 47799999 994
nnZ 47800000 47899999 2958
nnZ 47900000 47999999 2278
nnZ 48000000 48099999 2419
nnZ 48100000 48199999 1130
nnZ 48200000 48299999 810
nnZ 48300000 48399999 2061
nnZ 48400000 48499999 1509
nnZ 48500000 48599999 1273
nnZ 48600000 48699999 2637
nnZ 48700000 48799999 2332
nnZ 48800000 48899999 1820
nnZ 48900000 48999999 2148
nnZ 49000000 49099999 4529
nnZ 49100000 49199999 2595
nnZ 49200000 49299999 2692
nnZ 49300000 49399999 3782
nnZ 49400000 49499999 2200
nnZ 49500000 49599999 2598
nnZ 49600000 49699999 3038
nnZ 49700000 49799999 2598
nnZ 49800000 49899999 3869
nnZ 49900000 49999999 4011
nnZ 50000000 50099999 3136
nnZ 50100000 50199999 2169
nnZ 50200000 50299999 3139
nnZ 50300000 50399999 1949
nnZ 50400000 50499999 3169
nnZ 50500000 50599999 1914
nnZ 50600000 50699999 1409
nnZ 50700000 50799999 1589
nnZ 50800000 50899999 1495
nnZ 50900000 50999999 2263
nnZ 51000000 51099999 1051
nnZ 51100000 51199999 986
nnZ 51200000 51299999 898
nnZ 51300000 51399999 1318
nnZ 51400000 51499999 888
nnZ 51500000 51599999 1317
nnZ 51600000 51699999 933
nnZ 51700000 51799999 1143
nnZ 51800000 51899999 1209
nnZ 51900000 51999999 805
nnZ 52000000 52099999 864
nnZ 52100000 52199999 1701
nnZ 52200000 52299999 2339
nnZ 52300000 52399999 1667
nnZ 52400000 52499999 871
nnZ 52500000 52599999 1422
nnZ 52600000 52699999 1362
nnZ 52700000 52799999 1078
nnZ 52800000 52899999 1054
nnZ 52900000 52999999 834
nnZ 53000000 53099999 1292
nnZ 53100000 53199999 1511
nnZ 53200000 53299999 1972
nnZ 53300000 53399999 1734
nnZ 53400000 53499999 3712
nnZ 53500000 53599999 800
nnZ 53600000 53699999 845
nnZ 53700000 53799999 798
nnZ 53800000 53899999 830
nnZ 53900000 53999999 893
nnZ 54000000 54099999 798
nnZ 54100000 54199999 1006
nnZ 54200000 54299999 688
nnZ 54300000 54399999 1212
nnZ 54400000 54499999 2062
nnZ 54500000 54599999 854
nnZ 54600000 54699999 1850
nnZ 54700000 54799999 2420
nnZ 54800000 54899999 932
nnZ 54900000 54999999 878
nnZ 55000000 55099999 1591
nnZ 55100000 55199999 1053
nnZ 55200000 55299999 1488
nnZ 55300000 55399999 962
nnZ 55400000 55499999 2196
nnZ 55500000 55599999 1089
nnZ 55600000 55699999 908
nnZ 55700000 55799999 1311
nnZ 55800000 55899999 1272
nnZ 55900000 55999999 1113
nnZ 56000000 56099999 797
nnZ 56100000 56199999 875
nnZ 56200000 56299999 991
nnZ 56300000 56399999 1173
nnZ 56400000 56499999 1323
nnZ 56500000 56599999 2104
nnZ 56600000 56699999 1066
nnZ 56700000 56799999 1224
nnZ 56800000 56899999 1119
nnZ 56900000 56999999 1511
nnZ 57000000 57099999 1050
nnZ 57100000 57199999 970
nnZ 57200000 57299999 1128
nnZ 57300000 57399999 1472
nnZ 57400000 57499999 717
nnZ 57500000 57599999 841
nnZ 57600000 57699999 1105
nnZ 57700000 57799999 606
nnZ 57800000 57899999 1148
nnZ 57900000 57999999 1291
nnZ 58000000 58099999 2508
nnZ 58100000 58199999 798
nnZ 58200000 58299999 1234
nnZ 58300000 58399999 1111
nnZ 58400000 58499999 1317
nnZ 58500000 58599999 1056
nnZ 58600000 58699999 925
nnZ 58700000 58799999 1075
nnZ 58800000 58899999 1391
nnZ 58900000 58999999 1075
nnZ 59000000 59099999 1168
nnZ 59100000 59199999 700
nnZ 59200000 59299999 1049
nnZ 59300000 59399999 1494
nnZ 59400000 59499999 860
nnZ 59500000 59599999 1269
nnZ 59600000 59699999 1627
nnZ 59700000 59799999 1400
nnZ 59800000 59899999 1128
nnZ 59900000 59999999 1763
nnZ 60000000 60099999 1077
nnZ 60100000 60199999 1113
nnZ 60200000 60299999 829
nnZ 60300000 60399999 1159
nnZ 60400000 60499999 2102
nnZ 60500000 60599999 1289
nnZ 60600000 60699999 1242
nnZ 60700000 60799999 1222
nnZ 60800000 60899999 1065
nnZ 60900000 60999999 1316
nnZ 61000000 61099999 1601
nnZ 61100000 61199999 1417
nnZ 61200000 61299999 1355
nnZ 61300000 61399999 3211
nnZ 61400000 61499999 1162
nnZ 61500000 61599999 1324
nnZ 61600000 61699999 1197
nnZ 61700000 61799999 1089
nnZ 61800000 61899999 1967
nnZ 61900000 61999999 1228
nnZ 62000000 62099999 1132
nnZ 62100000 62199999 965
nnZ 62200000 62299999 1203
nnZ 62300000 62399999 1053
nnZ 62400000 62499999 705
nnZ 62500000 62599999 895
nnZ 62600000 62699999 1064
nnZ 62700000 62799999 1103
nnZ 62800000 62899999 819
nnZ 62900000 62999999 1144
nnZ 63000000 63099999 841
nnZ 63100000 63199999 1916
nnZ 63200000 63299999 1137
nnZ 63300000 63399999 1409
nnZ 63400000 63499999 895
nnZ 63500000 63599999 2039
nnZ 63600000 63699999 1449
nnZ 63700000 63799999 1015
nnZ 63800000 63899999 1192
nnZ 63900000 63999999 1255
nnZ 64000000 64099999 2250
nnZ 64100000 64199999 2026
nnZ 64200000 64299999 1790
nnZ 64300000 64399999 1697
nnZ 64400000 64499999 2480
nnZ 64500000 64599999 1563
nnZ 64600000 64699999 1578
nnZ 64700000 64799999 1262
nnZ 64800000 64899999 1620
nnZ 64900000 64999999 1051
nnZ 65000000 65099999 1539
nnZ 65100000 65199999 1426
nnZ 65200000 65299999 1348
nnZ 65300000 65399999 1294
nnZ 65400000 65499999 1002
nnZ 65500000 65599999 1503
nnZ 65600000 65699999 1269
nnZ 65700000 65799999 1612
nnZ 65800000 65899999 1346
nnZ 65900000 65999999 1137
nnZ 66000000 66099999 2022
nnZ 66100000 66199999 728
nnZ 66200000 66299999 1998
nnZ 66300000 66399999 962
nnZ 66400000 66499999 1154
nnZ 66500000 66599999 1302
nnZ 66600000 66699999 982
nnZ 66700000 66799999 1196
nnZ 66800000 66899999 1159
nnZ 66900000 66999999 1608
nnZ 67000000 67099999 1736
nnZ 67100000 67199999 1065
nnZ 67200000 67299999 1621
nnZ 67300000 67399999 1189
nnZ 67400000 67499999 898
nnZ 67500000 67599999 1239
nnZ 67600000 67699999 1105
nnZ 67700000 67799999 1234
nnZ 67800000 67899999 1571
nnZ 67900000 67999999 1868
nnZ 68000000 68099999 1078
nnZ 68100000 68199999 1366
nnZ 68200000 68299999 1072
nnZ 68300000 68399999 1553
nnZ 68400000 68499999 1032
nnZ 68500000 68599999 1436
nnZ 68600000 68699999 1722
nnZ 68700000 68799999 1353
nnZ 68800000 68899999 1257
nnZ 68900000 68999999 1015
nnZ 69000000 69099999 1293
nnZ 69100000 69199999 751
nnZ 69200000 69299999 1124
nnZ 69300000 69399999 1201
nnZ 69400000 69499999 1035
nnZ 69500000 69599999 851
nnZ 69600000 69699999 989
nnZ 69700000 69799999 838
nnZ 69800000 69899999 2008
nnZ 69900000 69999999 1304
nnZ 70000000 70099999 919
nnZ 70100000 70199999 1061
nnZ 70200000 70299999 742
nnZ 70300000 70399999 1617
nnZ 70400000 70499999 801
nnZ 70500000 70599999 712
nnZ 70600000 70699999 699
nnZ 70700000 70799999 672
nnZ 70800000 70899999 851
nnZ 70900000 70999999 970
nnZ 71000000 71099999 1019
nnZ 71100000 71199999 804
nnZ 71200000 71299999 797
nnZ 71300000 71399999 1225
nnZ 71400000 71499999 1119
nnZ 71500000 71599999 1217
nnZ 71600000 71699999 926
nnZ 71700000 71799999 842
nnZ 71800000 71899999 863
nnZ 71900000 71999999 699
nnZ 72000000 72099999 852
nnZ 72100000 72199999 1084
nnZ 72200000 72299999 528
nnZ 72300000 72399999 691
nnZ 72400000 72499999 837
nnZ 72500000 72599999 627
nnZ 72600000 72699999 926
nnZ 72700000 72799999 994
nnZ 72800000 72899999 1900
nnZ 72900000 72999999 933
nnZ 73000000 73099999 1495
nnZ 73100000 73199999 1786
nnZ 73200000 73299999 1596
nnZ 73300000 73399999 1783
nnZ 73400000 73499999 2444
nnZ 73500000 73599999 2349
nnZ 73600000 73699999 2436
nnZ 73700000 73799999 2930
nnZ 73800000 73899999 4385
nnZ 73900000 73999999 3987
nnZ 74000000 74099999 3055
nnZ 74100000 74199999 3528
nnZ 74200000 74299999 4080
nnZ 74300000 74399999 3247
nnZ 74400000 74499999 2650
nnZ 74500000 74599999 4793
nnZ 74600000 74699999 2661
nnZ 74700000 74799999 4438
nnZ 74800000 74899999 3681
nnZ 74900000 74999999 3703
nnZ 75000000 75099999 4011
nnZ 75100000 75199999 5233
nnZ 75200000 75299999 3756
nnZ 75300000 75399999 3644
nnZ 75400000 75499999 4864
nnZ 75500000 75599999 2909
nnZ 75600000 75699999 2720
nnZ 75700000 75799999 3104
nnZ 75800000 75899999 1729
nnZ 75900000 75999999 2902
nnZ 76000000 76099999 2466
nnZ 76100000 76199999 4277
nnZ 76200000 76299999 5157
nnZ 76300000 76399999 2101
nnZ 76400000 76499999 2882
nnZ 76500000 76599999 2224
nnZ 76600000 76699999 1983
nnZ 76700000 76799999 5456
nnZ 76800000 76899999 4737
nnZ 76900000 76999999 3900
nnZ 77000000 77099999 1775
nnZ 77100000 77199999 2237
nnZ 77200000 77299999 1822
nnZ 77300000 77399999 2880
nnZ 77400000 77499999 1355
nnZ 77500000 77599999 1278
nnZ 77600000 77699999 893
nnZ 77700000 77799999 1201
nnZ 77800000 77899999 2118
nnZ 77900000 77999999 1348
nnZ 78000000 78099999 831
nnZ 78100000 78199999 2618
nnZ 78200000 78299999 2569
nnZ 78300000 78399999 894
nnZ 78400000 78499999 1845
nnZ 78500000 78599999 785
nnZ 78600000 78699999 1577
nnZ 78700000 78799999 678
nnZ 78800000 78899999 1598
nnZ 78900000 78999999 1975
nnZ 79000000 79099999 944
nnZ 79100000 79199999 783
nnZ 79200000 79299999 740
nnZ 79300000 79399999 1149
nnZ 79400000 79499999 2128
nnZ 79500000 79599999 1300
nnZ 79600000 79699999 2359
nnZ 79700000 79799999 1185
nnZ 79800000 79899999 1593
nnZ 79900000 79999999 5026
nnZ 80000000 80099999 1730
nnZ 80100000 80199999 498
nnZ 80200000 80299999 238
nnZ 80300000 80399999 1591
nnZ 80400000 80499999 643
nnZ 80500000 80599999 830
nnZ 80600000 80699999 17481
nnZ 80700000 80799999 9611
nnZ 80800000 80899999 6521
nnZ 80900000 80999999 7568
nnZ 81000000 81099999 2832
nnZ 81100000 81199999 875
nnZ 81200000 81201839 66
nnW 0 99999 136
nnW 100000 199999 181
nnW 200000 299999 702
nnW 300000 399999 5295
nnW 400000 499999 970
nnW 500000 599999 1114
nnW 600000 699999 865
nnW 700000 799999 699
nnW 800000 899999 905
nnW 900000 999999 570
nnW 1000000 1099999 28329
nnW 1100000 1199999 6425
nnW 1200000 1299999 918
nnW 1300000 1399999 847
nnW 1400000 1499999 615
nnW 1500000 1599999 886
nnW 1600000 1699999 10873
nnW 1700000 1799999 799
nnW 1800000 1899999 683
nnW 1900000 1999999 871
nnW 2000000 2099999 1040
nnW 2100000 2199999 24640
nnW 2200000 2299999 847
nnW 2300000 2399999 785
nnW 2400000 2499999 1065
nnW 2500000 2599999 585
nnW 2600000 2699999 782
nnW 2700000 2799999 837
nnW 2800000 2899999 849
nnW 2900000 2999999 934
nnW 3000000 3099999 17094
nnW 3100000 3199999 882
nnW 3200000 3299999 900
nnW 3300000 3399999 758
nnW 3400000 3499999 1122
nnW 3500000 3599999 9777
nnW 3600000 3699999 713
nnW 3700000 3799999 2809
nnW 3800000 3899999 750
nnW 3900000 3999999 887
nnW 4000000 4099999 1450
nnW 4100000 4199999 1057
nnW 4200000 4299999 938
nnW 4300000 4399999 901
nnW 4400000 4499999 956
nnW 4500000 4599999 835
nnW 4600000 4699999 1014
nnW 4700000 4799999 1073
nnW 4800000 4899999 1100
nnW 4900000 4999999 1034
nnW 5000000 5099999 1140
nnW 5100000 5199999 821
nnW 5200000 5299999 1011
nnW 5300000 5399999 447
nnW 5400000 5499999 0
nnW 5500000 5599999 0
nnW 5600000 5699999 10
nnW 5700000 5799999 0
nnW 5800000 5899999 0
nnW 5900000 5999999 54
nnW 6000000 6099999 324
nnW 6100000 6199999 0
nnW 6200000 6299999 0
nnW 6300000 6399999 0
nnW 6400000 6499999 12
nnW 6500000 6599999 0
nnW 6600000 6699999 0
nnW 6700000 6799999 0
nnW 6800000 6899999 0
nnW 6900000 6999999 0
nnW 7000000 7099999 24
nnW 7100000 7199999 60
nnW 7200000 7299999 0
nnW 7300000 7399999 0
nnW 7400000 7499999 0
nnW 7500000 7599999 0
nnW 7600000 7699999 0
nnW 7700000 7799999 0
nnW 7800000 7899999 0
nnW 7900000 7999999 0
nnW 8000000 8099999 0
nnW 8100000 8199999 0
nnW 8200000 8299999 410
nnW 8300000 8399999 1210
nnW 8400000 8499999 418
nnW 8500000 8599999 807
nnW 8600000 8699999 666
nnW 8700000 8799999 858
nnW 8800000 8899999 779
nnW 8900000 8999999 702
nnW 9000000 9099999 1129
nnW 9100000 9199999 1299
nnW 9200000 9299999 741
nnW 9300000 9399999 29932
nnW 9400000 9499999 900
nnW 9500000 9599999 1054
nnW 9600000 9699999 862
nnW 9700000 9799999 352
nnW 9800000 9899999 187
nnW 9900000 9999999 660
nnW 10000000 10099999 640
nnW 10100000 10199999 572
nnW 10200000 10299999 682
nnW 10300000 10399999 649
nnW 10400000 10499999 770
nnW 10500000 10599999 577
nnW 10600000 10699999 369
nnW 10700000 10799999 704
nnW 10800000 10899999 682
nnW 10900000 10999999 693
nnW 11000000 11099999 517
nnW 11100000 11199999 1620
nnW 11200000 11299999 1161
nnW 11300000 11399999 584
nnW 11400000 11499999 944
nnW 11500000 11599999 1369
nnW 11600000 11699999 10836
nnW 11700000 11799999 693
nnW 11800000 11899999 704
nnW 11900000 11999999 539
nnW 12000000 12099999 583
nnW 12100000 12199999 586
nnW 12200000 12299999 584
nnW 12300000 12399999 561
nnW 12400000 12499999 682
nnW 12500000 12599999 649
nnW 12600000 12699999 638
nnW 12700000 12799999 451
nnW 12800000 12857327 0
