nn1 0 99999 313
nn1 100000 199999 111
nn1 200000 299999 68
nn1 300000 399999 20
nn1 400000 499999 135
nn1 500000 599999 224
nn1 600000 699999 32
nn1 700000 799999 0
nn1 800000 899999 414
nn1 900000 999999 72
nn1 1000000 1099999 28
nn1 1100000 1199999 542
nn1 1200000 1299999 32
nn1 1300000 1399999 72
nn1 1400000 1499999 495
nn1 1500000 1599999 86
nn1 1600000 1699999 246
nn1 1700000 1799999 1710
nn1 1800000 1899999 556
nn1 1900000 1999999 47
nn1 2000000 2099999 23
nn1 2100000 2199999 433
nn1 2200000 2299999 134
nn1 2300000 2399999 485
nn1 2400000 2499999 215
nn1 2500000 2599999 933
nn1 2600000 2699999 71
nn1 2700000 2799999 436
nn1 2800000 2899999 457
nn1 2900000 2999999 493
nn1 3000000 3099999 870
nn1 3100000 3199999 1580
nn1 3200000 3299999 66
nn1 3300000 3399999 85
nn1 3400000 3499999 151
nn1 3500000 3599999 630
nn1 3600000 3699999 43
nn1 3700000 3799999 86
nn1 3800000 3899999 298
nn1 3900000 3999999 512
nn1 4000000 4099999 53
nn1 4100000 4199999 21
nn1 4200000 4299999 429
nn1 4300000 4399999 84
nn1 4400000 4499999 631
nn1 4500000 4599999 168
nn1 4600000 4699999 119
nn1 4700000 4799999 730
nn1 4800000 4899999 832
nn1 4900000 4999999 370
nn1 5000000 5099999 287
nn1 5100000 5199999 287
nn1 5200000 5299999 559
nn1 5300000 5399999 416
nn1 5400000 5499999 534
nn1 5500000 5599999 626
nn1 5600000 5699999 1166
nn1 5700000 5799999 926
nn1 5800000 5899999 367
nn1 5900000 5999999 1144
nn1 6000000 6099999 252
nn1 6100000 6199999 183
nn1 6200000 6299999 215
nn1 6300000 6399999 96
nn1 6400000 6499999 95
nn1 6500000 6599999 94
nn1 6600000 6699999 93
nn1 6700000 6799999 104
nn1 6800000 6899999 370
nn1 6900000 6999999 445
nn1 7000000 7099999 682
nn1 7100000 7199999 292
nn1 7200000 7299999 464
nn1 7300000 7399999 334
nn1 7400000 7499999 203
nn1 7500000 7599999 92
nn1 7600000 7699999 176
nn1 7700000 7799999 233
nn1 7800000 7899999 29
nn1 7900000 7999999 24
nn1 8000000 8099999 123
nn1 8100000 8199999 72
nn1 8200000 8299999 869
nn1 8300000 8399999 98
nn1 8400000 8499999 283
nn1 8500000 8599999 79
nn1 8600000 8699999 356
nn1 8700000 8799999 520
nn1 8800000 8899999 288
nn1 8900000 8999999 596
nn1 9000000 9099999 778
nn1 9100000 9199999 165
nn1 9200000 9299999 98
nn1 9300000 9399999 87
nn1 9400000 9499999 162
nn1 9500000 9599999 381
nn1 9600000 9699999 569
nn1 9700000 9799999 446
nn1 9800000 9899999 700
nn1 9900000 9999999 382
nn1 10000000 10099999 1110
nn1 10100000 10199999 218
nn1 10200000 10299999 212
nn1 10300000 10399999 159
nn1 10400000 10499999 142
nn1 10500000 10599999 123
nn1 10600000 10699999 550
nn1 10700000 10799999 48
nn1 10800000 10899999 256
nn1 10900000 10999999 29
nn1 11000000 11099999 127
nn1 11100000 11199999 247
nn1 11200000 11299999 261
nn1 11300000 11399999 102
nn1 11400000 11499999 367
nn1 11500000 11599999 111
nn1 11600000 11699999 291
nn1 11700000 11799999 499
nn1 11800000 11899999 408
nn1 11900000 11999999 548
nn1 12000000 12099999 965
nn1 12100000 12199999 856
nn1 12200000 12299999 239
nn1 12300000 12399999 351
nn1 12400000 12499999 297
nn1 12500000 12599999 727
nn1 12600000 12699999 307
nn1 12700000 12799999 314
nn1 12800000 12899999 457
nn1 12900000 12999999 759
nn1 13000000 13099999 365
nn1 13100000 13199999 281
nn1 13200000 13299999 469
nn1 13300000 13399999 636
nn1 13400000 13499999 557
nn1 13500000 13599999 180
nn1 13600000 13699999 197
nn1 13700000 13799999 724
nn1 13800000 13899999 107
nn1 13900000 13999999 254
nn1 14000000 14099999 486
nn1 14100000 14199999 170
nn1 14200000 14299999 82
nn1 14300000 14399999 80
nn1 14400000 14499999 236
nn1 14500000 14599999 129
nn1 14600000 14699999 120
nn1 14700000 14799999 368
nn1 14800000 14899999 99
nn1 14900000 14999999 77
nn1 15000000 15099999 95
nn1 15100000 15199999 345
nn1 15200000 15299999 372
nn1 15300000 15399999 44
nn1 15400000 15499999 802
nn1 15500000 15599999 396
nn1 15600000 15699999 481
nn1 15700000 15799999 262
nn1 15800000 15899999 255
nn1 15900000 15999999 435
nn1 16000000 16099999 361
nn1 16100000 16199999 480
nn1 16200000 16299999 100
nn1 16300000 16399999 114
nn1 16400000 16499999 108
nn1 16500000 16599999 44
nn1 16600000 16699999 93
nn1 16700000 16799999 69
nn1 16800000 16899999 77
nn1 16900000 16999999 263
nn1 17000000 17099999 200
nn1 17100000 17199999 1097
nn1 17200000 17299999 153
nn1 17300000 17399999 529
nn1 17400000 17499999 101
nn1 17500000 17599999 46
nn1 17600000 17699999 128
nn1 17700000 17799999 92
nn1 17800000 17899999 94
nn1 17900000 17999999 256
nn1 18000000 18099999 21
nn1 18100000 18199999 73
nn1 18200000 18299999 124
nn1 18300000 18399999 200
nn1 18400000 18499999 150
nn1 18500000 18599999 298
nn1 18600000 18699999 385
nn1 18700000 18799999 909
nn1 18800000 18899999 1010
nn1 18900000 18999999 201
nn1 19000000 19099999 733
nn1 19100000 19199999 75
nn1 19200000 19299999 79
nn1 19300000 19399999 112
nn1 19400000 19499999 320
nn1 19500000 19599999 196
nn1 19600000 19699999 236
nn1 19700000 19799999 55
nn1 19800000 19899999 82
nn1 19900000 19999999 46
nn1 20000000 20099999 203
nn1 20100000 20199999 98
nn1 20200000 20299999 113
nn1 20300000 20399999 367
nn1 20400000 20499999 103
nn1 20500000 20599999 207
nn1 20600000 20699999 361
nn1 20700000 20799999 72
nn1 20800000 20899999 1481
nn1 20900000 20999999 266
nn1 21000000 21099999 157
nn1 21100000 21199999 140
nn1 21200000 21299999 45
nn1 21300000 21399999 358
nn1 21400000 21499999 374
nn1 21500000 21599999 162
nn1 21600000 21699999 196
nn1 21700000 21799999 69
nn1 21800000 21899999 503
nn1 21900000 21999999 96
nn1 22000000 22099999 544
nn1 22100000 22199999 138
nn1 22200000 22299999 74
nn1 22300000 22399999 184
nn1 22400000 22499999 299
nn1 22500000 22599999 53
nn1 22600000 22699999 247
nn1 22700000 22799999 42
nn1 22800000 22899999 235
nn1 22900000 22999999 173
nn1 23000000 23099999 201
nn1 23100000 23199999 535
nn1 23200000 23299999 175
nn1 23300000 23399999 352
nn1 23400000 23499999 347
nn1 23500000 23599999 121
nn1 23600000 23699999 257
nn1 23700000 23799999 624
nn1 23800000 23899999 798
nn1 23900000 23999999 503
nn1 24000000 24099999 112
nn1 24100000 24199999 167
nn1 24200000 24299999 199
nn1 24300000 24399999 284
nn1 24400000 24499999 108
nn1 24500000 24599999 161
nn1 24600000 24699999 22
nn1 24700000 24799999 671
nn1 24800000 24899999 574
nn1 24900000 24999999 338
nn1 25000000 25099999 263
nn1 25100000 25199999 457
nn1 25200000 25299999 1071
nn1 25300000 25399999 119
nn1 25400000 25499999 148
nn1 25500000 25599999 71
nn1 25600000 25699999 616
nn1 25700000 25799999 218
nn1 25800000 25899999 567
nn1 25900000 25999999 494
nn1 26000000 26099999 828
nn1 26100000 26199999 750
nn1 26200000 26299999 318
nn1 26300000 26399999 226
nn1 26400000 26499999 112
nn1 26500000 26599999 223
nn1 26600000 26699999 136
nn1 26700000 26799999 52
nn1 26800000 26899999 44
nn1 26900000 26999999 408
nn1 27000000 27099999 575
nn1 27100000 27199999 1380
nn1 27200000 27299999 1460
nn1 27300000 27399999 846
nn1 27400000 27499999 1339
nn1 27500000 27599999 239
nn1 27600000 27699999 128
nn1 27700000 27799999 46
nn1 27800000 27899999 31
nn1 27900000 27999999 305
nn1 28000000 28099999 107
nn1 28100000 28199999 188
nn1 28200000 28299999 276
nn1 28300000 28399999 372
nn1 28400000 28499999 468
nn1 28500000 28599999 207
nn1 28600000 28699999 116
nn1 28700000 28799999 131
nn1 28800000 28899999 63
nn1 28900000 28999999 1192
nn1 29000000 29099999 422
nn1 29100000 29199999 167
nn1 29200000 29299999 76
nn1 29300000 29399999 117
nn1 29400000 29499999 49
nn1 29500000 29599999 328
nn1 29600000 29699999 318
nn1 29700000 29799999 205
nn1 29800000 29899999 342
nn1 29900000 29999999 453
nn1 30000000 30099999 676
nn1 30100000 30199999 442
nn1 30200000 30299999 212
nn1 30300000 30399999 629
nn1 30400000 30499999 657
nn1 30500000 30599999 202
nn1 30600000 30699999 196
nn1 30700000 30799999 290
nn1 30800000 30899999 70
nn1 30900000 30999999 34
nn1 31000000 31099999 288
nn1 31100000 31199999 119
nn1 31200000 31299999 365
nn1 31300000 31399999 397
nn1 31400000 31499999 1102
nn1 31500000 31599999 685
nn1 31600000 31699999 1052
nn1 31700000 31799999 211
nn1 31800000 31899999 971
nn1 31900000 31999999 2003
nn1 32000000 32099999 612
nn1 32100000 32199999 1114
nn1 32200000 32299999 1221
nn1 32300000 32399999 930
nn1 32400000 32499999 689
nn1 32500000 32599999 837
nn1 32600000 32699999 725
nn1 32700000 32799999 773
nn1 32800000 32899999 944
nn1 32900000 32999999 316
nn1 33000000 33099999 470
nn1 33100000 33199999 910
nn1 33200000 33299999 624
nn1 33300000 33399999 1020
nn1 33400000 33499999 1773
nn1 33500000 33599999 772
nn1 33600000 33699999 1240
nn1 33700000 33799999 1363
nn1 33800000 33899999 372
nn1 33900000 33999999 1174
nn1 34000000 34099999 690
nn1 34100000 34199999 596
nn1 34200000 34299999 206
nn1 34300000 34399999 202
nn1 34400000 34499999 162
nn1 34500000 34599999 509
nn1 34600000 34699999 166
nn1 34700000 34799999 373
nn1 34800000 34899999 458
nn1 34900000 34999999 206
nn1 35000000 35099999 335
nn1 35100000 35199999 232
nn1 35200000 35299999 782
nn1 35300000 35399999 1946
nn1 35400000 35499999 1245
nn1 35500000 35599999 666
nn1 35600000 35699999 897
nn1 35700000 35799999 671
nn1 35800000 35899999 560
nn1 35900000 35999999 776
nn1 36000000 36099999 836
nn1 36100000 36199999 777
nn1 36200000 36299999 1036
nn1 36300000 36399999 881
nn1 36400000 36499999 950
nn1 36500000 36599999 1015
nn1 36600000 36699999 507
nn1 36700000 36799999 727
nn1 36800000 36899999 462
nn1 36900000 36999999 686
nn1 37000000 37099999 939
nn1 37100000 37199999 665
nn1 37200000 37299999 830
nn1 37300000 37399999 748
nn1 37400000 37499999 503
nn1 37500000 37599999 839
nn1 37600000 37699999 791
nn1 37700000 37799999 1075
nn1 37800000 37899999 551
nn1 37900000 37999999 378
nn1 38000000 38099999 607
nn1 38100000 38199999 644
nn1 38200000 38299999 566
nn1 38300000 38399999 1383
nn1 38400000 38499999 605
nn1 38500000 38599999 1712
nn1 38600000 38699999 428
nn1 38700000 38799999 936
nn1 38800000 38899999 265
nn1 38900000 38999999 280
nn1 39000000 39099999 467
nn1 39100000 39199999 434
nn1 39200000 39299999 448
nn1 39300000 39399999 297
nn1 39400000 39499999 1120
nn1 39500000 39599999 558
nn1 39600000 39699999 171
nn1 39700000 39799999 233
nn1 39800000 39899999 256
nn1 39900000 39999999 369
nn1 40000000 40099999 554
nn1 40100000 40199999 394
nn1 40200000 40299999 164
nn1 40300000 40399999 135
nn1 40400000 40499999 285
nn1 40500000 40599999 148
nn1 40600000 40699999 219
nn1 40700000 40799999 0
nn1 40800000 40899999 690
nn1 40900000 40999999 738
nn1 41000000 41099999 168
nn1 41100000 41199999 376
nn1 41200000 41299999 46
nn1 41300000 41399999 184
nn1 41400000 41499999 102
nn1 41500000 41599999 98
nn1 41600000 41699999 619
nn1 41700000 41799999 160
nn1 41800000 41899999 174
nn1 41900000 41999999 170
nn1 42000000 42099999 185
nn1 42100000 42199999 135
nn1 42200000 42299999 521
nn1 42300000 42399999 676
nn1 42400000 42499999 158
nn1 42500000 42599999 43
nn1 42600000 42699999 81
nn1 42700000 42799999 327
nn1 42800000 42899999 115
nn1 42900000 42999999 1021
nn1 43000000 43099999 341
nn1 43100000 43199999 129
nn1 43200000 43299999 313
nn1 43300000 43399999 601
nn1 43400000 43499999 872
nn1 43500000 43599999 269
nn1 43600000 43699999 614
nn1 43700000 43799999 1518
nn1 43800000 43899999 98
nn1 43900000 43999999 695
nn1 44000000 44099999 870
nn1 44100000 44199999 1036
nn1 44200000 44299999 914
nn1 44300000 44399999 743
nn1 44400000 44499999 415
nn1 44500000 44599999 863
nn1 44600000 44699999 434
nn1 44700000 44799999 619
nn1 44800000 44899999 866
nn1 44900000 44999999 444
nn1 45000000 45099999 562
nn1 45100000 45199999 743
nn1 45200000 45299999 1389
nn1 45300000 45399999 1046
nn1 45400000 45499999 825
nn1 45500000 45599999 794
nn1 45600000 45699999 1061
nn1 45700000 45799999 944
nn1 45800000 45899999 603
nn1 45900000 45999999 558
nn1 46000000 46099999 718
nn1 46100000 46199999 987
nn1 46200000 46299999 889
nn1 46300000 46399999 375
nn1 46400000 46499999 611
nn1 46500000 46599999 465
nn1 46600000 46699999 823
nn1 46700000 46799999 601
nn1 46800000 46899999 736
nn1 46900000 46999999 466
nn1 47000000 47099999 794
nn1 47100000 47199999 1728
nn1 47200000 47299999 853
nn1 47300000 47399999 942
nn1 47400000 47499999 751
nn1 47500000 47599999 2081
nn1 47600000 47699999 1558
nn1 47700000 47799999 1236
nn1 47800000 47899999 545
nn1 47900000 47999999 667
nn1 48000000 48099999 341
nn1 48100000 48199999 661
nn1 48200000 48299999 703
nn1 48300000 48399999 241
nn1 48400000 48499999 479
nn1 48500000 48599999 202
nn1 48600000 48699999 577
nn1 48700000 48799999 451
nn1 48800000 48899999 479
nn1 48900000 48999999 217
nn1 49000000 49099999 478
nn1 49100000 49199999 185
nn1 49200000 49299999 436
nn1 49300000 49399999 597
nn1 49400000 49499999 591
nn1 49500000 49599999 532
nn1 49600000 49699999 349
nn1 49700000 49799999 515
nn1 49800000 49899999 550
nn1 49900000 49999999 404
nn1 50000000 50099999 938
nn1 50100000 50199999 547
nn1 50200000 50299999 301
nn1 50300000 50399999 244
nn1 50400000 50499999 157
nn1 50500000 50599999 362
nn1 50600000 50699999 342
nn1 50700000 50799999 74
nn1 50800000 50899999 103
nn1 50900000 50999999 112
nn1 51000000 51099999 64
nn1 51100000 51199999 110
nn1 51200000 51299999 143
nn1 51300000 51399999 472
nn1 51400000 51499999 182
nn1 51500000 51599999 503
nn1 51600000 51699999 98
nn1 51700000 51799999 415
nn1 51800000 51899999 73
nn1 51900000 51999999 204
nn1 52000000 52099999 164
nn1 52100000 52199999 186
nn1 52200000 52299999 47
nn1 52300000 52399999 114
nn1 52400000 52499999 636
nn1 52500000 52599999 236
nn1 52600000 52699999 570
nn1 52700000 52799999 143
nn1 52800000 52899999 86
nn1 52900000 52999999 610
nn1 53000000 53099999 244
nn1 53100000 53199999 57
nn1 53200000 53299999 90
nn1 53300000 53399999 184
nn1 53400000 53499999 120
nn1 53500000 53599999 1149
nn1 53600000 53699999 156
nn1 53700000 53799999 696
nn1 53800000 53899999 456
nn1 53900000 53999999 548
nn1 54000000 54099999 480
nn1 54100000 54199999 394
nn1 54200000 54299999 133
nn1 54300000 54399999 208
nn1 54400000 54499999 262
nn1 54500000 54599999 246
nn1 54600000 54699999 644
nn1 54700000 54799999 488
nn1 54800000 54899999 985
nn1 54900000 54999999 358
nn1 55000000 55099999 694
nn1 55100000 55199999 1343
nn1 55200000 55299999 733
nn1 55300000 55399999 535
nn1 55400000 55499999 815
nn1 55500000 55599999 622
nn1 55600000 55699999 707
nn1 55700000 55799999 1308
nn1 55800000 55899999 422
nn1 55900000 55999999 1085
nn1 56000000 56099999 1212
nn1 56100000 56199999 474
nn1 56200000 56299999 540
nn1 56300000 56399999 170
nn1 56400000 56499999 176
nn1 56500000 56599999 1181
nn1 56600000 56699999 873
nn1 56700000 56799999 63
nn1 56800000 56899999 913
nn1 56900000 56999999 433
nn1 57000000 57099999 113
nn1 57100000 57199999 827
nn1 57200000 57299999 55
nn1 57300000 57399999 27
nn1 57400000 57499999 212
nn1 57500000 57599999 189
nn1 57600000 57699999 134
nn1 57700000 57799999 117
nn1 57800000 57899999 239
nn1 57900000 57999999 279
nn1 58000000 58099999 351
nn1 58100000 58199999 253
nn1 58200000 58299999 417
nn1 58300000 58399999 473
nn1 58400000 58499999 55
nn1 58500000 58599999 101
nn1 58600000 58699999 195
nn1 58700000 58799999 121
nn1 58800000 58899999 88
nn1 58900000 58999999 125
nn1 59000000 59099999 53
nn1 59100000 59199999 78
nn1 59200000 59299999 56
nn1 59300000 59399999 100
nn1 59400000 59499999 313
nn1 59500000 59599999 119
nn1 59600000 59699999 23
nn1 59700000 59799999 140
nn1 59800000 59899999 196
nn1 59900000 59999999 282
nn1 60000000 60099999 95
nn1 60100000 60199999 56
nn1 60200000 60299999 175
nn1 60300000 60399999 134
nn1 60400000 60499999 62
nn1 60500000 60599999 446
nn1 60600000 60699999 433
nn1 60700000 60799999 739
nn1 60800000 60899999 262
nn1 60900000 60999999 88
nn1 61000000 61099999 168
nn1 61100000 61199999 42
nn1 61200000 61299999 213
nn1 61300000 61399999 394
nn1 61400000 61499999 379
nn1 61500000 61599999 127
nn1 61600000 61699999 1527
nn1 61700000 61799999 1011
nn1 61800000 61899999 544
nn1 61900000 61999999 1257
nn1 62000000 62099999 1089
nn1 62100000 62199999 273
nn1 62200000 62299999 510
nn1 62300000 62399999 612
nn1 62400000 62499999 487
nn1 62500000 62599999 193
nn1 62600000 62699999 740
nn1 62700000 62799999 119
nn1 62800000 62899999 154
nn1 62900000 62999999 205
nn1 63000000 63099999 382
nn1 63100000 63199999 132
nn1 63200000 63299999 239
nn1 63300000 63399999 657
nn1 63400000 63499999 256
nn1 63500000 63599999 91
nn1 63600000 63699999 116
nn1 63700000 63799999 198
nn1 63800000 63899999 90
nn1 63900000 63999999 304
nn1 64000000 64099999 98
nn1 64100000 64199999 211
nn1 64200000 64299999 152
nn1 64300000 64399999 208
nn1 64400000 64499999 139
nn1 64500000 64599999 111
nn1 64600000 64699999 68
nn1 64700000 64799999 627
nn1 64800000 64899999 150
nn1 64900000 64999999 340
nn1 65000000 65099999 508
nn1 65100000 65199999 138
nn1 65200000 65299999 280
nn1 65300000 65399999 183
nn1 65400000 65499999 32
nn1 65500000 65599999 293
nn1 65600000 65699999 203
nn1 65700000 65799999 360
nn1 65800000 65899999 161
nn1 65900000 65999999 79
nn1 66000000 66099999 99
nn1 66100000 66199999 170
nn1 66200000 66299999 375
nn1 66300000 66399999 130
nn1 66400000 66499999 257
nn1 66500000 66599999 234
nn1 66600000 66699999 115
nn1 66700000 66799999 344
nn1 66800000 66899999 1481
nn1 66900000 66999999 996
nn1 67000000 67099999 1036
nn1 67100000 67199999 520
nn1 67200000 67299999 2027
nn1 67300000 67399999 323
nn1 67400000 67499999 326
nn1 67500000 67599999 880
nn1 67600000 67699999 295
nn1 67700000 67799999 123
nn1 67800000 67899999 352
nn1 67900000 67999999 259
nn1 68000000 68099999 743
nn1 68100000 68199999 236
nn1 68200000 68299999 72
nn1 68300000 68399999 252
nn1 68400000 68499999 407
nn1 68500000 68599999 479
nn1 68600000 68699999 228
nn1 68700000 68799999 569
nn1 68800000 68899999 1085
nn1 68900000 68999999 699
nn1 69000000 69099999 464
nn1 69100000 69199999 166
nn1 69200000 69299999 569
nn1 69300000 69399999 352
nn1 69400000 69499999 244
nn1 69500000 69599999 1026
nn1 69600000 69699999 352
nn1 69700000 69799999 709
nn1 69800000 69899999 579
nn1 69900000 69999999 925
nn1 70000000 70099999 329
nn1 70100000 70199999 712
nn1 70200000 70299999 217
nn1 70300000 70399999 291
nn1 70400000 70499999 346
nn1 70500000 70599999 334
nn1 70600000 70699999 601
nn1 70700000 70799999 104
nn1 70800000 70899999 207
nn1 70900000 70999999 180
nn1 71000000 71099999 741
nn1 71100000 71199999 628
nn1 71200000 71299999 146
nn1 71300000 71399999 372
nn1 71400000 71499999 247
nn1 71500000 71599999 293
nn1 71600000 71699999 189
nn1 71700000 71799999 140
nn1 71800000 71899999 384
nn1 71900000 71999999 363
nn1 72000000 72099999 192
nn1 72100000 72199999 765
nn1 72200000 72299999 186
nn1 72300000 72399999 287
nn1 72400000 72499999 372
nn1 72500000 72599999 545
nn1 72600000 72699999 110
nn1 72700000 72799999 124
nn1 72800000 72899999 331
nn1 72900000 72999999 117
nn1 73000000 73099999 757
nn1 73100000 73199999 287
nn1 73200000 73299999 489
nn1 73300000 73399999 266
nn1 73400000 73499999 620
nn1 73500000 73599999 225
nn1 73600000 73699999 73
nn1 73700000 73799999 173
nn1 73800000 73899999 1395
nn1 73900000 73999999 682
nn1 74000000 74099999 125
nn1 74100000 74199999 74
nn1 74200000 74299999 681
nn1 74300000 74399999 696
nn1 74400000 74499999 72
nn1 74500000 74599999 222
nn1 74600000 74699999 269
nn1 74700000 74799999 568
nn1 74800000 74899999 182
nn1 74900000 74999999 73
nn1 75000000 75099999 169
nn1 75100000 75199999 276
nn1 75200000 75299999 222
nn1 75300000 75399999 280
nn1 75400000 75499999 906
nn1 75500000 75599999 667
nn1 75600000 75699999 226
nn1 75700000 75799999 197
nn1 75800000 75899999 98
nn1 75900000 75999999 96
nn1 76000000 76099999 235
nn1 76100000 76199999 137
nn1 76200000 76299999 71
nn1 76300000 76399999 116
nn1 76400000 76499999 112
nn1 76500000 76599999 87
nn1 76600000 76699999 31
nn1 76700000 76799999 248
nn1 76800000 76899999 212
nn1 76900000 76999999 274
nn1 77000000 77099999 222
nn1 77100000 77199999 151
nn1 77200000 77299999 412
nn1 77300000 77399999 720
nn1 77400000 77499999 95
nn1 77500000 77599999 250
nn1 77600000 77699999 336
nn1 77700000 77799999 71
nn1 77800000 77899999 163
nn1 77900000 77999999 587
nn1 78000000 78099999 223
nn1 78100000 78199999 99
nn1 78200000 78299999 46
nn1 78300000 78399999 108
nn1 78400000 78499999 220
nn1 78500000 78599999 354
nn1 78600000 78699999 273
nn1 78700000 78799999 207
nn1 78800000 78899999 371
nn1 78900000 78999999 1714
nn1 79000000 79099999 193
nn1 79100000 79199999 153
nn1 79200000 79299999 457
nn1 79300000 79399999 596
nn1 79400000 79499999 160
nn1 79500000 79599999 488
nn1 79600000 79699999 176
nn1 79700000 79799999 372
nn1 79800000 79899999 598
nn1 79900000 79999999 573
nn1 80000000 80099999 557
nn1 80100000 80199999 380
nn1 80200000 80299999 275
nn1 80300000 80399999 241
nn1 80400000 80499999 61
nn1 80500000 80599999 199
nn1 80600000 80699999 40
nn1 80700000 80799999 167
nn1 80800000 80899999 783
nn1 80900000 80999999 484
nn1 81000000 81099999 377
nn1 81100000 81199999 735
nn1 81200000 81299999 526
nn1 81300000 81399999 569
nn1 81400000 81499999 591
nn1 81500000 81599999 362
nn1 81600000 81699999 204
nn1 81700000 81799999 165
nn1 81800000 81899999 245
nn1 81900000 81999999 836
nn1 82000000 82099999 211
nn1 82100000 82199999 656
nn1 82200000 82299999 716
nn1 82300000 82399999 692
nn1 82400000 82499999 306
nn1 82500000 82599999 221
nn1 82600000 82699999 1400
nn1 82700000 82799999 226
nn1 82800000 82899999 282
nn1 82900000 82999999 218
nn1 83000000 83099999 342
nn1 83100000 83199999 174
nn1 83200000 83299999 146
nn1 83300000 83399999 311
nn1 83400000 83499999 133
nn1 83500000 83599999 151
nn1 83600000 83699999 357
nn1 83700000 83799999 412
nn1 83800000 83899999 535
nn1 83900000 83999999 145
nn1 84000000 84099999 41
nn1 84100000 84199999 180
nn1 84200000 84299999 112
nn1 84300000 84399999 216
nn1 84400000 84499999 105
nn1 84500000 84599999 394
nn1 84600000 84699999 200
nn1 84700000 84799999 491
nn1 84800000 84899999 68
nn1 84900000 84999999 152
nn1 85000000 85099999 364
nn1 85100000 85199999 160
nn1 85200000 85299999 113
nn1 85300000 85399999 365
nn1 85400000 85499999 82
nn1 85500000 85599999 202
nn1 85600000 85699999 218
nn1 85700000 85799999 68
nn1 85800000 85899999 70
nn1 85900000 85999999 225
nn1 86000000 86099999 222
nn1 86100000 86199999 418
nn1 86200000 86299999 809
nn1 86300000 86399999 64
nn1 86400000 86499999 135
nn1 86500000 86599999 408
nn1 86600000 86699999 143
nn1 86700000 86799999 115
nn1 86800000 86899999 147
nn1 86900000 86999999 182
nn1 87000000 87099999 96
nn1 87100000 87199999 176
nn1 87200000 87299999 242
nn1 87300000 87399999 679
nn1 87400000 87499999 296
nn1 87500000 87599999 144
nn1 87600000 87699999 233
nn1 87700000 87799999 148
nn1 87800000 87899999 376
nn1 87900000 87999999 458
nn1 88000000 88099999 334
nn1 88100000 88199999 41
nn1 88200000 88299999 476
nn1 88300000 88399999 301
nn1 88400000 88499999 661
nn1 88500000 88599999 250
nn1 88600000 88699999 153
nn1 88700000 88799999 748
nn1 88800000 88899999 771
nn1 88900000 88999999 558
nn1 89000000 89099999 174
nn1 89100000 89199999 206
nn1 89200000 89299999 544
nn1 89300000 89399999 377
nn1 89400000 89499999 72
nn1 89500000 89599999 25
nn1 89600000 89699999 674
nn1 89700000 89799999 449
nn1 89800000 89899999 537
nn1 89900000 89999999 979
nn1 90000000 90099999 352
nn1 90100000 90199999 134
nn1 90200000 90299999 63
nn1 90300000 90399999 265
nn1 90400000 90499999 1222
nn1 90500000 90599999 124
nn1 90600000 90699999 143
nn1 90700000 90799999 142
nn1 90800000 90899999 164
nn1 90900000 90999999 429
nn1 91000000 91099999 129
nn1 91100000 91199999 369
nn1 91200000 91299999 61
nn1 91300000 91399999 70
nn1 91400000 91499999 95
nn1 91500000 91599999 85
nn1 91600000 91699999 810
nn1 91700000 91799999 156
nn1 91800000 91899999 493
nn1 91900000 91999999 226
nn1 92000000 92099999 176
nn1 92100000 92199999 81
nn1 92200000 92299999 346
nn1 92300000 92399999 106
nn1 92400000 92499999 384
nn1 92500000 92599999 396
nn1 92600000 92699999 352
nn1 92700000 92799999 243
nn1 92800000 92899999 567
nn1 92900000 92999999 211
nn1 93000000 93099999 107
nn1 93100000 93199999 215
nn1 93200000 93299999 359
nn1 93300000 93399999 97
nn1 93400000 93499999 66
nn1 93500000 93599999 349
nn1 93600000 93699999 107
nn1 93700000 93799999 357
nn1 93800000 93899999 287
nn1 93900000 93999999 543
nn1 94000000 94099999 428
nn1 94100000 94199999 447
nn1 94200000 94299999 535
nn1 94300000 94399999 454
nn1 94400000 94499999 845
nn1 94500000 94599999 311
nn1 94600000 94699999 362
nn1 94700000 94799999 198
nn1 94800000 94899999 124
nn1 94900000 94999999 71
nn1 95000000 95099999 211
nn1 95100000 95199999 76
nn1 95200000 95299999 188
nn1 95300000 95399999 456
nn1 95400000 95499999 192
nn1 95500000 95599999 280
nn1 95600000 95699999 958
nn1 95700000 95799999 254
nn1 95800000 95899999 337
nn1 95900000 95999999 1176
nn1 96000000 96099999 515
nn1 96100000 96199999 787
nn1 96200000 96299999 1018
nn1 96300000 96399999 158
nn1 96400000 96499999 129
nn1 96500000 96599999 120
nn1 96600000 96699999 135
nn1 96700000 96799999 403
nn1 96800000 96899999 157
nn1 96900000 96999999 596
nn1 97000000 97099999 207
nn1 97100000 97199999 462
nn1 97200000 97299999 235
nn1 97300000 97399999 353
nn1 97400000 97499999 497
nn1 97500000 97599999 229
nn1 97600000 97699999 227
nn1 97700000 97799999 166
nn1 97800000 97899999 206
nn1 97900000 97999999 786
nn1 98000000 98099999 196
nn1 98100000 98199999 155
nn1 98200000 98299999 322
nn1 98300000 98399999 163
nn1 98400000 98499999 333
nn1 98500000 98599999 531
nn1 98600000 98699999 806
nn1 98700000 98799999 280
nn1 98800000 98899999 418
nn1 98900000 98999999 292
nn1 99000000 99099999 242
nn1 99100000 99199999 447
nn1 99200000 99299999 470
nn1 99300000 99399999 335
nn1 99400000 99499999 496
nn1 99500000 99599999 457
nn1 99600000 99699999 484
nn1 99700000 99799999 273
nn1 99800000 99899999 316
nn1 99900000 99999999 327
nn1 100000000 100099999 632
nn1 100100000 100199999 306
nn1 100200000 100299999 639
nn1 100300000 100399999 541
nn1 100400000 100499999 696
nn1 100500000 100599999 510
nn1 100600000 100699999 267
nn1 100700000 100799999 171
nn1 100800000 100899999 236
nn1 100900000 100999999 396
nn1 101000000 101099999 255
nn1 101100000 101199999 397
nn1 101200000 101299999 410
nn1 101300000 101399999 478
nn1 101400000 101499999 470
nn1 101500000 101599999 268
nn1 101600000 101699999 950
nn1 101700000 101799999 666
nn1 101800000 101899999 205
nn1 101900000 101999999 323
nn1 102000000 102099999 306
nn1 102100000 102199999 442
nn1 102200000 102299999 365
nn1 102300000 102399999 506
nn1 102400000 102499999 191
nn1 102500000 102599999 461
nn1 102600000 102699999 421
nn1 102700000 102799999 326
nn1 102800000 102899999 283
nn1 102900000 102999999 286
nn1 103000000 103099999 213
nn1 103100000 103199999 147
nn1 103200000 103299999 735
nn1 103300000 103399999 200
nn1 103400000 103499999 531
nn1 103500000 103599999 399
nn1 103600000 103699999 145
nn1 103700000 103799999 210
nn1 103800000 103899999 251
nn1 103900000 103999999 259
nn1 104000000 104099999 54
nn1 104100000 104199999 167
nn1 104200000 104299999 226
nn1 104300000 104399999 152
nn1 104400000 104499999 63
nn1 104500000 104599999 75
nn1 104600000 104699999 183
nn1 104700000 104799999 648
nn1 104800000 104899999 116
nn1 104900000 104999999 102
nn1 105000000 105099999 71
nn1 105100000 105199999 145
nn1 105200000 105299999 160
nn1 105300000 105399999 320
nn1 105400000 105499999 313
nn1 105500000 105599999 222
nn1 105600000 105699999 267
nn1 105700000 105799999 279
nn1 105800000 105899999 309
nn1 105900000 105999999 187
nn1 106000000 106099999 303
nn1 106100000 106199999 453
nn1 106200000 106299999 93
nn1 106300000 106399999 330
nn1 106400000 106499999 311
nn1 106500000 106599999 189
nn1 106600000 106699999 215
nn1 106700000 106799999 243
nn1 106800000 106899999 156
nn1 106900000 106999999 367
nn1 107000000 107099999 229
nn1 107100000 107199999 244
nn1 107200000 107299999 164
nn1 107300000 107399999 213
nn1 107400000 107499999 154
nn1 107500000 107599999 46
nn1 107600000 107699999 73
nn1 107700000 107799999 66
nn1 107800000 107899999 150
nn1 107900000 107999999 543
nn1 108000000 108099999 260
nn1 108100000 108199999 115
nn1 108200000 108299999 369
nn1 108300000 108399999 71
nn1 108400000 108499999 146
nn1 108500000 108599999 261
nn1 108600000 108699999 328
nn1 108700000 108799999 226
nn1 108800000 108899999 376
nn1 108900000 108999999 275
nn1 109000000 109099999 271
nn1 109100000 109199999 191
nn1 109200000 109299999 202
nn1 109300000 109399999 364
nn1 109400000 109499999 176
nn1 109500000 109599999 383
nn1 109600000 109699999 289
nn1 109700000 109799999 115
nn1 109800000 109899999 358
nn1 109900000 109999999 116
nn1 110000000 110099999 219
nn1 110100000 110199999 280
nn1 110200000 110299999 221
nn1 110300000 110399999 212
nn1 110400000 110499999 157
nn1 110500000 110599999 147
nn1 110600000 110699999 211
nn1 110700000 110799999 84
nn1 110800000 110899999 149
nn1 110900000 110999999 303
nn1 111000000 111099999 251
nn1 111100000 111199999 133
nn1 111200000 111299999 120
nn1 111300000 111399999 227
nn1 111400000 111499999 76
nn1 111500000 111599999 69
nn1 111600000 111699999 92
nn1 111700000 111799999 162
nn1 111800000 111899999 105
nn1 111900000 111999999 44
nn1 112000000 112099999 151
nn1 112100000 112199999 65
nn1 112200000 112299999 91
nn1 112300000 112399999 188
nn1 112400000 112499999 169
nn1 112500000 112599999 137
nn1 112600000 112699999 336
nn1 112700000 112799999 68
nn1 112800000 112899999 279
nn1 112900000 112999999 396
nn1 113000000 113099999 212
nn1 113100000 113199999 228
nn1 113200000 113299999 344
nn1 113300000 113399999 359
nn1 113400000 113499999 723
nn1 113500000 113599999 480
nn1 113600000 113699999 97
nn1 113700000 113799999 193
nn1 113800000 113899999 375
nn1 113900000 113999999 353
nn1 114000000 114099999 240
nn1 114100000 114199999 274
nn1 114200000 114299999 225
nn1 114300000 114399999 651
nn1 114400000 114499999 126
nn1 114500000 114599999 209
nn1 114600000 114699999 252
nn1 114700000 114799999 140
nn1 114800000 114899999 326
nn1 114900000 114999999 22
nn1 115000000 115099999 90
nn1 115100000 115199999 51
nn1 115200000 115299999 57
nn1 115300000 115399999 162
nn1 115400000 115499999 84
nn1 115500000 115599999 266
nn1 115600000 115699999 236
nn1 115700000 115799999 49
nn1 115800000 115899999 311
nn1 115900000 115999999 331
nn1 116000000 116099999 86
nn1 116100000 116199999 141
nn1 116200000 116299999 53
nn1 116300000 116399999 206
nn1 116400000 116499999 199
nn1 116500000 116599999 130
nn1 116600000 116699999 97
nn1 116700000 116799999 236
nn1 116800000 116899999 739
nn1 116900000 116999999 372
nn1 117000000 117099999 440
nn1 117100000 117199999 282
nn1 117200000 117299999 263
nn1 117300000 117399999 121
nn1 117400000 117499999 102
nn1 117500000 117599999 216
nn1 117600000 117699999 1052
nn1 117700000 117799999 121
nn1 117800000 117899999 594
nn1 117900000 117999999 106
nn1 118000000 118099999 142
nn1 118100000 118199999 89
nn1 118200000 118299999 181
nn1 118300000 118399999 49
nn1 118400000 118499999 90
nn1 118500000 118599999 188
nn1 118600000 118699999 49
nn1 118700000 118799999 736
nn1 118800000 118899999 236
nn1 118900000 118999999 0
nn1 119000000 119099999 105
nn1 119100000 119199999 92
nn1 119200000 119299999 78
nn1 119300000 119399999 0
nn1 119400000 119499999 786
nn1 119500000 119599999 570
nn1 119600000 119699999 178
nn1 119700000 119799999 255
nn1 119800000 119899999 320
nn1 119900000 119999999 173
nn1 120000000 120099999 141
nn1 120100000 120199999 150
nn1 120200000 120299999 159
nn1 120300000 120399999 49
nn1 120400000 120499999 50
nn1 120500000 120599999 177
nn1 120600000 120699999 453
nn1 120700000 120799999 86
nn1 120800000 120899999 0
nn1 120900000 120999999 0
nn1 121000000 121099999 0
nn1 121100000 121199999 0
nn1 121200000 121299999 0
nn1 121300000 121399999 72
nn1 121400000 121499999 236
nn1 121500000 121599999 230
nn1 121600000 121699999 234
nn1 121700000 121799999 335
nn1 121800000 121899999 335
nn1 121900000 121999999 148
nn1 122000000 122099999 109
nn1 122100000 122199999 213
nn1 122200000 122299999 220
nn1 122300000 122399999 1094
nn1 122400000 122499999 143
nn1 122500000 122599999 284
nn1 122600000 122699999 222
nn1 122700000 122799999 48
nn1 122800000 122899999 203
nn1 122900000 122999999 53
nn1 123000000 123099999 479
nn1 123100000 123199999 144
nn1 123200000 123299999 120
nn1 123300000 123399999 143
nn1 123400000 123499999 498
nn1 123500000 123599999 172
nn1 123600000 123699999 805
nn1 123700000 123799999 443
nn1 123800000 123899999 131
nn1 123900000 123999999 550
nn1 124000000 124099999 566
nn1 124100000 124199999 584
nn1 124200000 124299999 133
nn1 124300000 124399999 165
nn1 124400000 124499999 151
nn1 124500000 124599999 455
nn1 124600000 124699999 49
nn1 124700000 124799999 186
nn1 124800000 124899999 234
nn1 124900000 124999999 45
nn1 125000000 125099999 242
nn1 125100000 125199999 459
nn1 125200000 125299999 126
nn1 125300000 125399999 945
nn1 125400000 125499999 492
nn1 125500000 125599999 203
nn1 125600000 125699999 135
nn1 125700000 125799999 209
nn1 125800000 125899999 214
nn1 125900000 125999999 685
nn1 126000000 126099999 256
nn1 126100000 126199999 760
nn1 126200000 126299999 78
nn1 126300000 126399999 153
nn1 126400000 126499999 55
nn1 126500000 126599999 57
nn1 126600000 126699999 49
nn1 126700000 126799999 343
nn1 126800000 126899999 359
nn1 126900000 126999999 384
nn1 127000000 127099999 645
nn1 127100000 127199999 88
nn1 127200000 127299999 142
nn1 127300000 127399999 21
nn1 127400000 127499999 224
nn1 127500000 127599999 163
nn1 127600000 127699999 70
nn1 127700000 127799999 112
nn1 127800000 127899999 115
nn1 127900000 127999999 534
nn1 128000000 128099999 68
nn1 128100000 128199999 160
nn1 128200000 128299999 125
nn1 128300000 128399999 176
nn1 128400000 128499999 84
nn1 128500000 128599999 62
nn1 128600000 128699999 22
nn1 128700000 128799999 107
nn1 128800000 128899999 182
nn1 128900000 128999999 76
nn1 129000000 129099999 280
nn1 129100000 129199999 46
nn1 129200000 129299999 516
nn1 129300000 129399999 189
nn1 129400000 129499999 116
nn1 129500000 129599999 122
nn1 129600000 129699999 112
nn1 129700000 129799999 411
nn1 129800000 129899999 411
nn1 129900000 129999999 0
nn1 130000000 130099999 422
nn1 130100000 130199999 670
nn1 130200000 130299999 178
nn1 130300000 130399999 283
nn1 130400000 130499999 613
nn1 130500000 130599999 82
nn1 130600000 130699999 207
nn1 130700000 130799999 116
nn1 130800000 130899999 643
nn1 130900000 130999999 160
nn1 131000000 131099999 328
nn1 131100000 131199999 222
nn1 131200000 131299999 206
nn1 131300000 131399999 219
nn1 131400000 131499999 556
nn1 131500000 131599999 372
nn1 131600000 131699999 492
nn1 131700000 131799999 177
nn1 131800000 131899999 251
nn1 131900000 131999999 43
nn1 132000000 132099999 215
nn1 132100000 132199999 234
nn1 132200000 132299999 300
nn1 132300000 132399999 266
nn1 132400000 132499999 43
nn1 132500000 132599999 590
nn1 132600000 132699999 545
nn1 132700000 132799999 606
nn1 132800000 132899999 585
nn1 132900000 132999999 259
nn1 133000000 133099999 671
nn1 133100000 133199999 181
nn1 133200000 133299999 182
nn1 133300000 133399999 212
nn1 133400000 133499999 51
nn1 133500000 133599999 232
nn1 133600000 133699999 33
nn1 133700000 133799999 177
nn1 133800000 133899999 175
nn1 133900000 133999999 230
nn1 134000000 134099999 504
nn1 134100000 134199999 24
nn1 134200000 134299999 133
nn1 134300000 134399999 85
nn1 134400000 134499999 648
nn1 134500000 134599999 112
nn1 134600000 134699999 166
nn1 134700000 134799999 0
nn1 134800000 134899999 430
nn1 134900000 134999999 145
nn1 135000000 135099999 132
nn1 135100000 135199999 235
nn1 135200000 135299999 75
nn1 135300000 135399999 73
nn1 135400000 135499999 190
nn1 135500000 135599999 160
nn1 135600000 135699999 185
nn1 135700000 135799999 210
nn1 135800000 135899999 138
nn1 135900000 135999999 53
nn1 136000000 136099999 163
nn1 136100000 136199999 48
nn1 136200000 136299999 198
nn1 136300000 136399999 144
nn1 136400000 136499999 166
nn1 136500000 136599999 163
nn1 136600000 136699999 146
nn1 136700000 136799999 45
nn1 136800000 136899999 49
nn1 136900000 136999999 80
nn1 137000000 137099999 21
nn1 137100000 137199999 134
nn1 137200000 137299999 169
nn1 137300000 137399999 189
nn1 137400000 137499999 122
nn1 137500000 137599999 419
nn1 137600000 137699999 181
nn1 137700000 137799999 414
nn1 137800000 137899999 975
nn1 137900000 137999999 295
nn1 138000000 138099999 721
nn1 138100000 138199999 373
nn1 138200000 138299999 755
nn1 138300000 138399999 491
nn1 138400000 138499999 429
nn1 138500000 138599999 1098
nn1 138600000 138699999 278
nn1 138700000 138799999 333
nn1 138800000 138899999 335
nn1 138900000 138999999 165
nn1 139000000 139099999 207
nn1 139100000 139199999 281
nn1 139200000 139299999 28
nn1 139300000 139399999 102
nn1 139400000 139499999 276
nn1 139500000 139599999 48
nn1 139600000 139699999 115
nn1 139700000 139799999 91
nn1 139800000 139899999 243
nn1 139900000 139999999 168
nn1 140000000 140099999 214
nn1 140100000 140199999 241
nn1 140200000 140299999 337
nn1 140300000 140399999 320
nn1 140400000 140499999 536
nn1 140500000 140599999 304
nn1 140600000 140699999 332
nn1 140700000 140799999 248
nn1 140800000 140899999 133
nn1 140900000 140999999 138
nn1 141000000 141099999 144
nn1 141100000 141199999 930
nn1 141200000 141299999 355
nn1 141300000 141399999 536
nn1 141400000 141499999 249
nn1 141500000 141599999 231
nn1 141600000 141699999 44
nn1 141700000 141799999 198
nn1 141800000 141899999 90
nn1 141900000 141999999 95
nn1 142000000 142099999 49
nn1 142100000 142199999 29
nn1 142200000 142299999 145
nn1 142300000 142399999 126
nn1 142400000 142499999 419
nn1 142500000 142599999 149
nn1 142600000 142699999 177
nn1 142700000 142799999 46
nn1 142800000 142899999 207
nn1 142900000 142999999 65
nn1 143000000 143099999 105
nn1 143100000 143199999 127
nn1 143200000 143299999 152
nn1 143300000 143399999 69
nn1 143400000 143499999 227
nn1 143500000 143599999 137
nn1 143600000 143699999 65
nn1 143700000 143799999 112
nn1 143800000 143899999 717
nn1 143900000 143999999 547
nn1 144000000 144099999 21
nn1 144100000 144199999 873
nn1 144200000 144299999 54
nn1 144300000 144399999 464
nn1 144400000 144499999 209
nn1 144500000 144599999 204
nn1 144600000 144699999 171
nn1 144700000 144799999 169
nn1 144800000 144899999 300
nn1 144900000 144999999 155
nn1 145000000 145099999 104
nn1 145100000 145199999 427
nn1 145200000 145299999 169
nn1 145300000 145399999 92
nn1 145400000 145499999 422
nn1 145500000 145599999 243
nn1 145600000 145699999 165
nn1 145700000 145799999 136
nn1 145800000 145899999 200
nn1 145900000 145999999 188
nn1 146000000 146099999 309
nn1 146100000 146199999 157
nn1 146200000 146299999 210
nn1 146300000 146399999 183
nn1 146400000 146499999 23
nn1 146500000 146599999 204
nn1 146600000 146699999 246
nn1 146700000 146799999 213
nn1 146800000 146899999 93
nn1 146900000 146999999 122
nn1 147000000 147099999 98
nn1 147100000 147199999 44
nn1 147200000 147299999 245
nn1 147300000 147399999 79
nn1 147400000 147499999 104
nn1 147500000 147599999 157
nn1 147600000 147699999 50
nn1 147700000 147799999 466
nn1 147800000 147899999 281
nn1 147900000 147999999 533
nn1 148000000 148099999 349
nn1 148100000 148199999 248
nn1 148200000 148299999 524
nn1 148300000 148399999 146
nn1 148400000 148499999 232
nn1 148500000 148599999 136
nn1 148600000 148699999 145
nn1 148700000 148799999 178
nn1 148800000 148899999 129
nn1 148900000 148999999 168
nn1 149000000 149099999 194
nn1 149100000 149199999 383
nn1 149200000 149299999 382
nn1 149300000 149399999 171
nn1 149400000 149499999 234
nn1 149500000 149599999 263
nn1 149600000 149699999 177
nn1 149700000 149799999 45
nn1 149800000 149899999 120
nn1 149900000 149999999 902
nn1 150000000 150099999 651
nn1 150100000 150199999 151
nn1 150200000 150299999 236
nn1 150300000 150399999 286
nn1 150400000 150499999 212
nn1 150500000 150599999 118
nn1 150600000 150699999 92
nn1 150700000 150799999 368
nn1 150800000 150899999 50
nn1 150900000 150999999 117
nn1 151000000 151099999 117
nn1 151100000 151199999 166
nn1 151200000 151299999 129
nn1 151300000 151399999 430
nn1 151400000 151499999 299
nn1 151500000 151599999 185
nn1 151600000 151699999 134
nn1 151700000 151799999 49
nn1 151800000 151899999 254
nn1 151900000 151999999 367
nn1 152000000 152099999 235
nn1 152100000 152199999 437
nn1 152200000 152299999 646
nn1 152300000 152399999 567
nn1 152400000 152499999 1190
nn1 152500000 152599999 911
nn1 152600000 152699999 106
nn1 152700000 152799999 252
nn1 152800000 152899999 235
nn1 152900000 152999999 317
nn1 153000000 153099999 313
nn1 153100000 153199999 394
nn1 153200000 153299999 994
nn1 153300000 153399999 158
nn1 153400000 153499999 354
nn1 153500000 153599999 722
nn1 153600000 153699999 83
nn1 153700000 153799999 299
nn1 153800000 153899999 229
nn1 153900000 153999999 342
nn1 154000000 154099999 663
nn1 154100000 154199999 1169
nn1 154200000 154299999 764
nn1 154300000 154399999 603
nn1 154400000 154499999 739
nn1 154500000 154599999 734
nn1 154600000 154699999 294
nn1 154700000 154799999 574
nn1 154800000 154899999 657
nn1 154900000 154999999 648
nn1 155000000 155099999 452
nn1 155100000 155199999 537
nn1 155200000 155299999 343
nn1 155300000 155399999 208
nn1 155400000 155499999 729
nn1 155500000 155599999 396
nn1 155600000 155699999 207
nn1 155700000 155799999 474
nn1 155800000 155899999 170
nn1 155900000 155999999 441
nn1 156000000 156099999 122
nn1 156100000 156199999 450
nn1 156200000 156299999 207
nn1 156300000 156399999 297
nn1 156400000 156499999 111
nn1 156500000 156599999 239
nn1 156600000 156699999 22
nn1 156700000 156799999 110
nn1 156800000 156899999 103
nn1 156900000 156999999 211
nn1 157000000 157099999 148
nn1 157100000 157199999 138
nn1 157200000 157299999 165
nn1 157300000 157399999 376
nn1 157400000 157499999 671
nn1 157500000 157599999 253
nn1 157600000 157699999 512
nn1 157700000 157799999 501
nn1 157800000 157899999 121
nn1 157900000 157999999 174
nn1 158000000 158099999 68
nn1 158100000 158199999 21
nn1 158200000 158299999 308
nn1 158300000 158399999 42
nn1 158400000 158499999 244
nn1 158500000 158599999 781
nn1 158600000 158699999 175
nn1 158700000 158799999 237
nn1 158800000 158899999 443
nn1 158900000 158999999 117
nn1 159000000 159099999 231
nn1 159100000 159199999 276
nn1 159200000 159299999 249
nn1 159300000 159399999 228
nn1 159400000 159499999 458
nn1 159500000 159599999 211
nn1 159600000 159699999 230
nn1 159700000 159799999 249
nn1 159800000 159899999 150
nn1 159900000 159999999 140
nn1 160000000 160099999 136
nn1 160100000 160199999 399
nn1 160200000 160299999 387
nn1 160300000 160399999 111
nn1 160400000 160499999 149
nn1 160500000 160599999 174
nn1 160600000 160699999 588
nn1 160700000 160799999 133
nn1 160800000 160899999 102
nn1 160900000 160999999 401
nn1 161000000 161099999 54
nn1 161100000 161199999 163
nn1 161200000 161299999 180
nn1 161300000 161399999 214
nn1 161400000 161499999 92
nn1 161500000 161599999 410
nn1 161600000 161699999 200
nn1 161700000 161799999 98
nn1 161800000 161899999 336
nn1 161900000 161999999 330
nn1 162000000 162099999 168
nn1 162100000 162199999 197
nn1 162200000 162299999 184
nn1 162300000 162399999 305
nn1 162400000 162499999 397
nn1 162500000 162599999 121
nn1 162600000 162699999 152
nn1 162700000 162799999 50
nn1 162800000 162899999 67
nn1 162900000 162999999 184
nn1 163000000 163099999 1059
nn1 163100000 163199999 161
nn1 163200000 163299999 653
nn1 163300000 163399999 30
nn1 163400000 163499999 241
nn1 163500000 163599999 147
nn1 163600000 163699999 190
nn1 163700000 163799999 238
nn1 163800000 163899999 584
nn1 163900000 163999999 350
nn1 164000000 164099999 1195
nn1 164100000 164199999 1023
nn1 164200000 164299999 979
nn1 164300000 164399999 212
nn1 164400000 164499999 1075
nn1 164500000 164599999 445
nn1 164600000 164699999 925
nn1 164700000 164799999 401
nn1 164800000 164899999 366
nn1 164900000 164999999 103
nn1 165000000 165099999 221
nn1 165100000 165199999 1126
nn1 165200000 165299999 263
nn1 165300000 165399999 178
nn1 165400000 165499999 80
nn1 165500000 165599999 192
nn1 165600000 165699999 284
nn1 165700000 165799999 554
nn1 165800000 165899999 560
nn1 165900000 165999999 255
nn1 166000000 166099999 45
nn1 166100000 166199999 175
nn1 166200000 166299999 82
nn1 166300000 166399999 285
nn1 166400000 166499999 314
nn1 166500000 166599999 246
nn1 166600000 166699999 156
nn1 166700000 166799999 23
nn1 166800000 166899999 229
nn1 166900000 166999999 377
nn1 167000000 167099999 165
nn1 167100000 167199999 180
nn1 167200000 167299999 60
nn1 167300000 167399999 78
nn1 167400000 167499999 456
nn1 167500000 167599999 153
nn1 167600000 167699999 122
nn1 167700000 167799999 127
nn1 167800000 167899999 44
nn1 167900000 167999999 0
nn1 168000000 168099999 441
nn1 168100000 168199999 107
nn1 168200000 168299999 215
nn1 168300000 168399999 201
nn1 168400000 168499999 203
nn1 168500000 168599999 453
nn1 168600000 168699999 381
nn1 168700000 168799999 418
nn1 168800000 168899999 189
nn1 168900000 168999999 490
nn1 169000000 169099999 325
nn1 169100000 169199999 341
nn1 169200000 169299999 99
nn1 169300000 169399999 46
nn1 169400000 169499999 145
nn1 169500000 169599999 29
nn1 169600000 169699999 93
nn1 169700000 169799999 552
nn1 169800000 169899999 104
nn1 169900000 169999999 276
nn1 170000000 170099999 288
nn1 170100000 170199999 447
nn1 170200000 170299999 298
nn1 170300000 170399999 50
nn1 170400000 170499999 237
nn1 170500000 170599999 175
nn1 170600000 170699999 148
nn1 170700000 170799999 343
nn1 170800000 170899999 574
nn1 170900000 170999999 1064
nn1 171000000 171099999 201
nn1 171100000 171199999 187
nn1 171200000 171299999 213
nn1 171300000 171399999 242
nn1 171400000 171499999 93
nn1 171500000 171599999 150
nn1 171600000 171699999 71
nn1 171700000 171799999 282
nn1 171800000 171899999 131
nn1 171900000 171999999 732
nn1 172000000 172099999 158
nn1 172100000 172199999 139
nn1 172200000 172299999 244
nn1 172300000 172399999 162
nn1 172400000 172499999 293
nn1 172500000 172599999 442
nn1 172600000 172699999 391
nn1 172700000 172799999 269
nn1 172800000 172899999 258
nn1 172900000 172999999 247
nn1 173000000 173099999 188
nn1 173100000 173199999 117
nn1 173200000 173299999 163
nn1 173300000 173399999 353
nn1 173400000 173499999 318
nn1 173500000 173599999 508
nn1 173600000 173699999 68
nn1 173700000 173799999 135
nn1 173800000 173899999 254
nn1 173900000 173999999 106
nn1 174000000 174099999 197
nn1 174100000 174199999 179
nn1 174200000 174299999 373
nn1 174300000 174399999 426
nn1 174400000 174499999 0
nn1 174500000 174599999 626
nn1 174600000 174699999 226
nn1 174700000 174799999 140
nn1 174800000 174899999 1304
nn1 174900000 174999999 424
nn1 175000000 175099999 444
nn1 175100000 175199999 565
nn1 175200000 175299999 569
nn1 175300000 175399999 203
nn1 175400000 175499999 108
nn1 175500000 175599999 196
nn1 175600000 175699999 297
nn1 175700000 175799999 242
nn1 175800000 175899999 655
nn1 175900000 175999999 64
nn1 176000000 176099999 84
nn1 176100000 176199999 104
nn1 176200000 176299999 84
nn1 176300000 176399999 527
nn1 176400000 176499999 320
nn1 176500000 176599999 276
nn1 176600000 176699999 691
nn1 176700000 176799999 996
nn1 176800000 176899999 256
nn1 176900000 176999999 480
nn1 177000000 177099999 435
nn1 177100000 177199999 441
nn1 177200000 177299999 356
nn1 177300000 177399999 121
nn1 177400000 177499999 343
nn1 177500000 177599999 308
nn1 177600000 177699999 224
nn1 177700000 177799999 185
nn1 177800000 177899999 257
nn1 177900000 177999999 343
nn1 178000000 178099999 601
nn1 178100000 178199999 635
nn1 178200000 178299999 307
nn1 178300000 178399999 1097
nn1 178400000 178499999 237
nn1 178500000 178599999 364
nn1 178600000 178699999 849
nn1 178700000 178799999 402
nn1 178800000 178899999 323
nn1 178900000 178999999 497
nn1 179000000 179099999 1237
nn1 179100000 179199999 882
nn1 179200000 179299999 675
nn1 179300000 179399999 259
nn1 179400000 179499999 647
nn1 179500000 179599999 209
nn1 179600000 179699999 450
nn1 179700000 179799999 775
nn1 179800000 179899999 228
nn1 179900000 179999999 441
nn1 180000000 180099999 64
nn1 180100000 180199999 90
nn1 180200000 180299999 70
nn1 180300000 180399999 313
nn1 180400000 180499999 46
nn1 180500000 180599999 194
nn1 180600000 180699999 92
nn1 180700000 180799999 384
nn1 180800000 180899999 208
nn1 180900000 180999999 28
nn1 181000000 181099999 200
nn1 181100000 181199999 69
nn1 181200000 181299999 269
nn1 181300000 181399999 70
nn1 181400000 181499999 165
nn1 181500000 181599999 20
nn1 181600000 181699999 74
nn1 181700000 181799999 221
nn1 181800000 181899999 194
nn1 181900000 181999999 129
nn1 182000000 182099999 129
nn1 182100000 182199999 214
nn1 182200000 182299999 167
nn1 182300000 182399999 268
nn1 182400000 182499999 68
nn1 182500000 182599999 88
nn1 182600000 182699999 376
nn1 182700000 182799999 88
nn1 182800000 182899999 117
nn1 182900000 182999999 121
nn1 183000000 183099999 32
nn1 183100000 183199999 99
nn1 183200000 183299999 169
nn1 183300000 183399999 46
nn1 183400000 183499999 105
nn1 183500000 183599999 365
nn1 183600000 183699999 166
nn1 183700000 183799999 190
nn1 183800000 183899999 52
nn1 183900000 183999999 241
nn1 184000000 184099999 52
nn1 184100000 184199999 195
nn1 184200000 184299999 108
nn1 184300000 184399999 484
nn1 184400000 184499999 331
nn1 184500000 184599999 289
nn1 184600000 184699999 177
nn1 184700000 184799999 797
nn1 184800000 184899999 719
nn1 184900000 184999999 299
nn1 185000000 185099999 81
nn1 185100000 185199999 617
nn1 185200000 185299999 390
nn1 185300000 185399999 488
nn1 185400000 185499999 914
nn1 185500000 185599999 615
nn1 185600000 185699999 344
nn1 185700000 185799999 1156
nn1 185800000 185899999 453
nn1 185900000 185999999 369
nn1 186000000 186099999 304
nn1 186100000 186199999 201
nn1 186200000 186299999 483
nn1 186300000 186399999 394
nn1 186400000 186499999 253
nn1 186500000 186599999 272
nn1 186600000 186699999 268
nn1 186700000 186799999 1213
nn1 186800000 186899999 636
nn1 186900000 186999999 741
nn1 187000000 187099999 439
nn1 187100000 187199999 1358
nn1 187200000 187299999 553
nn1 187300000 187399999 915
nn1 187400000 187499999 947
nn1 187500000 187599999 828
nn1 187600000 187699999 742
nn1 187700000 187799999 584
nn1 187800000 187899999 139
nn1 187900000 187999999 124
nn1 188000000 188099999 1747
nn1 188100000 188199999 460
nn1 188200000 188299999 346
nn1 188300000 188399999 435
nn1 188400000 188499999 163
nn1 188500000 188599999 654
nn1 188600000 188699999 169
nn1 188700000 188799999 108
nn1 188800000 188899999 66
nn1 188900000 188999999 222
nn1 189000000 189099999 93
nn1 189100000 189199999 1245
nn1 189200000 189299999 156
nn1 189300000 189399999 77
nn1 189400000 189499999 52
nn1 189500000 189599999 132
nn1 189600000 189699999 418
nn1 189700000 189799999 262
nn1 189800000 189899999 69
nn1 189900000 189999999 138
nn1 190000000 190099999 440
nn1 190100000 190199999 416
nn1 190200000 190299999 387
nn1 190300000 190399999 134
nn1 190400000 190499999 382
nn1 190500000 190599999 666
nn1 190600000 190699999 377
nn1 190700000 190799999 879
nn1 190800000 190899999 500
nn1 190900000 190999999 573
nn1 191000000 191099999 371
nn1 191100000 191199999 639
nn1 191200000 191299999 463
nn1 191300000 191399999 1227
nn1 191400000 191499999 421
nn1 191500000 191599999 521
nn1 191600000 191699999 472
nn1 191700000 191799999 1404
nn1 191800000 191899999 148
nn1 191900000 191999999 127
nn1 192000000 192099999 186
nn1 192100000 192199999 20
nn1 192200000 192299999 649
nn1 192300000 192399999 184
nn1 192400000 192499999 764
nn1 192500000 192599999 104
nn1 192600000 192699999 691
nn1 192700000 192799999 145
nn1 192800000 192899999 90
nn1 192900000 192999999 160
nn1 193000000 193099999 483
nn1 193100000 193199999 233
nn1 193200000 193299999 0
nn1 193300000 193399999 536
nn1 193400000 193499999 281
nn1 193500000 193599999 387
nn1 193600000 193699999 701
nn1 193700000 193799999 133
nn1 193800000 193899999 123
nn1 193900000 193999999 106
nn1 194000000 194099999 73
nn1 194100000 194199999 42
nn1 194200000 194299999 0
nn1 194300000 194399999 0
nn1 194400000 194499999 64
nn1 194500000 194599999 20
nn1 194600000 194699999 275
nn1 194700000 194799999 474
nn1 194800000 194899999 828
nn1 194900000 194999999 369
nn1 195000000 195099999 368
nn1 195100000 195199999 20
nn1 195200000 195299999 227
nn1 195300000 195399999 62
nn1 195400000 195499999 353
nn1 195500000 195599999 441
nn1 195600000 195699999 97
nn1 195700000 195799999 90
nn1 195800000 195899999 38
nn1 195900000 195999999 579
nn1 196000000 196099999 126
nn1 196100000 196199999 128
nn1 196200000 196299999 459
nn1 196300000 196399999 0
nn1 196400000 196499999 143
nn1 196500000 196599999 938
nn1 196600000 196699999 25
nn1 196700000 196799999 267
nn1 196800000 196899999 131
nn1 196900000 196999999 91
nn1 197000000 197099999 46
nn1 197100000 197199999 0
nn1 197200000 197299999 79
nn1 197300000 197399999 72
nn1 197400000 197499999 50
nn1 197500000 197518696 0
nn2 0 99999 103
nn2 100000 199999 85
nn2 200000 299999 255
nn2 300000 399999 197
nn2 400000 499999 192
nn2 500000 599999 211
nn2 600000 699999 247
nn2 700000 799999 258
nn2 800000 899999 92
nn2 900000 999999 141
nn2 1000000 1099999 76
nn2 1100000 1199999 154
nn2 1200000 1299999 27
nn2 1300000 1399999 183
nn2 1400000 1499999 209
nn2 1500000 1599999 406
nn2 1600000 1699999 231
nn2 1700000 1799999 449
nn2 1800000 1899999 249
nn2 1900000 1999999 923
nn2 2000000 2099999 412
nn2 2100000 2199999 460
nn2 2200000 2299999 349
nn2 2300000 2399999 190
nn2 2400000 2499999 160
nn2 2500000 2599999 224
nn2 2600000 2699999 188
nn2 2700000 2799999 130
nn2 2800000 2899999 235
nn2 2900000 2999999 73
nn2 3000000 3099999 1000
nn2 3100000 3199999 769
nn2 3200000 3299999 49
nn2 3300000 3399999 94
nn2 3400000 3499999 111
nn2 3500000 3599999 555
nn2 3600000 3699999 102
nn2 3700000 3799999 259
nn2 3800000 3899999 398
nn2 3900000 3999999 144
nn2 4000000 4099999 366
nn2 4100000 4199999 61
nn2 4200000 4299999 0
nn2 4300000 4399999 220
nn2 4400000 4499999 22
nn2 4500000 4599999 113
nn2 4600000 4699999 172
nn2 4700000 4799999 111
nn2 4800000 4899999 273
nn2 4900000 4999999 1001
nn2 5000000 5099999 1919
nn2 5100000 5199999 274
nn2 5200000 5299999 514
nn2 5300000 5399999 292
nn2 5400000 5499999 80
nn2 5500000 5599999 859
nn2 5600000 5699999 229
nn2 5700000 5799999 173
nn2 5800000 5899999 141
nn2 5900000 5999999 46
nn2 6000000 6099999 609
nn2 6100000 6199999 384
nn2 6200000 6299999 276
nn2 6300000 6399999 704
nn2 6400000 6499999 219
nn2 6500000 6599999 556
nn2 6600000 6699999 187
nn2 6700000 6799999 422
nn2 6800000 6899999 74
nn2 6900000 6999999 435
nn2 7000000 7099999 103
nn2 7100000 7199999 112
nn2 7200000 7299999 0
nn2 7300000 7399999 196
nn2 7400000 7499999 149
nn2 7500000 7599999 976
nn2 7600000 7699999 143
nn2 7700000 7799999 319
nn2 7800000 7899999 140
nn2 7900000 7999999 223
nn2 8000000 8099999 160
nn2 8100000 8199999 108
nn2 8200000 8299999 0
nn2 8300000 8399999 85
nn2 8400000 8499999 92
nn2 8500000 8599999 296
nn2 8600000 8699999 202
nn2 8700000 8799999 176
nn2 8800000 8899999 120
nn2 8900000 8999999 232
nn2 9000000 9099999 194
nn2 9100000 9199999 83
nn2 9200000 9299999 333
nn2 9300000 9399999 86
nn2 9400000 9499999 200
nn2 9500000 9599999 125
nn2 9600000 9699999 210
nn2 9700000 9799999 977
nn2 9800000 9899999 250
nn2 9900000 9999999 65
nn2 10000000 10099999 80
nn2 10100000 10199999 49
nn2 10200000 10299999 122
nn2 10300000 10399999 396
nn2 10400000 10499999 56
nn2 10500000 10599999 659
nn2 10600000 10699999 142
nn2 10700000 10799999 171
nn2 10800000 10899999 280
nn2 10900000 10999999 131
nn2 11000000 11099999 199
nn2 11100000 11199999 610
nn2 11200000 11299999 196
nn2 11300000 11399999 180
nn2 11400000 11499999 190
nn2 11500000 11599999 227
nn2 11600000 11699999 242
nn2 11700000 11799999 432
nn2 11800000 11899999 180
nn2 11900000 11999999 83
nn2 12000000 12099999 365
nn2 12100000 12199999 325
nn2 12200000 12299999 312
nn2 12300000 12399999 148
nn2 12400000 12499999 121
nn2 12500000 12599999 165
nn2 12600000 12699999 222
nn2 12700000 12799999 124
nn2 12800000 12899999 261
nn2 12900000 12999999 765
nn2 13000000 13099999 70
nn2 13100000 13199999 169
nn2 13200000 13299999 177
nn2 13300000 13399999 67
nn2 13400000 13499999 51
nn2 13500000 13599999 211
nn2 13600000 13699999 218
nn2 13700000 13799999 104
nn2 13800000 13899999 163
nn2 13900000 13999999 0
nn2 14000000 14099999 78
nn2 14100000 14199999 180
nn2 14200000 14299999 71
nn2 14300000 14399999 174
nn2 14400000 14499999 163
nn2 14500000 14599999 278
nn2 14600000 14699999 506
nn2 14700000 14799999 607
nn2 14800000 14899999 208
nn2 14900000 14999999 157
nn2 15000000 15099999 253
nn2 15100000 15199999 21
nn2 15200000 15299999 298
nn2 15300000 15399999 87
nn2 15400000 15499999 53
nn2 15500000 15599999 238
nn2 15600000 15699999 127
nn2 15700000 15799999 314
nn2 15800000 15899999 97
nn2 15900000 15999999 95
nn2 16000000 16099999 177
nn2 16100000 16199999 130
nn2 16200000 16299999 236
nn2 16300000 16399999 97
nn2 16400000 16499999 177
nn2 16500000 16599999 102
nn2 16600000 16699999 199
nn2 16700000 16799999 72
nn2 16800000 16899999 231
nn2 16900000 16999999 171
nn2 17000000 17099999 254
nn2 17100000 17199999 507
nn2 17200000 17299999 385
nn2 17300000 17399999 511
nn2 17400000 17499999 1684
nn2 17500000 17599999 331
nn2 17600000 17699999 1107
nn2 17700000 17799999 354
nn2 17800000 17899999 292
nn2 17900000 17999999 220
nn2 18000000 18099999 250
nn2 18100000 18199999 897
nn2 18200000 18299999 526
nn2 18300000 18399999 379
nn2 18400000 18499999 693
nn2 18500000 18599999 645
nn2 18600000 18699999 533
nn2 18700000 18799999 277
nn2 18800000 18899999 858
nn2 18900000 18999999 1254
nn2 19000000 19099999 724
nn2 19100000 19199999 642
nn2 19200000 19299999 250
nn2 19300000 19399999 731
nn2 19400000 19499999 571
nn2 19500000 19599999 1285
nn2 19600000 19699999 847
nn2 19700000 19799999 412
nn2 19800000 19899999 480
nn2 19900000 19999999 375
nn2 20000000 20099999 285
nn2 20100000 20199999 2585
nn2 20200000 20299999 498
nn2 20300000 20399999 275
nn2 20400000 20499999 974
nn2 20500000 20599999 332
nn2 20600000 20699999 375
nn2 20700000 20799999 261
nn2 20800000 20899999 833
nn2 20900000 20999999 372
nn2 21000000 21099999 260
nn2 21100000 21199999 422
nn2 21200000 21299999 635
nn2 21300000 21399999 514
nn2 21400000 21499999 291
nn2 21500000 21599999 360
nn2 21600000 21699999 223
nn2 21700000 21799999 456
nn2 21800000 21899999 174
nn2 21900000 21999999 312
nn2 22000000 22099999 482
nn2 22100000 22199999 425
nn2 22200000 22299999 236
nn2 22300000 22399999 42
nn2 22400000 22499999 200
nn2 22500000 22599999 139
nn2 22600000 22699999 224
nn2 22700000 22799999 359
nn2 22800000 22899999 305
nn2 22900000 22999999 257
nn2 23000000 23099999 96
nn2 23100000 23199999 91
nn2 23200000 23299999 183
nn2 23300000 23399999 86
nn2 23400000 23499999 153
nn2 23500000 23599999 66
nn2 23600000 23699999 198
nn2 23700000 23799999 439
nn2 23800000 23899999 297
nn2 23900000 23999999 382
nn2 24000000 24099999 114
nn2 24100000 24199999 239
nn2 24200000 24299999 196
nn2 24300000 24399999 148
nn2 24400000 24499999 247
nn2 24500000 24599999 609
nn2 24600000 24699999 343
nn2 24700000 24799999 378
nn2 24800000 24899999 155
nn2 24900000 24999999 195
nn2 25000000 25099999 255
nn2 25100000 25199999 183
nn2 25200000 25299999 52
nn2 25300000 25399999 118
nn2 25400000 25499999 246
nn2 25500000 25599999 80
nn2 25600000 25699999 139
nn2 25700000 25799999 25
nn2 25800000 25899999 164
nn2 25900000 25999999 190
nn2 26000000 26099999 462
nn2 26100000 26199999 199
nn2 26200000 26299999 92
nn2 26300000 26399999 97
nn2 26400000 26499999 114
nn2 26500000 26599999 96
nn2 26600000 26699999 75
nn2 26700000 26799999 241
nn2 26800000 26899999 41
nn2 26900000 26999999 99
nn2 27000000 27099999 65
nn2 27100000 27199999 76
nn2 27200000 27299999 136
nn2 27300000 27399999 0
nn2 27400000 27499999 205
nn2 27500000 27599999 78
nn2 27600000 27699999 170
nn2 27700000 27799999 139
nn2 27800000 27899999 560
nn2 27900000 27999999 670
nn2 28000000 28099999 288
nn2 28100000 28199999 159
nn2 28200000 28299999 188
nn2 28300000 28399999 133
nn2 28400000 28499999 290
nn2 28500000 28599999 199
nn2 28600000 28699999 328
nn2 28700000 28799999 270
nn2 28800000 28899999 802
nn2 28900000 28999999 88
nn2 29000000 29099999 613
nn2 29100000 29199999 948
nn2 29200000 29299999 1412
nn2 29300000 29399999 1166
nn2 29400000 29499999 787
nn2 29500000 29599999 273
nn2 29600000 29699999 383
nn2 29700000 29799999 480
nn2 29800000 29899999 414
nn2 29900000 29999999 255
nn2 30000000 30099999 252
nn2 30100000 30199999 23
nn2 30200000 30299999 211
nn2 30300000 30399999 116
nn2 30400000 30499999 212
nn2 30500000 30599999 356
nn2 30600000 30699999 244
nn2 30700000 30799999 203
nn2 30800000 30899999 117
nn2 30900000 30999999 48
nn2 31000000 31099999 131
nn2 31100000 31199999 131
nn2 31200000 31299999 156
nn2 31300000 31399999 0
nn2 31400000 31499999 185
nn2 31500000 31599999 234
nn2 31600000 31699999 27
nn2 31700000 31799999 241
nn2 31800000 31899999 311
nn2 31900000 31999999 451
nn2 32000000 32099999 112
nn2 32100000 32199999 43
nn2 32200000 32299999 187
nn2 32300000 32399999 121
nn2 32400000 32499999 347
nn2 32500000 32599999 46
nn2 32600000 32699999 205
nn2 32700000 32799999 326
nn2 32800000 32899999 178
nn2 32900000 32999999 40
nn2 33000000 33099999 118
nn2 33100000 33199999 210
nn2 33200000 33299999 310
nn2 33300000 33399999 488
nn2 33400000 33499999 606
nn2 33500000 33599999 1329
nn2 33600000 33699999 702
nn2 33700000 33799999 1266
nn2 33800000 33899999 269
nn2 33900000 33999999 352
nn2 34000000 34099999 229
nn2 34100000 34199999 1401
nn2 34200000 34299999 493
nn2 34300000 34399999 189
nn2 34400000 34499999 402
nn2 34500000 34599999 777
nn2 34600000 34699999 422
nn2 34700000 34799999 694
nn2 34800000 34899999 113
nn2 34900000 34999999 240
nn2 35000000 35099999 189
nn2 35100000 35199999 81
nn2 35200000 35299999 204
nn2 35300000 35399999 170
nn2 35400000 35499999 226
nn2 35500000 35599999 201
nn2 35600000 35699999 316
nn2 35700000 35799999 137
nn2 35800000 35899999 182
nn2 35900000 35999999 134
nn2 36000000 36099999 475
nn2 36100000 36199999 151
nn2 36200000 36299999 89
nn2 36300000 36399999 343
nn2 36400000 36499999 226
nn2 36500000 36599999 207
nn2 36600000 36699999 281
nn2 36700000 36799999 182
nn2 36800000 36899999 140
nn2 36900000 36999999 238
nn2 37000000 37099999 121
nn2 37100000 37199999 142
nn2 37200000 37299999 79
nn2 37300000 37399999 143
nn2 37400000 37499999 459
nn2 37500000 37599999 117
nn2 37600000 37699999 138
nn2 37700000 37799999 174
nn2 37800000 37899999 288
nn2 37900000 37999999 334
nn2 38000000 38099999 645
nn2 38100000 38199999 1241
nn2 38200000 38299999 171
nn2 38300000 38399999 283
nn2 38400000 38499999 867
nn2 38500000 38599999 189
nn2 38600000 38699999 420
nn2 38700000 38799999 87
nn2 38800000 38899999 99
nn2 38900000 38999999 133
nn2 39000000 39099999 93
nn2 39100000 39199999 136
nn2 39200000 39299999 144
nn2 39300000 39399999 222
nn2 39400000 39499999 113
nn2 39500000 39599999 314
nn2 39600000 39699999 209
nn2 39700000 39799999 272
nn2 39800000 39899999 1122
nn2 39900000 39999999 367
nn2 40000000 40099999 694
nn2 40100000 40199999 416
nn2 40200000 40299999 264
nn2 40300000 40399999 235
nn2 40400000 40499999 191
nn2 40500000 40599999 243
nn2 40600000 40699999 352
nn2 40700000 40799999 153
nn2 40800000 40899999 203
nn2 40900000 40999999 295
nn2 41000000 41099999 220
nn2 41100000 41199999 114
nn2 41200000 41299999 541
nn2 41300000 41399999 220
nn2 41400000 41499999 301
nn2 41500000 41599999 508
nn2 41600000 41699999 200
nn2 41700000 41799999 619
nn2 41800000 41899999 1262
nn2 41900000 41999999 511
nn2 42000000 42099999 642
nn2 42100000 42199999 619
nn2 42200000 42299999 755
nn2 42300000 42399999 268
nn2 42400000 42499999 773
nn2 42500000 42599999 426
nn2 42600000 42699999 922
nn2 42700000 42799999 218
nn2 42800000 42899999 241
nn2 42900000 42999999 181
nn2 43000000 43099999 388
nn2 43100000 43199999 494
nn2 43200000 43299999 352
nn2 43300000 43399999 127
nn2 43400000 43499999 170
nn2 43500000 43599999 195
nn2 43600000 43699999 41
nn2 43700000 43799999 117
nn2 43800000 43899999 143
nn2 43900000 43999999 73
nn2 44000000 44099999 64
nn2 44100000 44199999 177
nn2 44200000 44299999 66
nn2 44300000 44399999 62
nn2 44400000 44499999 248
nn2 44500000 44599999 261
nn2 44600000 44699999 151
nn2 44700000 44799999 27
nn2 44800000 44899999 293
nn2 44900000 44999999 271
nn2 45000000 45099999 324
nn2 45100000 45199999 209
nn2 45200000 45299999 96
nn2 45300000 45399999 211
nn2 45400000 45499999 447
nn2 45500000 45599999 71
nn2 45600000 45699999 127
nn2 45700000 45799999 82
nn2 45800000 45899999 193
nn2 45900000 45999999 227
nn2 46000000 46099999 91
nn2 46100000 46199999 240
nn2 46200000 46299999 122
nn2 46300000 46399999 324
nn2 46400000 46499999 119
nn2 46500000 46599999 174
nn2 46600000 46699999 326
nn2 46700000 46799999 170
nn2 46800000 46899999 245
nn2 46900000 46999999 221
nn2 47000000 47099999 162
nn2 47100000 47199999 150
nn2 47200000 47299999 63
nn2 47300000 47399999 147
nn2 47400000 47499999 166
nn2 47500000 47599999 549
nn2 47600000 47699999 179
nn2 47700000 47799999 204
nn2 47800000 47899999 49
nn2 47900000 47999999 200
nn2 48000000 48099999 481
nn2 48100000 48199999 1239
nn2 48200000 48299999 993
nn2 48300000 48399999 639
nn2 48400000 48499999 416
nn2 48500000 48599999 557
nn2 48600000 48699999 157
nn2 48700000 48799999 193
nn2 48800000 48899999 113
nn2 48900000 48999999 170
nn2 49000000 49099999 44
nn2 49100000 49199999 322
nn2 49200000 49299999 108
nn2 49300000 49399999 713
nn2 49400000 49499999 203
nn2 49500000 49599999 182
nn2 49600000 49699999 206
nn2 49700000 49799999 261
nn2 49800000 49899999 133
nn2 49900000 49999999 105
nn2 50000000 50099999 112
nn2 50100000 50199999 298
nn2 50200000 50299999 154
nn2 50300000 50399999 139
nn2 50400000 50499999 328
nn2 50500000 50599999 378
nn2 50600000 50699999 502
nn2 50700000 50799999 185
nn2 50800000 50899999 53
nn2 50900000 50999999 397
nn2 51000000 51099999 581
nn2 51100000 51199999 450
nn2 51200000 51299999 396
nn2 51300000 51399999 149
nn2 51400000 51499999 340
nn2 51500000 51599999 92
nn2 51600000 51699999 415
nn2 51700000 51799999 678
nn2 51800000 51899999 493
nn2 51900000 51999999 184
nn2 52000000 52099999 868
nn2 52100000 52199999 452
nn2 52200000 52299999 625
nn2 52300000 52399999 429
nn2 52400000 52499999 257
nn2 52500000 52599999 791
nn2 52600000 52699999 175
nn2 52700000 52799999 78
nn2 52800000 52899999 143
nn2 52900000 52999999 236
nn2 53000000 53099999 65
nn2 53100000 53199999 29
nn2 53200000 53299999 103
nn2 53300000 53399999 641
nn2 53400000 53499999 238
nn2 53500000 53599999 211
nn2 53600000 53699999 248
nn2 53700000 53799999 99
nn2 53800000 53899999 118
nn2 53900000 53999999 155
nn2 54000000 54099999 48
nn2 54100000 54199999 153
nn2 54200000 54299999 234
nn2 54300000 54399999 40
nn2 54400000 54499999 121
nn2 54500000 54599999 269
nn2 54600000 54699999 122
nn2 54700000 54799999 162
nn2 54800000 54899999 588
nn2 54900000 54999999 502
nn2 55000000 55099999 217
nn2 55100000 55199999 148
nn2 55200000 55299999 86
nn2 55300000 55399999 264
nn2 55400000 55499999 245
nn2 55500000 55599999 288
nn2 55600000 55699999 295
nn2 55700000 55799999 255
nn2 55800000 55899999 446
nn2 55900000 55999999 561
nn2 56000000 56099999 332
nn2 56100000 56199999 203
nn2 56200000 56299999 347
nn2 56300000 56399999 187
nn2 56400000 56499999 187
nn2 56500000 56599999 186
nn2 56600000 56699999 44
nn2 56700000 56799999 117
nn2 56800000 56899999 158
nn2 56900000 56999999 124
nn2 57000000 57099999 802
nn2 57100000 57199999 194
nn2 57200000 57299999 599
nn2 57300000 57399999 166
nn2 57400000 57499999 151
nn2 57500000 57599999 74
nn2 57600000 57699999 181
nn2 57700000 57799999 137
nn2 57800000 57899999 269
nn2 57900000 57999999 639
nn2 58000000 58099999 20
nn2 58100000 58199999 171
nn2 58200000 58299999 290
nn2 58300000 58399999 372
nn2 58400000 58499999 103
nn2 58500000 58599999 62
nn2 58600000 58699999 77
nn2 58700000 58799999 182
nn2 58800000 58899999 67
nn2 58900000 58999999 251
nn2 59000000 59099999 566
nn2 59100000 59199999 630
nn2 59200000 59299999 1427
nn2 59300000 59399999 137
nn2 59400000 59499999 484
nn2 59500000 59599999 135
nn2 59600000 59699999 449
nn2 59700000 59799999 858
nn2 59800000 59899999 94
nn2 59900000 59999999 47
nn2 60000000 60099999 209
nn2 60100000 60199999 442
nn2 60200000 60299999 293
nn2 60300000 60399999 279
nn2 60400000 60499999 174
nn2 60500000 60599999 84
nn2 60600000 60699999 233
nn2 60700000 60799999 345
nn2 60800000 60899999 78
nn2 60900000 60999999 743
nn2 61000000 61099999 682
nn2 61100000 61199999 212
nn2 61200000 61299999 120
nn2 61300000 61399999 432
nn2 61400000 61499999 134
nn2 61500000 61599999 110
nn2 61600000 61699999 61
nn2 61700000 61799999 319
nn2 61800000 61899999 125
nn2 61900000 61999999 409
nn2 62000000 62099999 125
nn2 62100000 62199999 113
nn2 62200000 62299999 170
nn2 62300000 62399999 145
nn2 62400000 62499999 144
nn2 62500000 62599999 158
nn2 62600000 62699999 236
nn2 62700000 62799999 648
nn2 62800000 62899999 241
nn2 62900000 62999999 133
nn2 63000000 63099999 162
nn2 63100000 63199999 169
nn2 63200000 63299999 82
nn2 63300000 63399999 179
nn2 63400000 63499999 171
nn2 63500000 63599999 150
nn2 63600000 63699999 61
nn2 63700000 63799999 74
nn2 63800000 63899999 310
nn2 63900000 63999999 373
nn2 64000000 64099999 69
nn2 64100000 64199999 155
nn2 64200000 64299999 115
nn2 64300000 64399999 67
nn2 64400000 64499999 103
nn2 64500000 64599999 138
nn2 64600000 64699999 114
nn2 64700000 64799999 304
nn2 64800000 64899999 371
nn2 64900000 64999999 116
nn2 65000000 65099999 249
nn2 65100000 65199999 225
nn2 65200000 65299999 1270
nn2 65300000 65399999 772
nn2 65400000 65499999 658
nn2 65500000 65599999 1111
nn2 65600000 65699999 827
nn2 65700000 65799999 781
nn2 65800000 65899999 425
nn2 65900000 65999999 556
nn2 66000000 66099999 631
nn2 66100000 66199999 206
nn2 66200000 66299999 243
nn2 66300000 66399999 1078
nn2 66400000 66499999 1038
nn2 66500000 66599999 415
nn2 66600000 66699999 294
nn2 66700000 66799999 296
nn2 66800000 66899999 1708
nn2 66900000 66999999 399
nn2 67000000 67099999 174
nn2 67100000 67199999 531
nn2 67200000 67299999 309
nn2 67300000 67399999 106
nn2 67400000 67499999 160
nn2 67500000 67599999 180
nn2 67600000 67699999 158
nn2 67700000 67799999 218
nn2 67800000 67899999 387
nn2 67900000 67999999 221
nn2 68000000 68099999 194
nn2 68100000 68199999 478
nn2 68200000 68299999 519
nn2 68300000 68399999 522
nn2 68400000 68499999 457
nn2 68500000 68599999 335
nn2 68600000 68699999 159
nn2 68700000 68799999 478
nn2 68800000 68899999 537
nn2 68900000 68999999 917
nn2 69000000 69099999 226
nn2 69100000 69199999 119
nn2 69200000 69299999 312
nn2 69300000 69399999 286
nn2 69400000 69499999 674
nn2 69500000 69599999 138
nn2 69600000 69699999 165
nn2 69700000 69799999 693
nn2 69800000 69899999 343
nn2 69900000 69999999 633
nn2 70000000 70099999 431
nn2 70100000 70199999 190
nn2 70200000 70299999 266
nn2 70300000 70399999 1080
nn2 70400000 70499999 294
nn2 70500000 70599999 403
nn2 70600000 70699999 575
nn2 70700000 70799999 773
nn2 70800000 70899999 180
nn2 70900000 70999999 1030
nn2 71000000 71099999 237
nn2 71100000 71199999 269
nn2 71200000 71299999 178
nn2 71300000 71399999 232
nn2 71400000 71499999 386
nn2 71500000 71599999 296
nn2 71600000 71699999 1031
nn2 71700000 71799999 328
nn2 71800000 71899999 344
nn2 71900000 71999999 456
nn2 72000000 72099999 200
nn2 72100000 72199999 951
nn2 72200000 72299999 482
nn2 72300000 72399999 124
nn2 72400000 72499999 78
nn2 72500000 72599999 109
nn2 72600000 72699999 107
nn2 72700000 72799999 118
nn2 72800000 72899999 57
nn2 72900000 72999999 359
nn2 73000000 73099999 367
nn2 73100000 73199999 60
nn2 73200000 73299999 657
nn2 73300000 73399999 64
nn2 73400000 73499999 173
nn2 73500000 73599999 153
nn2 73600000 73699999 253
nn2 73700000 73799999 437
nn2 73800000 73899999 143
nn2 73900000 73999999 69
nn2 74000000 74099999 238
nn2 74100000 74199999 232
nn2 74200000 74299999 313
nn2 74300000 74399999 54
nn2 74400000 74499999 160
nn2 74500000 74599999 112
nn2 74600000 74699999 150
nn2 74700000 74799999 108
nn2 74800000 74899999 45
nn2 74900000 74999999 72
nn2 75000000 75099999 105
nn2 75100000 75199999 496
nn2 75200000 75299999 311
nn2 75300000 75399999 474
nn2 75400000 75499999 1077
nn2 75500000 75599999 167
nn2 75600000 75699999 146
nn2 75700000 75799999 23
nn2 75800000 75899999 71
nn2 75900000 75999999 43
nn2 76000000 76099999 69
nn2 76100000 76199999 207
nn2 76200000 76299999 202
nn2 76300000 76399999 40
nn2 76400000 76499999 71
nn2 76500000 76599999 1012
nn2 76600000 76699999 341
nn2 76700000 76799999 166
nn2 76800000 76899999 186
nn2 76900000 76999999 172
nn2 77000000 77099999 355
nn2 77100000 77199999 324
nn2 77200000 77299999 152
nn2 77300000 77399999 221
nn2 77400000 77499999 124
nn2 77500000 77599999 391
nn2 77600000 77699999 121
nn2 77700000 77799999 136
nn2 77800000 77899999 145
nn2 77900000 77999999 127
nn2 78000000 78099999 45
nn2 78100000 78199999 454
nn2 78200000 78299999 78
nn2 78300000 78399999 168
nn2 78400000 78499999 105
nn2 78500000 78599999 431
nn2 78600000 78699999 290
nn2 78700000 78799999 429
nn2 78800000 78899999 219
nn2 78900000 78999999 231
nn2 79000000 79099999 392
nn2 79100000 79199999 1000
nn2 79200000 79299999 396
nn2 79300000 79399999 676
nn2 79400000 79499999 803
nn2 79500000 79599999 238
nn2 79600000 79699999 225
nn2 79700000 79799999 442
nn2 79800000 79899999 265
nn2 79900000 79999999 432
nn2 80000000 80099999 177
nn2 80100000 80199999 506
nn2 80200000 80299999 334
nn2 80300000 80399999 159
nn2 80400000 80499999 710
nn2 80500000 80599999 177
nn2 80600000 80699999 411
nn2 80700000 80799999 303
nn2 80800000 80899999 394
nn2 80900000 80999999 281
nn2 81000000 81099999 93
nn2 81100000 81199999 234
nn2 81200000 81299999 106
nn2 81300000 81399999 22
nn2 81400000 81499999 540
nn2 81500000 81599999 101
nn2 81600000 81699999 201
nn2 81700000 81799999 182
nn2 81800000 81899999 21
nn2 81900000 81999999 127
nn2 82000000 82099999 687
nn2 82100000 82199999 155
nn2 82200000 82299999 96
nn2 82300000 82399999 99
nn2 82400000 82499999 110
nn2 82500000 82599999 230
nn2 82600000 82699999 118
nn2 82700000 82799999 95
nn2 82800000 82899999 373
nn2 82900000 82999999 325
nn2 83000000 83099999 220
nn2 83100000 83199999 647
nn2 83200000 83299999 461
nn2 83300000 83399999 46
nn2 83400000 83499999 423
nn2 83500000 83599999 234
nn2 83600000 83699999 622
nn2 83700000 83799999 102
nn2 83800000 83899999 20
nn2 83900000 83999999 338
nn2 84000000 84099999 306
nn2 84100000 84199999 157
nn2 84200000 84299999 302
nn2 84300000 84399999 127
nn2 84400000 84499999 142
nn2 84500000 84599999 354
nn2 84600000 84699999 369
nn2 84700000 84799999 226
nn2 84800000 84899999 438
nn2 84900000 84999999 407
nn2 85000000 85099999 232
nn2 85100000 85199999 1121
nn2 85200000 85299999 261
nn2 85300000 85399999 295
nn2 85400000 85499999 431
nn2 85500000 85599999 245
nn2 85600000 85699999 176
nn2 85700000 85799999 395
nn2 85800000 85899999 491
nn2 85900000 85999999 731
nn2 86000000 86099999 403
nn2 86100000 86199999 923
nn2 86200000 86299999 266
nn2 86300000 86399999 118
nn2 86400000 86499999 125
nn2 86500000 86599999 361
nn2 86600000 86699999 668
nn2 86700000 86799999 858
nn2 86800000 86899999 996
nn2 86900000 86999999 904
nn2 87000000 87099999 150
nn2 87100000 87199999 186
nn2 87200000 87299999 343
nn2 87300000 87399999 495
nn2 87400000 87499999 125
nn2 87500000 87599999 124
nn2 87600000 87699999 405
nn2 87700000 87799999 297
nn2 87800000 87899999 172
nn2 87900000 87999999 555
nn2 88000000 88099999 295
nn2 88100000 88199999 596
nn2 88200000 88299999 413
nn2 88300000 88399999 96
nn2 88400000 88499999 242
nn2 88500000 88599999 643
nn2 88600000 88699999 958
nn2 88700000 88799999 229
nn2 88800000 88899999 235
nn2 88900000 88999999 382
nn2 89000000 89099999 427
nn2 89100000 89199999 306
nn2 89200000 89299999 600
nn2 89300000 89399999 501
nn2 89400000 89499999 647
nn2 89500000 89599999 1110
nn2 89600000 89699999 1398
nn2 89700000 89799999 298
nn2 89800000 89899999 1417
nn2 89900000 89999999 857
nn2 90000000 90099999 233
nn2 90100000 90199999 447
nn2 90200000 90299999 94
nn2 90300000 90399999 195
nn2 90400000 90499999 408
nn2 90500000 90599999 241
nn2 90600000 90699999 443
nn2 90700000 90799999 266
nn2 90800000 90899999 95
nn2 90900000 90999999 49
nn2 91000000 91099999 220
nn2 91100000 91199999 152
nn2 91200000 91299999 99
nn2 91300000 91399999 171
nn2 91400000 91499999 44
nn2 91500000 91599999 384
nn2 91600000 91699999 124
nn2 91700000 91799999 156
nn2 91800000 91899999 713
nn2 91900000 91999999 126
nn2 92000000 92099999 388
nn2 92100000 92199999 366
nn2 92200000 92299999 251
nn2 92300000 92399999 79
nn2 92400000 92499999 481
nn2 92500000 92599999 757
nn2 92600000 92699999 535
nn2 92700000 92799999 246
nn2 92800000 92899999 215
nn2 92900000 92999999 329
nn2 93000000 93099999 422
nn2 93100000 93199999 1027
nn2 93200000 93299999 457
nn2 93300000 93399999 736
nn2 93400000 93499999 395
nn2 93500000 93599999 1113
nn2 93600000 93699999 422
nn2 93700000 93799999 498
nn2 93800000 93899999 749
nn2 93900000 93999999 549
nn2 94000000 94099999 202
nn2 94100000 94199999 620
nn2 94200000 94299999 336
nn2 94300000 94399999 494
nn2 94400000 94499999 119
nn2 94500000 94599999 144
nn2 94600000 94699999 602
nn2 94700000 94799999 83
nn2 94800000 94899999 219
nn2 94900000 94999999 49
nn2 95000000 95099999 95
nn2 95100000 95199999 0
nn2 95200000 95299999 23
nn2 95300000 95399999 443
nn2 95400000 95499999 353
nn2 95500000 95599999 150
nn2 95600000 95699999 168
nn2 95700000 95799999 74
nn2 95800000 95899999 206
nn2 95900000 95999999 367
nn2 96000000 96099999 157
nn2 96100000 96199999 64
nn2 96200000 96299999 62
nn2 96300000 96399999 73
nn2 96400000 96499999 330
nn2 96500000 96599999 130
nn2 96600000 96699999 254
nn2 96700000 96799999 110
nn2 96800000 96899999 306
nn2 96900000 96999999 573
nn2 97000000 97069654 201
nn2a 0 99999 45
nn2a 100000 199999 73
nn2a 200000 299999 22
nn2a 300000 399999 60
nn2a 400000 499999 20
nn2a 500000 599999 109
nn2a 600000 699999 132
nn2a 700000 799999 130
nn2a 800000 899999 30
nn2a 900000 999999 70
nn2a 1000000 1099999 0
nn2a 1100000 1199999 333
nn2a 1200000 1299999 1040
nn2a 1300000 1399999 356
nn2a 1400000 1499999 1119
nn2a 1500000 1599999 392
nn2a 1600000 1699999 396
nn2a 1700000 1799999 958
nn2a 1800000 1899999 581
nn2a 1900000 1999999 104
nn2a 2000000 2099999 525
nn2a 2100000 2199999 77
nn2a 2200000 2299999 47
nn2a 2300000 2399999 43
nn2a 2400000 2499999 75
nn2a 2500000 2599999 584
nn2a 2600000 2699999 244
nn2a 2700000 2799999 595
nn2a 2800000 2899999 693
nn2a 2900000 2999999 1432
nn2a 3000000 3099999 2435
nn2a 3100000 3199999 437
nn2a 3200000 3299999 389
nn2a 3300000 3399999 77
nn2a 3400000 3499999 259
nn2a 3500000 3599999 1257
nn2a 3600000 3699999 707
nn2a 3700000 3799999 144
nn2a 3800000 3899999 479
nn2a 3900000 3999999 94
nn2a 4000000 4099999 48
nn2a 4100000 4199999 651
nn2a 4200000 4299999 49
nn2a 4300000 4399999 50
nn2a 4400000 4499999 185
nn2a 4500000 4599999 218
nn2a 4600000 4699999 485
nn2a 4700000 4799999 165
nn2a 4800000 4899999 274
nn2a 4900000 4999999 0
nn2a 5000000 5099999 197
nn2a 5100000 5199999 260
nn2a 5200000 5299999 665
nn2a 5300000 5399999 137
nn2a 5400000 5499999 137
nn2a 5500000 5599999 358
nn2a 5600000 5699999 608
nn2a 5700000 5799999 1034
nn2a 5800000 5899999 230
nn2a 5900000 5999999 292
nn2a 6000000 6099999 67
nn2a 6100000 6199999 134
nn2a 6200000 6299999 75
nn2a 6300000 6399999 285
nn2a 6400000 6499999 139
nn2a 6500000 6599999 515
nn2a 6600000 6699999 0
nn2a 6700000 6799999 345
nn2a 6800000 6899999 280
nn2a 6900000 6999999 269
nn2a 7000000 7099999 78
nn2a 7100000 7199999 95
nn2a 7200000 7299999 171
nn2a 7300000 7399999 340
nn2a 7400000 7499999 171
nn2a 7500000 7599999 369
nn2a 7600000 7699999 193
nn2a 7700000 7799999 540
nn2a 7800000 7899999 78
nn2a 7900000 7999999 2452
nn2a 8000000 8099999 138
nn2a 8100000 8199999 414
nn2a 8200000 8299999 454
nn2a 8300000 8399999 388
nn2a 8400000 8499999 352
nn2a 8500000 8599999 84
nn2a 8600000 8699999 119
nn2a 8700000 8799999 46
nn2a 8800000 8899999 139
nn2a 8900000 8999999 134
nn2a 9000000 9099999 45
nn2a 9100000 9199999 214
nn2a 9200000 9299999 166
nn2a 9300000 9399999 94
nn2a 9400000 9499999 21
nn2a 9500000 9599999 128
nn2a 9600000 9699999 70
nn2a 9700000 9799999 237
nn2a 9800000 9899999 88
nn2a 9900000 9999999 127
nn2a 10000000 10099999 20
nn2a 10100000 10199999 136
nn2a 10200000 10299999 368
nn2a 10300000 10399999 26
nn2a 10400000 10499999 109
nn2a 10500000 10599999 584
nn2a 10600000 10699999 146
nn2a 10700000 10799999 123
nn2a 10800000 10899999 1314
nn2a 10900000 10999999 112
nn2a 11000000 11099999 468
nn2a 11100000 11199999 445
nn2a 11200000 11299999 556
nn2a 11300000 11399999 721
nn2a 11400000 11499999 77
nn2a 11500000 11599999 365
nn2a 11600000 11699999 824
nn2a 11700000 11799999 293
nn2a 11800000 11899999 478
nn2a 11900000 11999999 1520
nn2a 12000000 12099999 149
nn2a 12100000 12199999 395
nn2a 12200000 12299999 339
nn2a 12300000 12399999 682
nn2a 12400000 12499999 802
nn2a 12500000 12599999 164
nn2a 12600000 12699999 340
nn2a 12700000 12799999 261
nn2a 12800000 12899999 191
nn2a 12900000 12999999 104
nn2a 13000000 13099999 87
nn2a 13100000 13199999 748
nn2a 13200000 13299999 254
nn2a 13300000 13399999 234
nn2a 13400000 13499999 278
nn2a 13500000 13599999 104
nn2a 13600000 13699999 110
nn2a 13700000 13799999 270
nn2a 13800000 13899999 234
nn2a 13900000 13999999 74
nn2a 14000000 14099999 97
nn2a 14100000 14199999 0
nn2a 14200000 14299999 23
nn2a 14300000 14399999 56
nn2a 14400000 14499999 203
nn2a 14500000 14599999 229
nn2a 14600000 14699999 114
nn2a 14700000 14799999 358
nn2a 14800000 14899999 64
nn2a 14900000 14999999 119
nn2a 15000000 15099999 71
nn2a 15100000 15199999 99
nn2a 15200000 15299999 212
nn2a 15300000 15399999 154
nn2a 15400000 15499999 98
nn2a 15500000 15599999 101
nn2a 15600000 15699999 376
nn2a 15700000 15799999 46
nn2a 15800000 15899999 50
nn2a 15900000 15999999 99
nn2a 16000000 16099999 127
nn2a 16100000 16199999 187
nn2a 16200000 16299999 71
nn2a 16300000 16399999 243
nn2a 16400000 16499999 120
nn2a 16500000 16599999 52
nn2a 16600000 16699999 235
nn2a 16700000 16799999 453
nn2a 16800000 16899999 21
nn2a 16900000 16999999 257
nn2a 17000000 17099999 166
nn2a 17100000 17199999 242
nn2a 17200000 17299999 190
nn2a 17300000 17399999 112
nn2a 17400000 17499999 41
nn2a 17500000 17599999 78
nn2a 17600000 17699999 309
nn2a 17700000 17799999 139
nn2a 17800000 17899999 140
nn2a 17900000 17999999 537
nn2a 18000000 18099999 165
nn2a 18100000 18199999 125
nn2a 18200000 18299999 191
nn2a 18300000 18399999 284
nn2a 18400000 18499999 138
nn2a 18500000 18599999 219
nn2a 18600000 18699999 213
nn2a 18700000 18799999 46
nn2a 18800000 18899999 45
nn2a 18900000 18999999 20
nn2a 19000000 19099999 154
nn2a 19100000 19199999 206
nn2a 19200000 19299999 488
nn2a 19300000 19399999 135
nn2a 19400000 19499999 91
nn2a 19500000 19599999 107
nn2a 19600000 19699999 90
nn2a 19700000 19799999 116
nn2a 19800000 19899999 211
nn2a 19900000 19999999 95
nn2a 20000000 20099999 132
nn2a 20100000 20199999 44
nn2a 20200000 20299999 120
nn2a 20300000 20399999 141
nn2a 20400000 20499999 102
nn2a 20500000 20599999 47
nn2a 20600000 20699999 106
nn2a 20700000 20799999 43
nn2a 20800000 20899999 112
nn2a 20900000 20999999 229
nn2a 21000000 21099999 333
nn2a 21100000 21199999 75
nn2a 21200000 21299999 385
nn2a 21300000 21399999 181
nn2a 21400000 21499999 341
nn2a 21500000 21599999 141
nn2a 21600000 21699999 385
nn2a 21700000 21799999 165
nn2a 21800000 21899999 234
nn2a 21900000 21999999 391
nn2a 22000000 22099999 247
nn2a 22100000 22199999 134
nn2a 22200000 22299999 248
nn2a 22300000 22399999 33
nn2a 22400000 22499999 145
nn2a 22500000 22599999 102
nn2a 22600000 22699999 97
nn2a 22700000 22799999 192
nn2a 22800000 22899999 280
nn2a 22900000 22999999 92
nn2a 23000000 23099999 64
nn2a 23100000 23199999 41
nn2a 23200000 23299999 186
nn2a 23300000 23399999 118
nn2a 23400000 23499999 257
nn2a 23500000 23599999 126
nn2a 23600000 23699999 140
nn2a 23700000 23799999 273
nn2a 23800000 23899999 237
nn2a 23900000 23999999 54
nn2a 24000000 24099999 186
nn2a 24100000 24199999 199
nn2a 24200000 24299999 444
nn2a 24300000 24399999 535
nn2a 24400000 24499999 274
nn2a 24500000 24599999 20
nn2a 24600000 24699999 110
nn2a 24700000 24799999 171
nn2a 24800000 24899999 136
nn2a 24900000 24999999 226
nn2a 25000000 25099999 95
nn2a 25100000 25199999 490
nn2a 25200000 25299999 820
nn2a 25300000 25399999 616
nn2a 25400000 25499999 330
nn2a 25500000 25599999 924
nn2a 25600000 25699999 429
nn2a 25700000 25799999 529
nn2a 25800000 25899999 277
nn2a 25900000 25999999 154
nn2a 26000000 26099999 217
nn2a 26100000 26199999 345
nn2a 26200000 26299999 199
nn2a 26300000 26399999 77
nn2a 26400000 26499999 240
nn2a 26500000 26599999 168
nn2a 26600000 26699999 352
nn2a 26700000 26799999 757
nn2a 26800000 26899999 301
nn2a 26900000 26999999 524
nn2a 27000000 27099999 443
nn2a 27100000 27199999 271
nn2a 27200000 27299999 422
nn2a 27300000 27399999 339
nn2a 27400000 27499999 261
nn2a 27500000 27599999 273
nn2a 27600000 27699999 211
nn2a 27700000 27799999 304
nn2a 27800000 27899999 676
nn2a 27900000 27999999 766
nn2a 28000000 28099999 300
nn2a 28100000 28199999 116
nn2a 28200000 28299999 367
nn2a 28300000 28399999 280
nn2a 28400000 28499999 112
nn2a 28500000 28599999 114
nn2a 28600000 28699999 94
nn2a 28700000 28799999 192
nn2a 28800000 28899999 200
nn2a 28900000 28999999 230
nn2a 29000000 29099999 572
nn2a 29100000 29199999 239
nn2a 29200000 29299999 205
nn2a 29300000 29399999 1102
nn2a 29400000 29499999 378
nn2a 29500000 29599999 736
nn2a 29600000 29699999 190
nn2a 29700000 29799999 831
nn2a 29800000 29899999 93
nn2a 29900000 29999999 325
nn2a 30000000 30099999 151
nn2a 30100000 30199999 316
nn2a 30200000 30299999 95
nn2a 30300000 30399999 155
nn2a 30400000 30499999 157
nn2a 30500000 30599999 142
nn2a 30600000 30699999 212
nn2a 30700000 30799999 21
nn2a 30800000 30899999 188
nn2a 30900000 30999999 247
nn2a 31000000 31099999 151
nn2a 31100000 31199999 120
nn2a 31200000 31299999 122
nn2a 31300000 31399999 71
nn2a 31400000 31499999 146
nn2a 31500000 31599999 856
nn2a 31600000 31699999 427
nn2a 31700000 31799999 222
nn2a 31800000 31899999 160
nn2a 31900000 31999999 335
nn2a 32000000 32099999 548
nn2a 32100000 32199999 158
nn2a 32200000 32299999 795
nn2a 32300000 32399999 654
nn2a 32400000 32499999 348
nn2a 32500000 32599999 47
nn2a 32600000 32699999 50
nn2a 32700000 32799999 73
nn2a 32800000 32899999 179
nn2a 32900000 32999999 196
nn2a 33000000 33099999 302
nn2a 33100000 33199999 511
nn2a 33200000 33299999 113
nn2a 33300000 33399999 152
nn2a 33400000 33499999 326
nn2a 33500000 33599999 92
nn2a 33600000 33699999 206
nn2a 33700000 33799999 40
nn2a 33800000 33899999 52
nn2a 33900000 33999999 119
nn2a 34000000 34099999 139
nn2a 34100000 34199999 216
nn2a 34200000 34299999 98
nn2a 34300000 34399999 204
nn2a 34400000 34499999 216
nn2a 34500000 34599999 150
nn2a 34600000 34699999 1849
nn2a 34700000 34799999 1500
nn2a 34800000 34899999 1160
nn2a 34900000 34999999 543
nn2a 35000000 35099999 565
nn2a 35100000 35199999 206
nn2a 35200000 35299999 234
nn2a 35300000 35399999 579
nn2a 35400000 35499999 263
nn2a 35500000 35599999 458
nn2a 35600000 35699999 176
nn2a 35700000 35799999 233
nn2a 35800000 35899999 313
nn2a 35900000 35999999 396
nn2a 36000000 36099999 301
nn2a 36100000 36199999 224
nn2a 36200000 36299999 139
nn2a 36300000 36399999 146
nn2a 36400000 36499999 98
nn2a 36500000 36599999 284
nn2a 36600000 36699999 155
nn2a 36700000 36799999 138
nn2a 36800000 36899999 208
nn2a 36900000 36999999 71
nn2a 37000000 37099999 473
nn2a 37100000 37199999 142
nn2a 37200000 37299999 289
nn2a 37300000 37399999 230
nn2a 37400000 37499999 277
nn2a 37500000 37599999 46
nn2a 37600000 37699999 47
nn2a 37700000 37799999 378
nn2a 37800000 37899999 66
nn2a 37900000 37999999 217
nn2a 38000000 38099999 92
nn2a 38100000 38199999 350
nn2a 38200000 38299999 328
nn2a 38300000 38399999 141
nn2a 38400000 38499999 87
nn2a 38500000 38599999 141
nn2a 38600000 38699999 310
nn2a 38700000 38799999 396
nn2a 38800000 38899999 297
nn2a 38900000 38999999 109
nn2a 39000000 39099999 283
nn2a 39100000 39199999 236
nn2a 39200000 39299999 23
nn2a 39300000 39399999 174
nn2a 39400000 39499999 46
nn2a 39500000 39599999 68
nn2a 39600000 39699999 266
nn2a 39700000 39799999 25
nn2a 39800000 39899999 76
nn2a 39900000 39999999 148
nn2a 40000000 40099999 133
nn2a 40100000 40199999 146
nn2a 40200000 40299999 25
nn2a 40300000 40399999 52
nn2a 40400000 40499999 219
nn2a 40500000 40599999 93
nn2a 40600000 40699999 350
nn2a 40700000 40799999 86
nn2a 40800000 40899999 124
nn2a 40900000 40999999 153
nn2a 41000000 41099999 80
nn2a 41100000 41199999 48
nn2a 41200000 41299999 151
nn2a 41300000 41399999 41
nn2a 41400000 41499999 85
nn2a 41500000 41599999 712
nn2a 41600000 41699999 345
nn2a 41700000 41799999 143
nn2a 41800000 41899999 95
nn2a 41900000 41999999 417
nn2a 42000000 42099999 74
nn2a 42100000 42199999 269
nn2a 42200000 42299999 77
nn2a 42300000 42399999 81
nn2a 42400000 42499999 63
nn2a 42500000 42599999 145
nn2a 42600000 42699999 120
nn2a 42700000 42799999 113
nn2a 42800000 42899999 214
nn2a 42900000 42999999 408
nn2a 43000000 43099999 314
nn2a 43100000 43199999 319
nn2a 43200000 43299999 42
nn2a 43300000 43399999 108
nn2a 43400000 43499999 48
nn2a 43500000 43599999 150
nn2a 43600000 43699999 42
nn2a 43700000 43799999 180
nn2a 43800000 43899999 104
nn2a 43900000 43999999 91
nn2a 44000000 44099999 45
nn2a 44100000 44199999 141
nn2a 44200000 44299999 50
nn2a 44300000 44399999 128
nn2a 44400000 44499999 239
nn2a 44500000 44599999 210
nn2a 44600000 44699999 177
nn2a 44700000 44799999 186
nn2a 44800000 44899999 177
nn2a 44900000 44999999 208
nn2a 45000000 45099999 85
nn2a 45100000 45199999 218
nn2a 45200000 45299999 300
nn2a 45300000 45399999 118
nn2a 45400000 45499999 771
nn2a 45500000 45599999 310
nn2a 45600000 45699999 86
nn2a 45700000 45799999 220
nn2a 45800000 45899999 127
nn2a 45900000 45999999 557
nn2a 46000000 46099999 673
nn2a 46100000 46199999 67
nn2a 46200000 46299999 114
nn2a 46300000 46399999 95
nn2a 46400000 46499999 853
nn2a 46500000 46599999 135
nn2a 46600000 46699999 401
nn2a 46700000 46799999 323
nn2a 46800000 46899999 42
nn2a 46900000 46999999 22
nn2a 47000000 47099999 303
nn2a 47100000 47199999 83
nn2a 47200000 47299999 555
nn2a 47300000 47399999 0
nn2a 47400000 47499999 70
nn2a 47500000 47599999 120
nn2a 47600000 47699999 20
nn2a 47700000 47799999 99
nn2a 47800000 47899999 146
nn2a 47900000 47999999 99
nn2a 48000000 48099999 986
nn2a 48100000 48199999 381
nn2a 48200000 48299999 23
nn2a 48300000 48399999 51
nn2a 48400000 48499999 176
nn2a 48500000 48599999 209
nn2a 48600000 48699999 103
nn2a 48700000 48799999 141
nn2a 48800000 48899999 501
nn2a 48900000 48999999 182
nn2a 49000000 49099999 998
nn2a 49100000 49199999 284
nn2a 49200000 49299999 1092
nn2a 49300000 49399999 150
nn2a 49400000 49499999 103
nn2a 49500000 49599999 145
nn2a 49600000 49699999 93
nn2a 49700000 49799999 403
nn2a 49800000 49899999 368
nn2a 49900000 49999999 371
nn2a 50000000 50099999 580
nn2a 50100000 50199999 233
nn2a 50200000 50299999 163
nn2a 50300000 50399999 154
nn2a 50400000 50499999 27
nn2a 50500000 50599999 172
nn2a 50600000 50699999 217
nn2a 50700000 50799999 134
nn2a 50800000 50899999 88
nn2a 50900000 50999999 138
nn2a 51000000 51099999 545
nn2a 51100000 51199999 299
nn2a 51200000 51299999 355
nn2a 51300000 51399999 484
nn2a 51400000 51499999 694
nn2a 51500000 51599999 45
nn2a 51600000 51699999 0
nn2a 51700000 51799999 0
nn2a 51800000 51899999 68
nn2a 51900000 51999999 68
nn2a 52000000 52099999 97
nn2a 52100000 52199999 298
nn2a 52200000 52299999 258
nn2a 52300000 52355976 62
nn3 0 99999 49
nn3 100000 199999 23
nn3 200000 299999 23
nn3 300000 399999 87
nn3 400000 499999 146
nn3 500000 599999 461
nn3 600000 699999 342
nn3 700000 799999 32
nn3 800000 899999 70
nn3 900000 999999 49
nn3 1000000 1099999 189
nn3 1100000 1199999 0
nn3 1200000 1299999 123
nn3 1300000 1399999 180
nn3 1400000 1499999 277
nn3 1500000 1599999 311
nn3 1600000 1699999 68
nn3 1700000 1799999 22
nn3 1800000 1899999 97
nn3 1900000 1999999 843
nn3 2000000 2099999 60
nn3 2100000 2199999 614
nn3 2200000 2299999 149
nn3 2300000 2399999 464
nn3 2400000 2499999 814
nn3 2500000 2599999 2213
nn3 2600000 2699999 1835
nn3 2700000 2799999 263
nn3 2800000 2899999 470
nn3 2900000 2999999 1074
nn3 3000000 3099999 1063
nn3 3100000 3199999 584
nn3 3200000 3299999 156
nn3 3300000 3399999 284
nn3 3400000 3499999 124
nn3 3500000 3599999 279
nn3 3600000 3699999 168
nn3 3700000 3799999 749
nn3 3800000 3899999 352
nn3 3900000 3999999 175
nn3 4000000 4099999 254
nn3 4100000 4199999 173
nn3 4200000 4299999 157
nn3 4300000 4399999 89
nn3 4400000 4499999 179
nn3 4500000 4599999 45
nn3 4600000 4699999 550
nn3 4700000 4799999 29
nn3 4800000 4899999 133
nn3 4900000 4999999 42
nn3 5000000 5099999 138
nn3 5100000 5199999 46
nn3 5200000 5299999 124
nn3 5300000 5399999 447
nn3 5400000 5499999 105
nn3 5500000 5599999 250
nn3 5600000 5699999 159
nn3 5700000 5799999 804
nn3 5800000 5899999 296
nn3 5900000 5999999 83
nn3 6000000 6099999 41
nn3 6100000 6199999 32
nn3 6200000 6299999 140
nn3 6300000 6399999 52
nn3 6400000 6499999 211
nn3 6500000 6599999 0
nn3 6600000 6699999 44
nn3 6700000 6799999 46
nn3 6800000 6899999 68
nn3 6900000 6999999 116
nn3 7000000 7099999 67
nn3 7100000 7199999 177
nn3 7200000 7299999 209
nn3 7300000 7399999 85
nn3 7400000 7499999 135
nn3 7500000 7599999 451
nn3 7600000 7699999 596
nn3 7700000 7799999 525
nn3 7800000 7899999 584
nn3 7900000 7999999 594
nn3 8000000 8099999 422
nn3 8100000 8199999 604
nn3 8200000 8299999 503
nn3 8300000 8399999 200
nn3 8400000 8499999 203
nn3 8500000 8599999 485
nn3 8600000 8699999 379
nn3 8700000 8799999 212
nn3 8800000 8899999 337
nn3 8900000 8999999 525
nn3 9000000 9099999 202
nn3 9100000 9199999 288
nn3 9200000 9299999 156
nn3 9300000 9399999 0
nn3 9400000 9499999 48
nn3 9500000 9599999 21
nn3 9600000 9699999 131
nn3 9700000 9799999 124
nn3 9800000 9899999 488
nn3 9900000 9999999 876
nn3 10000000 10099999 547
nn3 10100000 10199999 518
nn3 10200000 10299999 220
nn3 10300000 10399999 170
nn3 10400000 10499999 1417
nn3 10500000 10599999 846
nn3 10600000 10699999 545
nn3 10700000 10799999 68
nn3 10800000 10899999 240
nn3 10900000 10999999 191
nn3 11000000 11099999 167
nn3 11100000 11199999 173
nn3 11200000 11299999 244
nn3 11300000 11399999 1532
nn3 11400000 11499999 272
nn3 11500000 11599999 809
nn3 11600000 11699999 285
nn3 11700000 11799999 272
nn3 11800000 11899999 272
nn3 11900000 11999999 216
nn3 12000000 12099999 138
nn3 12100000 12199999 251
nn3 12200000 12299999 233
nn3 12300000 12399999 260
nn3 12400000 12499999 767
nn3 12500000 12599999 290
nn3 12600000 12699999 827
nn3 12700000 12799999 630
nn3 12800000 12899999 726
nn3 12900000 12999999 390
nn3 13000000 13099999 659
nn3 13100000 13199999 306
nn3 13200000 13299999 272
nn3 13300000 13399999 319
nn3 13400000 13499999 325
nn3 13500000 13599999 70
nn3 13600000 13699999 102
nn3 13700000 13799999 171
nn3 13800000 13899999 149
nn3 13900000 13999999 146
nn3 14000000 14099999 231
nn3 14100000 14199999 78
nn3 14200000 14299999 67
nn3 14300000 14399999 20
nn3 14400000 14499999 106
nn3 14500000 14599999 292
nn3 14600000 14699999 67
nn3 14700000 14799999 519
nn3 14800000 14899999 69
nn3 14900000 14999999 52
nn3 15000000 15099999 163
nn3 15100000 15199999 72
nn3 15200000 15299999 91
nn3 15300000 15399999 187
nn3 15400000 15499999 316
nn3 15500000 15599999 303
nn3 15600000 15699999 403
nn3 15700000 15799999 364
nn3 15800000 15899999 352
nn3 15900000 15999999 508
nn3 16000000 16099999 183
nn3 16100000 16199999 1613
nn3 16200000 16299999 875
nn3 16300000 16399999 1333
nn3 16400000 16499999 655
nn3 16500000 16599999 1090
nn3 16600000 16699999 483
nn3 16700000 16799999 737
nn3 16800000 16899999 199
nn3 16900000 16999999 421
nn3 17000000 17099999 504
nn3 17100000 17199999 670
nn3 17200000 17299999 603
nn3 17300000 17399999 149
nn3 17400000 17499999 153
nn3 17500000 17599999 292
nn3 17600000 17699999 312
nn3 17700000 17799999 254
nn3 17800000 17899999 298
nn3 17900000 17999999 93
nn3 18000000 18099999 155
nn3 18100000 18199999 269
nn3 18200000 18299999 306
nn3 18300000 18399999 378
nn3 18400000 18499999 202
nn3 18500000 18599999 159
nn3 18600000 18699999 659
nn3 18700000 18799999 807
nn3 18800000 18899999 345
nn3 18900000 18999999 298
nn3 19000000 19099999 181
nn3 19100000 19199999 221
nn3 19200000 19299999 108
nn3 19300000 19399999 265
nn3 19400000 19499999 150
nn3 19500000 19599999 128
nn3 19600000 19699999 121
nn3 19700000 19799999 305
nn3 19800000 19899999 123
nn3 19900000 19999999 433
nn3 20000000 20099999 125
nn3 20100000 20199999 158
nn3 20200000 20299999 88
nn3 20300000 20399999 593
nn3 20400000 20499999 212
nn3 20500000 20599999 309
nn3 20600000 20699999 108
nn3 20700000 20799999 119
nn3 20800000 20899999 565
nn3 20900000 20999999 423
nn3 21000000 21099999 566
nn3 21100000 21199999 419
nn3 21200000 21299999 407
nn3 21300000 21399999 372
nn3 21400000 21499999 472
nn3 21500000 21599999 353
nn3 21600000 21699999 706
nn3 21700000 21799999 250
nn3 21800000 21899999 177
nn3 21900000 21999999 503
nn3 22000000 22099999 126
nn3 22100000 22199999 268
nn3 22200000 22299999 171
nn3 22300000 22399999 134
nn3 22400000 22499999 94
nn3 22500000 22599999 216
nn3 22600000 22699999 148
nn3 22700000 22799999 103
nn3 22800000 22899999 125
nn3 22900000 22999999 191
nn3 23000000 23099999 139
nn3 23100000 23199999 508
nn3 23200000 23299999 373
nn3 23300000 23399999 78
nn3 23400000 23499999 253
nn3 23500000 23599999 504
nn3 23600000 23699999 197
nn3 23700000 23799999 776
nn3 23800000 23899999 109
nn3 23900000 23999999 207
nn3 24000000 24099999 128
nn3 24100000 24199999 74
nn3 24200000 24299999 334
nn3 24300000 24399999 99
nn3 24400000 24499999 92
nn3 24500000 24599999 66
nn3 24600000 24699999 173
nn3 24700000 24799999 224
nn3 24800000 24899999 241
nn3 24900000 24999999 145
nn3 25000000 25099999 165
nn3 25100000 25199999 467
nn3 25200000 25299999 295
nn3 25300000 25399999 175
nn3 25400000 25499999 270
nn3 25500000 25599999 319
nn3 25600000 25699999 183
nn3 25700000 25799999 213
nn3 25800000 25899999 231
nn3 25900000 25999999 147
nn3 26000000 26099999 269
nn3 26100000 26199999 176
nn3 26200000 26299999 179
nn3 26300000 26399999 243
nn3 26400000 26499999 329
nn3 26500000 26599999 426
nn3 26600000 26699999 670
nn3 26700000 26799999 1442
nn3 26800000 26899999 311
nn3 26900000 26999999 305
nn3 27000000 27099999 370
nn3 27100000 27199999 467
nn3 27200000 27299999 456
nn3 27300000 27399999 617
nn3 27400000 27499999 407
nn3 27500000 27599999 136
nn3 27600000 27699999 388
nn3 27700000 27799999 364
nn3 27800000 27899999 258
nn3 27900000 27999999 112
nn3 28000000 28099999 53
nn3 28100000 28199999 69
nn3 28200000 28299999 151
nn3 28300000 28399999 554
nn3 28400000 28499999 116
nn3 28500000 28599999 95
nn3 28600000 28699999 97
nn3 28700000 28799999 360
nn3 28800000 28899999 146
nn3 28900000 28999999 86
nn3 29000000 29099999 198
nn3 29100000 29199999 237
nn3 29200000 29299999 358
nn3 29300000 29399999 155
nn3 29400000 29499999 163
nn3 29500000 29599999 89
nn3 29600000 29699999 105
nn3 29700000 29799999 166
nn3 29800000 29899999 141
nn3 29900000 29999999 213
nn3 30000000 30099999 185
nn3 30100000 30199999 412
nn3 30200000 30299999 466
nn3 30300000 30399999 74
nn3 30400000 30499999 104
nn3 30500000 30599999 139
nn3 30600000 30699999 115
nn3 30700000 30799999 44
nn3 30800000 30899999 158
nn3 30900000 30999999 422
nn3 31000000 31099999 175
nn3 31100000 31199999 986
nn3 31200000 31299999 264
nn3 31300000 31399999 736
nn3 31400000 31499999 88
nn3 31500000 31599999 730
nn3 31600000 31699999 250
nn3 31700000 31799999 113
nn3 31800000 31899999 277
nn3 31900000 31999999 92
nn3 32000000 32099999 193
nn3 32100000 32199999 145
nn3 32200000 32299999 757
nn3 32300000 32399999 475
nn3 32400000 32499999 172
nn3 32500000 32599999 869
nn3 32600000 32699999 717
nn3 32700000 32799999 651
nn3 32800000 32899999 317
nn3 32900000 32999999 180
nn3 33000000 33099999 699
nn3 33100000 33199999 106
nn3 33200000 33299999 94
nn3 33300000 33399999 370
nn3 33400000 33499999 53
nn3 33500000 33599999 109
nn3 33600000 33699999 181
nn3 33700000 33799999 104
nn3 33800000 33899999 300
nn3 33900000 33999999 1475
nn3 34000000 34099999 642
nn3 34100000 34199999 964
nn3 34200000 34299999 273
nn3 34300000 34399999 69
nn3 34400000 34499999 74
nn3 34500000 34599999 182
nn3 34600000 34699999 104
nn3 34700000 34799999 52
nn3 34800000 34899999 114
nn3 34900000 34999999 91
nn3 35000000 35099999 507
nn3 35100000 35199999 211
nn3 35200000 35299999 113
nn3 35300000 35399999 0
nn3 35400000 35499999 67
nn3 35500000 35599999 165
nn3 35600000 35699999 100
nn3 35700000 35799999 24
nn3 35800000 35899999 486
nn3 35900000 35999999 139
nn3 36000000 36099999 817
nn3 36100000 36199999 298
nn3 36200000 36299999 187
nn3 36300000 36399999 107
nn3 36400000 36499999 459
nn3 36500000 36599999 310
nn3 36600000 36699999 483
nn3 36700000 36799999 338
nn3 36800000 36899999 1086
nn3 36900000 36999999 951
nn3 37000000 37099999 830
nn3 37100000 37199999 989
nn3 37200000 37299999 350
nn3 37300000 37399999 205
nn3 37400000 37499999 652
nn3 37500000 37599999 817
nn3 37600000 37699999 534
nn3 37700000 37799999 419
nn3 37800000 37899999 497
nn3 37900000 37999999 226
nn3 38000000 38099999 313
nn3 38100000 38199999 380
nn3 38200000 38299999 173
nn3 38300000 38399999 293
nn3 38400000 38499999 59
nn3 38500000 38599999 381
nn3 38600000 38699999 298
nn3 38700000 38799999 827
nn3 38800000 38899999 112
nn3 38900000 38999999 308
nn3 39000000 39099999 584
nn3 39100000 39199999 216
nn3 39200000 39299999 636
nn3 39300000 39399999 549
nn3 39400000 39499999 492
nn3 39500000 39599999 294
nn3 39600000 39699999 194
nn3 39700000 39799999 98
nn3 39800000 39899999 1069
nn3 39900000 39999999 379
nn3 40000000 40099999 438
nn3 40100000 40199999 156
nn3 40200000 40299999 392
nn3 40300000 40399999 191
nn3 40400000 40499999 70
nn3 40500000 40599999 197
nn3 40600000 40699999 75
nn3 40700000 40799999 188
nn3 40800000 40899999 260
nn3 40900000 40999999 552
nn3 41000000 41099999 341
nn3 41100000 41199999 778
nn3 41200000 41299999 724
nn3 41300000 41399999 1013
nn3 41400000 41499999 1214
nn3 41500000 41599999 491
nn3 41600000 41699999 362
nn3 41700000 41799999 184
nn3 41800000 41899999 438
nn3 41900000 41999999 249
nn3 42000000 42099999 392
nn3 42100000 42199999 164
nn3 42200000 42299999 146
nn3 42300000 42399999 97
nn3 42400000 42499999 97
nn3 42500000 42599999 144
nn3 42600000 42699999 339
nn3 42700000 42799999 220
nn3 42800000 42899999 445
nn3 42900000 42999999 63
nn3 43000000 43099999 82
nn3 43100000 43199999 127
nn3 43200000 43299999 93
nn3 43300000 43399999 255
nn3 43400000 43499999 417
nn3 43500000 43599999 887
nn3 43600000 43699999 250
nn3 43700000 43799999 1328
nn3 43800000 43899999 115
nn3 43900000 43999999 107
nn3 44000000 44099999 45
nn3 44100000 44199999 149
nn3 44200000 44299999 127
nn3 44300000 44399999 388
nn3 44400000 44499999 322
nn3 44500000 44599999 41
nn3 44600000 44699999 156
nn3 44700000 44799999 163
nn3 44800000 44899999 41
nn3 44900000 44999999 24
nn3 45000000 45099999 253
nn3 45100000 45199999 163
nn3 45200000 45299999 157
nn3 45300000 45399999 573
nn3 45400000 45499999 568
nn3 45500000 45599999 244
nn3 45600000 45699999 192
nn3 45700000 45799999 284
nn3 45800000 45899999 366
nn3 45900000 45999999 184
nn3 46000000 46099999 515
nn3 46100000 46199999 690
nn3 46200000 46299999 316
nn3 46300000 46399999 634
nn3 46400000 46499999 300
nn3 46500000 46599999 285
nn3 46600000 46699999 252
nn3 46700000 46799999 1173
nn3 46800000 46899999 169
nn3 46900000 46999999 433
nn3 47000000 47099999 594
nn3 47100000 47199999 223
nn3 47200000 47299999 114
nn3 47300000 47399999 95
nn3 47400000 47499999 57
nn3 47500000 47599999 103
nn3 47600000 47699999 255
nn3 47700000 47799999 113
nn3 47800000 47899999 150
nn3 47900000 47999999 714
nn3 48000000 48099999 270
nn3 48100000 48199999 90
nn3 48200000 48299999 162
nn3 48300000 48399999 582
nn3 48400000 48499999 142
nn3 48500000 48599999 147
nn3 48600000 48699999 90
nn3 48700000 48799999 175
nn3 48800000 48899999 445
nn3 48900000 48999999 66
nn3 49000000 49099999 383
nn3 49100000 49199999 262
nn3 49200000 49299999 168
nn3 49300000 49399999 142
nn3 49400000 49499999 753
nn3 49500000 49599999 832
nn3 49600000 49699999 167
nn3 49700000 49799999 556
nn3 49800000 49899999 416
nn3 49900000 49999999 257
nn3 50000000 50099999 434
nn3 50100000 50199999 232
nn3 50200000 50299999 198
nn3 50300000 50399999 338
nn3 50400000 50499999 301
nn3 50500000 50599999 497
nn3 50600000 50699999 213
nn3 50700000 50799999 233
nn3 50800000 50899999 175
nn3 50900000 50999999 498
nn3 51000000 51099999 287
nn3 51100000 51199999 432
nn3 51200000 51299999 281
nn3 51300000 51399999 138
nn3 51400000 51499999 59
nn3 51500000 51599999 1357
nn3 51600000 51699999 981
nn3 51700000 51799999 965
nn3 51800000 51899999 250
nn3 51900000 51999999 187
nn3 52000000 52099999 114
nn3 52100000 52199999 883
nn3 52200000 52299999 311
nn3 52300000 52399999 291
nn3 52400000 52499999 211
nn3 52500000 52599999 427
nn3 52600000 52699999 108
nn3 52700000 52799999 179
nn3 52800000 52899999 338
nn3 52900000 52999999 43
nn3 53000000 53099999 409
nn3 53100000 53199999 202
nn3 53200000 53299999 99
nn3 53300000 53399999 52
nn3 53400000 53499999 104
nn3 53500000 53599999 44
nn3 53600000 53699999 100
nn3 53700000 53799999 201
nn3 53800000 53899999 145
nn3 53900000 53999999 569
nn3 54000000 54099999 160
nn3 54100000 54199999 84
nn3 54200000 54299999 71
nn3 54300000 54399999 556
nn3 54400000 54499999 651
nn3 54500000 54599999 673
nn3 54600000 54699999 465
nn3 54700000 54799999 528
nn3 54800000 54899999 368
nn3 54900000 54999999 657
nn3 55000000 55099999 671
nn3 55100000 55199999 362
nn3 55200000 55299999 182
nn3 55300000 55399999 318
nn3 55400000 55499999 225
nn3 55500000 55599999 170
nn3 55600000 55699999 324
nn3 55700000 55799999 92
nn3 55800000 55899999 41
nn3 55900000 55999999 76
nn3 56000000 56099999 172
nn3 56100000 56199999 133
nn3 56200000 56299999 131
nn3 56300000 56399999 650
nn3 56400000 56499999 153
nn3 56500000 56599999 174
nn3 56600000 56699999 80
nn3 56700000 56799999 196
nn3 56800000 56899999 162
nn3 56900000 56999999 112
nn3 57000000 57099999 119
nn3 57100000 57199999 599
nn3 57200000 57299999 309
nn3 57300000 57399999 313
nn3 57400000 57499999 689
nn3 57500000 57599999 486
nn3 57600000 57699999 655
nn3 57700000 57799999 192
nn3 57800000 57899999 330
nn3 57900000 57999999 63
nn3 58000000 58099999 114
nn3 58100000 58199999 153
nn3 58200000 58299999 980
nn3 58300000 58399999 775
nn3 58400000 58499999 180
nn3 58500000 58599999 85
nn3 58600000 58699999 178
nn3 58700000 58799999 102
nn3 58800000 58899999 68
nn3 58900000 58999999 235
nn3 59000000 59099999 135
nn3 59100000 59199999 21
nn3 59200000 59299999 174
nn3 59300000 59399999 147
nn3 59400000 59499999 105
nn3 59500000 59599999 70
nn3 59600000 59699999 160
nn3 59700000 59799999 275
nn3 59800000 59899999 201
nn3 59900000 59999999 257
nn3 60000000 60099999 388
nn3 60100000 60199999 420
nn3 60200000 60299999 791
nn3 60300000 60399999 1164
nn3 60400000 60499999 215
nn3 60500000 60599999 272
nn3 60600000 60699999 238
nn3 60700000 60799999 125
nn3 60800000 60899999 57
nn3 60900000 60999999 85
nn3 61000000 61099999 115
nn3 61100000 61199999 20
nn3 61200000 61299999 439
nn3 61300000 61399999 241
nn3 61400000 61499999 103
nn3 61500000 61599999 285
nn3 61600000 61699999 212
nn3 61700000 61799999 44
nn3 61800000 61899999 204
nn3 61900000 61999999 283
nn3 62000000 62099999 343
nn3 62100000 62199999 239
nn3 62200000 62299999 108
nn3 62300000 62399999 98
nn3 62400000 62499999 216
nn3 62500000 62599999 97
nn3 62600000 62699999 189
nn3 62700000 62799999 198
nn3 62800000 62899999 48
nn3 62900000 62999999 243
nn3 63000000 63099999 94
nn3 63100000 63199999 129
nn3 63200000 63299999 306
nn3 63300000 63399999 66
nn3 63400000 63499999 214
nn3 63500000 63599999 183
nn3 63600000 63699999 98
nn3 63700000 63799999 379
nn3 63800000 63899999 188
nn3 63900000 63999999 198
nn3 64000000 64099999 66
nn3 64100000 64199999 90
nn3 64200000 64299999 62
nn3 64300000 64399999 154
nn3 64400000 64499999 21
nn3 64500000 64599999 135
nn3 64600000 64699999 150
nn3 64700000 64799999 260
nn3 64800000 64899999 97
nn3 64900000 64999999 135
nn3 65000000 65099999 124
nn3 65100000 65199999 172
nn3 65200000 65299999 123
nn3 65300000 65399999 178
nn3 65400000 65499999 114
nn3 65500000 65599999 199
nn3 65600000 65699999 218
nn3 65700000 65799999 240
nn3 65800000 65899999 51
nn3 65900000 65999999 68
nn3 66000000 66099999 170
nn3 66100000 66199999 254
nn3 66200000 66299999 138
nn3 66300000 66399999 158
nn3 66400000 66499999 235
nn3 66500000 66599999 220
nn3 66600000 66699999 182
nn3 66700000 66799999 412
nn3 66800000 66899999 253
nn3 66900000 66999999 167
nn3 67000000 67099999 248
nn3 67100000 67199999 398
nn3 67200000 67299999 168
nn3 67300000 67399999 354
nn3 67400000 67499999 241
nn3 67500000 67599999 115
nn3 67600000 67699999 262
nn3 67700000 67799999 244
nn3 67800000 67899999 386
nn3 67900000 67999999 170
nn3 68000000 68099999 162
nn3 68100000 68199999 226
nn3 68200000 68299999 88
nn3 68300000 68399999 205
nn3 68400000 68499999 78
nn3 68500000 68599999 181
nn3 68600000 68699999 111
nn3 68700000 68799999 476
nn3 68800000 68899999 513
nn3 68900000 68999999 246
nn3 69000000 69099999 141
nn3 69100000 69199999 89
nn3 69200000 69299999 409
nn3 69300000 69399999 79
nn3 69400000 69499999 122
nn3 69500000 69599999 324
nn3 69600000 69699999 648
nn3 69700000 69799999 287
nn3 69800000 69899999 136
nn3 69900000 69999999 451
nn3 70000000 70099999 940
nn3 70100000 70199999 344
nn3 70200000 70299999 105
nn3 70300000 70399999 173
nn3 70400000 70499999 86
nn3 70500000 70599999 162
nn3 70600000 70699999 385
nn3 70700000 70799999 115
nn3 70800000 70899999 245
nn3 70900000 70999999 73
nn3 71000000 71099999 186
nn3 71100000 71199999 220
nn3 71200000 71299999 687
nn3 71300000 71399999 132
nn3 71400000 71499999 102
nn3 71500000 71599999 143
nn3 71600000 71699999 266
nn3 71700000 71799999 24
nn3 71800000 71899999 75
nn3 71900000 71999999 95
nn3 72000000 72099999 1147
nn3 72100000 72199999 147
nn3 72200000 72299999 232
nn3 72300000 72399999 110
nn3 72400000 72499999 146
nn3 72500000 72599999 129
nn3 72600000 72699999 118
nn3 72700000 72799999 175
nn3 72800000 72899999 240
nn3 72900000 72999999 214
nn3 73000000 73099999 191
nn3 73100000 73199999 131
nn3 73200000 73299999 170
nn3 73300000 73399999 48
nn3 73400000 73499999 79
nn3 73500000 73599999 302
nn3 73600000 73699999 210
nn3 73700000 73799999 84
nn3 73800000 73899999 45
nn3 73900000 73999999 424
nn3 74000000 74099999 222
nn3 74100000 74199999 221
nn3 74200000 74299999 377
nn3 74300000 74399999 216
nn3 74400000 74499999 301
nn3 74500000 74599999 274
nn3 74600000 74699999 343
nn3 74700000 74799999 80
nn3 74800000 74899999 138
nn3 74900000 74999999 247
nn3 75000000 75099999 215
nn3 75100000 75199999 391
nn3 75200000 75299999 375
nn3 75300000 75399999 164
nn3 75400000 75499999 193
nn3 75500000 75599999 112
nn3 75600000 75699999 304
nn3 75700000 75799999 174
nn3 75800000 75899999 107
nn3 75900000 75999999 55
nn3 76000000 76099999 456
nn3 76100000 76199999 465
nn3 76200000 76299999 176
nn3 76300000 76399999 63
nn3 76400000 76499999 80
nn3 76500000 76599999 114
nn3 76600000 76699999 136
nn3 76700000 76799999 171
nn3 76800000 76899999 127
nn3 76900000 76999999 181
nn3 77000000 77099999 75
nn3 77100000 77199999 171
nn3 77200000 77299999 74
nn3 77300000 77399999 146
nn3 77400000 77499999 31
nn3 77500000 77599999 245
nn3 77600000 77699999 70
nn3 77700000 77799999 64
nn3 77800000 77899999 155
nn3 77900000 77999999 234
nn3 78000000 78099999 95
nn3 78100000 78199999 243
nn3 78200000 78299999 164
nn3 78300000 78399999 408
nn3 78400000 78499999 245
nn3 78500000 78599999 277
nn3 78600000 78699999 74
nn3 78700000 78799999 194
nn3 78800000 78899999 125
nn3 78900000 78999999 152
nn3 79000000 79099999 128
nn3 79100000 79199999 70
nn3 79200000 79299999 102
nn3 79300000 79399999 269
nn3 79400000 79499999 177
nn3 79500000 79599999 181
nn3 79600000 79699999 178
nn3 79700000 79799999 165
nn3 79800000 79899999 207
nn3 79900000 79999999 159
nn3 80000000 80099999 104
nn3 80100000 80199999 142
nn3 80200000 80299999 182
nn3 80300000 80399999 641
nn3 80400000 80499999 515
nn3 80500000 80599999 111
nn3 80600000 80699999 46
nn3 80700000 80799999 77
nn3 80800000 80899999 250
nn3 80900000 80999999 125
nn3 81000000 81099999 23
nn3 81100000 81199999 173
nn3 81200000 81299999 351
nn3 81300000 81399999 137
nn3 81400000 81499999 146
nn3 81500000 81599999 87
nn3 81600000 81699999 184
nn3 81700000 81799999 211
nn3 81800000 81899999 681
nn3 81900000 81999999 176
nn3 82000000 82099999 50
nn3 82100000 82199999 302
nn3 82200000 82299999 173
nn3 82300000 82399999 255
nn3 82400000 82499999 211
nn3 82500000 82599999 105
nn3 82600000 82699999 175
nn3 82700000 82799999 242
nn3 82800000 82899999 87
nn3 82900000 82999999 163
nn3 83000000 83099999 515
nn3 83100000 83199999 148
nn3 83200000 83299999 130
nn3 83300000 83399999 300
nn3 83400000 83499999 374
nn3 83500000 83599999 232
nn3 83600000 83699999 381
nn3 83700000 83799999 159
nn3 83800000 83899999 142
nn3 83900000 83999999 82
nn3 84000000 84099999 71
nn3 84100000 84199999 122
nn3 84200000 84299999 220
nn3 84300000 84399999 441
nn3 84400000 84499999 41
nn3 84500000 84599999 95
nn3 84600000 84699999 147
nn3 84700000 84799999 60
nn3 84800000 84899999 93
nn3 84900000 84999999 134
nn3 85000000 85099999 263
nn3 85100000 85199999 507
nn3 85200000 85299999 656
nn3 85300000 85399999 208
nn3 85400000 85499999 200
nn3 85500000 85599999 220
nn3 85600000 85699999 91
nn3 85700000 85799999 65
nn3 85800000 85899999 29
nn3 85900000 85999999 42
nn3 86000000 86099999 123
nn3 86100000 86199999 801
nn3 86200000 86299999 129
nn3 86300000 86399999 577
nn3 86400000 86499999 356
nn3 86500000 86599999 220
nn3 86600000 86699999 228
nn3 86700000 86799999 400
nn3 86800000 86899999 68
nn3 86900000 86999999 94
nn3 87000000 87099999 145
nn3 87100000 87199999 248
nn3 87200000 87299999 255
nn3 87300000 87399999 192
nn3 87400000 87499999 73
nn3 87500000 87599999 829
nn3 87600000 87699999 138
nn3 87700000 87799999 176
nn3 87800000 87899999 207
nn3 87900000 87999999 94
nn3 88000000 88099999 168
nn3 88100000 88199999 166
nn3 88200000 88299999 271
nn3 88300000 88399999 153
nn3 88400000 88499999 106
nn3 88500000 88599999 179
nn3 88600000 88699999 66
nn3 88700000 88799999 142
nn3 88800000 88899999 189
nn3 88900000 88999999 57
nn3 89000000 89099999 395
nn3 89100000 89199999 30
nn3 89200000 89299999 119
nn3 89300000 89399999 128
nn3 89400000 89499999 46
nn3 89500000 89599999 118
nn3 89600000 89699999 109
nn3 89700000 89799999 692
nn3 89800000 89899999 108
nn3 89900000 89999999 237
nn3 90000000 90099999 168
nn3 90100000 90199999 138
nn3 90200000 90299999 186
nn3 90300000 90399999 97
nn3 90400000 90499999 170
nn3 90500000 90599999 51
nn3 90600000 90699999 24
nn3 90700000 90799999 200
nn3 90800000 90899999 386
nn3 90900000 90999999 207
nn3 91000000 91099999 357
nn3 91100000 91199999 154
nn3 91200000 91299999 93
nn3 91300000 91399999 51
nn3 91400000 91499999 183
nn3 91500000 91599999 697
nn3 91600000 91699999 396
nn3 91700000 91799999 499
nn3 91800000 91899999 227
nn3 91900000 91999999 137
nn3 92000000 92099999 233
nn3 92100000 92199999 141
nn3 92200000 92299999 72
nn3 92300000 92399999 164
nn3 92400000 92499999 194
nn3 92500000 92599999 492
nn3 92600000 92699999 406
nn3 92700000 92799999 75
nn3 92800000 92899999 44
nn3 92900000 92999999 108
nn3 93000000 93099999 141
nn3 93100000 93199999 75
nn3 93200000 93299999 96
nn3 93300000 93399999 137
nn3 93400000 93499999 145
nn3 93500000 93599999 251
nn3 93600000 93699999 119
nn3 93700000 93799999 148
nn3 93800000 93899999 223
nn3 93900000 93999999 98
nn3 94000000 94099999 80
nn3 94100000 94199999 154
nn3 94200000 94299999 111
nn3 94300000 94399999 62
nn3 94400000 94499999 137
nn3 94500000 94599999 88
nn3 94600000 94699999 100
nn3 94700000 94799999 198
nn3 94800000 94899999 125
nn3 94900000 94999999 106
nn3 95000000 95099999 211
nn3 95100000 95199999 65
nn3 95200000 95299999 91
nn3 95300000 95399999 374
nn3 95400000 95499999 129
nn3 95500000 95599999 291
nn3 95600000 95699999 185
nn3 95700000 95799999 23
nn3 95800000 95899999 189
nn3 95900000 95999999 365
nn3 96000000 96099999 147
nn3 96100000 96199999 100
nn3 96200000 96299999 522
nn3 96300000 96399999 153
nn3 96400000 96499999 133
nn3 96500000 96599999 170
nn3 96600000 96699999 69
nn3 96700000 96799999 0
nn3 96800000 96899999 317
nn3 96900000 96999999 120
nn3 97000000 97099999 119
nn3 97100000 97199999 147
nn3 97200000 97299999 100
nn3 97300000 97399999 154
nn3 97400000 97499999 220
nn3 97500000 97599999 207
nn3 97600000 97699999 218
nn3 97700000 97799999 187
nn3 97800000 97899999 401
nn3 97900000 97999999 384
nn3 98000000 98099999 187
nn3 98100000 98199999 60
nn3 98200000 98299999 149
nn3 98300000 98399999 150
nn3 98400000 98499999 92
nn3 98500000 98599999 92
nn3 98600000 98699999 76
nn3 98700000 98799999 124
nn3 98800000 98899999 135
nn3 98900000 98999999 83
nn3 99000000 99099999 261
nn3 99100000 99199999 760
nn3 99200000 99299999 316
nn3 99300000 99399999 186
nn3 99400000 99499999 122
nn3 99500000 99599999 463
nn3 99600000 99699999 288
nn3 99700000 99799999 240
nn3 99800000 99899999 94
nn3 99900000 99999999 241
nn3 100000000 100099999 371
nn3 100100000 100199999 0
nn3 100200000 100299999 274
nn3 100300000 100399999 249
nn3 100400000 100499999 73
nn3 100500000 100599999 349
nn3 100600000 100699999 135
nn3 100700000 100799999 96
nn3 100800000 100899999 68
nn3 100900000 100999999 159
nn3 101000000 101099999 24
nn3 101100000 101199999 109
nn3 101200000 101299999 109
nn3 101300000 101399999 153
nn3 101400000 101499999 87
nn3 101500000 101599999 113
nn3 101600000 101699999 144
nn3 101700000 101799999 49
nn3 101800000 101899999 51
nn3 101900000 101999999 224
nn3 102000000 102099999 115
nn3 102100000 102199999 22
nn3 102200000 102299999 128
nn3 102300000 102399999 116
nn3 102400000 102499999 400
nn3 102500000 102599999 187
nn3 102600000 102699999 0
nn3 102700000 102799999 116
nn3 102800000 102899999 299
nn3 102900000 102999999 354
nn3 103000000 103099999 44
nn3 103100000 103199999 73
nn3 103200000 103299999 116
nn3 103300000 103399999 68
nn3 103400000 103499999 379
nn3 103500000 103599999 494
nn3 103600000 103699999 279
nn3 103700000 103799999 231
nn3 103800000 103899999 248
nn3 103900000 103999999 227
nn3 104000000 104099999 173
nn3 104100000 104199999 120
nn3 104200000 104299999 165
nn3 104300000 104399999 84
nn3 104400000 104499999 73
nn3 104500000 104599999 119
nn3 104600000 104699999 40
nn3 104700000 104799999 91
nn3 104800000 104899999 80
nn3 104900000 104999999 247
nn3 105000000 105099999 418
nn3 105100000 105199999 116
nn3 105200000 105299999 137
nn3 105300000 105399999 143
nn3 105400000 105499999 46
nn3 105500000 105599999 186
nn3 105600000 105699999 401
nn3 105700000 105799999 49
nn3 105800000 105899999 571
nn3 105900000 105999999 94
nn3 106000000 106099999 106
nn3 106100000 106199999 22
nn3 106200000 106299999 31
nn3 106300000 106399999 24
nn3 106400000 106499999 37
nn3 106500000 106599999 129
nn3 106600000 106699999 154
nn3 106700000 106799999 303
nn3 106800000 106899999 950
nn3 106900000 106999999 2121
nn3 107000000 107099999 1397
nn3 107100000 107199999 416
nn3 107200000 107299999 316
nn3 107300000 107399999 235
nn3 107400000 107499999 29
nn3 107500000 107599999 63
nn3 107600000 107699999 111
nn3 107700000 107799999 21
nn3 107800000 107899999 57
nn3 107900000 107999999 135
nn3 108000000 108099999 97
nn3 108100000 108199999 89
nn3 108200000 108299999 264
nn3 108300000 108399999 190
nn3 108400000 108499999 210
nn3 108500000 108599999 136
nn3 108600000 108699999 703
nn3 108700000 108799999 294
nn3 108800000 108899999 64
nn3 108900000 108999999 234
nn3 109000000 109099999 539
nn3 109100000 109199999 437
nn3 109200000 109299999 217
nn3 109300000 109399999 1086
nn3 109400000 109499999 243
nn3 109500000 109599999 317
nn3 109600000 109699999 543
nn3 109700000 109799999 699
nn3 109800000 109899999 534
nn3 109900000 109999999 90
nn3 110000000 110099999 309
nn3 110100000 110199999 126
nn3 110200000 110299999 112
nn3 110300000 110399999 20
nn3 110400000 110499999 24
nn3 110500000 110599999 0
nn3 110600000 110699999 129
nn3 110700000 110799999 589
nn3 110800000 110899999 89
nn3 110900000 110999999 290
nn3 111000000 111099999 376
nn3 111100000 111199999 90
nn3 111200000 111299999 90
nn3 111300000 111382486 124
nn4 0 99999 67
nn4 100000 199999 43
nn4 200000 299999 46
nn4 300000 399999 293
nn4 400000 499999 101
nn4 500000 599999 1005
nn4 600000 699999 117
nn4 700000 799999 806
nn4 800000 899999 954
nn4 900000 999999 1008
nn4 1000000 1099999 232
nn4 1100000 1199999 536
nn4 1200000 1299999 685
nn4 1300000 1399999 144
nn4 1400000 1499999 218
nn4 1500000 1599999 589
nn4 1600000 1699999 202
nn4 1700000 1799999 96
nn4 1800000 1899999 317
nn4 1900000 1999999 570
nn4 2000000 2099999 580
nn4 2100000 2199999 69
nn4 2200000 2299999 254
nn4 2300000 2399999 297
nn4 2400000 2499999 27
nn4 2500000 2599999 159
nn4 2600000 2699999 22
nn4 2700000 2799999 216
nn4 2800000 2899999 120
nn4 2900000 2999999 238
nn4 3000000 3099999 1079
nn4 3100000 3199999 23
nn4 3200000 3299999 1518
nn4 3300000 3399999 62
nn4 3400000 3499999 133
nn4 3500000 3599999 106
nn4 3600000 3699999 128
nn4 3700000 3799999 359
nn4 3800000 3899999 277
nn4 3900000 3999999 477
nn4 4000000 4099999 323
nn4 4100000 4199999 470
nn4 4200000 4299999 310
nn4 4300000 4399999 550
nn4 4400000 4499999 608
nn4 4500000 4599999 75
nn4 4600000 4699999 65
nn4 4700000 4799999 64
nn4 4800000 4899999 593
nn4 4900000 4999999 753
nn4 5000000 5099999 122
nn4 5100000 5199999 0
nn4 5200000 5299999 83
nn4 5300000 5399999 1259
nn4 5400000 5499999 75
nn4 5500000 5599999 44
nn4 5600000 5699999 67
nn4 5700000 5799999 176
nn4 5800000 5899999 34
nn4 5900000 5999999 148
nn4 6000000 6099999 318
nn4 6100000 6199999 172
nn4 6200000 6299999 104
nn4 6300000 6399999 126
nn4 6400000 6499999 165
nn4 6500000 6599999 370
nn4 6600000 6699999 98
nn4 6700000 6799999 20
nn4 6800000 6899999 96
nn4 6900000 6999999 136
nn4 7000000 7099999 95
nn4 7100000 7199999 162
nn4 7200000 7299999 100
nn4 7300000 7399999 0
nn4 7400000 7499999 268
nn4 7500000 7599999 644
nn4 7600000 7699999 412
nn4 7700000 7799999 518
nn4 7800000 7899999 718
nn4 7900000 7999999 134
nn4 8000000 8099999 114
nn4 8100000 8199999 89
nn4 8200000 8299999 396
nn4 8300000 8399999 102
nn4 8400000 8499999 126
nn4 8500000 8599999 94
nn4 8600000 8699999 96
nn4 8700000 8799999 92
nn4 8800000 8899999 125
nn4 8900000 8999999 216
nn4 9000000 9099999 272
nn4 9100000 9199999 140
nn4 9200000 9299999 128
nn4 9300000 9399999 297
nn4 9400000 9499999 178
nn4 9500000 9599999 122
nn4 9600000 9699999 280
nn4 9700000 9799999 105
nn4 9800000 9899999 679
nn4 9900000 9999999 455
nn4 10000000 10099999 374
nn4 10100000 10199999 198
nn4 10200000 10299999 209
nn4 10300000 10399999 663
nn4 10400000 10499999 403
nn4 10500000 10599999 202
nn4 10600000 10699999 165
nn4 10700000 10799999 139
nn4 10800000 10899999 212
nn4 10900000 10999999 20
nn4 11000000 11099999 345
nn4 11100000 11199999 171
nn4 11200000 11299999 287
nn4 11300000 11399999 313
nn4 11400000 11499999 159
nn4 11500000 11599999 212
nn4 11600000 11699999 138
nn4 11700000 11799999 103
nn4 11800000 11899999 176
nn4 11900000 11999999 631
nn4 12000000 12099999 539
nn4 12100000 12199999 54
nn4 12200000 12299999 105
nn4 12300000 12399999 173
nn4 12400000 12499999 504
nn4 12500000 12599999 218
nn4 12600000 12699999 65
nn4 12700000 12799999 251
nn4 12800000 12899999 142
nn4 12900000 12999999 50
nn4 13000000 13099999 273
nn4 13100000 13199999 312
nn4 13200000 13299999 407
nn4 13300000 13399999 236
nn4 13400000 13499999 482
nn4 13500000 13599999 235
nn4 13600000 13699999 205
nn4 13700000 13799999 418
nn4 13800000 13899999 775
nn4 13900000 13999999 139
nn4 14000000 14099999 367
nn4 14100000 14199999 222
nn4 14200000 14299999 230
nn4 14300000 14399999 97
nn4 14400000 14499999 71
nn4 14500000 14599999 342
nn4 14600000 14699999 150
nn4 14700000 14799999 163
nn4 14800000 14899999 54
nn4 14900000 14999999 222
nn4 15000000 15099999 199
nn4 15100000 15199999 196
nn4 15200000 15299999 122
nn4 15300000 15399999 87
nn4 15400000 15499999 387
nn4 15500000 15599999 264
nn4 15600000 15699999 249
nn4 15700000 15799999 144
nn4 15800000 15899999 109
nn4 15900000 15999999 256
nn4 16000000 16099999 366
nn4 16100000 16199999 163
nn4 16200000 16299999 258
nn4 16300000 16399999 571
nn4 16400000 16499999 497
nn4 16500000 16599999 408
nn4 16600000 16699999 291
nn4 16700000 16799999 240
nn4 16800000 16899999 90
nn4 16900000 16999999 185
nn4 17000000 17099999 160
nn4 17100000 17199999 222
nn4 17200000 17299999 258
nn4 17300000 17399999 47
nn4 17400000 17499999 242
nn4 17500000 17599999 143
nn4 17600000 17699999 199
nn4 17700000 17799999 162
nn4 17800000 17899999 157
nn4 17900000 17999999 122
nn4 18000000 18099999 532
nn4 18100000 18199999 75
nn4 18200000 18299999 28
nn4 18300000 18399999 291
nn4 18400000 18499999 435
nn4 18500000 18599999 481
nn4 18600000 18699999 208
nn4 18700000 18799999 482
nn4 18800000 18899999 204
nn4 18900000 18999999 403
nn4 19000000 19099999 117
nn4 19100000 19199999 460
nn4 19200000 19299999 230
nn4 19300000 19399999 526
nn4 19400000 19499999 434
nn4 19500000 19599999 369
nn4 19600000 19699999 314
nn4 19700000 19799999 222
nn4 19800000 19899999 414
nn4 19900000 19999999 301
nn4 20000000 20099999 219
nn4 20100000 20199999 212
nn4 20200000 20299999 209
nn4 20300000 20399999 335
nn4 20400000 20499999 153
nn4 20500000 20599999 202
nn4 20600000 20699999 122
nn4 20700000 20799999 689
nn4 20800000 20899999 151
nn4 20900000 20999999 130
nn4 21000000 21099999 190
nn4 21100000 21199999 82
nn4 21200000 21299999 136
nn4 21300000 21399999 100
nn4 21400000 21499999 129
nn4 21500000 21599999 259
nn4 21600000 21699999 149
nn4 21700000 21799999 103
nn4 21800000 21899999 174
nn4 21900000 21999999 42
nn4 22000000 22099999 130
nn4 22100000 22199999 86
nn4 22200000 22299999 343
nn4 22300000 22399999 324
nn4 22400000 22499999 188
nn4 22500000 22599999 181
nn4 22600000 22699999 51
nn4 22700000 22799999 141
nn4 22800000 22899999 266
nn4 22900000 22999999 60
nn4 23000000 23099999 144
nn4 23100000 23199999 111
nn4 23200000 23299999 296
nn4 23300000 23399999 60
nn4 23400000 23499999 111
nn4 23500000 23599999 202
nn4 23600000 23699999 153
nn4 23700000 23799999 205
nn4 23800000 23899999 122
nn4 23900000 23999999 242
nn4 24000000 24099999 440
nn4 24100000 24199999 257
nn4 24200000 24299999 361
nn4 24300000 24399999 167
nn4 24400000 24499999 160
nn4 24500000 24599999 225
nn4 24600000 24699999 151
nn4 24700000 24799999 195
nn4 24800000 24899999 121
nn4 24900000 24999999 281
nn4 25000000 25099999 88
nn4 25100000 25199999 56
nn4 25200000 25299999 163
nn4 25300000 25399999 106
nn4 25400000 25499999 120
nn4 25500000 25599999 115
nn4 25600000 25699999 23
nn4 25700000 25799999 122
nn4 25800000 25899999 536
nn4 25900000 25999999 198
nn4 26000000 26099999 202
nn4 26100000 26199999 319
nn4 26200000 26299999 102
nn4 26300000 26399999 89
nn4 26400000 26499999 48
nn4 26500000 26599999 194
nn4 26600000 26699999 255
nn4 26700000 26799999 212
nn4 26800000 26899999 391
nn4 26900000 26999999 327
nn4 27000000 27099999 285
nn4 27100000 27199999 404
nn4 27200000 27299999 130
nn4 27300000 27399999 87
nn4 27400000 27499999 194
nn4 27500000 27599999 386
nn4 27600000 27699999 385
nn4 27700000 27799999 118
nn4 27800000 27899999 161
nn4 27900000 27999999 199
nn4 28000000 28099999 281
nn4 28100000 28199999 98
nn4 28200000 28299999 555
nn4 28300000 28399999 200
nn4 28400000 28499999 62
nn4 28500000 28599999 213
nn4 28600000 28699999 90
nn4 28700000 28799999 74
nn4 28800000 28899999 255
nn4 28900000 28999999 254
nn4 29000000 29099999 188
nn4 29100000 29199999 119
nn4 29200000 29299999 129
nn4 29300000 29399999 104
nn4 29400000 29499999 209
nn4 29500000 29599999 71
nn4 29600000 29699999 295
nn4 29700000 29799999 198
nn4 29800000 29899999 258
nn4 29900000 29999999 68
nn4 30000000 30099999 171
nn4 30100000 30199999 207
nn4 30200000 30299999 191
nn4 30300000 30399999 68
nn4 30400000 30499999 140
nn4 30500000 30599999 127
nn4 30600000 30699999 88
nn4 30700000 30799999 177
nn4 30800000 30899999 244
nn4 30900000 30999999 188
nn4 31000000 31099999 194
nn4 31100000 31199999 152
nn4 31200000 31299999 159
nn4 31300000 31399999 143
nn4 31400000 31499999 203
nn4 31500000 31599999 163
nn4 31600000 31699999 236
nn4 31700000 31799999 279
nn4 31800000 31899999 173
nn4 31900000 31999999 483
nn4 32000000 32099999 177
nn4 32100000 32199999 178
nn4 32200000 32299999 173
nn4 32300000 32399999 143
nn4 32400000 32499999 57
nn4 32500000 32599999 127
nn4 32600000 32699999 378
nn4 32700000 32799999 149
nn4 32800000 32899999 248
nn4 32900000 32999999 118
nn4 33000000 33099999 183
nn4 33100000 33199999 86
nn4 33200000 33299999 235
nn4 33300000 33399999 173
nn4 33400000 33499999 161
nn4 33500000 33599999 683
nn4 33600000 33699999 226
nn4 33700000 33799999 206
nn4 33800000 33899999 316
nn4 33900000 33999999 110
nn4 34000000 34099999 260
nn4 34100000 34199999 172
nn4 34200000 34299999 222
nn4 34300000 34399999 22
nn4 34400000 34499999 338
nn4 34500000 34599999 71
nn4 34600000 34699999 231
nn4 34700000 34799999 165
nn4 34800000 34899999 122
nn4 34900000 34999999 141
nn4 35000000 35099999 373
nn4 35100000 35199999 118
nn4 35200000 35299999 95
nn4 35300000 35399999 68
nn4 35400000 35499999 239
nn4 35500000 35599999 230
nn4 35600000 35699999 179
nn4 35700000 35799999 120
nn4 35800000 35899999 118
nn4 35900000 35999999 76
nn4 36000000 36099999 172
nn4 36100000 36199999 342
nn4 36200000 36299999 208
nn4 36300000 36399999 291
nn4 36400000 36499999 313
nn4 36500000 36599999 186
nn4 36600000 36699999 116
nn4 36700000 36799999 162
nn4 36800000 36899999 93
nn4 36900000 36999999 79
nn4 37000000 37099999 305
nn4 37100000 37199999 152
nn4 37200000 37299999 117
nn4 37300000 37399999 151
nn4 37400000 37499999 111
nn4 37500000 37599999 330
nn4 37600000 37699999 84
nn4 37700000 37799999 98
nn4 37800000 37899999 196
nn4 37900000 37999999 249
nn4 38000000 38099999 270
nn4 38100000 38199999 232
nn4 38200000 38299999 176
nn4 38300000 38399999 96
nn4 38400000 38499999 161
nn4 38500000 38599999 287
nn4 38600000 38699999 254
nn4 38700000 38799999 317
nn4 38800000 38899999 183
nn4 38900000 38999999 125
nn4 39000000 39099999 355
nn4 39100000 39199999 236
nn4 39200000 39299999 169
nn4 39300000 39399999 471
nn4 39400000 39499999 169
nn4 39500000 39599999 43
nn4 39600000 39699999 52
nn4 39700000 39799999 43
nn4 39800000 39899999 156
nn4 39900000 39999999 543
nn4 40000000 40099999 227
nn4 40100000 40199999 151
nn4 40200000 40299999 80
nn4 40300000 40399999 174
nn4 40400000 40499999 192
nn4 40500000 40599999 352
nn4 40600000 40699999 154
nn4 40700000 40799999 132
nn4 40800000 40899999 202
nn4 40900000 40999999 75
nn4 41000000 41099999 74
nn4 41100000 41199999 88
nn4 41200000 41299999 221
nn4 41300000 41399999 252
nn4 41400000 41499999 220
nn4 41500000 41599999 158
nn4 41600000 41699999 84
nn4 41700000 41799999 189
nn4 41800000 41899999 133
nn4 41900000 41999999 44
nn4 42000000 42099999 329
nn4 42100000 42199999 99
nn4 42200000 42299999 157
nn4 42300000 42399999 20
nn4 42400000 42499999 24
nn4 42500000 42599999 127
nn4 42600000 42699999 113
nn4 42700000 42799999 348
nn4 42800000 42899999 174
nn4 42900000 42999999 333
nn4 43000000 43099999 641
nn4 43100000 43199999 270
nn4 43200000 43299999 110
nn4 43300000 43399999 285
nn4 43400000 43499999 261
nn4 43500000 43599999 563
nn4 43600000 43699999 288
nn4 43700000 43799999 279
nn4 43800000 43899999 30
nn4 43900000 43999999 108
nn4 44000000 44099999 151
nn4 44100000 44199999 32
nn4 44200000 44299999 77
nn4 44300000 44399999 50
nn4 44400000 44499999 188
nn4 44500000 44599999 1059
nn4 44600000 44699999 112
nn4 44700000 44799999 95
nn4 44800000 44899999 161
nn4 44900000 44999999 296
nn4 45000000 45099999 109
nn4 45100000 45199999 31
nn4 45200000 45299999 109
nn4 45300000 45399999 80
nn4 45400000 45499999 120
nn4 45500000 45599999 148
nn4 45600000 45699999 94
nn4 45700000 45799999 130
nn4 45800000 45899999 85
nn4 45900000 45999999 138
nn4 46000000 46099999 273
nn4 46100000 46199999 189
nn4 46200000 46299999 147
nn4 46300000 46399999 149
nn4 46400000 46499999 250
nn4 46500000 46599999 97
nn4 46600000 46699999 89
nn4 46700000 46799999 206
nn4 46800000 46899999 140
nn4 46900000 46999999 147
nn4 47000000 47099999 94
nn4 47100000 47199999 169
nn4 47200000 47299999 42
nn4 47300000 47399999 137
nn4 47400000 47499999 226
nn4 47500000 47599999 108
nn4 47600000 47699999 334
nn4 47700000 47799999 91
nn4 47800000 47899999 271
nn4 47900000 47999999 1664
nn4 48000000 48099999 86
nn4 48100000 48199999 71
nn4 48200000 48299999 298
nn4 48300000 48399999 141
nn4 48400000 48499999 194
nn4 48500000 48599999 171
nn4 48600000 48699999 296
nn4 48700000 48799999 176
nn4 48800000 48899999 260
nn4 48900000 48999999 372
nn4 49000000 49099999 308
nn4 49100000 49199999 101
nn4 49200000 49299999 247
nn4 49300000 49399999 290
nn4 49400000 49499999 311
nn4 49500000 49599999 205
nn4 49600000 49699999 142
nn4 49700000 49799999 464
nn4 49800000 49899999 240
nn4 49900000 49999999 240
nn4 50000000 50099999 254
nn4 50100000 50199999 520
nn4 50200000 50299999 170
nn4 50300000 50399999 294
nn4 50400000 50499999 204
nn4 50500000 50599999 722
nn4 50600000 50699999 241
nn4 50700000 50799999 342
nn4 50800000 50899999 242
nn4 50900000 50999999 173
nn4 51000000 51099999 112
nn4 51100000 51199999 167
nn4 51200000 51299999 89
nn4 51300000 51399999 105
nn4 51400000 51499999 162
nn4 51500000 51599999 262
nn4 51600000 51699999 152
nn4 51700000 51799999 56
nn4 51800000 51899999 24
nn4 51900000 51999999 78
nn4 52000000 52099999 121
nn4 52100000 52199999 0
nn4 52200000 52299999 238
nn4 52300000 52399999 161
nn4 52400000 52499999 152
nn4 52500000 52599999 109
nn4 52600000 52699999 95
nn4 52700000 52799999 121
nn4 52800000 52899999 162
nn4 52900000 52999999 291
nn4 53000000 53099999 236
nn4 53100000 53199999 99
nn4 53200000 53299999 330
nn4 53300000 53399999 161
nn4 53400000 53499999 291
nn4 53500000 53599999 74
nn4 53600000 53699999 65
nn4 53700000 53799999 46
nn4 53800000 53899999 123
nn4 53900000 53999999 223
nn4 54000000 54099999 109
nn4 54100000 54199999 228
nn4 54200000 54299999 209
nn4 54300000 54399999 129
nn4 54400000 54499999 171
nn4 54500000 54599999 200
nn4 54600000 54699999 577
nn4 54700000 54799999 291
nn4 54800000 54899999 128
nn4 54900000 54999999 608
nn4 55000000 55099999 399
nn4 55100000 55199999 108
nn4 55200000 55299999 293
nn4 55300000 55399999 211
nn4 55400000 55499999 219
nn4 55500000 55599999 232
nn4 55600000 55699999 103
nn4 55700000 55799999 45
nn4 55800000 55899999 46
nn4 55900000 55999999 52
nn4 56000000 56099999 136
nn4 56100000 56199999 140
nn4 56200000 56299999 27
nn4 56300000 56399999 72
nn4 56400000 56499999 64
nn4 56500000 56599999 155
nn4 56600000 56699999 152
nn4 56700000 56799999 103
nn4 56800000 56899999 126
nn4 56900000 56999999 50
nn4 57000000 57099999 131
nn4 57100000 57199999 137
nn4 57200000 57299999 87
nn4 57300000 57399999 279
nn4 57400000 57499999 25
nn4 57500000 57599999 53
nn4 57600000 57699999 86
nn4 57700000 57799999 128
nn4 57800000 57899999 79
nn4 57900000 57999999 132
nn4 58000000 58099999 89
nn4 58100000 58199999 134
nn4 58200000 58299999 181
nn4 58300000 58399999 241
nn4 58400000 58499999 151
nn4 58500000 58599999 127
nn4 58600000 58699999 216
nn4 58700000 58799999 183
nn4 58800000 58899999 67
nn4 58900000 58999999 95
nn4 59000000 59099999 278
nn4 59100000 59199999 258
nn4 59200000 59299999 85
nn4 59300000 59399999 102
nn4 59400000 59499999 111
nn4 59500000 59599999 165
nn4 59600000 59699999 206
nn4 59700000 59799999 156
nn4 59800000 59899999 63
nn4 59900000 59999999 46
nn4 60000000 60099999 187
nn4 60100000 60199999 180
nn4 60200000 60299999 109
nn4 60300000 60399999 23
nn4 60400000 60499999 222
nn4 60500000 60599999 94
nn4 60600000 60699999 127
nn4 60700000 60799999 128
nn4 60800000 60899999 241
nn4 60900000 60999999 755
nn4 61000000 61099999 0
nn4 61100000 61199999 71
nn4 61200000 61299999 72
nn4 61300000 61399999 155
nn4 61400000 61499999 221
nn4 61500000 61599999 116
nn4 61600000 61699999 137
nn4 61700000 61799999 119
nn4 61800000 61899999 80
nn4 61900000 61999999 152
nn4 62000000 62099999 121
nn4 62100000 62199999 366
nn4 62200000 62299999 119
nn4 62300000 62399999 255
nn4 62400000 62499999 97
nn4 62500000 62599999 106
nn4 62600000 62699999 263
nn4 62700000 62799999 300
nn4 62800000 62899999 125
nn4 62900000 62999999 375
nn4 63000000 63099999 424
nn4 63100000 63199999 218
nn4 63200000 63299999 141
nn4 63300000 63399999 167
nn4 63400000 63499999 497
nn4 63500000 63599999 380
nn4 63600000 63699999 293
nn4 63700000 63799999 308
nn4 63800000 63899999 282
nn4 63900000 63999999 484
nn4 64000000 64099999 155
nn4 64100000 64199999 428
nn4 64200000 64299999 83
nn4 64300000 64399999 203
nn4 64400000 64499999 188
nn4 64500000 64599999 183
nn4 64600000 64699999 279
nn4 64700000 64799999 174
nn4 64800000 64899999 276
nn4 64900000 64999999 231
nn4 65000000 65099999 195
nn4 65100000 65199999 176
nn4 65200000 65299999 271
nn4 65300000 65399999 183
nn4 65400000 65499999 113
nn4 65500000 65599999 642
nn4 65600000 65699999 358
nn4 65700000 65799999 65
nn4 65800000 65899999 172
nn4 65900000 65999999 113
nn4 66000000 66099999 353
nn4 66100000 66199999 185
nn4 66200000 66299999 501
nn4 66300000 66399999 47
nn4 66400000 66499999 155
nn4 66500000 66599999 85
nn4 66600000 66699999 85
nn4 66700000 66799999 30
nn4 66800000 66899999 81
nn4 66900000 66999999 141
nn4 67000000 67099999 119
nn4 67100000 67199999 344
nn4 67200000 67299999 95
nn4 67300000 67399999 81
nn4 67400000 67499999 89
nn4 67500000 67599999 46
nn4 67600000 67699999 102
nn4 67700000 67799999 243
nn4 67800000 67899999 306
nn4 67900000 67999999 46
nn4 68000000 68099999 323
nn4 68100000 68199999 170
nn4 68200000 68299999 126
nn4 68300000 68399999 533
nn4 68400000 68499999 132
nn4 68500000 68599999 499
nn4 68600000 68699999 42
nn4 68700000 68799999 484
nn4 68800000 68899999 122
nn4 68900000 68999999 95
nn4 69000000 69099999 184
nn4 69100000 69199999 525
nn4 69200000 69299999 165
nn4 69300000 69399999 80
nn4 69400000 69499999 55
nn4 69500000 69599999 185
nn4 69600000 69699999 219
nn4 69700000 69799999 148
nn4 69800000 69899999 141
nn4 69900000 69999999 444
nn4 70000000 70099999 133
nn4 70100000 70199999 147
nn4 70200000 70299999 20
nn4 70300000 70399999 138
nn4 70400000 70499999 79
nn4 70500000 70599999 860
nn4 70600000 70699999 47
nn4 70700000 70799999 155
nn4 70800000 70899999 138
nn4 70900000 70999999 260
nn4 71000000 71099999 158
nn4 71100000 71199999 667
nn4 71200000 71299999 246
nn4 71300000 71399999 51
nn4 71400000 71499999 22
nn4 71500000 71599999 247
nn4 71600000 71699999 91
nn4 71700000 71799999 293
nn4 71800000 71899999 163
nn4 71900000 71999999 109
nn4 72000000 72099999 498
nn4 72100000 72199999 35
nn4 72200000 72274758 0
nn4a 0 99999 155
nn4a 100000 199999 68
nn4a 200000 299999 304
nn4a 300000 399999 103
nn4a 400000 499999 100
nn4a 500000 599999 108
nn4a 600000 699999 112
nn4a 700000 799999 234
nn4a 800000 899999 210
nn4a 900000 999999 50
nn4a 1000000 1099999 228
nn4a 1100000 1199999 128
nn4a 1200000 1299999 24
nn4a 1300000 1399999 28
nn4a 1400000 1499999 42
nn4a 1500000 1599999 160
nn4a 1600000 1699999 156
nn4a 1700000 1799999 369
nn4a 1800000 1899999 44
nn4a 1900000 1999999 0
nn4a 2000000 2099999 0
nn4a 2100000 2199999 219
nn4a 2200000 2299999 24
nn4a 2300000 2399999 85
nn4a 2400000 2499999 46
nn4a 2500000 2599999 51
nn4a 2600000 2699999 763
nn4a 2700000 2799999 47
nn4a 2800000 2899999 183
nn4a 2900000 2999999 314
nn4a 3000000 3099999 241
nn4a 3100000 3199999 174
nn4a 3200000 3299999 424
nn4a 3300000 3399999 54
nn4a 3400000 3499999 344
nn4a 3500000 3599999 148
nn4a 3600000 3699999 21
nn4a 3700000 3799999 161
nn4a 3800000 3899999 178
nn4a 3900000 3999999 1067
nn4a 4000000 4099999 92
nn4a 4100000 4199999 186
nn4a 4200000 4299999 79
nn4a 4300000 4399999 41
nn4a 4400000 4499999 168
nn4a 4500000 4599999 543
nn4a 4600000 4699999 235
nn4a 4700000 4799999 137
nn4a 4800000 4899999 127
nn4a 4900000 4999999 68
nn4a 5000000 5099999 69
nn4a 5100000 5199999 89
nn4a 5200000 5299999 107
nn4a 5300000 5399999 129
nn4a 5400000 5499999 184
nn4a 5500000 5599999 113
nn4a 5600000 5699999 70
nn4a 5700000 5799999 156
nn4a 5800000 5899999 136
nn4a 5900000 5999999 166
nn4a 6000000 6099999 498
nn4a 6100000 6199999 127
nn4a 6200000 6299999 251
nn4a 6300000 6399999 274
nn4a 6400000 6499999 121
nn4a 6500000 6599999 187
nn4a 6600000 6699999 353
nn4a 6700000 6799999 216
nn4a 6800000 6899999 398
nn4a 6900000 6999999 268
nn4a 7000000 7099999 384
nn4a 7100000 7199999 277
nn4a 7200000 7299999 402
nn4a 7300000 7399999 207
nn4a 7400000 7499999 169
nn4a 7500000 7599999 346
nn4a 7600000 7699999 198
nn4a 7700000 7799999 81
nn4a 7800000 7899999 118
nn4a 7900000 7999999 125
nn4a 8000000 8099999 101
nn4a 8100000 8199999 213
nn4a 8200000 8299999 35
nn4a 8300000 8399999 194
nn4a 8400000 8499999 50
nn4a 8500000 8599999 150
nn4a 8600000 8699999 134
nn4a 8700000 8799999 138
nn4a 8800000 8899999 591
nn4a 8900000 8999999 113
nn4a 9000000 9099999 326
nn4a 9100000 9199999 142
nn4a 9200000 9299999 186
nn4a 9300000 9399999 167
nn4a 9400000 9499999 20
nn4a 9500000 9599999 66
nn4a 9600000 9699999 132
nn4a 9700000 9799999 21
nn4a 9800000 9899999 301
nn4a 9900000 9999999 246
nn4a 10000000 10099999 45
nn4a 10100000 10199999 357
nn4a 10200000 10299999 135
nn4a 10300000 10399999 44
nn4a 10400000 10499999 65
nn4a 10500000 10599999 315
nn4a 10600000 10699999 157
nn4a 10700000 10799999 107
nn4a 10800000 10899999 118
nn4a 10900000 10999999 90
nn4a 11000000 11099999 328
nn4a 11100000 11199999 96
nn4a 11200000 11299999 0
nn4a 11300000 11399999 93
nn4a 11400000 11499999 95
nn4a 11500000 11599999 101
nn4a 11600000 11699999 49
nn4a 11700000 11799999 126
nn4a 11800000 11899999 92
nn4a 11900000 11999999 21
nn4a 12000000 12099999 172
nn4a 12100000 12199999 73
nn4a 12200000 12299999 253
nn4a 12300000 12399999 155
nn4a 12400000 12499999 133
nn4a 12500000 12599999 88
nn4a 12600000 12699999 211
nn4a 12700000 12799999 162
nn4a 12800000 12899999 75
nn4a 12900000 12999999 61
nn4a 13000000 13099999 24
nn4a 13100000 13199999 47
nn4a 13200000 13299999 30
nn4a 13300000 13399999 76
nn4a 13400000 13499999 52
nn4a 13500000 13599999 169
nn4a 13600000 13699999 282
nn4a 13700000 13799999 50
nn4a 13800000 13899999 74
nn4a 13900000 13999999 86
nn4a 14000000 14099999 20
nn4a 14100000 14199999 116
nn4a 14200000 14299999 231
nn4a 14300000 14399999 87
nn4a 14400000 14499999 72
nn4a 14500000 14599999 152
nn4a 14600000 14699999 256
nn4a 14700000 14799999 192
nn4a 14800000 14899999 398
nn4a 14900000 14999999 165
nn4a 15000000 15099999 194
nn4a 15100000 15199999 175
nn4a 15200000 15299999 231
nn4a 15300000 15399999 159
nn4a 15400000 15499999 127
nn4a 15500000 15599999 93
nn4a 15600000 15699999 451
nn4a 15700000 15799999 327
nn4a 15800000 15899999 0
nn4a 15900000 15999999 119
nn4a 16000000 16099999 131
nn4a 16100000 16199999 46
nn4a 16200000 16299999 21
nn4a 16300000 16399999 222
nn4a 16400000 16499999 23
nn4a 16500000 16599999 159
nn4a 16600000 16699999 48
nn4a 16700000 16799999 144
nn4a 16800000 16899999 184
nn4a 16900000 16999999 22
nn4a 17000000 17099999 108
nn4a 17100000 17199999 62
nn4a 17200000 17299999 25
nn4a 17300000 17399999 144
nn4a 17400000 17499999 98
nn4a 17500000 17599999 197
nn4a 17600000 17699999 142
nn4a 17700000 17799999 72
nn4a 17800000 17899999 743
nn4a 17900000 17999999 128
nn4a 18000000 18099999 395
nn4a 18100000 18199999 162
nn4a 18200000 18299999 438
nn4a 18300000 18399999 153
nn4a 18400000 18499999 426
nn4a 18500000 18599999 146
nn4a 18600000 18699999 233
nn4a 18700000 18799999 915
nn4a 18800000 18899999 822
nn4a 18900000 18999999 953
nn4a 19000000 19099999 318
nn4a 19100000 19199999 457
nn4a 19200000 19299999 29
nn4a 19300000 19399999 0
nn4a 19400000 19499999 0
nn4a 19500000 19599999 0
nn4a 19600000 19699999 0
nn4a 19700000 19703776 0
nn5 0 99999 478
nn5 100000 199999 788
nn5 200000 299999 322
nn5 300000 399999 154
nn5 400000 499999 41
nn5 500000 599999 96
nn5 600000 699999 60
nn5 700000 799999 255
nn5 800000 899999 90
nn5 900000 999999 224
nn5 1000000 1099999 200
nn5 1100000 1199999 295
nn5 1200000 1299999 65
nn5 1300000 1399999 865
nn5 1400000 1499999 104
nn5 1500000 1599999 89
nn5 1600000 1699999 276
nn5 1700000 1799999 147
nn5 1800000 1899999 117
nn5 1900000 1999999 132
nn5 2000000 2099999 407
nn5 2100000 2199999 145
nn5 2200000 2299999 575
nn5 2300000 2399999 52
nn5 2400000 2499999 217
nn5 2500000 2599999 54
nn5 2600000 2699999 74
nn5 2700000 2799999 142
nn5 2800000 2899999 122
nn5 2900000 2999999 163
nn5 3000000 3099999 177
nn5 3100000 3199999 46
nn5 3200000 3299999 20
nn5 3300000 3399999 50
nn5 3400000 3499999 79
nn5 3500000 3599999 170
nn5 3600000 3699999 679
nn5 3700000 3799999 370
nn5 3800000 3899999 210
nn5 3900000 3999999 155
nn5 4000000 4099999 40
nn5 4100000 4199999 21
nn5 4200000 4299999 235
nn5 4300000 4399999 103
nn5 4400000 4499999 416
nn5 4500000 4599999 45
nn5 4600000 4699999 49
nn5 4700000 4799999 159
nn5 4800000 4899999 163
nn5 4900000 4999999 0
nn5 5000000 5099999 0
nn5 5100000 5199999 0
nn5 5200000 5299999 69
nn5 5300000 5399999 107
nn5 5400000 5499999 141
nn5 5500000 5599999 265
nn5 5600000 5699999 641
nn5 5700000 5799999 66
nn5 5800000 5899999 41
nn5 5900000 5999999 71
nn5 6000000 6099999 151
nn5 6100000 6199999 92
nn5 6200000 6299999 53
nn5 6300000 6399999 322
nn5 6400000 6499999 94
nn5 6500000 6599999 136
nn5 6600000 6699999 20
nn5 6700000 6799999 357
nn5 6800000 6899999 214
nn5 6900000 6999999 93
nn5 7000000 7099999 134
nn5 7100000 7199999 227
nn5 7200000 7299999 77
nn5 7300000 7399999 93
nn5 7400000 7499999 329
nn5 7500000 7599999 242
nn5 7600000 7699999 141
nn5 7700000 7799999 116
nn5 7800000 7899999 261
nn5 7900000 7999999 186
nn5 8000000 8099999 154
nn5 8100000 8199999 194
nn5 8200000 8299999 67
nn5 8300000 8399999 74
nn5 8400000 8499999 41
nn5 8500000 8599999 265
nn5 8600000 8699999 63
nn5 8700000 8799999 95
nn5 8800000 8899999 199
nn5 8900000 8999999 104
nn5 9000000 9099999 111
nn5 9100000 9199999 457
nn5 9200000 9299999 166
nn5 9300000 9399999 112
nn5 9400000 9499999 44
nn5 9500000 9599999 338
nn5 9600000 9699999 0
nn5 9700000 9799999 191
nn5 9800000 9899999 458
nn5 9900000 9999999 122
nn5 10000000 10099999 291
nn5 10100000 10199999 79
nn5 10200000 10299999 43
nn5 10300000 10399999 67
nn5 10400000 10499999 24
nn5 10500000 10599999 137
nn5 10600000 10699999 143
nn5 10700000 10799999 93
nn5 10800000 10899999 123
nn5 10900000 10999999 146
nn5 11000000 11099999 91
nn5 11100000 11199999 752
nn5 11200000 11299999 223
nn5 11300000 11399999 303
nn5 11400000 11499999 217
nn5 11500000 11599999 125
nn5 11600000 11699999 370
nn5 11700000 11799999 103
nn5 11800000 11899999 119
nn5 11900000 11999999 20
nn5 12000000 12099999 188
nn5 12100000 12199999 63
nn5 12200000 12299999 167
nn5 12300000 12399999 184
nn5 12400000 12499999 276
nn5 12500000 12599999 146
nn5 12600000 12699999 20
nn5 12700000 12799999 117
nn5 12800000 12899999 133
nn5 12900000 12999999 130
nn5 13000000 13099999 105
nn5 13100000 13199999 22
nn5 13200000 13299999 386
nn5 13300000 13399999 346
nn5 13400000 13499999 145
nn5 13500000 13599999 133
nn5 13600000 13699999 131
nn5 13700000 13799999 431
nn5 13800000 13899999 533
nn5 13900000 13999999 233
nn5 14000000 14099999 85
nn5 14100000 14199999 0
nn5 14200000 14299999 193
nn5 14300000 14399999 24
nn5 14400000 14499999 195
nn5 14500000 14599999 41
nn5 14600000 14699999 225
nn5 14700000 14799999 1335
nn5 14800000 14899999 105
nn5 14900000 14999999 77
nn5 15000000 15099999 20
nn5 15100000 15199999 120
nn5 15200000 15299999 68
nn5 15300000 15399999 96
nn5 15400000 15499999 120
nn5 15500000 15599999 99
nn5 15600000 15699999 89
nn5 15700000 15799999 20
nn5 15800000 15899999 206
nn5 15900000 15999999 80
nn5 16000000 16099999 60
nn5 16100000 16199999 226
nn5 16200000 16299999 251
nn5 16300000 16399999 177
nn5 16400000 16499999 112
nn5 16500000 16599999 43
nn5 16600000 16699999 83
nn5 16700000 16799999 43
nn5 16800000 16899999 119
nn5 16900000 16999999 57
nn5 17000000 17099999 43
nn5 17100000 17199999 75
nn5 17200000 17299999 219
nn5 17300000 17399999 169
nn5 17400000 17499999 385
nn5 17500000 17599999 213
nn5 17600000 17699999 787
nn5 17700000 17799999 319
nn5 17800000 17899999 159
nn5 17900000 17999999 107
nn5 18000000 18099999 93
nn5 18100000 18199999 259
nn5 18200000 18299999 298
nn5 18300000 18399999 359
nn5 18400000 18499999 136
nn5 18500000 18599999 43
nn5 18600000 18699999 60
nn5 18700000 18799999 147
nn5 18800000 18899999 453
nn5 18900000 18999999 144
nn5 19000000 19099999 176
nn5 19100000 19199999 70
nn5 19200000 19299999 114
nn5 19300000 19399999 24
nn5 19400000 19499999 20
nn5 19500000 19599999 55
nn5 19600000 19699999 233
nn5 19700000 19799999 499
nn5 19800000 19899999 221
nn5 19900000 19999999 368
nn5 20000000 20099999 162
nn5 20100000 20199999 489
nn5 20200000 20299999 218
nn5 20300000 20399999 616
nn5 20400000 20499999 377
nn5 20500000 20599999 483
nn5 20600000 20699999 145
nn5 20700000 20799999 247
nn5 20800000 20899999 473
nn5 20900000 20999999 257
nn5 21000000 21099999 226
nn5 21100000 21199999 525
nn5 21200000 21299999 177
nn5 21300000 21399999 200
nn5 21400000 21499999 210
nn5 21500000 21599999 144
nn5 21600000 21699999 331
nn5 21700000 21799999 62
nn5 21800000 21899999 142
nn5 21900000 21999999 381
nn5 22000000 22099999 148
nn5 22100000 22199999 80
nn5 22200000 22299999 228
nn5 22300000 22399999 144
nn5 22400000 22499999 144
nn5 22500000 22599999 95
nn5 22600000 22699999 90
nn5 22700000 22799999 664
nn5 22800000 22899999 308
nn5 22900000 22999999 115
nn5 23000000 23099999 62
nn5 23100000 23199999 257
nn5 23200000 23299999 120
nn5 23300000 23399999 163
nn5 23400000 23499999 418
nn5 23500000 23599999 71
nn5 23600000 23699999 132
nn5 23700000 23799999 174
nn5 23800000 23899999 79
nn5 23900000 23999999 358
nn5 24000000 24099999 62
nn5 24100000 24199999 45
nn5 24200000 24299999 100
nn5 24300000 24399999 242
nn5 24400000 24499999 125
nn5 24500000 24599999 133
nn5 24600000 24699999 65
nn5 24700000 24799999 63
nn5 24800000 24899999 152
nn5 24900000 24999999 223
nn5 25000000 25099999 99
nn5 25100000 25199999 137
nn5 25200000 25299999 128
nn5 25300000 25399999 111
nn5 25400000 25499999 88
nn5 25500000 25599999 51
nn5 25600000 25699999 328
nn5 25700000 25799999 83
nn5 25800000 25899999 57
nn5 25900000 25999999 63
nn5 26000000 26099999 141
nn5 26100000 26199999 169
nn5 26200000 26299999 123
nn5 26300000 26399999 65
nn5 26400000 26499999 93
nn5 26500000 26599999 85
nn5 26600000 26699999 72
nn5 26700000 26799999 303
nn5 26800000 26899999 47
nn5 26900000 26999999 110
nn5 27000000 27099999 145
nn5 27100000 27199999 155
nn5 27200000 27299999 110
nn5 27300000 27399999 187
nn5 27400000 27499999 162
nn5 27500000 27599999 98
nn5 27600000 27699999 117
nn5 27700000 27799999 43
nn5 27800000 27899999 186
nn5 27900000 27999999 219
nn5 28000000 28099999 151
nn5 28100000 28199999 100
nn5 28200000 28299999 123
nn5 28300000 28399999 120
nn5 28400000 28499999 97
nn5 28500000 28599999 261
nn5 28600000 28699999 98
nn5 28700000 28799999 206
nn5 28800000 28899999 86
nn5 28900000 28999999 83
nn5 29000000 29099999 23
nn5 29100000 29199999 65
nn5 29200000 29299999 424
nn5 29300000 29399999 81
nn5 29400000 29499999 287
nn5 29500000 29599999 222
nn5 29600000 29699999 118
nn5 29700000 29799999 238
nn5 29800000 29899999 137
nn5 29900000 29999999 146
nn5 30000000 30099999 898
nn5 30100000 30199999 128
nn5 30200000 30299999 209
nn5 30300000 30399999 159
nn5 30400000 30499999 186
nn5 30500000 30599999 450
nn5 30600000 30699999 165
nn5 30700000 30799999 168
nn5 30800000 30899999 128
nn5 30900000 30999999 244
nn5 31000000 31099999 242
nn5 31100000 31199999 56
nn5 31200000 31299999 69
nn5 31300000 31399999 195
nn5 31400000 31499999 403
nn5 31500000 31599999 265
nn5 31600000 31699999 452
nn5 31700000 31799999 202
nn5 31800000 31899999 559
nn5 31900000 31999999 269
nn5 32000000 32099999 114
nn5 32100000 32199999 491
nn5 32200000 32299999 267
nn5 32300000 32399999 240
nn5 32400000 32499999 622
nn5 32500000 32599999 215
nn5 32600000 32699999 359
nn5 32700000 32799999 972
nn5 32800000 32899999 157
nn5 32900000 32999999 185
nn5 33000000 33099999 389
nn5 33100000 33199999 165
nn5 33200000 33299999 341
nn5 33300000 33399999 189
nn5 33400000 33499999 321
nn5 33500000 33599999 119
nn5 33600000 33699999 186
nn5 33700000 33799999 455
nn5 33800000 33899999 185
nn5 33900000 33999999 307
nn5 34000000 34099999 370
nn5 34100000 34199999 453
nn5 34200000 34299999 305
nn5 34300000 34399999 176
nn5 34400000 34499999 156
nn5 34500000 34599999 144
nn5 34600000 34699999 142
nn5 34700000 34799999 48
nn5 34800000 34899999 122
nn5 34900000 34999999 1225
nn5 35000000 35099999 137
nn5 35100000 35199999 198
nn5 35200000 35299999 316
nn5 35300000 35399999 1323
nn5 35400000 35499999 122
nn5 35500000 35599999 211
nn5 35600000 35699999 135
nn5 35700000 35799999 205
nn5 35800000 35899999 69
nn5 35900000 35999999 141
nn5 36000000 36099999 578
nn5 36100000 36199999 116
nn5 36200000 36299999 153
nn5 36300000 36399999 203
nn5 36400000 36499999 173
nn5 36500000 36599999 138
nn5 36600000 36699999 123
nn5 36700000 36799999 213
nn5 36800000 36899999 502
nn5 36900000 36999999 671
nn5 37000000 37099999 192
nn5 37100000 37199999 173
nn5 37200000 37299999 314
nn5 37300000 37399999 163
nn5 37400000 37499999 921
nn5 37500000 37599999 241
nn5 37600000 37699999 154
nn5 37700000 37799999 203
nn5 37800000 37899999 89
nn5 37900000 37999999 68
nn5 38000000 38099999 72
nn5 38100000 38199999 85
nn5 38200000 38299999 21
nn5 38300000 38399999 0
nn5 38400000 38499999 144
nn5 38500000 38599999 97
nn5 38600000 38699999 47
nn5 38700000 38799999 76
nn5 38800000 38899999 84
nn5 38900000 38999999 146
nn5 39000000 39099999 136
nn5 39100000 39199999 164
nn5 39200000 39299999 285
nn5 39300000 39399999 485
nn5 39400000 39499999 65
nn5 39500000 39599999 74
nn5 39600000 39699999 79
nn5 39700000 39799999 225
nn5 39800000 39899999 127
nn5 39900000 39999999 144
nn5 40000000 40099999 371
nn5 40100000 40199999 226
nn5 40200000 40299999 187
nn5 40300000 40399999 390
nn5 40400000 40499999 269
nn5 40500000 40599999 133
nn5 40600000 40699999 202
nn5 40700000 40799999 246
nn5 40800000 40899999 207
nn5 40900000 40999999 188
nn5 41000000 41099999 173
nn5 41100000 41199999 141
nn5 41200000 41299999 30
nn5 41300000 41399999 192
nn5 41400000 41499999 180
nn5 41500000 41599999 324
nn5 41600000 41699999 153
nn5 41700000 41799999 63
nn5 41800000 41899999 410
nn5 41900000 41999999 184
nn5 42000000 42099999 287
nn5 42100000 42199999 57
nn5 42200000 42299999 290
nn5 42300000 42399999 352
nn5 42400000 42499999 318
nn5 42500000 42599999 1324
nn5 42600000 42699999 662
nn5 42700000 42799999 94
nn5 42800000 42899999 208
nn5 42900000 42999999 231
nn5 43000000 43099999 259
nn5 43100000 43199999 138
nn5 43200000 43299999 421
nn5 43300000 43399999 118
nn5 43400000 43499999 177
nn5 43500000 43599999 143
nn5 43600000 43699999 164
nn5 43700000 43799999 187
nn5 43800000 43899999 66
nn5 43900000 43999999 112
nn5 44000000 44099999 98
nn5 44100000 44199999 93
nn5 44200000 44299999 277
nn5 44300000 44399999 187
nn5 44400000 44499999 125
nn5 44500000 44599999 155
nn5 44600000 44699999 0
nn5 44700000 44799999 117
nn5 44800000 44899999 123
nn5 44900000 44999999 121
nn5 45000000 45099999 127
nn5 45100000 45199999 218
nn5 45200000 45299999 402
nn5 45300000 45399999 281
nn5 45400000 45499999 0
nn5 45500000 45599999 126
nn5 45600000 45699999 103
nn5 45700000 45799999 201
nn5 45800000 45899999 136
nn5 45900000 45999999 111
nn5 46000000 46099999 281
nn5 46100000 46199999 353
nn5 46200000 46299999 180
nn5 46300000 46399999 273
nn5 46400000 46499999 208
nn5 46500000 46599999 414
nn5 46600000 46699999 305
nn5 46700000 46799999 134
nn5 46800000 46899999 282
nn5 46900000 46999999 303
nn5 47000000 47099999 116
nn5 47100000 47199999 643
nn5 47200000 47299999 313
nn5 47300000 47399999 919
nn5 47400000 47499999 610
nn5 47500000 47599999 593
nn5 47600000 47699999 447
nn5 47700000 47799999 365
nn5 47800000 47899999 487
nn5 47900000 47999999 748
nn5 48000000 48099999 502
nn5 48100000 48199999 876
nn5 48200000 48299999 452
nn5 48300000 48399999 89
nn5 48400000 48499999 156
nn5 48500000 48599999 25
nn5 48600000 48699999 157
nn5 48700000 48799999 90
nn5 48800000 48899999 91
nn5 48900000 48999999 177
nn5 49000000 49099999 137
nn5 49100000 49199999 361
nn5 49200000 49299999 158
nn5 49300000 49399999 234
nn5 49400000 49499999 86
nn5 49500000 49599999 1015
nn5 49600000 49699999 445
nn5 49700000 49799999 51
nn5 49800000 49899999 20
nn5 49900000 49999999 28
nn5 50000000 50099999 205
nn5 50100000 50199999 210
nn5 50200000 50299999 96
nn5 50300000 50399999 245
nn5 50400000 50499999 37
nn5 50500000 50599999 156
nn5 50600000 50699999 44
nn5 50700000 50799999 143
nn5 50800000 50899999 98
nn5 50900000 50999999 89
nn5 51000000 51099999 219
nn5 51100000 51199999 51
nn5 51200000 51299999 65
nn5 51300000 51399999 275
nn5 51400000 51499999 464
nn5 51500000 51599999 116
nn5 51600000 51699999 122
nn5 51700000 51799999 223
nn5 51800000 51899999 99
nn5 51900000 51999999 103
nn5 52000000 52099999 242
nn5 52100000 52199999 145
nn5 52200000 52299999 26
nn5 52300000 52399999 83
nn5 52400000 52499999 234
nn5 52500000 52599999 353
nn5 52600000 52699999 21
nn5 52700000 52799999 138
nn5 52800000 52899999 200
nn5 52900000 52999999 120
nn5 53000000 53099999 58
nn5 53100000 53199999 44
nn5 53200000 53299999 51
nn5 53300000 53399999 116
nn5 53400000 53499999 20
nn5 53500000 53599999 20
nn5 53600000 53699999 85
nn5 53700000 53799999 96
nn5 53800000 53899999 218
nn5 53900000 53999999 147
nn5 54000000 54099999 326
nn5 54100000 54199999 228
nn5 54200000 54299999 69
nn5 54300000 54399999 20
nn5 54400000 54499999 119
nn5 54500000 54599999 28
nn5 54600000 54699999 162
nn5 54700000 54799999 777
nn5 54800000 54899999 142
nn5 54900000 54999999 204
nn5 55000000 55099999 88
nn5 55100000 55199999 191
nn5 55200000 55299999 44
nn5 55300000 55399999 195
nn5 55400000 55499999 180
nn5 55500000 55599999 71
nn5 55600000 55699999 60
nn5 55700000 55799999 106
nn5 55800000 55899999 126
nn5 55900000 55999999 244
nn5 56000000 56099999 202
nn5 56100000 56199999 930
nn5 56200000 56299999 171
nn5 56300000 56399999 540
nn5 56400000 56499999 408
nn5 56500000 56599999 93
nn5 56600000 56699999 71
nn5 56700000 56799999 138
nn5 56800000 56899999 136
nn5 56900000 56999999 333
nn5 57000000 57099999 497
nn5 57100000 57199999 413
nn5 57200000 57299999 177
nn5 57300000 57399999 197
nn5 57400000 57499999 141
nn5 57500000 57599999 181
nn5 57600000 57699999 451
nn5 57700000 57799999 67
nn5 57800000 57899999 53
nn5 57900000 57999999 48
nn5 58000000 58099999 129
nn5 58100000 58199999 20
nn5 58200000 58299999 63
nn5 58300000 58399999 76
nn5 58400000 58499999 804
nn5 58500000 58599999 45
nn5 58600000 58699999 177
nn5 58700000 58799999 368
nn5 58800000 58899999 426
nn5 58900000 58999999 166
nn5 59000000 59099999 82
nn5 59100000 59199999 61
nn5 59200000 59299999 75
nn5 59300000 59399999 21
nn5 59400000 59499999 88
nn5 59500000 59599999 163
nn5 59600000 59699999 320
nn5 59700000 59799999 107
nn5 59800000 59899999 127
nn5 59900000 59999999 21
nn5 60000000 60045830 78
nn6 0 99999 304
nn6 100000 199999 154
nn6 200000 299999 87
nn6 300000 399999 78
nn6 400000 499999 57
nn6 500000 599999 40
nn6 600000 699999 81
nn6 700000 799999 189
nn6 800000 899999 51
nn6 900000 999999 56
nn6 1000000 1099999 105
nn6 1100000 1199999 82
nn6 1200000 1299999 186
nn6 1300000 1399999 388
nn6 1400000 1499999 122
nn6 1500000 1599999 66
nn6 1600000 1699999 297
nn6 1700000 1799999 773
nn6 1800000 1899999 562
nn6 1900000 1999999 831
nn6 2000000 2099999 502
nn6 2100000 2199999 177
nn6 2200000 2299999 135
nn6 2300000 2399999 93
nn6 2400000 2499999 108
nn6 2500000 2599999 77
nn6 2600000 2699999 101
nn6 2700000 2799999 78
nn6 2800000 2899999 180
nn6 2900000 2999999 178
nn6 3000000 3099999 69
nn6 3100000 3199999 67
nn6 3200000 3299999 61
nn6 3300000 3399999 49
nn6 3400000 3499999 116
nn6 3500000 3599999 0
nn6 3600000 3699999 43
nn6 3700000 3799999 118
nn6 3800000 3899999 66
nn6 3900000 3999999 175
nn6 4000000 4099999 816
nn6 4100000 4199999 73
nn6 4200000 4299999 99
nn6 4300000 4399999 174
nn6 4400000 4499999 0
nn6 4500000 4599999 90
nn6 4600000 4699999 174
nn6 4700000 4799999 118
nn6 4800000 4899999 358
nn6 4900000 4999999 49
nn6 5000000 5099999 71
nn6 5100000 5199999 127
nn6 5200000 5299999 169
nn6 5300000 5399999 157
nn6 5400000 5499999 126
nn6 5500000 5599999 53
nn6 5600000 5699999 244
nn6 5700000 5799999 43
nn6 5800000 5899999 127
nn6 5900000 5999999 327
nn6 6000000 6099999 102
nn6 6100000 6199999 133
nn6 6200000 6299999 522
nn6 6300000 6399999 183
nn6 6400000 6499999 275
nn6 6500000 6599999 47
nn6 6600000 6699999 213
nn6 6700000 6799999 41
nn6 6800000 6899999 144
nn6 6900000 6999999 83
nn6 7000000 7099999 379
nn6 7100000 7199999 65
nn6 7200000 7299999 243
nn6 7300000 7399999 114
nn6 7400000 7499999 123
nn6 7500000 7599999 66
nn6 7600000 7699999 78
nn6 7700000 7799999 111
nn6 7800000 7899999 86
nn6 7900000 7999999 22
nn6 8000000 8099999 22
nn6 8100000 8199999 126
nn6 8200000 8299999 282
nn6 8300000 8399999 459
nn6 8400000 8499999 554
nn6 8500000 8599999 543
nn6 8600000 8699999 180
nn6 8700000 8799999 139
nn6 8800000 8899999 170
nn6 8900000 8999999 121
nn6 9000000 9099999 62
nn6 9100000 9199999 177
nn6 9200000 9299999 114
nn6 9300000 9399999 207
nn6 9400000 9499999 170
nn6 9500000 9599999 58
nn6 9600000 9699999 118
nn6 9700000 9799999 173
nn6 9800000 9899999 141
nn6 9900000 9999999 76
nn6 10000000 10099999 364
nn6 10100000 10199999 219
nn6 10200000 10299999 130
nn6 10300000 10399999 249
nn6 10400000 10499999 215
nn6 10500000 10599999 218
nn6 10600000 10699999 145
nn6 10700000 10799999 271
nn6 10800000 10899999 286
nn6 10900000 10999999 154
nn6 11000000 11099999 142
nn6 11100000 11199999 241
nn6 11200000 11299999 71
nn6 11300000 11399999 45
nn6 11400000 11499999 141
nn6 11500000 11599999 98
nn6 11600000 11699999 105
nn6 11700000 11799999 243
nn6 11800000 11899999 199
nn6 11900000 11999999 135
nn6 12000000 12099999 98
nn6 12100000 12199999 146
nn6 12200000 12299999 21
nn6 12300000 12399999 125
nn6 12400000 12499999 92
nn6 12500000 12599999 359
nn6 12600000 12699999 102
nn6 12700000 12799999 131
nn6 12800000 12899999 222
nn6 12900000 12999999 21
nn6 13000000 13099999 53
nn6 13100000 13199999 87
nn6 13200000 13299999 64
nn6 13300000 13399999 131
nn6 13400000 13499999 166
nn6 13500000 13599999 262
nn6 13600000 13699999 160
nn6 13700000 13799999 270
nn6 13800000 13899999 193
nn6 13900000 13999999 51
nn6 14000000 14099999 141
nn6 14100000 14199999 127
nn6 14200000 14299999 166
nn6 14300000 14399999 114
nn6 14400000 14499999 65
nn6 14500000 14599999 159
nn6 14600000 14699999 304
nn6 14700000 14799999 167
nn6 14800000 14899999 91
nn6 14900000 14999999 302
nn6 15000000 15099999 205
nn6 15100000 15199999 217
nn6 15200000 15299999 68
nn6 15300000 15399999 94
nn6 15400000 15499999 76
nn6 15500000 15599999 112
nn6 15600000 15699999 100
nn6 15700000 15799999 114
nn6 15800000 15899999 58
nn6 15900000 15999999 83
nn6 16000000 16099999 152
nn6 16100000 16199999 104
nn6 16200000 16299999 345
nn6 16300000 16399999 270
nn6 16400000 16499999 313
nn6 16500000 16599999 68
nn6 16600000 16699999 191
nn6 16700000 16799999 180
nn6 16800000 16899999 282
nn6 16900000 16999999 73
nn6 17000000 17099999 214
nn6 17100000 17199999 20
nn6 17200000 17299999 52
nn6 17300000 17399999 169
nn6 17400000 17499999 360
nn6 17500000 17599999 89
nn6 17600000 17699999 157
nn6 17700000 17799999 158
nn6 17800000 17899999 93
nn6 17900000 17999999 64
nn6 18000000 18099999 106
nn6 18100000 18199999 59
nn6 18200000 18299999 143
nn6 18300000 18399999 1048
nn6 18400000 18499999 93
nn6 18500000 18599999 200
nn6 18600000 18699999 116
nn6 18700000 18799999 133
nn6 18800000 18899999 94
nn6 18900000 18999999 90
nn6 19000000 19099999 197
nn6 19100000 19199999 166
nn6 19200000 19299999 185
nn6 19300000 19399999 115
nn6 19400000 19499999 128
nn6 19500000 19599999 311
nn6 19600000 19699999 91
nn6 19700000 19799999 123
nn6 19800000 19899999 116
nn6 19900000 19999999 109
nn6 20000000 20099999 121
nn6 20100000 20199999 133
nn6 20200000 20299999 133
nn6 20300000 20399999 139
nn6 20400000 20499999 506
nn6 20500000 20599999 157
nn6 20600000 20699999 169
nn6 20700000 20799999 46
nn6 20800000 20899999 87
nn6 20900000 20999999 122
nn6 21000000 21099999 343
nn6 21100000 21199999 117
nn6 21200000 21299999 272
nn6 21300000 21399999 855
nn6 21400000 21499999 142
nn6 21500000 21599999 184
nn6 21600000 21699999 314
nn6 21700000 21799999 158
nn6 21800000 21899999 229
nn6 21900000 21999999 226
nn6 22000000 22099999 186
nn6 22100000 22199999 518
nn6 22200000 22299999 86
nn6 22300000 22399999 39
nn6 22400000 22499999 65
nn6 22500000 22599999 210
nn6 22600000 22699999 212
nn6 22700000 22799999 56
nn6 22800000 22899999 256
nn6 22900000 22999999 168
nn6 23000000 23099999 65
nn6 23100000 23199999 151
nn6 23200000 23299999 236
nn6 23300000 23399999 68
nn6 23400000 23499999 296
nn6 23500000 23599999 116
nn6 23600000 23699999 22
nn6 23700000 23799999 65
nn6 23800000 23899999 130
nn6 23900000 23999999 337
nn6 24000000 24099999 236
nn6 24100000 24199999 109
nn6 24200000 24299999 282
nn6 24300000 24399999 219
nn6 24400000 24499999 221
nn6 24500000 24599999 100
nn6 24600000 24699999 53
nn6 24700000 24799999 217
nn6 24800000 24899999 163
nn6 24900000 24999999 189
nn6 25000000 25099999 142
nn6 25100000 25199999 100
nn6 25200000 25299999 70
nn6 25300000 25399999 252
nn6 25400000 25499999 163
nn6 25500000 25599999 125
nn6 25600000 25699999 212
nn6 25700000 25799999 244
nn6 25800000 25899999 222
nn6 25900000 25999999 49
nn6 26000000 26099999 123
nn6 26100000 26199999 186
nn6 26200000 26299999 84
nn6 26300000 26399999 158
nn6 26400000 26499999 218
nn6 26500000 26599999 65
nn6 26600000 26699999 139
nn6 26700000 26799999 221
nn6 26800000 26899999 479
nn6 26900000 26999999 97
nn6 27000000 27099999 119
nn6 27100000 27199999 42
nn6 27200000 27299999 80
nn6 27300000 27399999 41
nn6 27400000 27499999 126
nn6 27500000 27599999 57
nn6 27600000 27699999 161
nn6 27700000 27799999 304
nn6 27800000 27899999 155
nn6 27900000 27999999 43
nn6 28000000 28099999 92
nn6 28100000 28199999 52
nn6 28200000 28299999 177
nn6 28300000 28399999 176
nn6 28400000 28499999 555
nn6 28500000 28599999 210
nn6 28600000 28699999 158
nn6 28700000 28799999 230
nn6 28800000 28899999 193
nn6 28900000 28999999 167
nn6 29000000 29099999 316
nn6 29100000 29199999 147
nn6 29200000 29299999 40
nn6 29300000 29399999 164
nn6 29400000 29499999 157
nn6 29500000 29599999 0
nn6 29600000 29699999 94
nn6 29700000 29799999 193
nn6 29800000 29899999 51
nn6 29900000 29999999 31
nn6 30000000 30099999 22
nn6 30100000 30199999 192
nn6 30200000 30299999 131
nn6 30300000 30399999 0
nn6 30400000 30499999 0
nn6 30500000 30599999 0
nn6 30600000 30699999 0
nn6 30700000 30799999 85
nn6 30800000 30899999 148
nn6 30900000 30999999 95
nn6 31000000 31099999 65
nn6 31100000 31199999 119
nn6 31200000 31299999 37
nn6 31300000 31399999 156
nn6 31400000 31499999 113
nn6 31500000 31599999 152
nn6 31600000 31699999 99
nn6 31700000 31799999 68
nn6 31800000 31899999 163
nn6 31900000 31999999 27
nn6 32000000 32099999 114
nn6 32100000 32199999 23
nn6 32200000 32299999 69
nn6 32300000 32399999 146
nn6 32400000 32499999 115
nn6 32500000 32599999 151
nn6 32600000 32699999 25
nn6 32700000 32799999 42
nn6 32800000 32899999 22
nn6 32900000 32999999 0
nn6 33000000 33099999 45
nn6 33100000 33199999 143
nn6 33200000 33299999 41
nn6 33300000 33399999 95
nn6 33400000 33499999 129
nn6 33500000 33599999 184
nn6 33600000 33699999 101
nn6 33700000 33799999 261
nn6 33800000 33899999 198
nn6 33900000 33999999 45
nn6 34000000 34099999 132
nn6 34100000 34199999 58
nn6 34200000 34299999 490
nn6 34300000 34399999 173
nn6 34400000 34499999 91
nn6 34500000 34599999 41
nn6 34600000 34699999 1014
nn6 34700000 34799999 46
nn6 34800000 34899999 76
nn6 34900000 34999999 26
nn6 35000000 35099999 134
nn6 35100000 35199999 77
nn6 35200000 35299999 146
nn6 35300000 35399999 134
nn6 35400000 35499999 473
nn6 35500000 35599999 0
nn6 35600000 35699999 62
nn6 35700000 35799999 0
nn6 35800000 35899999 56
nn6 35900000 35999999 112
nn6 36000000 36099999 28
nn6 36100000 36199999 0
nn6 36200000 36299999 49
nn6 36300000 36399999 68
nn6 36400000 36499999 112
nn6 36500000 36599999 173
nn6 36600000 36699999 0
nn6 36700000 36750195 22
nn7 0 99999 110
nn7 100000 199999 146
nn7 200000 299999 73
nn7 300000 399999 80
nn7 400000 499999 254
nn7 500000 599999 329
nn7 600000 699999 154
nn7 700000 799999 95
nn7 800000 899999 100
nn7 900000 999999 182
nn7 1000000 1099999 29
nn7 1100000 1199999 350
nn7 1200000 1299999 297
nn7 1300000 1399999 0
nn7 1400000 1499999 252
nn7 1500000 1599999 114
nn7 1600000 1699999 72
nn7 1700000 1799999 47
nn7 1800000 1899999 50
nn7 1900000 1999999 57
nn7 2000000 2099999 43
nn7 2100000 2199999 82
nn7 2200000 2299999 22
nn7 2300000 2399999 492
nn7 2400000 2499999 83
nn7 2500000 2599999 108
nn7 2600000 2699999 81
nn7 2700000 2799999 139
nn7 2800000 2899999 139
nn7 2900000 2999999 209
nn7 3000000 3099999 373
nn7 3100000 3199999 673
nn7 3200000 3299999 693
nn7 3300000 3399999 178
nn7 3400000 3499999 339
nn7 3500000 3599999 646
nn7 3600000 3699999 387
nn7 3700000 3799999 208
nn7 3800000 3899999 117
nn7 3900000 3999999 745
nn7 4000000 4099999 230
nn7 4100000 4199999 140
nn7 4200000 4299999 280
nn7 4300000 4399999 574
nn7 4400000 4499999 588
nn7 4500000 4599999 210
nn7 4600000 4699999 209
nn7 4700000 4799999 361
nn7 4800000 4899999 179
nn7 4900000 4999999 105
nn7 5000000 5099999 144
nn7 5100000 5199999 517
nn7 5200000 5299999 137
nn7 5300000 5399999 47
nn7 5400000 5499999 106
nn7 5500000 5599999 637
nn7 5600000 5699999 94
nn7 5700000 5799999 72
nn7 5800000 5899999 33
nn7 5900000 5999999 66
nn7 6000000 6099999 79
nn7 6100000 6199999 94
nn7 6200000 6299999 74
nn7 6300000 6399999 581
nn7 6400000 6499999 88
nn7 6500000 6599999 472
nn7 6600000 6699999 44
nn7 6700000 6799999 43
nn7 6800000 6899999 71
nn7 6900000 6999999 209
nn7 7000000 7099999 87
nn7 7100000 7199999 194
nn7 7200000 7299999 103
nn7 7300000 7399999 113
nn7 7400000 7499999 76
nn7 7500000 7599999 111
nn7 7600000 7699999 120
nn7 7700000 7799999 108
nn7 7800000 7899999 135
nn7 7900000 7999999 213
nn7 8000000 8099999 128
nn7 8100000 8199999 77
nn7 8200000 8299999 262
nn7 8300000 8399999 145
nn7 8400000 8499999 91
nn7 8500000 8599999 165
nn7 8600000 8699999 80
nn7 8700000 8799999 385
nn7 8800000 8899999 636
nn7 8900000 8999999 190
nn7 9000000 9099999 136
nn7 9100000 9199999 77
nn7 9200000 9299999 69
nn7 9300000 9399999 165
nn7 9400000 9499999 200
nn7 9500000 9599999 93
nn7 9600000 9699999 176
nn7 9700000 9799999 70
nn7 9800000 9899999 62
nn7 9900000 9999999 112
nn7 10000000 10099999 68
nn7 10100000 10199999 22
nn7 10200000 10299999 94
nn7 10300000 10399999 158
nn7 10400000 10499999 115
nn7 10500000 10599999 120
nn7 10600000 10699999 158
nn7 10700000 10799999 168
nn7 10800000 10899999 90
nn7 10900000 10999999 292
nn7 11000000 11099999 173
nn7 11100000 11199999 246
nn7 11200000 11299999 50
nn7 11300000 11399999 20
nn7 11400000 11499999 121
nn7 11500000 11599999 131
nn7 11600000 11699999 202
nn7 11700000 11799999 262
nn7 11800000 11899999 170
nn7 11900000 11999999 34
nn7 12000000 12099999 133
nn7 12100000 12199999 218
nn7 12200000 12299999 95
nn7 12300000 12399999 118
nn7 12400000 12499999 180
nn7 12500000 12599999 111
nn7 12600000 12699999 200
nn7 12700000 12799999 206
nn7 12800000 12899999 114
nn7 12900000 12999999 114
nn7 13000000 13099999 182
nn7 13100000 13199999 88
nn7 13200000 13299999 137
nn7 13300000 13399999 214
nn7 13400000 13499999 173
nn7 13500000 13599999 23
nn7 13600000 13699999 123
nn7 13700000 13799999 272
nn7 13800000 13899999 154
nn7 13900000 13999999 113
nn7 14000000 14099999 229
nn7 14100000 14199999 169
nn7 14200000 14299999 308
nn7 14300000 14399999 316
nn7 14400000 14499999 134
nn7 14500000 14599999 125
nn7 14600000 14699999 469
nn7 14700000 14799999 267
nn7 14800000 14899999 99
nn7 14900000 14999999 50
nn7 15000000 15099999 78
nn7 15100000 15199999 116
nn7 15200000 15299999 27
nn7 15300000 15399999 71
nn7 15400000 15499999 28
nn7 15500000 15599999 47
nn7 15600000 15699999 123
nn7 15700000 15799999 175
nn7 15800000 15899999 681
nn7 15900000 15999999 200
nn7 16000000 16099999 124
nn7 16100000 16199999 228
nn7 16200000 16299999 271
nn7 16300000 16399999 253
nn7 16400000 16499999 279
nn7 16500000 16599999 170
nn7 16600000 16699999 110
nn7 16700000 16799999 385
nn7 16800000 16899999 324
nn7 16900000 16999999 489
nn7 17000000 17099999 314
nn7 17100000 17199999 247
nn7 17200000 17299999 234
nn7 17300000 17399999 351
nn7 17400000 17499999 192
nn7 17500000 17599999 146
nn7 17600000 17699999 71
nn7 17700000 17799999 147
nn7 17800000 17899999 98
nn7 17900000 17999999 104
nn7 18000000 18099999 365
nn7 18100000 18199999 99
nn7 18200000 18299999 60
nn7 18300000 18399999 209
nn7 18400000 18499999 152
nn7 18500000 18599999 197
nn7 18600000 18699999 134
nn7 18700000 18799999 92
nn7 18800000 18899999 137
nn7 18900000 18999999 134
nn7 19000000 19099999 203
nn7 19100000 19199999 163
nn7 19200000 19299999 187
nn7 19300000 19399999 248
nn7 19400000 19499999 90
nn7 19500000 19599999 53
nn7 19600000 19699999 96
nn7 19700000 19799999 437
nn7 19800000 19899999 83
nn7 19900000 19999999 173
nn7 20000000 20099999 41
nn7 20100000 20199999 81
nn7 20200000 20299999 77
nn7 20300000 20399999 59
nn7 20400000 20499999 166
nn7 20500000 20599999 258
nn7 20600000 20699999 239
nn7 20700000 20799999 213
nn7 20800000 20899999 30
nn7 20900000 20999999 161
nn7 21000000 21099999 86
nn7 21100000 21199999 67
nn7 21200000 21299999 334
nn7 21300000 21399999 697
nn7 21400000 21499999 118
nn7 21500000 21599999 294
nn7 21600000 21699999 42
nn7 21700000 21799999 144
nn7 21800000 21899999 155
nn7 21900000 21999999 206
nn7 22000000 22099999 140
nn7 22100000 22199999 27
nn7 22200000 22299999 222
nn7 22300000 22399999 240
nn7 22400000 22499999 181
nn7 22500000 22599999 52
nn7 22600000 22699999 179
nn7 22700000 22799999 120
nn7 22800000 22899999 237
nn7 22900000 22999999 101
nn7 23000000 23099999 369
nn7 23100000 23199999 307
nn7 23200000 23299999 106
nn7 23300000 23399999 399
nn7 23400000 23499999 67
nn7 23500000 23599999 334
nn7 23600000 23699999 28
nn7 23700000 23799999 43
nn7 23800000 23899999 43
nn7 23900000 23999999 67
nn7 24000000 24099999 303
nn7 24100000 24199999 200
nn7 24200000 24299999 168
nn7 24300000 24399999 441
nn7 24400000 24499999 166
nn7 24500000 24599999 134
nn7 24600000 24699999 167
nn7 24700000 24799999 73
nn7 24800000 24899999 207
nn7 24900000 24999999 126
nn7 25000000 25099999 129
nn7 25100000 25199999 195
nn7 25200000 25299999 64
nn7 25300000 25399999 416
nn7 25400000 25499999 145
nn7 25500000 25599999 92
nn7 25600000 25699999 255
nn7 25700000 25799999 69
nn7 25800000 25899999 115
nn7 25900000 25999999 118
nn7 26000000 26099999 66
nn7 26100000 26199999 172
nn7 26200000 26299999 186
nn7 26300000 26399999 137
nn7 26400000 26499999 84
nn7 26500000 26599999 68
nn7 26600000 26699999 85
nn7 26700000 26799999 201
nn7 26800000 26899999 115
nn7 26900000 26999999 120
nn7 27000000 27099999 81
nn7 27100000 27199999 49
nn7 27200000 27299999 236
nn7 27300000 27399999 21
nn7 27400000 27499999 65
nn7 27500000 27599999 233
nn7 27600000 27699999 173
nn7 27700000 27799999 194
nn7 27800000 27899999 241
nn7 27900000 27999999 21
nn7 28000000 28099999 205
nn7 28100000 28199999 75
nn7 28200000 28299999 61
nn7 28300000 28399999 117
nn7 28400000 28499999 319
nn7 28500000 28599999 223
nn7 28600000 28699999 259
nn7 28700000 28799999 519
nn7 28800000 28899999 164
nn7 28900000 28999999 201
nn7 29000000 29099999 205
nn7 29100000 29199999 42
nn7 29200000 29299999 199
nn7 29300000 29399999 206
nn7 29400000 29499999 182
nn7 29500000 29599999 0
nn7 29600000 29699999 67
nn7 29700000 29799999 69
nn7 29800000 29899999 30
nn7 29900000 29999999 41
nn7 30000000 30099999 202
nn7 30100000 30199999 90
nn7 30200000 30299999 257
nn7 30300000 30399999 224
nn7 30400000 30499999 33
nn7 30500000 30599999 114
nn7 30600000 30699999 47
nn7 30700000 30799999 145
nn7 30800000 30899999 250
nn7 30900000 30999999 337
nn7 31000000 31099999 203
nn7 31100000 31199999 22
nn7 31200000 31299999 22
nn7 31300000 31399999 243
nn7 31400000 31499999 124
nn7 31500000 31599999 173
nn7 31600000 31699999 134
nn7 31700000 31799999 67
nn7 31800000 31899999 0
nn7 31900000 31999999 62
nn7 32000000 32099999 112
nn7 32100000 32199999 71
nn7 32200000 32299999 43
nn7 32300000 32399999 201
nn7 32400000 32499999 66
nn7 32500000 32599999 113
nn7 32600000 32699999 89
nn7 32700000 32799999 169
nn7 32800000 32899999 82
nn7 32900000 32999999 29
nn7 33000000 33099999 129
nn7 33100000 33199999 186
nn7 33200000 33299999 164
nn7 33300000 33399999 240
nn7 33400000 33499999 104
nn7 33500000 33599999 291
nn7 33600000 33699999 23
nn7 33700000 33799999 20
nn7 33800000 33899999 59
nn7 33900000 33999999 115
nn7 34000000 34099999 92
nn7 34100000 34199999 75
nn7 34200000 34299999 387
nn7 34300000 34399999 442
nn7 34400000 34499999 80
nn7 34500000 34599999 43
nn7 34600000 34699999 154
nn7 34700000 34799999 111
nn7 34800000 34899999 125
nn7 34900000 34999999 194
nn7 35000000 35099999 378
nn7 35100000 35199999 184
nn7 35200000 35299999 45
nn7 35300000 35399999 30
nn7 35400000 35499999 166
nn7 35500000 35599999 89
nn7 35600000 35699999 195
nn7 35700000 35799999 366
nn7 35800000 35899999 1205
nn7 35900000 35999999 254
nn7 36000000 36099999 234
nn7 36100000 36199999 65
nn7 36200000 36299999 134
nn7 36300000 36399999 47
nn7 36400000 36499999 237
nn7 36500000 36599999 305
nn7 36600000 36699999 46
nn7 36700000 36799999 77
nn7 36800000 36899999 58
nn7 36900000 36999999 230
nn7 37000000 37099999 130
nn7 37100000 37199999 155
nn7 37200000 37299999 0
nn7 37300000 37399999 0
nn7 37400000 37499999 0
nn7 37500000 37599999 450
nn7 37600000 37699999 506
nn7 37700000 37799999 253
nn7 37800000 37899999 354
nn7 37900000 37999999 263
nn7 38000000 38099999 29
nn7 38100000 38130504 0
nn8 0 99999 72
nn8 100000 199999 141
nn8 200000 299999 170
nn8 300000 399999 252
nn8 400000 499999 26
nn8 500000 599999 107
nn8 600000 699999 301
nn8 700000 799999 106
nn8 800000 899999 249
nn8 900000 999999 600
nn8 1000000 1099999 638
nn8 1100000 1199999 201
nn8 1200000 1299999 191
nn8 1300000 1399999 249
nn8 1400000 1499999 447
nn8 1500000 1599999 655
nn8 1600000 1699999 251
nn8 1700000 1799999 114
nn8 1800000 1899999 160
nn8 1900000 1999999 404
nn8 2000000 2099999 445
nn8 2100000 2199999 1032
nn8 2200000 2299999 493
nn8 2300000 2399999 49
nn8 2400000 2499999 140
nn8 2500000 2599999 120
nn8 2600000 2699999 277
nn8 2700000 2799999 24
nn8 2800000 2899999 25
nn8 2900000 2999999 53
nn8 3000000 3099999 97
nn8 3100000 3199999 124
nn8 3200000 3299999 143
nn8 3300000 3399999 41
nn8 3400000 3499999 51
nn8 3500000 3599999 198
nn8 3600000 3699999 107
nn8 3700000 3799999 98
nn8 3800000 3899999 211
nn8 3900000 3999999 35
nn8 4000000 4099999 49
nn8 4100000 4199999 62
nn8 4200000 4299999 84
nn8 4300000 4399999 22
nn8 4400000 4499999 55
nn8 4500000 4599999 40
nn8 4600000 4699999 178
nn8 4700000 4799999 128
nn8 4800000 4899999 154
nn8 4900000 4999999 122
nn8 5000000 5099999 53
nn8 5100000 5199999 21
nn8 5200000 5299999 298
nn8 5300000 5399999 229
nn8 5400000 5499999 131
nn8 5500000 5599999 43
nn8 5600000 5699999 95
nn8 5700000 5799999 135
nn8 5800000 5899999 151
nn8 5900000 5999999 40
nn8 6000000 6099999 49
nn8 6100000 6199999 71
nn8 6200000 6299999 179
nn8 6300000 6399999 70
nn8 6400000 6499999 76
nn8 6500000 6599999 77
nn8 6600000 6699999 65
nn8 6700000 6799999 45
nn8 6800000 6899999 46
nn8 6900000 6999999 57
nn8 7000000 7099999 47
nn8 7100000 7199999 70
nn8 7200000 7299999 172
nn8 7300000 7399999 200
nn8 7400000 7499999 199
nn8 7500000 7599999 123
nn8 7600000 7699999 157
nn8 7700000 7799999 292
nn8 7800000 7899999 224
nn8 7900000 7999999 116
nn8 8000000 8099999 121
nn8 8100000 8199999 129
nn8 8200000 8299999 134
nn8 8300000 8399999 27
nn8 8400000 8499999 44
nn8 8500000 8599999 93
nn8 8600000 8699999 156
nn8 8700000 8799999 147
nn8 8800000 8899999 84
nn8 8900000 8999999 97
nn8 9000000 9099999 771
nn8 9100000 9199999 242
nn8 9200000 9299999 144
nn8 9300000 9399999 290
nn8 9400000 9499999 86
nn8 9500000 9599999 136
nn8 9600000 9699999 139
nn8 9700000 9799999 180
nn8 9800000 9899999 86
nn8 9900000 9999999 232
nn8 10000000 10099999 92
nn8 10100000 10199999 142
nn8 10200000 10299999 109
nn8 10300000 10399999 204
nn8 10400000 10499999 283
nn8 10500000 10599999 102
nn8 10600000 10699999 146
nn8 10700000 10799999 265
nn8 10800000 10899999 163
nn8 10900000 10999999 209
nn8 11000000 11099999 185
nn8 11100000 11199999 211
nn8 11200000 11299999 202
nn8 11300000 11399999 53
nn8 11400000 11499999 101
nn8 11500000 11599999 160
nn8 11600000 11699999 160
nn8 11700000 11799999 108
nn8 11800000 11899999 123
nn8 11900000 11999999 114
nn8 12000000 12099999 292
nn8 12100000 12199999 119
nn8 12200000 12299999 103
nn8 12300000 12399999 63
nn8 12400000 12499999 243
nn8 12500000 12599999 187
nn8 12600000 12699999 134
nn8 12700000 12799999 132
nn8 12800000 12899999 211
nn8 12900000 12999999 634
nn8 13000000 13099999 317
nn8 13100000 13199999 219
nn8 13200000 13299999 89
nn8 13300000 13399999 79
nn8 13400000 13499999 205
nn8 13500000 13599999 337
nn8 13600000 13699999 191
nn8 13700000 13799999 140
nn8 13800000 13899999 300
nn8 13900000 13999999 0
nn8 14000000 14099999 227
nn8 14100000 14199999 155
nn8 14200000 14299999 196
nn8 14300000 14399999 256
nn8 14400000 14499999 288
nn8 14500000 14599999 362
nn8 14600000 14699999 74
nn8 14700000 14799999 129
nn8 14800000 14899999 79
nn8 14900000 14999999 72
nn8 15000000 15099999 153
nn8 15100000 15199999 46
nn8 15200000 15299999 244
nn8 15300000 15399999 121
nn8 15400000 15499999 194
nn8 15500000 15599999 70
nn8 15600000 15699999 72
nn8 15700000 15799999 172
nn8 15800000 15899999 108
nn8 15900000 15999999 69
nn8 16000000 16099999 49
nn8 16100000 16199999 165
nn8 16200000 16299999 49
nn8 16300000 16399999 265
nn8 16400000 16499999 223
nn8 16500000 16599999 146
nn8 16600000 16699999 230
nn8 16700000 16799999 70
nn8 16800000 16899999 208
nn8 16900000 16999999 89
nn8 17000000 17099999 127
nn8 17100000 17199999 141
nn8 17200000 17299999 115
nn8 17300000 17399999 208
nn8 17400000 17499999 164
nn8 17500000 17599999 245
nn8 17600000 17699999 220
nn8 17700000 17799999 281
nn8 17800000 17899999 288
nn8 17900000 17999999 318
nn8 18000000 18099999 294
nn8 18100000 18199999 287
nn8 18200000 18299999 149
nn8 18300000 18399999 132
nn8 18400000 18499999 233
nn8 18500000 18599999 261
nn8 18600000 18699999 126
nn8 18700000 18799999 90
nn8 18800000 18899999 359
nn8 18900000 18999999 102
nn8 19000000 19099999 72
nn8 19100000 19199999 48
nn8 19200000 19299999 132
nn8 19300000 19399999 0
nn8 19400000 19499999 67
nn8 19500000 19599999 40
nn8 19600000 19699999 23
nn8 19700000 19799999 22
nn8 19800000 19899999 77
nn8 19900000 19999999 165
nn8 20000000 20099999 149
nn8 20100000 20199999 194
nn8 20200000 20299999 249
nn8 20300000 20399999 229
nn8 20400000 20499999 76
nn8 20500000 20599999 164
nn8 20600000 20699999 90
nn8 20700000 20799999 82
nn8 20800000 20899999 0
nn8 20900000 20999999 96
nn8 21000000 21099999 125
nn8 21100000 21199999 186
nn8 21200000 21299999 273
nn8 21300000 21399999 191
nn8 21400000 21499999 516
nn8 21500000 21599999 374
nn8 21600000 21699999 352
nn8 21700000 21799999 219
nn8 21800000 21899999 360
nn8 21900000 21999999 101
nn8 22000000 22099999 117
nn8 22100000 22199999 327
nn8 22200000 22299999 262
nn8 22300000 22399999 387
nn8 22400000 22499999 126
nn8 22500000 22599999 85
nn8 22600000 22699999 170
nn8 22700000 22799999 336
nn8 22800000 22899999 155
nn8 22900000 22999999 98
nn8 23000000 23099999 113
nn8 23100000 23199999 100
nn8 23200000 23299999 108
nn8 23300000 23399999 129
nn8 23400000 23499999 257
nn8 23500000 23599999 135
nn8 23600000 23699999 383
nn8 23700000 23799999 78
nn8 23800000 23899999 27
nn8 23900000 23999999 101
nn8 24000000 24099999 40
nn8 24100000 24199999 98
nn8 24200000 24299999 67
nn8 24300000 24399999 38
nn8 24400000 24499999 47
nn8 24500000 24599999 70
nn8 24600000 24699999 44
nn8 24700000 24799999 24
nn8 24800000 24899999 45
nn8 24900000 24999999 283
nn8 25000000 25099999 114
nn8 25100000 25199999 101
nn8 25200000 25299999 114
nn8 25300000 25399999 0
nn8 25400000 25499999 21
nn8 25500000 25599999 243
nn8 25600000 25699999 45
nn8 25700000 25799999 211
nn8 25800000 25899999 42
nn8 25900000 25999999 351
nn8 26000000 26099999 326
nn8 26100000 26199999 92
nn8 26200000 26299999 108
nn8 26300000 26399999 30
nn8 26400000 26499999 61
nn8 26500000 26599999 381
nn8 26600000 26699999 122
nn8 26700000 26799999 311
nn8 26800000 26899999 559
nn8 26900000 26999999 119
nn8 27000000 27099999 372
nn8 27100000 27199999 258
nn8 27200000 27299999 104
nn8 27300000 27399999 22
nn8 27400000 27499999 88
nn8 27500000 27599999 328
nn8 27600000 27699999 75
nn8 27700000 27799999 155
nn8 27800000 27899999 49
nn8 27900000 27999999 179
nn8 28000000 28099999 110
nn8 28100000 28199999 22
nn8 28200000 28299999 65
nn8 28300000 28399999 287
nn8 28400000 28499999 59
nn8 28500000 28599999 62
nn8 28600000 28699999 84
nn8 28700000 28799999 43
nn8 28800000 28899999 43
nn8 28900000 28999999 44
nn8 29000000 29099999 43
nn8 29100000 29199999 0
nn8 29200000 29299999 52
nn8 29300000 29399999 40
nn8 29400000 29499999 95
nn8 29500000 29599999 144
nn8 29600000 29699999 153
nn8 29700000 29734179 153
nn9 0 99999 182
nn9 100000 199999 94
nn9 200000 299999 112
nn9 300000 399999 84
nn9 400000 499999 63
nn9 500000 599999 68
nn9 600000 699999 79
nn9 700000 799999 116
nn9 800000 899999 146
nn9 900000 999999 118
nn9 1000000 1099999 41
nn9 1100000 1199999 56
nn9 1200000 1299999 69
nn9 1300000 1399999 92
nn9 1400000 1499999 73
nn9 1500000 1599999 322
nn9 1600000 1699999 72
nn9 1700000 1799999 36
nn9 1800000 1899999 181
nn9 1900000 1999999 136
nn9 2000000 2099999 127
nn9 2100000 2199999 92
nn9 2200000 2299999 66
nn9 2300000 2399999 65
nn9 2400000 2499999 208
nn9 2500000 2599999 158
nn9 2600000 2699999 114
nn9 2700000 2799999 113
nn9 2800000 2899999 131
nn9 2900000 2999999 238
nn9 3000000 3099999 336
nn9 3100000 3199999 203
nn9 3200000 3299999 120
nn9 3300000 3399999 118
nn9 3400000 3499999 106
nn9 3500000 3599999 0
nn9 3600000 3699999 173
nn9 3700000 3799999 362
nn9 3800000 3899999 159
nn9 3900000 3999999 421
nn9 4000000 4099999 117
nn9 4100000 4199999 1407
nn9 4200000 4299999 114
nn9 4300000 4399999 77
nn9 4400000 4499999 42
nn9 4500000 4599999 53
nn9 4600000 4699999 542
nn9 4700000 4799999 20
nn9 4800000 4899999 104
nn9 4900000 4999999 114
nn9 5000000 5099999 176
nn9 5100000 5199999 197
nn9 5200000 5299999 158
nn9 5300000 5399999 131
nn9 5400000 5499999 132
nn9 5500000 5599999 92
nn9 5600000 5699999 132
nn9 5700000 5799999 169
nn9 5800000 5899999 53
nn9 5900000 5999999 98
nn9 6000000 6099999 52
nn9 6100000 6199999 144
nn9 6200000 6299999 244
nn9 6300000 6399999 138
nn9 6400000 6499999 122
nn9 6500000 6599999 45
nn9 6600000 6699999 309
nn9 6700000 6799999 41
nn9 6800000 6899999 157
nn9 6900000 6999999 180
nn9 7000000 7099999 72
nn9 7100000 7199999 64
nn9 7200000 7299999 352
nn9 7300000 7399999 205
nn9 7400000 7499999 88
nn9 7500000 7599999 112
nn9 7600000 7699999 175
nn9 7700000 7799999 107
nn9 7800000 7899999 304
nn9 7900000 7999999 84
nn9 8000000 8099999 81
nn9 8100000 8199999 134
nn9 8200000 8299999 267
nn9 8300000 8399999 162
nn9 8400000 8499999 48
nn9 8500000 8599999 29
nn9 8600000 8699999 54
nn9 8700000 8799999 104
nn9 8800000 8899999 201
nn9 8900000 8999999 45
nn9 9000000 9099999 161
nn9 9100000 9199999 66
nn9 9200000 9299999 103
nn9 9300000 9399999 642
nn9 9400000 9499999 410
nn9 9500000 9599999 136
nn9 9600000 9699999 80
nn9 9700000 9799999 74
nn9 9800000 9899999 233
nn9 9900000 9999999 189
nn9 10000000 10099999 97
nn9 10100000 10199999 102
nn9 10200000 10299999 160
nn9 10300000 10399999 133
nn9 10400000 10499999 96
nn9 10500000 10599999 86
nn9 10600000 10699999 48
nn9 10700000 10799999 237
nn9 10800000 10899999 52
nn9 10900000 10999999 283
nn9 11000000 11099999 85
nn9 11100000 11199999 107
nn9 11200000 11299999 59
nn9 11300000 11399999 74
nn9 11400000 11499999 62
nn9 11500000 11599999 58
nn9 11600000 11699999 95
nn9 11700000 11799999 537
nn9 11800000 11899999 126
nn9 11900000 11999999 125
nn9 12000000 12099999 275
nn9 12100000 12199999 49
nn9 12200000 12299999 664
nn9 12300000 12399999 364
nn9 12400000 12499999 114
nn9 12500000 12599999 133
nn9 12600000 12699999 146
nn9 12700000 12799999 73
nn9 12800000 12899999 184
nn9 12900000 12999999 72
nn9 13000000 13099999 50
nn9 13100000 13199999 23
nn9 13200000 13299999 279
nn9 13300000 13399999 68
nn9 13400000 13499999 123
nn9 13500000 13599999 40
nn9 13600000 13699999 45
nn9 13700000 13799999 136
nn9 13800000 13899999 44
nn9 13900000 13999999 88
nn9 14000000 14099999 612
nn9 14100000 14199999 131
nn9 14200000 14299999 24
nn9 14300000 14399999 172
nn9 14400000 14499999 137
nn9 14500000 14599999 116
nn9 14600000 14699999 232
nn9 14700000 14799999 83
nn9 14800000 14899999 77
nn9 14900000 14999999 71
nn9 15000000 15099999 107
nn9 15100000 15199999 121
nn9 15200000 15299999 149
nn9 15300000 15399999 117
nn9 15400000 15499999 76
nn9 15500000 15599999 45
nn9 15600000 15699999 64
nn9 15700000 15799999 27
nn9 15800000 15899999 0
nn9 15900000 15999999 79
nn9 16000000 16099999 123
nn9 16100000 16199999 115
nn9 16200000 16299999 819
nn9 16300000 16399999 230
nn9 16400000 16499999 99
nn9 16500000 16599999 27
nn9 16600000 16699999 46
nn9 16700000 16799999 290
nn9 16800000 16899999 293
nn9 16900000 16999999 137
nn9 17000000 17099999 169
nn9 17100000 17199999 95
nn9 17200000 17299999 42
nn9 17300000 17399999 298
nn9 17400000 17499999 40
nn9 17500000 17599999 20
nn9 17600000 17699999 264
nn9 17700000 17799999 164
nn9 17800000 17899999 75
nn9 17900000 17999999 206
nn9 18000000 18099999 210
nn9 18100000 18199999 248
nn9 18200000 18299999 64
nn9 18300000 18399999 40
nn9 18400000 18499999 152
nn9 18500000 18599999 123
nn9 18600000 18699999 150
nn9 18700000 18799999 53
nn9 18800000 18899999 176
nn9 18900000 18999999 930
nn9 19000000 19099999 155
nn9 19100000 19199999 30
nn9 19200000 19299999 25
nn9 19300000 19399999 145
nn9 19400000 19499999 57
nn9 19500000 19599999 83
nn9 19600000 19699999 256
nn9 19700000 19799999 257
nn9 19800000 19899999 177
nn9 19900000 19999999 917
nn9 20000000 20099999 1536
nn9 20100000 20199999 557
nn9 20200000 20299999 182
nn9 20300000 20399999 802
nn9 20400000 20499999 216
nn9 20500000 20599999 91
nn9 20600000 20699999 42
nn9 20700000 20799999 98
nn9 20800000 20899999 49
nn9 20900000 20999999 22
nn9 21000000 21099999 187
nn9 21100000 21199999 272
nn9 21200000 21299999 48
nn9 21300000 21399999 27
nn9 21400000 21499999 1664
nn9 21500000 21599999 52
nn9 21600000 21699999 109
nn9 21700000 21799999 24
nn9 21800000 21899999 94
nn9 21900000 21999999 75
nn9 22000000 22099999 47
nn9 22100000 22199999 259
nn9 22200000 22299999 111
nn9 22300000 22399999 46
nn9 22400000 22499999 70
nn9 22500000 22599999 58
nn9 22600000 22699999 184
nn9 22700000 22799999 85
nn9 22800000 22899999 119
nn9 22900000 22999999 42
nn9 23000000 23099999 116
nn9 23100000 23199999 139
nn9 23200000 23299999 251
nn9 23300000 23399999 137
nn9 23400000 23499999 421
nn9 23500000 23599999 6722
nn9 23600000 23699999 8616
nn9 23700000 23799999 0
nn9 23800000 23899999 0
nn9 23900000 23999999 0
nn9 24000000 24099999 0
nn9 24100000 24199999 0
nn9 24200000 24299999 0
nn9 24300000 24360532 0
nn10 0 99999 74
nn10 100000 199999 208
nn10 200000 299999 73
nn10 300000 399999 23
nn10 400000 499999 242
nn10 500000 599999 70
nn10 600000 699999 101
nn10 700000 799999 0
nn10 800000 899999 228
nn10 900000 999999 164
nn10 1000000 1099999 118
nn10 1100000 1199999 147
nn10 1200000 1299999 317
nn10 1300000 1399999 105
nn10 1400000 1499999 74
nn10 1500000 1599999 24
nn10 1600000 1699999 287
nn10 1700000 1799999 178
nn10 1800000 1899999 387
nn10 1900000 1999999 50
nn10 2000000 2099999 132
nn10 2100000 2199999 75
nn10 2200000 2299999 111
nn10 2300000 2399999 36
nn10 2400000 2499999 29
nn10 2500000 2599999 118
nn10 2600000 2699999 103
nn10 2700000 2799999 138
nn10 2800000 2899999 156
nn10 2900000 2999999 73
nn10 3000000 3099999 109
nn10 3100000 3199999 87
nn10 3200000 3299999 120
nn10 3300000 3399999 111
nn10 3400000 3499999 135
nn10 3500000 3599999 252
nn10 3600000 3699999 113
nn10 3700000 3799999 329
nn10 3800000 3899999 24
nn10 3900000 3999999 71
nn10 4000000 4099999 143
nn10 4100000 4199999 289
nn10 4200000 4299999 362
nn10 4300000 4399999 150
nn10 4400000 4499999 307
nn10 4500000 4599999 530
nn10 4600000 4699999 813
nn10 4700000 4799999 626
nn10 4800000 4899999 204
nn10 4900000 4999999 623
nn10 5000000 5099999 273
nn10 5100000 5199999 1058
nn10 5200000 5299999 216
nn10 5300000 5399999 374
nn10 5400000 5499999 104
nn10 5500000 5599999 119
nn10 5600000 5699999 103
nn10 5700000 5799999 201
nn10 5800000 5899999 43
nn10 5900000 5999999 24
nn10 6000000 6099999 46
nn10 6100000 6199999 103
nn10 6200000 6299999 165
nn10 6300000 6399999 21
nn10 6400000 6499999 404
nn10 6500000 6599999 28
nn10 6600000 6699999 43
nn10 6700000 6799999 158
nn10 6800000 6899999 317
nn10 6900000 6999999 131
nn10 7000000 7099999 216
nn10 7100000 7199999 42
nn10 7200000 7299999 309
nn10 7300000 7399999 119
nn10 7400000 7499999 30
nn10 7500000 7599999 301
nn10 7600000 7699999 89
nn10 7700000 7799999 96
nn10 7800000 7899999 120
nn10 7900000 7999999 49
nn10 8000000 8099999 124
nn10 8100000 8199999 773
nn10 8200000 8299999 259
nn10 8300000 8399999 119
nn10 8400000 8499999 168
nn10 8500000 8599999 0
nn10 8600000 8699999 306
nn10 8700000 8799999 142
nn10 8800000 8899999 124
nn10 8900000 8999999 167
nn10 9000000 9099999 241
nn10 9100000 9199999 128
nn10 9200000 9299999 112
nn10 9300000 9399999 113
nn10 9400000 9499999 164
nn10 9500000 9599999 84
nn10 9600000 9699999 188
nn10 9700000 9799999 52
nn10 9800000 9899999 41
nn10 9900000 9999999 104
nn10 10000000 10099999 151
nn10 10100000 10199999 82
nn10 10200000 10299999 85
nn10 10300000 10399999 73
nn10 10400000 10499999 155
nn10 10500000 10599999 154
nn10 10600000 10699999 46
nn10 10700000 10799999 109
nn10 10800000 10899999 117
nn10 10900000 10999999 302
nn10 11000000 11099999 90
nn10 11100000 11199999 89
nn10 11200000 11299999 73
nn10 11300000 11399999 0
nn10 11400000 11499999 148
nn10 11500000 11599999 70
nn10 11600000 11699999 213
nn10 11700000 11799999 157
nn10 11800000 11899999 499
nn10 11900000 11999999 83
nn10 12000000 12099999 80
nn10 12100000 12199999 156
nn10 12200000 12299999 70
nn10 12300000 12399999 34
nn10 12400000 12499999 100
nn10 12500000 12599999 214
nn10 12600000 12699999 89
nn10 12700000 12799999 51
nn10 12800000 12899999 120
nn10 12900000 12999999 43
nn10 13000000 13099999 178
nn10 13100000 13199999 70
nn10 13200000 13299999 143
nn10 13300000 13399999 160
nn10 13400000 13499999 0
nn10 13500000 13599999 28
nn10 13600000 13699999 100
nn10 13700000 13799999 143
nn10 13800000 13899999 68
nn10 13900000 13999999 128
nn10 14000000 14099999 164
nn10 14100000 14199999 119
nn10 14200000 14299999 63
nn10 14300000 14399999 143
nn10 14400000 14499999 96
nn10 14500000 14599999 52
nn10 14600000 14699999 101
nn10 14700000 14799999 1147
nn10 14800000 14899999 215
nn10 14900000 14999999 73
nn10 15000000 15099999 468
nn10 15100000 15199999 164
nn10 15200000 15299999 189
nn10 15300000 15399999 203
nn10 15400000 15499999 254
nn10 15500000 15599999 149
nn10 15600000 15699999 130
nn10 15700000 15799999 722
nn10 15800000 15899999 242
nn10 15900000 15999999 167
nn10 16000000 16099999 125
nn10 16100000 16199999 135
nn10 16200000 16299999 59
nn10 16300000 16399999 211
nn10 16400000 16499999 367
nn10 16500000 16599999 48
nn10 16600000 16699999 285
nn10 16700000 16799999 87
nn10 16800000 16899999 68
nn10 16900000 16999999 48
nn10 17000000 17099999 56
nn10 17100000 17199999 64
nn10 17200000 17299999 22
nn10 17300000 17399999 131
nn10 17400000 17499999 75
nn10 17500000 17599999 27
nn10 17600000 17699999 0
nn10 17700000 17799999 623
nn10 17800000 17899999 198
nn10 17900000 17999999 68
nn10 18000000 18099999 69
nn10 18100000 18199999 176
nn10 18200000 18299999 304
nn10 18300000 18399999 111
nn10 18400000 18499999 96
nn10 18500000 18599999 124
nn10 18600000 18699999 65
nn10 18700000 18799999 282
nn10 18800000 18899999 52
nn10 18900000 18999999 125
nn10 19000000 19099999 0
nn10 19100000 19199999 80
nn10 19200000 19299999 0
nn10 19300000 19399999 210
nn10 19400000 19499999 66
nn10 19500000 19599999 42
nn10 19600000 19699999 127
nn10 19700000 19799999 83
nn10 19800000 19899999 0
nn10 19900000 19999999 105
nn10 20000000 20098048 188
nn11 0 99999 274
nn11 100000 199999 186
nn11 200000 299999 79
nn11 300000 399999 128
nn11 400000 499999 191
nn11 500000 599999 94
nn11 600000 699999 311
nn11 700000 799999 99
nn11 800000 899999 179
nn11 900000 999999 116
nn11 1000000 1099999 46
nn11 1100000 1199999 0
nn11 1200000 1299999 42
nn11 1300000 1399999 49
nn11 1400000 1499999 152
nn11 1500000 1599999 354
nn11 1600000 1699999 235
nn11 1700000 1799999 562
nn11 1800000 1899999 490
nn11 1900000 1999999 81
nn11 2000000 2099999 109
nn11 2100000 2199999 194
nn11 2200000 2299999 95
nn11 2300000 2399999 370
nn11 2400000 2499999 141
nn11 2500000 2599999 708
nn11 2600000 2699999 1582
nn11 2700000 2799999 363
nn11 2800000 2899999 783
nn11 2900000 2999999 1769
nn11 3000000 3099999 151
nn11 3100000 3199999 279
nn11 3200000 3299999 112
nn11 3300000 3399999 96
nn11 3400000 3499999 70
nn11 3500000 3599999 169
nn11 3600000 3699999 53
nn11 3700000 3799999 146
nn11 3800000 3899999 160
nn11 3900000 3999999 25
nn11 4000000 4099999 95
nn11 4100000 4199999 47
nn11 4200000 4299999 148
nn11 4300000 4399999 120
nn11 4400000 4499999 156
nn11 4500000 4599999 165
nn11 4600000 4699999 154
nn11 4700000 4799999 29
nn11 4800000 4899999 184
nn11 4900000 4999999 25
nn11 5000000 5099999 195
nn11 5100000 5199999 102
nn11 5200000 5299999 127
nn11 5300000 5399999 693
nn11 5400000 5499999 264
nn11 5500000 5599999 336
nn11 5600000 5699999 124
nn11 5700000 5799999 203
nn11 5800000 5899999 248
nn11 5900000 5999999 144
nn11 6000000 6099999 155
nn11 6100000 6199999 170
nn11 6200000 6299999 193
nn11 6300000 6399999 159
nn11 6400000 6499999 178
nn11 6500000 6599999 140
nn11 6600000 6699999 58
nn11 6700000 6799999 257
nn11 6800000 6899999 315
nn11 6900000 6999999 204
nn11 7000000 7099999 661
nn11 7100000 7199999 237
nn11 7200000 7299999 176
nn11 7300000 7399999 267
nn11 7400000 7499999 99
nn11 7500000 7599999 523
nn11 7600000 7699999 377
nn11 7700000 7799999 473
nn11 7800000 7899999 383
nn11 7900000 7999999 417
nn11 8000000 8099999 387
nn11 8100000 8199999 177
nn11 8200000 8299999 209
nn11 8300000 8399999 95
nn11 8400000 8499999 65
nn11 8500000 8599999 122
nn11 8600000 8699999 228
nn11 8700000 8799999 23
nn11 8800000 8899999 20
nn11 8900000 8999999 126
nn11 9000000 9099999 99
nn11 9100000 9199999 54
nn11 9200000 9299999 286
nn11 9300000 9399999 164
nn11 9400000 9499999 313
nn11 9500000 9599999 113
nn11 9600000 9699999 47
nn11 9700000 9799999 125
nn11 9800000 9899999 169
nn11 9900000 9999999 171
nn11 10000000 10099999 133
nn11 10100000 10199999 76
nn11 10200000 10299999 242
nn11 10300000 10399999 104
nn11 10400000 10499999 163
nn11 10500000 10599999 186
nn11 10600000 10699999 191
nn11 10700000 10799999 253
nn11 10800000 10899999 231
nn11 10900000 10999999 21
nn11 11000000 11099999 159
nn11 11100000 11199999 127
nn11 11200000 11299999 216
nn11 11300000 11399999 438
nn11 11400000 11499999 175
nn11 11500000 11599999 159
nn11 11600000 11699999 103
nn11 11700000 11799999 57
nn11 11800000 11899999 58
nn11 11900000 11999999 162
nn11 12000000 12099999 277
nn11 12100000 12199999 47
nn11 12200000 12299999 135
nn11 12300000 12399999 98
nn11 12400000 12499999 157
nn11 12500000 12599999 189
nn11 12600000 12699999 105
nn11 12700000 12799999 332
nn11 12800000 12899999 109
nn11 12900000 12999999 118
nn11 13000000 13099999 28
nn11 13100000 13199999 235
nn11 13200000 13299999 237
nn11 13300000 13399999 202
nn11 13400000 13499999 254
nn11 13500000 13599999 210
nn11 13600000 13699999 177
nn11 13700000 13799999 445
nn11 13800000 13899999 189
nn11 13900000 13999999 138
nn11 14000000 14099999 244
nn11 14100000 14199999 283
nn11 14200000 14299999 159
nn11 14300000 14399999 286
nn11 14400000 14499999 160
nn11 14500000 14599999 105
nn11 14600000 14699999 116
nn11 14700000 14799999 322
nn11 14800000 14899999 112
nn11 14900000 14999999 0
nn11 15000000 15099999 84
nn11 15100000 15199999 72
nn11 15200000 15299999 43
nn11 15300000 15399999 30
nn11 15400000 15499999 244
nn11 15500000 15599999 353
nn11 15600000 15699999 187
nn11 15700000 15799999 101
nn11 15800000 15899999 51
nn11 15900000 15999999 248
nn11 16000000 16099999 110
nn11 16100000 16199999 21
nn11 16200000 16299999 134
nn11 16300000 16399999 337
nn11 16400000 16499999 73
nn11 16500000 16599999 112
nn11 16600000 16699999 62
nn11 16700000 16799999 121
nn11 16800000 16899999 133
nn11 16900000 16999999 88
nn11 17000000 17099999 157
nn11 17100000 17199999 0
nn11 17200000 17299999 46
nn11 17300000 17399999 91
nn11 17400000 17499999 93
nn11 17500000 17599999 46
nn11 17600000 17699999 0
nn11 17700000 17799999 21
nn11 17800000 17899999 31
nn11 17900000 17999999 362
nn11 18000000 18099999 59
nn11 18100000 18199999 21
nn11 18200000 18299999 72
nn11 18300000 18399999 365
nn11 18400000 18499999 0
nn11 18500000 18599999 296
nn11 18600000 18699999 44
nn11 18700000 18799999 55
nn11 18800000 18899999 69
nn11 18900000 18999999 67
nn11 19000000 19099999 23
nn11 19100000 19199999 436
nn11 19200000 19299999 34
nn11 19300000 19399999 74
nn11 19400000 19499999 103
nn11 19500000 19599999 20
nn11 19600000 19699999 219
nn11 19700000 19799999 185
nn11 19800000 19899999 0
nn11 19900000 19999999 0
nn11 20000000 20099999 0
nn11 20100000 20148113 0
nn12 0 99999 479
nn12 100000 199999 72
nn12 200000 299999 196
nn12 300000 399999 20
nn12 400000 499999 22
nn12 500000 599999 47
nn12 600000 699999 81
nn12 700000 799999 67
nn12 800000 899999 0
nn12 900000 999999 73
nn12 1000000 1099999 134
nn12 1100000 1199999 143
nn12 1200000 1299999 95
nn12 1300000 1399999 596
nn12 1400000 1499999 22
nn12 1500000 1599999 21
nn12 1600000 1699999 85
nn12 1700000 1799999 137
nn12 1800000 1899999 149
nn12 1900000 1999999 144
nn12 2000000 2099999 104
nn12 2100000 2199999 124
nn12 2200000 2299999 325
nn12 2300000 2399999 73
nn12 2400000 2499999 438
nn12 2500000 2599999 439
nn12 2600000 2699999 138
nn12 2700000 2799999 58
nn12 2800000 2899999 147
nn12 2900000 2999999 140
nn12 3000000 3099999 68
nn12 3100000 3199999 78
nn12 3200000 3299999 185
nn12 3300000 3399999 110
nn12 3400000 3499999 20
nn12 3500000 3599999 82
nn12 3600000 3699999 73
nn12 3700000 3799999 269
nn12 3800000 3899999 244
nn12 3900000 3999999 167
nn12 4000000 4099999 293
nn12 4100000 4199999 120
nn12 4200000 4299999 88
nn12 4300000 4399999 134
nn12 4400000 4499999 156
nn12 4500000 4599999 194
nn12 4600000 4699999 97
nn12 4700000 4799999 279
nn12 4800000 4899999 268
nn12 4900000 4999999 63
nn12 5000000 5099999 0
nn12 5100000 5199999 42
nn12 5200000 5299999 53
nn12 5300000 5399999 201
nn12 5400000 5499999 160
nn12 5500000 5599999 69
nn12 5600000 5699999 315
nn12 5700000 5799999 154
nn12 5800000 5899999 118
nn12 5900000 5999999 105
nn12 6000000 6099999 22
nn12 6100000 6199999 185
nn12 6200000 6299999 212
nn12 6300000 6399999 289
nn12 6400000 6499999 167
nn12 6500000 6599999 64
nn12 6600000 6699999 189
nn12 6700000 6799999 115
nn12 6800000 6899999 243
nn12 6900000 6999999 66
nn12 7000000 7099999 76
nn12 7100000 7199999 158
nn12 7200000 7299999 52
nn12 7300000 7399999 90
nn12 7400000 7499999 25
nn12 7500000 7599999 212
nn12 7600000 7699999 100
nn12 7700000 7799999 163
nn12 7800000 7899999 147
nn12 7900000 7999999 64
nn12 8000000 8099999 76
nn12 8100000 8199999 123
nn12 8200000 8299999 45
nn12 8300000 8399999 21
nn12 8400000 8499999 26
nn12 8500000 8599999 88
nn12 8600000 8699999 135
nn12 8700000 8799999 116
nn12 8800000 8899999 22
nn12 8900000 8999999 126
nn12 9000000 9099999 71
nn12 9100000 9199999 413
nn12 9200000 9299999 143
nn12 9300000 9399999 83
nn12 9400000 9499999 151
nn12 9500000 9599999 28
nn12 9600000 9699999 66
nn12 9700000 9799999 110
nn12 9800000 9899999 528
nn12 9900000 9999999 148
nn12 10000000 10099999 67
nn12 10100000 10199999 28
nn12 10200000 10299999 64
nn12 10300000 10399999 150
nn12 10400000 10499999 117
nn12 10500000 10599999 94
nn12 10600000 10699999 281
nn12 10700000 10799999 210
nn12 10800000 10899999 332
nn12 10900000 10999999 20
nn12 11000000 11099999 20
nn12 11100000 11199999 66
nn12 11200000 11299999 67
nn12 11300000 11399999 96
nn12 11400000 11499999 857
nn12 11500000 11599999 94
nn12 11600000 11699999 328
nn12 11700000 11799999 181
nn12 11800000 11899999 200
nn12 11900000 11999999 233
nn12 12000000 12099999 121
nn12 12100000 12199999 298
nn12 12200000 12299999 151
nn12 12300000 12399999 313
nn12 12400000 12499999 191
nn12 12500000 12599999 98
nn12 12600000 12699999 139
nn12 12700000 12799999 142
nn12 12800000 12899999 101
nn12 12900000 12999999 303
nn12 13000000 13099999 277
nn12 13100000 13199999 77
nn12 13200000 13299999 78
nn12 13300000 13399999 45
nn12 13400000 13499999 27
nn12 13500000 13599999 0
nn12 13600000 13699999 169
nn12 13700000 13799999 66
nn12 13800000 13899999 157
nn12 13900000 13999999 169
nn12 14000000 14099999 302
nn12 14100000 14199999 23
nn12 14200000 14299999 114
nn12 14300000 14399999 646
nn12 14400000 14499999 123
nn12 14500000 14599999 92
nn12 14600000 14699999 65
nn12 14700000 14799999 119
nn12 14800000 14899999 174
nn12 14900000 14999999 64
nn12 15000000 15099999 114
nn12 15100000 15199999 170
nn12 15200000 15299999 88
nn12 15300000 15399999 219
nn12 15400000 15499999 149
nn12 15500000 15599999 198
nn12 15600000 15699999 194
nn12 15700000 15799999 140
nn12 15800000 15899999 115
nn12 15900000 15999999 163
nn12 16000000 16099999 50
nn12 16100000 16199999 136
nn12 16200000 16299999 91
nn12 16300000 16399999 46
nn12 16400000 16499999 104
nn12 16500000 16599999 46
nn12 16600000 16699999 68
nn12 16700000 16799999 161
nn12 16800000 16899999 71
nn12 16900000 16999999 100
nn12 17000000 17099999 76
nn12 17100000 17199999 64
nn12 17200000 17299999 49
nn12 17300000 17399999 118
nn12 17400000 17499999 48
nn12 17500000 17599999 97
nn12 17600000 17699999 89
nn12 17700000 17799999 0
nn12 17800000 17899999 706
nn12 17900000 17999999 128
nn12 18000000 18099999 109
nn12 18100000 18199999 168
nn12 18200000 18299999 20
nn12 18300000 18399999 126
nn12 18400000 18499999 46
nn12 18500000 18599999 70
nn12 18600000 18699999 280
nn12 18700000 18799999 0
nn12 18800000 18899999 90
nn12 18900000 18999999 275
nn12 19000000 19099999 0
nn12 19100000 19199999 187
nn12 19200000 19299999 375
nn12 19300000 19399999 111
nn12 19400000 19499999 90
nn12 19500000 19599999 74
nn12 19600000 19699999 101
nn12 19700000 19799999 72
nn12 19800000 19899999 108
nn12 19900000 19999999 21
nn12 20000000 20099999 622
nn12 20100000 20199999 0
nn12 20200000 20299999 0
nn12 20300000 20399999 0
nn12 20400000 20499999 0
nn12 20500000 20554282 0
nn13 0 99999 257
nn13 100000 199999 111
nn13 200000 299999 20
nn13 300000 399999 25
nn13 400000 499999 65
nn13 500000 599999 0
nn13 600000 699999 52
nn13 700000 799999 0
nn13 800000 899999 45
nn13 900000 999999 142
nn13 1000000 1099999 39
nn13 1100000 1199999 107
nn13 1200000 1299999 121
nn13 1300000 1399999 45
nn13 1400000 1499999 235
nn13 1500000 1599999 46
nn13 1600000 1699999 52
nn13 1700000 1799999 257
nn13 1800000 1899999 49
nn13 1900000 1999999 42
nn13 2000000 2099999 47
nn13 2100000 2199999 95
nn13 2200000 2299999 96
nn13 2300000 2399999 52
nn13 2400000 2499999 184
nn13 2500000 2599999 152
nn13 2600000 2699999 127
nn13 2700000 2799999 770
nn13 2800000 2899999 385
nn13 2900000 2999999 531
nn13 3000000 3099999 28
nn13 3100000 3199999 139
nn13 3200000 3299999 118
nn13 3300000 3399999 20
nn13 3400000 3499999 203
nn13 3500000 3599999 44
nn13 3600000 3699999 88
nn13 3700000 3799999 55
nn13 3800000 3899999 0
nn13 3900000 3999999 160
nn13 4000000 4099999 219
nn13 4100000 4199999 109
nn13 4200000 4299999 24
nn13 4300000 4399999 100
nn13 4400000 4499999 20
nn13 4500000 4599999 44
nn13 4600000 4699999 170
nn13 4700000 4799999 134
nn13 4800000 4899999 75
nn13 4900000 4999999 0
nn13 5000000 5099999 320
nn13 5100000 5199999 145
nn13 5200000 5299999 113
nn13 5300000 5399999 370
nn13 5400000 5499999 112
nn13 5500000 5599999 198
nn13 5600000 5699999 75
nn13 5700000 5799999 68
nn13 5800000 5899999 77
nn13 5900000 5999999 30
nn13 6000000 6099999 237
nn13 6100000 6199999 86
nn13 6200000 6299999 276
nn13 6300000 6399999 20
nn13 6400000 6499999 422
nn13 6500000 6599999 0
nn13 6600000 6699999 95
nn13 6700000 6799999 84
nn13 6800000 6899999 116
nn13 6900000 6999999 0
nn13 7000000 7099999 0
nn13 7100000 7199999 182
nn13 7200000 7299999 565
nn13 7300000 7399999 175
nn13 7400000 7499999 144
nn13 7500000 7599999 159
nn13 7600000 7699999 929
nn13 7700000 7799999 237
nn13 7800000 7899999 73
nn13 7900000 7999999 41
nn13 8000000 8099999 72
nn13 8100000 8199999 98
nn13 8200000 8299999 29
nn13 8300000 8399999 700
nn13 8400000 8499999 636
nn13 8500000 8599999 351
nn13 8600000 8699999 173
nn13 8700000 8799999 78
nn13 8800000 8899999 247
nn13 8900000 8999999 75
nn13 9000000 9099999 198
nn13 9100000 9199999 127
nn13 9200000 9299999 77
nn13 9300000 9399999 21
nn13 9400000 9499999 127
nn13 9500000 9599999 465
nn13 9600000 9699999 119
nn13 9700000 9799999 46
nn13 9800000 9899999 25
nn13 9900000 9999999 170
nn13 10000000 10099999 115
nn13 10100000 10199999 175
nn13 10200000 10299999 61
nn13 10300000 10399999 63
nn13 10400000 10499999 61
nn13 10500000 10599999 166
nn13 10600000 10699999 114
nn13 10700000 10799999 79
nn13 10800000 10899999 114
nn13 10900000 10999999 168
nn13 11000000 11099999 81
nn13 11100000 11199999 257
nn13 11200000 11299999 220
nn13 11300000 11399999 85
nn13 11400000 11499999 77
nn13 11500000 11599999 171
nn13 11600000 11699999 113
nn13 11700000 11799999 133
nn13 11800000 11899999 212
nn13 11900000 11999999 127
nn13 12000000 12099999 113
nn13 12100000 12199999 309
nn13 12200000 12299999 20
nn13 12300000 12399999 147
nn13 12400000 12499999 120
nn13 12500000 12599999 201
nn13 12600000 12699999 218
nn13 12700000 12799999 452
nn13 12800000 12899999 478
nn13 12900000 12999999 192
nn13 13000000 13099999 169
nn13 13100000 13199999 309
nn13 13200000 13299999 378
nn13 13300000 13399999 116
nn13 13400000 13499999 234
nn13 13500000 13599999 331
nn13 13600000 13699999 106
nn13 13700000 13799999 78
nn13 13800000 13899999 210
nn13 13900000 13999999 149
nn13 14000000 14099999 209
nn13 14100000 14199999 67
nn13 14200000 14299999 107
nn13 14300000 14399999 117
nn13 14400000 14499999 45
nn13 14500000 14599999 44
nn13 14600000 14699999 273
nn13 14700000 14799999 21
nn13 14800000 14899999 116
nn13 14900000 14999999 250
nn13 15000000 15099999 364
nn13 15100000 15199999 529
nn13 15200000 15299999 113
nn13 15300000 15399999 58
nn13 15400000 15499999 24
nn13 15500000 15599999 154
nn13 15600000 15699999 78
nn13 15700000 15799999 42
nn13 15800000 15899999 284
nn13 15900000 15999999 212
nn13 16000000 16099999 256
nn13 16100000 16199999 162
nn13 16200000 16299999 97
nn13 16300000 16399999 309
nn13 16400000 16499999 178
nn13 16500000 16599999 48
nn13 16600000 16699999 110
nn13 16700000 16799999 57
nn13 16800000 16899999 555
nn13 16900000 16999999 371
nn13 17000000 17099999 169
nn13 17100000 17199999 91
nn13 17200000 17299999 23
nn13 17300000 17399999 232
nn13 17400000 17499999 127
nn13 17500000 17599999 530
nn13 17600000 17699999 221
nn13 17700000 17799999 73
nn13 17800000 17899999 90
nn13 17900000 17999999 0
nn13 18000000 18099999 0
nn13 18100000 18199999 0
nn13 18200000 18299999 312
nn13 18300000 18371304 0
nn14 0 99999 145
nn14 100000 199999 182
nn14 200000 299999 133
nn14 300000 399999 146
nn14 400000 499999 54
nn14 500000 599999 64
nn14 600000 699999 77
nn14 700000 799999 96
nn14 800000 899999 90
nn14 900000 999999 101
nn14 1000000 1099999 65
nn14 1100000 1199999 184
nn14 1200000 1299999 82
nn14 1300000 1399999 150
nn14 1400000 1499999 91
nn14 1500000 1599999 69
nn14 1600000 1699999 44
nn14 1700000 1799999 82
nn14 1800000 1899999 205
nn14 1900000 1999999 46
nn14 2000000 2099999 216
nn14 2100000 2199999 0
nn14 2200000 2299999 32
nn14 2300000 2399999 85
nn14 2400000 2499999 273
nn14 2500000 2599999 309
nn14 2600000 2699999 386
nn14 2700000 2799999 119
nn14 2800000 2899999 0
nn14 2900000 2999999 105
nn14 3000000 3099999 73
nn14 3100000 3199999 42
nn14 3200000 3299999 193
nn14 3300000 3399999 67
nn14 3400000 3499999 76
nn14 3500000 3599999 101
nn14 3600000 3699999 65
nn14 3700000 3799999 95
nn14 3800000 3899999 155
nn14 3900000 3999999 175
nn14 4000000 4099999 133
nn14 4100000 4199999 276
nn14 4200000 4299999 105
nn14 4300000 4399999 529
nn14 4400000 4499999 325
nn14 4500000 4599999 194
nn14 4600000 4699999 103
nn14 4700000 4799999 135
nn14 4800000 4899999 69
nn14 4900000 4999999 146
nn14 5000000 5099999 42
nn14 5100000 5199999 198
nn14 5200000 5299999 209
nn14 5300000 5399999 145
nn14 5400000 5499999 136
nn14 5500000 5599999 72
nn14 5600000 5699999 52
nn14 5700000 5799999 132
nn14 5800000 5899999 114
nn14 5900000 5999999 161
nn14 6000000 6099999 113
nn14 6100000 6199999 98
nn14 6200000 6299999 247
nn14 6300000 6399999 21
nn14 6400000 6499999 90
nn14 6500000 6599999 95
nn14 6600000 6699999 51
nn14 6700000 6799999 108
nn14 6800000 6899999 190
nn14 6900000 6999999 139
nn14 7000000 7099999 20
nn14 7100000 7199999 45
nn14 7200000 7299999 51
nn14 7300000 7399999 47
nn14 7400000 7499999 86
nn14 7500000 7599999 20
nn14 7600000 7699999 196
nn14 7700000 7799999 41
nn14 7800000 7899999 82
nn14 7900000 7999999 52
nn14 8000000 8099999 0
nn14 8100000 8199999 103
nn14 8200000 8299999 67
nn14 8300000 8399999 132
nn14 8400000 8499999 95
nn14 8500000 8599999 21
nn14 8600000 8699999 75
nn14 8700000 8799999 71
nn14 8800000 8899999 28
nn14 8900000 8999999 247
nn14 9000000 9099999 115
nn14 9100000 9199999 94
nn14 9200000 9299999 158
nn14 9300000 9399999 90
nn14 9400000 9499999 92
nn14 9500000 9599999 20
nn14 9600000 9699999 157
nn14 9700000 9799999 52
nn14 9800000 9899999 114
nn14 9900000 9999999 169
nn14 10000000 10099999 131
nn14 10100000 10199999 162
nn14 10200000 10299999 68
nn14 10300000 10399999 74
nn14 10400000 10499999 136
nn14 10500000 10599999 114
nn14 10600000 10699999 229
nn14 10700000 10799999 156
nn14 10800000 10899999 164
nn14 10900000 10999999 436
nn14 11000000 11099999 112
nn14 11100000 11199999 409
nn14 11200000 11299999 264
nn14 11300000 11399999 189
nn14 11400000 11499999 174
nn14 11500000 11599999 119
nn14 11600000 11699999 243
nn14 11700000 11799999 101
nn14 11800000 11899999 42
nn14 11900000 11999999 0
nn14 12000000 12099999 44
nn14 12100000 12199999 26
nn14 12200000 12299999 88
nn14 12300000 12399999 42
nn14 12400000 12499999 0
nn14 12500000 12599999 158
nn14 12600000 12699999 158
nn14 12700000 12799999 111
nn14 12800000 12899999 64
nn14 12900000 12999999 22
nn14 13000000 13099999 389
nn14 13100000 13199999 78
nn14 13200000 13299999 142
nn14 13300000 13399999 119
nn14 13400000 13499999 278
nn14 13500000 13599999 390
nn14 13600000 13699999 242
nn14 13700000 13799999 81
nn14 13800000 13899999 229
nn14 13900000 13999999 740
nn14 14000000 14099999 139
nn14 14100000 14199999 72
nn14 14200000 14299999 65
nn14 14300000 14399999 43
nn14 14400000 14499999 52
nn14 14500000 14599999 840
nn14 14600000 14699999 20
nn14 14700000 14799999 22
nn14 14800000 14899999 71
nn14 14900000 14999999 51
nn14 15000000 15099999 63
nn14 15100000 15199999 47
nn14 15200000 15299999 327
nn14 15300000 15399999 145
nn14 15400000 15499999 0
nn14 15500000 15599999 0
nn14 15600000 15699999 0
nn14 15700000 15799999 61
nn14 15800000 15813833 0
nn15 0 99999 171
nn15 100000 199999 156
nn15 200000 299999 163
nn15 300000 399999 521
nn15 400000 499999 387
nn15 500000 599999 124
nn15 600000 699999 61
nn15 700000 799999 77
nn15 800000 899999 82
nn15 900000 999999 199
nn15 1000000 1099999 186
nn15 1100000 1199999 119
nn15 1200000 1299999 27
nn15 1300000 1399999 46
nn15 1400000 1499999 77
nn15 1500000 1599999 131
nn15 1600000 1699999 95
nn15 1700000 1799999 510
nn15 1800000 1899999 200
nn15 1900000 1999999 127
nn15 2000000 2099999 79
nn15 2100000 2199999 64
nn15 2200000 2299999 135
nn15 2300000 2399999 48
nn15 2400000 2499999 20
nn15 2500000 2599999 27
nn15 2600000 2699999 40
nn15 2700000 2799999 142
nn15 2800000 2899999 96
nn15 2900000 2999999 110
nn15 3000000 3099999 80
nn15 3100000 3199999 24
nn15 3200000 3299999 157
nn15 3300000 3399999 68
nn15 3400000 3499999 337
nn15 3500000 3599999 93
nn15 3600000 3699999 46
nn15 3700000 3799999 69
nn15 3800000 3899999 65
nn15 3900000 3999999 152
nn15 4000000 4099999 95
nn15 4100000 4199999 136
nn15 4200000 4299999 52
nn15 4300000 4399999 98
nn15 4400000 4499999 22
nn15 4500000 4599999 66
nn15 4600000 4699999 25
nn15 4700000 4799999 64
nn15 4800000 4899999 317
nn15 4900000 4999999 31
nn15 5000000 5099999 116
nn15 5100000 5199999 117
nn15 5200000 5299999 61
nn15 5300000 5399999 88
nn15 5400000 5499999 171
nn15 5500000 5599999 23
nn15 5600000 5699999 99
nn15 5700000 5799999 276
nn15 5800000 5899999 67
nn15 5900000 5999999 119
nn15 6000000 6099999 53
nn15 6100000 6199999 218
nn15 6200000 6299999 141
nn15 6300000 6399999 21
nn15 6400000 6499999 20
nn15 6500000 6599999 128
nn15 6600000 6699999 249
nn15 6700000 6799999 83
nn15 6800000 6899999 195
nn15 6900000 6999999 110
nn15 7000000 7099999 123
nn15 7100000 7199999 102
nn15 7200000 7299999 70
nn15 7300000 7399999 126
nn15 7400000 7499999 269
nn15 7500000 7599999 165
nn15 7600000 7699999 95
nn15 7700000 7799999 438
nn15 7800000 7899999 21
nn15 7900000 7999999 68
nn15 8000000 8099999 21
nn15 8100000 8199999 272
nn15 8200000 8299999 84
nn15 8300000 8399999 61
nn15 8400000 8499999 21
nn15 8500000 8599999 96
nn15 8600000 8699999 120
nn15 8700000 8799999 159
nn15 8800000 8899999 96
nn15 8900000 8999999 56
nn15 9000000 9099999 84
nn15 9100000 9199999 270
nn15 9200000 9299999 164
nn15 9300000 9399999 53
nn15 9400000 9499999 43
nn15 9500000 9599999 67
nn15 9600000 9699999 31
nn15 9700000 9799999 243
nn15 9800000 9899999 100
nn15 9900000 9999999 210
nn15 10000000 10099999 96
nn15 10100000 10199999 0
nn15 10200000 10299999 33
nn15 10300000 10399999 129
nn15 10400000 10499999 137
nn15 10500000 10599999 158
nn15 10600000 10699999 174
nn15 10700000 10799999 100
nn15 10800000 10899999 594
nn15 10900000 10999999 106
nn15 11000000 11099999 72
nn15 11100000 11199999 161
nn15 11200000 11299999 87
nn15 11300000 11399999 168
nn15 11400000 11499999 57
nn15 11500000 11599999 150
nn15 11600000 11699999 218
nn15 11700000 11799999 20
nn15 11800000 11899999 87
nn15 11900000 11999999 153
nn15 12000000 12099999 137
nn15 12100000 12199999 530
nn15 12200000 12299999 391
nn15 12300000 12399999 473
nn15 12400000 12499999 665
nn15 12500000 12599999 616
nn15 12600000 12699999 576
nn15 12700000 12799999 167
nn15 12800000 12880243 36
nn16 0 99999 102
nn16 100000 199999 215
nn16 200000 299999 399
nn16 300000 399999 99
nn16 400000 499999 67
nn16 500000 599999 120
nn16 600000 699999 144
nn16 700000 799999 47
nn16 800000 899999 63
nn16 900000 999999 109
nn16 1000000 1099999 149
nn16 1100000 1199999 905
nn16 1200000 1299999 181
nn16 1300000 1399999 274
nn16 1400000 1499999 133
nn16 1500000 1599999 213
nn16 1600000 1699999 93
nn16 1700000 1799999 242
nn16 1800000 1899999 74
nn16 1900000 1999999 86
nn16 2000000 2099999 68
nn16 2100000 2199999 78
nn16 2200000 2299999 64
nn16 2300000 2399999 495
nn16 2400000 2499999 488
nn16 2500000 2599999 34
nn16 2600000 2699999 150
nn16 2700000 2799999 63
nn16 2800000 2899999 145
nn16 2900000 2999999 97
nn16 3000000 3099999 0
nn16 3100000 3199999 36
nn16 3200000 3299999 29
nn16 3300000 3399999 123
nn16 3400000 3499999 73
nn16 3500000 3599999 0
nn16 3600000 3699999 34
nn16 3700000 3799999 63
nn16 3800000 3899999 180
nn16 3900000 3999999 144
nn16 4000000 4099999 63
nn16 4100000 4199999 634
nn16 4200000 4299999 78
nn16 4300000 4399999 218
nn16 4400000 4499999 92
nn16 4500000 4599999 52
nn16 4600000 4635106 0
nn17 0 99999 134
nn17 100000 199999 50
nn17 200000 299999 253
nn17 300000 399999 177
nn17 400000 499999 113
nn17 500000 599999 38
nn17 600000 699999 128
nn17 700000 799999 49
nn17 800000 899999 101
nn17 900000 999999 74
nn17 1000000 1099999 78
nn17 1100000 1199999 283
nn17 1200000 1299999 188
nn17 1300000 1399999 197
nn17 1400000 1499999 73
nn17 1500000 1599999 174
nn17 1600000 1699999 24
nn17 1700000 1799999 21
nn17 1800000 1899999 29
nn17 1900000 1999999 22
nn17 2000000 2099999 145
nn17 2100000 2199999 148
nn17 2200000 2299999 114
nn17 2300000 2399999 362
nn17 2400000 2499999 101
nn17 2500000 2599999 42
nn17 2600000 2699999 69
nn17 2700000 2799999 349
nn17 2800000 2899999 136
nn17 2900000 2999999 255
nn17 3000000 3099999 75
nn17 3100000 3199999 168
nn17 3200000 3299999 189
nn17 3300000 3399999 168
nn17 3400000 3499999 197
nn17 3500000 3599999 167
nn17 3600000 3699999 142
nn17 3700000 3799999 47
nn17 3800000 3899999 78
nn17 3900000 3999999 74
nn17 4000000 4099999 218
nn17 4100000 4199999 25
nn17 4200000 4299999 63
nn17 4300000 4399999 143
nn17 4400000 4499999 47
nn17 4500000 4599999 247
nn17 4600000 4699999 228
nn17 4700000 4799999 115
nn17 4800000 4899999 336
nn17 4900000 4999999 266
nn17 5000000 5099999 89
nn17 5100000 5199999 0
nn17 5200000 5299999 144
nn17 5300000 5399999 46
nn17 5400000 5499999 152
nn17 5500000 5599999 103
nn17 5600000 5699999 92
nn17 5700000 5799999 143
nn17 5800000 5899999 178
nn17 5900000 5999999 127
nn17 6000000 6099999 152
nn17 6100000 6199999 207
nn17 6200000 6299999 116
nn17 6300000 6399999 457
nn17 6400000 6499999 215
nn17 6500000 6599999 395
nn17 6600000 6699999 189
nn17 6700000 6799999 579
nn17 6800000 6899999 306
nn17 6900000 6999999 246
nn17 7000000 7099999 265
nn17 7100000 7199999 100
nn17 7200000 7299999 219
nn17 7300000 7399999 239
nn17 7400000 7499999 138
nn17 7500000 7599999 49
nn17 7600000 7699999 101
nn17 7700000 7799999 140
nn17 7800000 7899999 522
nn17 7900000 7999999 288
nn17 8000000 8099999 352
nn17 8100000 8199999 110
nn17 8200000 8299999 98
nn17 8300000 8399999 329
nn17 8400000 8499999 84
nn17 8500000 8599999 25
nn17 8600000 8699999 272
nn17 8700000 8799999 43
nn17 8800000 8899999 22
nn17 8900000 8999999 0
nn17 9000000 9099999 90
nn17 9100000 9199999 20
nn17 9200000 9299999 420
nn17 9300000 9399999 108
nn17 9400000 9499999 245
nn17 9500000 9599999 132
nn17 9600000 9699999 98
nn17 9700000 9799999 357
nn17 9800000 9899999 92
nn17 9900000 9999999 27
nn17 10000000 10099999 68
nn17 10100000 10199999 87
nn17 10200000 10299999 323
nn17 10300000 10399999 74
nn17 10400000 10499999 0
nn17 10500000 10599999 0
nn17 10600000 10683667 78
nn18 0 99999 161
nn18 100000 199999 46
nn18 200000 299999 24
nn18 300000 399999 134
nn18 400000 499999 114
nn18 500000 599999 93
nn18 600000 699999 49
nn18 700000 799999 81
nn18 800000 899999 42
nn18 900000 999999 124
nn18 1000000 1099999 25
nn18 1100000 1199999 50
nn18 1200000 1299999 125
nn18 1300000 1399999 48
nn18 1400000 1499999 126
nn18 1500000 1599999 64
nn18 1600000 1699999 86
nn18 1700000 1799999 65
nn18 1800000 1899999 274
nn18 1900000 1999999 82
nn18 2000000 2099999 115
nn18 2100000 2199999 170
nn18 2200000 2299999 20
nn18 2300000 2399999 246
nn18 2400000 2499999 21
nn18 2500000 2599999 124
nn18 2600000 2699999 70
nn18 2700000 2799999 28
nn18 2800000 2899999 106
nn18 2900000 2999999 65
nn18 3000000 3099999 114
nn18 3100000 3199999 116
nn18 3200000 3299999 76
nn18 3300000 3399999 0
nn18 3400000 3499999 108
nn18 3500000 3599999 357
nn18 3600000 3699999 141
nn18 3700000 3799999 104
nn18 3800000 3899999 120
nn18 3900000 3999999 325
nn18 4000000 4099999 216
nn18 4100000 4199999 500
nn18 4200000 4299999 64
nn18 4300000 4399999 117
nn18 4400000 4499999 314
nn18 4500000 4599999 203
nn18 4600000 4699999 213
nn18 4700000 4799999 309
nn18 4800000 4899999 256
nn18 4900000 4999999 49
nn18 5000000 5099999 130
nn18 5100000 5199999 314
nn18 5200000 5299999 261
nn18 5300000 5399999 45
nn18 5400000 5499999 212
nn18 5500000 5599999 276
nn18 5600000 5699999 205
nn18 5700000 5799999 110
nn18 5800000 5899999 30
nn18 5900000 5999999 103
nn18 6000000 6099999 150
nn18 6100000 6199999 20
nn18 6200000 6299999 116
nn18 6300000 6399999 0
nn18 6400000 6499999 177
nn18 6500000 6599999 20
nn18 6600000 6699999 116
nn18 6700000 6799999 111
nn18 6800000 6899999 65
nn18 6900000 6999999 244
nn18 7000000 7099999 496
nn18 7100000 7199999 263
nn18 7200000 7299999 98
nn18 7300000 7399999 266
nn18 7400000 7499999 21
nn18 7500000 7599999 291
nn18 7600000 7699999 52
nn18 7700000 7799999 44
nn18 7800000 7899999 113
nn18 7900000 7999999 93
nn18 8000000 8099999 104
nn18 8100000 8199999 578
nn18 8200000 8299999 22
nn18 8300000 8399999 196
nn18 8400000 8499999 221
nn18 8500000 8599999 1016
nn18 8600000 8699999 313
nn18 8700000 8799999 74
nn18 8800000 8899999 397
nn18 8900000 8999999 865
nn18 9000000 9099999 546
nn18 9100000 9199999 20
nn18 9200000 9299999 155
nn18 9300000 9399999 103
nn18 9400000 9499999 83
nn18 9500000 9599999 368
nn18 9600000 9699999 198
nn18 9700000 9799999 20
nn18 9800000 9899999 67
nn18 9900000 9999999 24
nn18 10000000 10099999 165
nn18 10100000 10199999 166
nn18 10200000 10299999 22
nn18 10300000 10399999 217
nn18 10400000 10499999 559
nn18 10500000 10599999 128
nn18 10600000 10699999 45
nn18 10700000 10799999 98
nn18 10800000 10899999 193
nn18 10900000 10999999 0
nn18 11000000 11099999 182
nn18 11100000 11165485 182
nn19 0 99999 738
nn19 100000 199999 1065
nn19 200000 299999 73
nn19 300000 399999 20
nn19 400000 499999 72
nn19 500000 599999 235
nn19 600000 699999 26
nn19 700000 799999 30
nn19 800000 899999 203
nn19 900000 999999 47
nn19 1000000 1099999 306
nn19 1100000 1199999 453
nn19 1200000 1299999 359
nn19 1300000 1399999 42
nn19 1400000 1499999 98
nn19 1500000 1599999 118
nn19 1600000 1699999 279
nn19 1700000 1799999 389
nn19 1800000 1899999 254
nn19 1900000 1999999 31
nn19 2000000 2099999 20
nn19 2100000 2199999 533
nn19 2200000 2299999 405
nn19 2300000 2399999 77
nn19 2400000 2499999 64
nn19 2500000 2599999 102
nn19 2600000 2699999 200
nn19 2700000 2799999 118
nn19 2800000 2899999 122
nn19 2900000 2999999 108
nn19 3000000 3099999 95
nn19 3100000 3199999 51
nn19 3200000 3299999 22
nn19 3300000 3399999 75
nn19 3400000 3499999 213
nn19 3500000 3599999 0
nn19 3600000 3699999 96
nn19 3700000 3799999 75
nn19 3800000 3899999 108
nn19 3900000 3999999 84
nn19 4000000 4099999 420
nn19 4100000 4199999 93
nn19 4200000 4299999 159
nn19 4300000 4399999 23
nn19 4400000 4499999 273
nn19 4500000 4599999 77
nn19 4600000 4699999 37
nn19 4700000 4799999 99
nn19 4800000 4899999 77
nn19 4900000 4999999 271
nn19 5000000 5099999 238
nn19 5100000 5199999 20
nn19 5200000 5299999 57
nn19 5300000 5399999 155
nn19 5400000 5499999 42
nn19 5500000 5599999 181
nn19 5600000 5699999 237
nn19 5700000 5799999 295
nn19 5800000 5899999 366
nn19 5900000 5999999 177
nn19 6000000 6099999 173
nn19 6100000 6199999 345
nn19 6200000 6299999 319
nn19 6300000 6399999 20
nn19 6400000 6499999 111
nn19 6500000 6599999 83
nn19 6600000 6699999 92
nn19 6700000 6799999 21
nn19 6800000 6899999 52
nn19 6900000 6999999 103
nn19 7000000 7099999 58
nn19 7100000 7199999 87
nn19 7200000 7299999 25
nn19 7300000 7399999 75
nn19 7400000 7499999 125
nn19 7500000 7599999 68
nn19 7600000 7699999 109
nn19 7700000 7799999 0
nn19 7800000 7899999 243
nn19 7900000 7999999 125
nn19 8000000 8099999 86
nn19 8100000 8199999 121
nn19 8200000 8299999 71
nn19 8300000 8399999 76
nn19 8400000 8499999 20
nn19 8500000 8599999 327
nn19 8600000 8699999 143
nn19 8700000 8799999 131
nn19 8800000 8899999 201
nn19 8900000 8999999 169
nn19 9000000 9099999 49
nn19 9100000 9199999 62
nn19 9200000 9299999 69
nn19 9300000 9399999 235
nn19 9400000 9499999 115
nn19 9500000 9599999 20
nn19 9600000 9699999 89
nn19 9700000 9799999 125
nn19 9800000 9899999 73
nn19 9900000 9999999 242
nn19 10000000 10099999 198
nn19 10100000 10199999 24
nn19 10200000 10254927 28
nn20 0 99999 174
nn20 100000 199999 20
nn20 200000 299999 137
nn20 300000 399999 142
nn20 400000 499999 244
nn20 500000 599999 20
nn20 600000 699999 48
nn20 700000 799999 71
nn20 800000 899999 167
nn20 900000 999999 141
nn20 1000000 1099999 146
nn20 1100000 1199999 57
nn20 1200000 1299999 124
nn20 1300000 1399999 108
nn20 1400000 1499999 137
nn20 1500000 1599999 141
nn20 1600000 1699999 152
nn20 1700000 1799999 44
nn20 1800000 1899999 137
nn20 1900000 1999999 120
nn20 2000000 2099999 115
nn20 2100000 2199999 43
nn20 2200000 2299999 121
nn20 2300000 2399999 287
nn20 2400000 2499999 147
nn20 2500000 2599999 202
nn20 2600000 2699999 154
nn20 2700000 2799999 53
nn20 2800000 2899999 214
nn20 2900000 2999999 0
nn20 3000000 3099999 253
nn20 3100000 3199999 141
nn20 3200000 3299999 20
nn20 3300000 3399999 70
nn20 3400000 3499999 20
nn20 3500000 3599999 20
nn20 3600000 3699999 45
nn20 3700000 3799999 136
nn20 3800000 3899999 292
nn20 3900000 3999999 107
nn20 4000000 4099999 67
nn20 4100000 4199999 412
nn20 4200000 4299999 74
nn20 4300000 4399999 409
nn20 4400000 4499999 211
nn20 4500000 4599999 219
nn20 4600000 4699999 189
nn20 4700000 4799999 234
nn20 4800000 4899999 315
nn20 4900000 4999999 161
nn20 5000000 5099999 202
nn20 5100000 5199999 118
nn20 5200000 5299999 275
nn20 5300000 5399999 411
nn20 5400000 5499999 507
nn20 5500000 5599999 202
nn20 5600000 5699999 74
nn20 5700000 5799999 82
nn20 5800000 5899999 118
nn20 5900000 5999999 1314
nn20 6000000 6099999 68
nn20 6100000 6199999 76
nn20 6200000 6299999 193
nn20 6300000 6399999 222
nn20 6400000 6499999 142
nn20 6500000 6599999 340
nn20 6600000 6699999 252
nn20 6700000 6799999 211
nn20 6800000 6899999 250
nn20 6900000 6999999 193
nn20 7000000 7099999 190
nn20 7100000 7199999 68
nn20 7200000 7299999 371
nn20 7300000 7399999 419
nn20 7400000 7499999 245
nn20 7500000 7599999 111
nn20 7600000 7699999 196
nn20 7700000 7799999 119
nn20 7800000 7899999 123
nn20 7900000 7999999 43
nn20 8000000 8099999 21
nn20 8100000 8199999 86
nn20 8200000 8299999 77
nn20 8300000 8399999 176
nn20 8400000 8499999 340
nn20 8500000 8599999 96
nn20 8600000 8699999 327
nn20 8700000 8799999 47
nn20 8800000 8899999 324
nn20 8900000 8999999 191
nn20 9000000 9099999 272
nn20 9100000 9199999 60
nn20 9200000 9299999 241
nn20 9300000 9399999 1042
nn20 9400000 9499999 187
nn20 9500000 9599999 754
nn20 9600000 9699999 682
nn20 9700000 9799999 85
nn20 9800000 9899999 32
nn20 9900000 9999999 246
nn20 10000000 10099999 102
nn20 10100000 10199999 92
nn20 10200000 10299999 25
nn20 10300000 10399999 64
nn20 10400000 10499999 63
nn20 10500000 10599999 375
nn20 10600000 10699999 103
nn20 10700000 10799999 196
nn20 10800000 10899999 88
nn20 10900000 10999999 66
nn20 11000000 11099999 78
nn20 11100000 11199999 69
nn20 11200000 11299999 253
nn20 11300000 11399999 174
nn20 11400000 11499999 46
nn20 11500000 11599999 726
nn20 11600000 11699999 133
nn20 11700000 11799999 114
nn20 11800000 11899999 186
nn20 11900000 11999999 265
nn20 12000000 12099999 0
nn20 12100000 12199999 67
nn20 12200000 12299999 235
nn20 12300000 12399999 71
nn20 12400000 12499999 115
nn20 12500000 12599999 104
nn20 12600000 12699999 488
nn20 12700000 12799999 26
nn20 12800000 12899999 21
nn20 12900000 12999999 41
nn20 13000000 13099999 48
nn20 13100000 13199999 104
nn20 13200000 13299999 41
nn20 13300000 13399999 0
nn20 13400000 13499999 0
nn20 13500000 13599999 42
nn20 13600000 13699999 153
nn20 13700000 13799999 334
nn20 13800000 13899999 0
nn20 13900000 13999999 90
nn20 14000000 14099999 289
nn20 14100000 14199999 119
nn20 14200000 14299999 0
nn20 14300000 14399999 0
nn20 14400000 14499999 0
nn20 14500000 14599999 0
nn20 14600000 14699999 0
nn20 14700000 14769858 21
nn21 0 99999 211
nn21 100000 199999 218
nn21 200000 299999 43
nn21 300000 399999 47
nn21 400000 499999 93
nn21 500000 599999 0
nn21 600000 699999 81
nn21 700000 799999 210
nn21 800000 899999 197
nn21 900000 999999 71
nn21 1000000 1099999 305
nn21 1100000 1199999 126
nn21 1200000 1299999 130
nn21 1300000 1399999 88
nn21 1400000 1499999 101
nn21 1500000 1599999 66
nn21 1600000 1699999 85
nn21 1700000 1799999 98
nn21 1800000 1899999 95
nn21 1900000 1999999 195
nn21 2000000 2099999 158
nn21 2100000 2199999 182
nn21 2200000 2299999 130
nn21 2300000 2399999 61
nn21 2400000 2499999 45
nn21 2500000 2599999 139
nn21 2600000 2699999 115
nn21 2700000 2799999 240
nn21 2800000 2899999 118
nn21 2900000 2999999 446
nn21 3000000 3099999 47
nn21 3100000 3199999 81
nn21 3200000 3299999 87
nn21 3300000 3399999 44
nn21 3400000 3499999 69
nn21 3500000 3599999 23
nn21 3600000 3699999 201
nn21 3700000 3799999 88
nn21 3800000 3899999 241
nn21 3900000 3999999 403
nn21 4000000 4099999 120
nn21 4100000 4199999 40
nn21 4200000 4299999 282
nn21 4300000 4399999 187
nn21 4400000 4499999 556
nn21 4500000 4599999 574
nn21 4600000 4699999 89
nn21 4700000 4799999 218
nn21 4800000 4899999 200
nn21 4900000 4999999 162
nn21 5000000 5099999 24
nn21 5100000 5199999 138
nn21 5200000 5299999 378
nn21 5300000 5399999 104
nn21 5400000 5499999 147
nn21 5500000 5599999 118
nn21 5600000 5699999 24
nn21 5700000 5799999 41
nn21 5800000 5899999 658
nn21 5900000 5999999 153
nn21 6000000 6099999 793
nn21 6100000 6199999 233
nn21 6200000 6299999 305
nn21 6300000 6399999 53
nn21 6400000 6499999 115
nn21 6500000 6599999 380
nn21 6600000 6699999 157
nn21 6700000 6799999 42
nn21 6800000 6899999 0
nn21 6900000 6999999 0
nn21 7000000 7099999 0
nn21 7100000 7199999 0
nn21 7200000 7299999 0
nn21 7300000 7395262 0
nn22 0 99999 77
nn22 100000 199999 137
nn22 200000 299999 245
nn22 300000 399999 139
nn22 400000 499999 406
nn22 500000 599999 116
nn22 600000 699999 224
nn22 700000 799999 73
nn22 800000 899999 45
nn22 900000 999999 234
nn22 1000000 1099999 217
nn22 1100000 1199999 357
nn22 1200000 1299999 665
nn22 1300000 1399999 334
nn22 1400000 1499999 290
nn22 1500000 1599999 241
nn22 1600000 1699999 377
nn22 1700000 1799999 139
nn22 1800000 1899999 124
nn22 1900000 1999999 72
nn22 2000000 2099999 20
nn22 2100000 2199999 21
nn22 2200000 2299999 127
nn22 2300000 2399999 193
nn22 2400000 2499999 0
nn22 2500000 2599999 222
nn22 2600000 2699999 474
nn22 2700000 2799999 44
nn22 2800000 2899999 134
nn22 2900000 2999999 69
nn22 3000000 3099999 213
nn22 3100000 3199999 441
nn22 3200000 3299999 111
nn22 3300000 3399999 595
nn22 3400000 3499999 56
nn22 3500000 3599999 367
nn22 3600000 3699999 1546
nn22 3700000 3799999 730
nn22 3800000 3899999 82
nn22 3900000 3999999 672
nn22 4000000 4099999 63
nn22 4100000 4199999 240
nn22 4200000 4299999 231
nn22 4300000 4399999 136
nn22 4400000 4499999 93
nn22 4500000 4599999 80
nn22 4600000 4699999 432
nn22 4700000 4799999 274
nn22 4800000 4899999 388
nn22 4900000 4999999 0
nn22 5000000 5099999 0
nn22 5100000 5199999 0
nn22 5200000 5238597 0
nn23 0 99999 82
nn23 100000 199999 174
nn23 200000 299999 20
nn23 300000 399999 97
nn23 400000 499999 58
nn23 500000 599999 163
nn23 600000 699999 113
nn23 700000 799999 302
nn23 800000 899999 48
nn23 900000 999999 180
nn23 1000000 1099999 65
nn23 1100000 1199999 105
nn23 1200000 1299999 130
nn23 1300000 1399999 152
nn23 1400000 1499999 101
nn23 1500000 1599999 270
nn23 1600000 1699999 76
nn23 1700000 1799999 87
nn23 1800000 1899999 347
nn23 1900000 1999999 160
nn23 2000000 2099999 457
nn23 2100000 2199999 112
nn23 2200000 2299999 53
nn23 2300000 2399999 67
nn23 2400000 2499999 128
nn23 2500000 2599999 67
nn23 2600000 2699999 144
nn23 2700000 2799999 40
nn23 2800000 2899999 45
nn23 2900000 2999999 852
nn23 3000000 3099999 89
nn23 3100000 3199999 99
nn23 3200000 3299999 155
nn23 3300000 3399999 161
nn23 3400000 3499999 74
nn23 3500000 3599999 181
nn23 3600000 3699999 151
nn23 3700000 3799999 593
nn23 3800000 3899999 130
nn23 3900000 3999999 295
nn23 4000000 4099999 51
nn23 4100000 4199999 54
nn23 4200000 4299999 46
nn23 4300000 4399999 55
nn23 4400000 4499999 707
nn23 4500000 4599999 414
nn23 4600000 4699999 407
nn23 4700000 4799999 139
nn23 4800000 4899999 113
nn23 4900000 4999999 128
nn23 5000000 5099999 181
nn23 5100000 5199999 2101
nn23 5200000 5299999 770
nn23 5300000 5399999 64
nn23 5400000 5499999 970
nn23 5500000 5599999 120
nn23 5600000 5699999 104
nn23 5700000 5799999 311
nn23 5800000 5899999 46
nn23 5900000 5999999 0
nn23 6000000 6099999 0
nn23 6100000 6199999 0
nn23 6200000 6299999 0
nn23 6300000 6329449 0
nn24 0 99999 162
nn24 100000 199999 149
nn24 200000 299999 347
nn24 300000 399999 98
nn24 400000 499999 184
nn24 500000 599999 106
nn24 600000 699999 79
nn24 700000 799999 269
nn24 800000 899999 221
nn24 900000 999999 287
nn24 1000000 1099999 573
nn24 1100000 1199999 49
nn24 1200000 1299999 44
nn24 1300000 1399999 289
nn24 1400000 1499999 80
nn24 1500000 1599999 44
nn24 1600000 1699999 92
nn24 1700000 1799999 152
nn24 1800000 1899999 146
nn24 1900000 1999999 160
nn24 2000000 2099999 565
nn24 2100000 2199999 184
nn24 2200000 2299999 124
nn24 2300000 2399999 184
nn24 2400000 2499999 389
nn24 2500000 2599999 51
nn24 2600000 2699999 502
nn24 2700000 2799999 0
nn24 2800000 2899999 54
nn24 2900000 2999999 24
nn24 3000000 3099999 42
nn24 3100000 3199999 72
nn24 3200000 3299999 444
nn24 3300000 3399999 314
nn24 3400000 3499999 236
nn24 3500000 3599999 189
nn24 3600000 3699999 22
nn24 3700000 3799999 126
nn24 3800000 3899999 194
nn24 3900000 3999999 44
nn24 4000000 4099999 111
nn24 4100000 4199999 129
nn24 4200000 4299999 167
nn24 4300000 4399999 317
nn24 4400000 4499999 82
nn24 4500000 4599999 141
nn24 4600000 4699999 149
nn24 4700000 4799999 916
nn24 4800000 4899999 93
nn24 4900000 4999999 219
nn24 5000000 5099999 223
nn24 5100000 5199999 131
nn24 5200000 5299999 94
nn24 5300000 5399999 126
nn24 5400000 5499999 104
nn24 5500000 5599999 472
nn24 5600000 5699999 81
nn24 5700000 5799999 69
nn24 5800000 5899999 44
nn24 5900000 5999999 103
nn24 6000000 6099999 107
nn24 6100000 6199999 419
nn24 6200000 6299999 213
nn24 6300000 6399999 454
nn24 6400000 6499999 0
nn24 6500000 6599999 0
nn24 6600000 6699999 0
nn24 6700000 6799999 0
nn24 6800000 6899999 0
nn24 6900000 6998170 21
nn25 0 99999 326
nn25 100000 199999 23
nn25 200000 299999 179
nn25 300000 399999 174
nn25 400000 499999 498
nn25 500000 599999 284
nn25 600000 699999 0
nn25 700000 799999 403
nn25 800000 899999 434
nn25 900000 999999 0
nn25 1000000 1099999 442
nn25 1100000 1199999 522
nn25 1200000 1299999 421
nn25 1300000 1399999 829
nn25 1400000 1499999 156
nn25 1500000 1599999 208
nn25 1600000 1699999 170
nn25 1700000 1799999 141
nn25 1800000 1899999 421
nn25 1900000 1999999 172
nn25 2000000 2099999 298
nn25 2100000 2199999 20
nn25 2200000 2299999 360
nn25 2300000 2399999 755
nn25 2400000 2499999 233
nn25 2500000 2599999 155
nn25 2600000 2699999 323
nn25 2700000 2799999 28
nn25 2800000 2899999 207
nn25 2900000 2999999 0
nn25 3000000 3099999 48
nn25 3100000 3199999 361
nn25 3200000 3299999 342
nn25 3300000 3399999 99
nn25 3400000 3499999 675
nn25 3500000 3599999 322
nn25 3600000 3699999 177
nn25 3700000 3799999 112
nn25 3800000 3899999 141
nn25 3900000 3999999 369
nn25 4000000 4099999 0
nn25 4100000 4199999 0
nn25 4200000 4299999 0
nn25 4300000 4333314 0
nn26 0 99999 168
nn26 100000 199999 181
nn26 200000 299999 126
nn26 300000 399999 76
nn26 400000 499999 82
nn26 500000 599999 31
nn26 600000 699999 319
nn26 700000 799999 93
nn26 800000 899999 143
nn26 900000 999999 22
nn26 1000000 1099999 0
nn26 1100000 1199999 198
nn26 1200000 1299999 93
nn26 1300000 1399999 321
nn26 1400000 1499999 116
nn26 1500000 1599999 177
nn26 1600000 1699999 153
nn26 1700000 1799999 167
nn26 1800000 1899999 103
nn26 1900000 1999999 120
nn26 2000000 2099999 614
nn26 2100000 2199999 210
nn26 2200000 2299999 115
nn26 2300000 2399999 130
nn26 2400000 2499999 185
nn26 2500000 2599999 44
nn26 2600000 2699999 159
nn26 2700000 2799999 91
nn26 2800000 2899999 150
nn26 2900000 2999999 98
nn26 3000000 3099999 320
nn26 3100000 3199999 375
nn26 3200000 3299999 71
nn26 3300000 3399999 21
nn26 3400000 3499999 444
nn26 3500000 3599999 120
nn26 3600000 3699999 638
nn26 3700000 3799999 31
nn26 3800000 3899999 67
nn26 3900000 3999999 68
nn26 4000000 4099999 186
nn26 4100000 4199999 167
nn26 4200000 4299999 87
nn26 4300000 4399999 22
nn26 4400000 4499999 516
nn26 4500000 4599999 857
nn26 4600000 4699999 88
nn26 4700000 4799999 130
nn26 4800000 4899999 530
nn26 4900000 4999999 391
nn26 5000000 5099999 274
nn26 5100000 5199999 129
nn26 5200000 5299999 358
nn26 5300000 5399999 296
nn26 5400000 5499999 0
nn26 5500000 5599999 0
nn26 5600000 5699999 0
nn26 5700000 5799999 0
nn26 5800000 5899999 0
nn26 5900000 5993406 0
nn27 0 99999 64
nn27 100000 199999 122
nn27 200000 299999 62
nn27 300000 399999 61
nn27 400000 499999 79
nn27 500000 599999 0
nn27 600000 699999 50
nn27 700000 799999 80
nn27 800000 899999 373
nn27 900000 999999 170
nn27 1000000 1099999 740
nn27 1100000 1199999 180
nn27 1200000 1299999 569
nn27 1300000 1399999 226
nn27 1400000 1499999 467
nn27 1500000 1599999 322
nn27 1600000 1699999 432
nn27 1700000 1799999 1978
nn27 1800000 1899999 2312
nn27 1900000 1999999 328
nn27 2000000 2099999 81
nn27 2100000 2199999 571
nn27 2200000 2299999 67
nn27 2300000 2399999 122
nn27 2400000 2499999 341
nn27 2500000 2599999 375
nn27 2600000 2699999 244
nn27 2700000 2799999 305
nn27 2800000 2899999 57
nn27 2900000 2999999 114
nn27 3000000 3099999 36
nn27 3100000 3199999 96
nn27 3200000 3299999 246
nn27 3300000 3399999 222
nn27 3400000 3499999 57
nn27 3500000 3599999 47
nn27 3600000 3699999 105
nn27 3700000 3799999 474
nn27 3800000 3899999 214
nn27 3900000 3999999 544
nn27 4000000 4099999 147
nn27 4100000 4199999 520
nn27 4200000 4299999 26
nn27 4300000 4399999 49
nn27 4400000 4499999 21
nn27 4500000 4599999 261
nn27 4600000 4699999 105
nn27 4700000 4799999 253
nn27 4800000 4899999 40
nn27 4900000 4999999 52
nn27 5000000 5099999 86
nn27 5100000 5199999 103
nn27 5200000 5299999 28
nn27 5300000 5399999 140
nn27 5400000 5499999 379
nn27 5500000 5599999 253
nn27 5600000 5699999 105
nn27 5700000 5799999 77
nn27 5800000 5899999 0
nn27 5900000 5999999 0
nn27 6000000 6099999 0
nn27 6100000 6199999 0
nn27 6200000 6242314 0
nn28 0 99999 144
nn28 100000 199999 79
nn28 200000 299999 390
nn28 300000 399999 282
nn28 400000 499999 247
nn28 500000 599999 328
nn28 600000 699999 117
nn28 700000 799999 63
nn28 800000 899999 26
nn28 900000 999999 84
nn28 1000000 1099999 257
nn28 1100000 1199999 306
nn28 1200000 1299999 50
nn28 1300000 1399999 214
nn28 1400000 1499999 177
nn28 1500000 1599999 216
nn28 1600000 1699999 174
nn28 1700000 1799999 33
nn28 1800000 1899999 308
nn28 1900000 1999999 254
nn28 2000000 2099999 108
nn28 2100000 2199999 184
nn28 2200000 2299999 96
nn28 2300000 2399999 82
nn28 2400000 2499999 158
nn28 2500000 2599999 705
nn28 2600000 2699999 1437
nn28 2700000 2799999 832
nn28 2800000 2899999 257
nn28 2900000 2999999 284
nn28 3000000 3099999 924
nn28 3100000 3199999 315
nn28 3200000 3299999 172
nn28 3300000 3399999 121
nn28 3400000 3499999 184
nn28 3500000 3599999 440
nn28 3600000 3699999 93
nn28 3700000 3799999 442
nn28 3800000 3899999 734
nn28 3900000 3999999 278
nn28 4000000 4099999 314
nn28 4100000 4199999 1134
nn28 4200000 4299999 234
nn28 4300000 4399999 424
nn28 4400000 4499999 20
nn28 4500000 4599999 109
nn28 4600000 4699999 289
nn28 4700000 4799999 202
nn28 4800000 4899999 469
nn28 4900000 4999999 23
nn28 5000000 5099999 0
nn28 5100000 5199999 0
nn28 5200000 5299999 0
nn28 5300000 5399999 0
nn28 5400000 5499999 0
nn28 5500000 5598070 0
nn29 0 99999 43
nn29 100000 199999 86
nn29 200000 299999 300
nn29 300000 399999 827
nn29 400000 499999 284
nn29 500000 599999 83
nn29 600000 699999 405
nn29 700000 799999 576
nn29 800000 899999 517
nn29 900000 999999 1125
nn29 1000000 1099999 121
nn29 1100000 1199999 937
nn29 1200000 1299999 976
nn29 1300000 1399999 1204
nn29 1400000 1499999 105
nn29 1500000 1599999 91
nn29 1600000 1699999 889
nn29 1700000 1799999 494
nn29 1800000 1899999 380
nn29 1900000 1999999 437
nn29 2000000 2099999 81
nn29 2100000 2199999 728
nn29 2200000 2299999 906
nn29 2300000 2399999 615
nn29 2400000 2499999 128
nn29 2500000 2599999 1615
nn29 2600000 2699999 642
nn29 2700000 2799999 1406
nn29 2800000 2899999 1163
nn29 2900000 2999999 700
nn29 3000000 3099999 977
nn29 3100000 3199999 511
nn29 3200000 3299999 104
nn29 3300000 3399999 673
nn29 3400000 3499999 179
nn29 3500000 3502936 0
nn30 0 99999 169
nn30 100000 199999 121
nn30 200000 299999 537
nn30 300000 399999 533
nn30 400000 499999 151
nn30 500000 599999 666
nn30 600000 699999 983
nn30 700000 799999 387
nn30 800000 899999 308
nn30 900000 999999 278
nn30 1000000 1099999 460
nn30 1100000 1199999 444
nn30 1200000 1299999 461
nn30 1300000 1399999 414
nn30 1400000 1499999 947
nn30 1500000 1599999 545
nn30 1600000 1699999 1795
nn30 1700000 1799999 315
nn30 1800000 1899999 0
nn30 1900000 1999999 0
nn30 2000000 2072913 0
nn31 0 99999 109
nn31 100000 199999 62
nn31 200000 299999 48
nn31 300000 399999 1297
nn31 400000 499999 177
nn31 500000 599999 1089
nn31 600000 699999 270
nn31 700000 799999 146
nn31 800000 899999 249
nn31 900000 999999 218
nn31 1000000 1099999 324
nn31 1100000 1199999 320
nn31 1200000 1299999 586
nn31 1300000 1399999 28
nn31 1400000 1499999 816
nn31 1500000 1599999 146
nn31 1600000 1699999 92
nn31 1700000 1799999 107
nn31 1800000 1899999 472
nn31 1900000 1999999 780
nn31 2000000 2099999 0
nn31 2100000 2199999 0
nn31 2200000 2299999 0
nn31 2300000 2399999 0
nn31 2400000 2403615 0
nn32 0 99999 104
nn32 100000 199999 206
nn32 200000 299999 459
nn32 300000 399999 136
nn32 400000 499999 557
nn32 500000 599999 346
nn32 600000 699999 649
nn32 700000 799999 945
nn32 800000 899999 818
nn32 900000 999999 532
nn32 1000000 1099999 788
nn32 1100000 1199999 207
nn32 1200000 1299999 112
nn32 1300000 1399999 227
nn32 1400000 1499999 31
nn32 1500000 1599999 263
nn32 1600000 1699999 130
nn32 1700000 1799999 300
nn32 1800000 1899999 80
nn32 1900000 1999999 351
nn32 2000000 2099999 402
nn32 2100000 2199999 415
nn32 2200000 2299999 450
nn32 2300000 2399999 281
nn32 2400000 2499999 218
nn32 2500000 2599999 0
nn32 2600000 2699999 0
nn32 2700000 2799999 21
nn32 2800000 2803647 0
nn33 0 99999 281
nn33 100000 199999 124
nn33 200000 299999 153
nn33 300000 399999 285
nn33 400000 499999 196
nn33 500000 599999 437
nn33 600000 699999 659
nn33 700000 799999 121
nn33 800000 899999 74
nn33 900000 999999 46
nn33 1000000 1099999 445
nn33 1100000 1199999 115
nn33 1200000 1299999 1440
nn33 1300000 1399999 3004
nn33 1400000 1499999 311
nn33 1500000 1599999 554
nn33 1600000 1699999 166
nn33 1700000 1799999 292
nn33 1800000 1899999 68
nn33 1900000 1999999 136
nn33 2000000 2099999 350
nn33 2100000 2199999 123
nn33 2200000 2299999 192
nn33 2300000 2399999 237
nn33 2400000 2499999 224
nn33 2500000 2599999 251
nn33 2600000 2699999 425
nn33 2700000 2799999 638
nn33 2800000 2899999 508
nn33 2900000 2999999 260
nn33 3000000 3099999 0
nn33 3100000 3199999 0
nn33 3200000 3299999 0
nn33 3300000 3399999 0
nn33 3400000 3483575 0
nn34 0 99999 46
nn34 100000 199999 48
nn34 200000 299999 142
nn34 300000 399999 362
nn34 400000 499999 322
nn34 500000 599999 169
nn34 600000 699999 631
nn34 700000 799999 26
nn34 800000 899999 77
nn34 900000 999999 21
nn34 1000000 1099999 48
nn34 1100000 1199999 51
nn34 1200000 1299999 90
nn34 1300000 1399999 321
nn34 1400000 1499999 207
nn34 1500000 1599999 103
nn34 1600000 1699999 0
nn34 1700000 1799999 0
nn34 1800000 1899999 0
nn34 1900000 1999999 0
nn34 2000000 2037436 20
nn35 0 99999 198
nn35 100000 199999 271
nn35 200000 299999 180
nn35 300000 399999 148
nn35 400000 499999 28
nn35 500000 599999 53
nn35 600000 699999 0
nn35 700000 799999 47
nn35 800000 899999 1425
nn35 900000 999999 296
nn35 1000000 1099999 118
nn35 1100000 1199999 53
nn35 1200000 1299999 41
nn35 1300000 1399999 851
nn35 1400000 1499999 147
nn35 1500000 1599999 285
nn35 1600000 1699999 0
nn35 1700000 1799999 0
nn35 1800000 1899999 0
nn35 1900000 1948696 20
nn36 0 99999 1342
nn36 100000 199999 92
nn36 200000 299999 21
nn36 300000 399999 585
nn36 400000 499999 23
nn36 500000 599999 56
nn36 600000 699999 96
nn36 700000 799999 222
nn36 800000 899999 36
nn36 900000 999999 105
nn36 1000000 1099999 125
nn36 1100000 1199999 30
nn36 1200000 1299999 76
nn36 1300000 1399999 154
nn36 1400000 1499999 160
nn36 1500000 1599999 0
nn36 1600000 1648179 0
nn37 0 99999 663
nn37 100000 199999 385
nn37 200000 299999 332
nn37 300000 399999 690
nn37 400000 499999 133
nn37 500000 599999 155
nn37 600000 699999 193
nn37 700000 799999 135
nn37 800000 899999 50
nn37 900000 999999 0
nn37 1000000 1099999 204
nn37 1100000 1199999 539
nn37 1200000 1299999 555
nn37 1300000 1399999 583
nn37 1400000 1499999 514
nn37 1500000 1599999 0
nn37 1600000 1699999 0
nn37 1700000 1799999 0
nn37 1800000 1899999 0
nn37 1900000 1903433 0
nn38 0 99999 29
nn38 100000 199999 241
nn38 200000 299999 105
nn38 300000 399999 148
nn38 400000 499999 83
nn38 500000 599999 698
nn38 600000 699999 64
nn38 700000 799999 97
nn38 800000 899999 103
nn38 900000 999999 0
nn38 1000000 1099999 0
nn38 1100000 1199999 0
nn38 1200000 1299999 0
nn38 1300000 1399999 0
nn38 1400000 1499999 659
nn38 1500000 1599999 0
nn38 1600000 1699999 20
nn38 1700000 1799999 0
nn38 1800000 1899999 0
nn38 1900000 1999999 0
nn38 2000000 2099999 0
nn38 2100000 2199999 0
nn38 2200000 2229092 0
nnZ 0 99999 839
nnZ 100000 199999 23
nnZ 200000 299999 259
nnZ 300000 399999 567
nnZ 400000 499999 177
nnZ 500000 599999 20
nnZ 600000 699999 20
nnZ 700000 799999 113
nnZ 800000 899999 1237
nnZ 900000 999999 118
nnZ 1000000 1099999 470
nnZ 1100000 1199999 137
nnZ 1200000 1299999 157
nnZ 1300000 1399999 142
nnZ 1400000 1499999 0
nnZ 1500000 1599999 688
nnZ 1600000 1699999 155
nnZ 1700000 1799999 172
nnZ 1800000 1899999 77
nnZ 1900000 1999999 131
nnZ 2000000 2099999 250
nnZ 2100000 2199999 36
nnZ 2200000 2299999 168
nnZ 2300000 2399999 38
nnZ 2400000 2499999 218
nnZ 2500000 2599999 174
nnZ 2600000 2699999 845
nnZ 2700000 2799999 107
nnZ 2800000 2899999 132
nnZ 2900000 2999999 117
nnZ 3000000 3099999 93
nnZ 3100000 3199999 104
nnZ 3200000 3299999 88
nnZ 3300000 3399999 132
nnZ 3400000 3499999 128
nnZ 3500000 3599999 139
nnZ 3600000 3699999 154
nnZ 3700000 3799999 64
nnZ 3800000 3899999 103
nnZ 3900000 3999999 485
nnZ 4000000 4099999 1139
nnZ 4100000 4199999 277
nnZ 4200000 4299999 527
nnZ 4300000 4399999 296
nnZ 4400000 4499999 278
nnZ 4500000 4599999 280
nnZ 4600000 4699999 279
nnZ 4700000 4799999 172
nnZ 4800000 4899999 157
nnZ 4900000 4999999 226
nnZ 5000000 5099999 103
nnZ 5100000 5199999 173
nnZ 5200000 5299999 116
nnZ 5300000 5399999 1074
nnZ 5400000 5499999 596
nnZ 5500000 5599999 193
nnZ 5600000 5699999 63
nnZ 5700000 5799999 264
nnZ 5800000 5899999 108
nnZ 5900000 5999999 435
nnZ 6000000 6099999 492
nnZ 6100000 6199999 103
nnZ 6200000 6299999 680
nnZ 6300000 6399999 780
nnZ 6400000 6499999 54
nnZ 6500000 6599999 45
nnZ 6600000 6699999 138
nnZ 6700000 6799999 305
nnZ 6800000 6899999 211
nnZ 6900000 6999999 1274
nnZ 7000000 7099999 274
nnZ 7100000 7199999 274
nnZ 7200000 7299999 1577
nnZ 7300000 7399999 352
nnZ 7400000 7499999 1121
nnZ 7500000 7599999 385
nnZ 7600000 7699999 947
nnZ 7700000 7799999 973
nnZ 7800000 7899999 324
nnZ 7900000 7999999 965
nnZ 8000000 8099999 602
nnZ 8100000 8199999 723
nnZ 8200000 8299999 591
nnZ 8300000 8399999 555
nnZ 8400000 8499999 881
nnZ 8500000 8599999 471
nnZ 8600000 8699999 415
nnZ 8700000 8799999 755
nnZ 8800000 8899999 257
nnZ 8900000 8999999 286
nnZ 9000000 9099999 604
nnZ 9100000 9199999 356
nnZ 9200000 9299999 602
nnZ 9300000 9399999 207
nnZ 9400000 9499999 192
nnZ 9500000 9599999 397
nnZ 9600000 9699999 530
nnZ 9700000 9799999 462
nnZ 9800000 9899999 748
nnZ 9900000 9999999 1281
nnZ 10000000 10099999 70
nnZ 10100000 10199999 157
nnZ 10200000 10299999 614
nnZ 10300000 10399999 192
nnZ 10400000 10499999 83
nnZ 10500000 10599999 101
nnZ 10600000 10699999 1714
nnZ 10700000 10799999 91
nnZ 10800000 10899999 204
nnZ 10900000 10999999 122
nnZ 11000000 11099999 330
nnZ 11100000 11199999 600
nnZ 11200000 11299999 558
nnZ 11300000 11399999 144
nnZ 11400000 11499999 834
nnZ 11500000 11599999 166
nnZ 11600000 11699999 216
nnZ 11700000 11799999 40
nnZ 11800000 11899999 174
nnZ 11900000 11999999 126
nnZ 12000000 12099999 280
nnZ 12100000 12199999 777
nnZ 12200000 12299999 126
nnZ 12300000 12399999 21
nnZ 12400000 12499999 112
nnZ 12500000 12599999 113
nnZ 12600000 12699999 152
nnZ 12700000 12799999 87
nnZ 12800000 12899999 478
nnZ 12900000 12999999 308
nnZ 13000000 13099999 136
nnZ 13100000 13199999 149
nnZ 13200000 13299999 503
nnZ 13300000 13399999 765
nnZ 13400000 13499999 184
nnZ 13500000 13599999 148
nnZ 13600000 13699999 183
nnZ 13700000 13799999 123
nnZ 13800000 13899999 138
nnZ 13900000 13999999 307
nnZ 14000000 14099999 331
nnZ 14100000 14199999 1805
nnZ 14200000 14299999 1145
nnZ 14300000 14399999 351
nnZ 14400000 14499999 273
nnZ 14500000 14599999 293
nnZ 14600000 14699999 582
nnZ 14700000 14799999 1045
nnZ 14800000 14899999 406
nnZ 14900000 14999999 918
nnZ 15000000 15099999 263
nnZ 15100000 15199999 1054
nnZ 15200000 15299999 193
nnZ 15300000 15399999 176
nnZ 15400000 15499999 73
nnZ 15500000 15599999 159
nnZ 15600000 15699999 507
nnZ 15700000 15799999 132
nnZ 15800000 15899999 95
nnZ 15900000 15999999 452
nnZ 16000000 16099999 364
nnZ 16100000 16199999 1060
nnZ 16200000 16299999 231
nnZ 16300000 16399999 670
nnZ 16400000 16499999 356
nnZ 16500000 16599999 639
nnZ 16600000 16699999 72
nnZ 16700000 16799999 223
nnZ 16800000 16899999 738
nnZ 16900000 16999999 138
nnZ 17000000 17099999 149
nnZ 17100000 17199999 118
nnZ 17200000 17299999 222
nnZ 17300000 17399999 515
nnZ 17400000 17499999 668
nnZ 17500000 17599999 786
nnZ 17600000 17699999 295
nnZ 17700000 17799999 213
nnZ 17800000 17899999 180
nnZ 17900000 17999999 307
nnZ 18000000 18099999 158
nnZ 18100000 18199999 1371
nnZ 18200000 18299999 438
nnZ 18300000 18399999 1211
nnZ 18400000 18499999 663
nnZ 18500000 18599999 378
nnZ 18600000 18699999 917
nnZ 18700000 18799999 170
nnZ 18800000 18899999 428
nnZ 18900000 18999999 578
nnZ 19000000 19099999 552
nnZ 19100000 19199999 726
nnZ 19200000 19299999 375
nnZ 19300000 19399999 386
nnZ 19400000 19499999 884
nnZ 19500000 19599999 1047
nnZ 19600000 19699999 350
nnZ 19700000 19799999 227
nnZ 19800000 19899999 0
nnZ 19900000 19999999 0
nnZ 20000000 20099999 293
nnZ 20100000 20199999 829
nnZ 20200000 20299999 648
nnZ 20300000 20399999 228
nnZ 20400000 20499999 97
nnZ 20500000 20599999 316
nnZ 20600000 20699999 543
nnZ 20700000 20799999 319
nnZ 20800000 20899999 374
nnZ 20900000 20999999 493
nnZ 21000000 21099999 1467
nnZ 21100000 21199999 518
nnZ 21200000 21299999 737
nnZ 21300000 21399999 204
nnZ 21400000 21499999 1168
nnZ 21500000 21599999 171
nnZ 21600000 21699999 411
nnZ 21700000 21799999 319
nnZ 21800000 21899999 896
nnZ 21900000 21999999 86
nnZ 22000000 22099999 158
nnZ 22100000 22199999 632
nnZ 22200000 22299999 344
nnZ 22300000 22399999 235
nnZ 22400000 22499999 140
nnZ 22500000 22599999 1064
nnZ 22600000 22699999 199
nnZ 22700000 22799999 99
nnZ 22800000 22899999 257
nnZ 22900000 22999999 223
nnZ 23000000 23099999 70
nnZ 23100000 23199999 186
nnZ 23200000 23299999 28
nnZ 23300000 23399999 336
nnZ 23400000 23499999 276
nnZ 23500000 23599999 381
nnZ 23600000 23699999 1493
nnZ 23700000 23799999 52
nnZ 23800000 23899999 128
nnZ 23900000 23999999 567
nnZ 24000000 24099999 468
nnZ 24100000 24199999 413
nnZ 24200000 24299999 288
nnZ 24300000 24399999 116
nnZ 24400000 24499999 122
nnZ 24500000 24599999 1221
nnZ 24600000 24699999 309
nnZ 24700000 24799999 185
nnZ 24800000 24899999 92
nnZ 24900000 24999999 465
nnZ 25000000 25099999 161
nnZ 25100000 25199999 186
nnZ 25200000 25299999 0
nnZ 25300000 25399999 22
nnZ 25400000 25499999 101
nnZ 25500000 25599999 202
nnZ 25600000 25699999 223
nnZ 25700000 25799999 0
nnZ 25800000 25899999 123
nnZ 25900000 25999999 166
nnZ 26000000 26099999 89
nnZ 26100000 26199999 682
nnZ 26200000 26299999 241
nnZ 26300000 26399999 995
nnZ 26400000 26499999 207
nnZ 26500000 26599999 41
nnZ 26600000 26699999 1043
nnZ 26700000 26799999 823
nnZ 26800000 26899999 860
nnZ 26900000 26999999 228
nnZ 27000000 27099999 248
nnZ 27100000 27199999 734
nnZ 27200000 27299999 237
nnZ 27300000 27399999 710
nnZ 27400000 27499999 1040
nnZ 27500000 27599999 192
nnZ 27600000 27699999 310
nnZ 27700000 27799999 501
nnZ 27800000 27899999 238
nnZ 27900000 27999999 281
nnZ 28000000 28099999 429
nnZ 28100000 28199999 344
nnZ 28200000 28299999 473
nnZ 28300000 28399999 342
nnZ 28400000 28499999 129
nnZ 28500000 28599999 1471
nnZ 28600000 28699999 425
nnZ 28700000 28799999 622
nnZ 28800000 28899999 324
nnZ 28900000 28999999 681
nnZ 29000000 29099999 384
nnZ 29100000 29199999 322
nnZ 29200000 29299999 1019
nnZ 29300000 29399999 736
nnZ 29400000 29499999 244
nnZ 29500000 29599999 339
nnZ 29600000 29699999 35
nnZ 29700000 29799999 670
nnZ 29800000 29899999 875
nnZ 29900000 29999999 275
nnZ 30000000 30099999 143
nnZ 30100000 30199999 241
nnZ 30200000 30299999 89
nnZ 30300000 30399999 173
nnZ 30400000 30499999 164
nnZ 30500000 30599999 255
nnZ 30600000 30699999 235
nnZ 30700000 30799999 177
nnZ 30800000 30899999 528
nnZ 30900000 30999999 457
nnZ 31000000 31099999 126
nnZ 31100000 31199999 249
nnZ 31200000 31299999 1684
nnZ 31300000 31399999 110
nnZ 31400000 31499999 66
nnZ 31500000 31599999 187
nnZ 31600000 31699999 56
nnZ 31700000 31799999 129
nnZ 31800000 31899999 177
nnZ 31900000 31999999 424
nnZ 32000000 32099999 0
nnZ 32100000 32199999 0
nnZ 32200000 32299999 512
nnZ 32300000 32399999 1072
nnZ 32400000 32499999 270
nnZ 32500000 32599999 285
nnZ 32600000 32699999 127
nnZ 32700000 32799999 201
nnZ 32800000 32899999 733
nnZ 32900000 32999999 257
nnZ 33000000 33099999 544
nnZ 33100000 33199999 1114
nnZ 33200000 33299999 288
nnZ 33300000 33399999 890
nnZ 33400000 33499999 1244
nnZ 33500000 33599999 110
nnZ 33600000 33699999 330
nnZ 33700000 33799999 101
nnZ 33800000 33899999 360
nnZ 33900000 33999999 93
nnZ 34000000 34099999 235
nnZ 34100000 34199999 175
nnZ 34200000 34299999 1065
nnZ 34300000 34399999 291
nnZ 34400000 34499999 65
nnZ 34500000 34599999 828
nnZ 34600000 34699999 244
nnZ 34700000 34799999 133
nnZ 34800000 34899999 219
nnZ 34900000 34999999 203
nnZ 35000000 35099999 146
nnZ 35100000 35199999 774
nnZ 35200000 35299999 584
nnZ 35300000 35399999 372
nnZ 35400000 35499999 219
nnZ 35500000 35599999 246
nnZ 35600000 35699999 1044
nnZ 35700000 35799999 282
nnZ 35800000 35899999 113
nnZ 35900000 35999999 200
nnZ 36000000 36099999 94
nnZ 36100000 36199999 195
nnZ 36200000 36299999 281
nnZ 36300000 36399999 1030
nnZ 36400000 36499999 343
nnZ 36500000 36599999 237
nnZ 36600000 36699999 242
nnZ 36700000 36799999 1437
nnZ 36800000 36899999 879
nnZ 36900000 36999999 289
nnZ 37000000 37099999 164
nnZ 37100000 37199999 538
nnZ 37200000 37299999 587
nnZ 37300000 37399999 662
nnZ 37400000 37499999 123
nnZ 37500000 37599999 671
nnZ 37600000 37699999 433
nnZ 37700000 37799999 705
nnZ 37800000 37899999 233
nnZ 37900000 37999999 105
nnZ 38000000 38099999 213
nnZ 38100000 38199999 156
nnZ 38200000 38299999 74
nnZ 38300000 38399999 146
nnZ 38400000 38499999 250
nnZ 38500000 38599999 129
nnZ 38600000 38699999 439
nnZ 38700000 38799999 70
nnZ 38800000 38899999 68
nnZ 38900000 38999999 175
nnZ 39000000 39099999 671
nnZ 39100000 39199999 176
nnZ 39200000 39299999 651
nnZ 39300000 39399999 70
nnZ 39400000 39499999 746
nnZ 39500000 39599999 135
nnZ 39600000 39699999 304
nnZ 39700000 39799999 180
nnZ 39800000 39899999 720
nnZ 39900000 39999999 93
nnZ 40000000 40099999 1334
nnZ 40100000 40199999 367
nnZ 40200000 40299999 414
nnZ 40300000 40399999 532
nnZ 40400000 40499999 197
nnZ 40500000 40599999 1058
nnZ 40600000 40699999 779
nnZ 40700000 40799999 633
nnZ 40800000 40899999 251
nnZ 40900000 40999999 594
nnZ 41000000 41099999 570
nnZ 41100000 41199999 574
nnZ 41200000 41299999 867
nnZ 41300000 41399999 766
nnZ 41400000 41499999 1037
nnZ 41500000 41599999 227
nnZ 41600000 41699999 1047
nnZ 41700000 41799999 244
nnZ 41800000 41899999 321
nnZ 41900000 41999999 243
nnZ 42000000 42099999 204
nnZ 42100000 42199999 260
nnZ 42200000 42299999 784
nnZ 42300000 42399999 183
nnZ 42400000 42499999 79
nnZ 42500000 42599999 303
nnZ 42600000 42699999 593
nnZ 42700000 42799999 152
nnZ 42800000 42899999 23
nnZ 42900000 42999999 253
nnZ 43000000 43099999 500
nnZ 43100000 43199999 631
nnZ 43200000 43299999 264
nnZ 43300000 43399999 1091
nnZ 43400000 43499999 438
nnZ 43500000 43599999 723
nnZ 43600000 43699999 359
nnZ 43700000 43799999 214
nnZ 43800000 43899999 100
nnZ 43900000 43999999 264
nnZ 44000000 44099999 482
nnZ 44100000 44199999 1043
nnZ 44200000 44299999 169
nnZ 44300000 44399999 139
nnZ 44400000 44499999 742
nnZ 44500000 44599999 46
nnZ 44600000 44699999 195
nnZ 44700000 44799999 111
nnZ 44800000 44899999 91
nnZ 44900000 44999999 105
nnZ 45000000 45099999 67
nnZ 45100000 45199999 384
nnZ 45200000 45299999 217
nnZ 45300000 45399999 106
nnZ 45400000 45499999 282
nnZ 45500000 45599999 117
nnZ 45600000 45699999 292
nnZ 45700000 45799999 60
nnZ 45800000 45899999 298
nnZ 45900000 45999999 113
nnZ 46000000 46099999 882
nnZ 46100000 46199999 496
nnZ 46200000 46299999 932
nnZ 46300000 46399999 430
nnZ 46400000 46499999 232
nnZ 46500000 46599999 88
nnZ 46600000 46699999 207
nnZ 46700000 46799999 223
nnZ 46800000 46899999 231
nnZ 46900000 46999999 605
nnZ 47000000 47099999 322
nnZ 47100000 47199999 1544
nnZ 47200000 47299999 70
nnZ 47300000 47399999 305
nnZ 47400000 47499999 20
nnZ 47500000 47599999 221
nnZ 47600000 47699999 157
nnZ 47700000 47799999 160
nnZ 47800000 47899999 1489
nnZ 47900000 47999999 968
nnZ 48000000 48099999 1347
nnZ 48100000 48199999 304
nnZ 48200000 48299999 187
nnZ 48300000 48399999 667
nnZ 48400000 48499999 684
nnZ 48500000 48599999 381
nnZ 48600000 48699999 1060
nnZ 48700000 48799999 549
nnZ 48800000 48899999 326
nnZ 48900000 48999999 353
nnZ 49000000 49099999 2087
nnZ 49100000 49199999 556
nnZ 49200000 49299999 873
nnZ 49300000 49399999 1310
nnZ 49400000 49499999 258
nnZ 49500000 49599999 475
nnZ 49600000 49699999 878
nnZ 49700000 49799999 884
nnZ 49800000 49899999 1720
nnZ 49900000 49999999 2213
nnZ 50000000 50099999 1018
nnZ 50100000 50199999 438
nnZ 50200000 50299999 1070
nnZ 50300000 50399999 357
nnZ 50400000 50499999 1057
nnZ 50500000 50599999 579
nnZ 50600000 50699999 373
nnZ 50700000 50799999 370
nnZ 50800000 50899999 509
nnZ 50900000 50999999 1320
nnZ 51000000 51099999 152
nnZ 51100000 51199999 71
nnZ 51200000 51299999 70
nnZ 51300000 51399999 247
nnZ 51400000 51499999 28
nnZ 51500000 51599999 431
nnZ 51600000 51699999 131
nnZ 51700000 51799999 154
nnZ 51800000 51899999 241
nnZ 51900000 51999999 176
nnZ 52000000 52099999 154
nnZ 52100000 52199999 0
nnZ 52200000 52299999 0
nnZ 52300000 52399999 149
nnZ 52400000 52499999 117
nnZ 52500000 52599999 342
nnZ 52600000 52699999 369
nnZ 52700000 52799999 124
nnZ 52800000 52899999 162
nnZ 52900000 52999999 52
nnZ 53000000 53099999 175
nnZ 53100000 53199999 267
nnZ 53200000 53299999 1146
nnZ 53300000 53399999 926
nnZ 53400000 53499999 2295
nnZ 53500000 53599999 94
nnZ 53600000 53699999 79
nnZ 53700000 53799999 107
nnZ 53800000 53899999 0
nnZ 53900000 53999999 45
nnZ 54000000 54099999 44
nnZ 54100000 54199999 239
nnZ 54200000 54299999 147
nnZ 54300000 54399999 111
nnZ 54400000 54499999 766
nnZ 54500000 54599999 234
nnZ 54600000 54699999 666
nnZ 54700000 54799999 1038
nnZ 54800000 54899999 148
nnZ 54900000 54999999 75
nnZ 55000000 55099999 973
nnZ 55100000 55199999 242
nnZ 55200000 55299999 510
nnZ 55300000 55399999 121
nnZ 55400000 55499999 1182
nnZ 55500000 55599999 80
nnZ 55600000 55699999 144
nnZ 55700000 55799999 93
nnZ 55800000 55899999 378
nnZ 55900000 55999999 228
nnZ 56000000 56099999 94
nnZ 56100000 56199999 65
nnZ 56200000 56299999 304
nnZ 56300000 56399999 116
nnZ 56400000 56499999 282
nnZ 56500000 56599999 921
nnZ 56600000 56699999 135
nnZ 56700000 56799999 206
nnZ 56800000 56899999 46
nnZ 56900000 56999999 326
nnZ 57000000 57099999 88
nnZ 57100000 57199999 96
nnZ 57200000 57299999 133
nnZ 57300000 57399999 441
nnZ 57400000 57499999 180
nnZ 57500000 57599999 243
nnZ 57600000 57699999 122
nnZ 57700000 57799999 82
nnZ 57800000 57899999 432
nnZ 57900000 57999999 525
nnZ 58000000 58099999 1020
nnZ 58100000 58199999 138
nnZ 58200000 58299999 138
nnZ 58300000 58399999 147
nnZ 58400000 58499999 212
nnZ 58500000 58599999 106
nnZ 58600000 58699999 102
nnZ 58700000 58799999 169
nnZ 58800000 58899999 158
nnZ 58900000 58999999 188
nnZ 59000000 59099999 133
nnZ 59100000 59199999 125
nnZ 59200000 59299999 93
nnZ 59300000 59399999 667
nnZ 59400000 59499999 104
nnZ 59500000 59599999 238
nnZ 59600000 59699999 722
nnZ 59700000 59799999 249
nnZ 59800000 59899999 230
nnZ 59900000 59999999 765
nnZ 60000000 60099999 66
nnZ 60100000 60199999 98
nnZ 60200000 60299999 112
nnZ 60300000 60399999 245
nnZ 60400000 60499999 555
nnZ 60500000 60599999 131
nnZ 60600000 60699999 221
nnZ 60700000 60799999 96
nnZ 60800000 60899999 44
nnZ 60900000 60999999 410
nnZ 61000000 61099999 300
nnZ 61100000 61199999 415
nnZ 61200000 61299999 241
nnZ 61300000 61399999 1262
nnZ 61400000 61499999 249
nnZ 61500000 61599999 255
nnZ 61600000 61699999 341
nnZ 61700000 61799999 206
nnZ 61800000 61899999 978
nnZ 61900000 61999999 117
nnZ 62000000 62099999 163
nnZ 62100000 62199999 79
nnZ 62200000 62299999 134
nnZ 62300000 62399999 297
nnZ 62400000 62499999 162
nnZ 62500000 62599999 89
nnZ 62600000 62699999 321
nnZ 62700000 62799999 158
nnZ 62800000 62899999 74
nnZ 62900000 62999999 140
nnZ 63000000 63099999 68
nnZ 63100000 63199999 535
nnZ 63200000 63299999 268
nnZ 63300000 63399999 204
nnZ 63400000 63499999 193
nnZ 63500000 63599999 1023
nnZ 63600000 63699999 443
nnZ 63700000 63799999 170
nnZ 63800000 63899999 136
nnZ 63900000 63999999 201
nnZ 64000000 64099999 474
nnZ 64100000 64199999 733
nnZ 64200000 64299999 516
nnZ 64300000 64399999 747
nnZ 64400000 64499999 808
nnZ 64500000 64599999 324
nnZ 64600000 64699999 437
nnZ 64700000 64799999 356
nnZ 64800000 64899999 285
nnZ 64900000 64999999 264
nnZ 65000000 65099999 145
nnZ 65100000 65199999 229
nnZ 65200000 65299999 255
nnZ 65300000 65399999 145
nnZ 65400000 65499999 100
nnZ 65500000 65599999 673
nnZ 65600000 65699999 308
nnZ 65700000 65799999 628
nnZ 65800000 65899999 303
nnZ 65900000 65999999 145
nnZ 66000000 66099999 541
nnZ 66100000 66199999 120
nnZ 66200000 66299999 877
nnZ 66300000 66399999 135
nnZ 66400000 66499999 225
nnZ 66500000 66599999 455
nnZ 66600000 66699999 91
nnZ 66700000 66799999 384
nnZ 66800000 66899999 187
nnZ 66900000 66999999 804
nnZ 67000000 67099999 723
nnZ 67100000 67199999 197
nnZ 67200000 67299999 637
nnZ 67300000 67399999 335
nnZ 67400000 67499999 80
nnZ 67500000 67599999 508
nnZ 67600000 67699999 185
nnZ 67700000 67799999 143
nnZ 67800000 67899999 399
nnZ 67900000 67999999 588
nnZ 68000000 68099999 127
nnZ 68100000 68199999 192
nnZ 68200000 68299999 94
nnZ 68300000 68399999 180
nnZ 68400000 68499999 190
nnZ 68500000 68599999 697
nnZ 68600000 68699999 325
nnZ 68700000 68799999 156
nnZ 68800000 68899999 450
nnZ 68900000 68999999 100
nnZ 69000000 69099999 436
nnZ 69100000 69199999 115
nnZ 69200000 69299999 246
nnZ 69300000 69399999 105
nnZ 69400000 69499999 202
nnZ 69500000 69599999 53
nnZ 69600000 69699999 92
nnZ 69700000 69799999 55
nnZ 69800000 69899999 851
nnZ 69900000 69999999 111
nnZ 70000000 70099999 193
nnZ 70100000 70199999 230
nnZ 70200000 70299999 96
nnZ 70300000 70399999 457
nnZ 70400000 70499999 163
nnZ 70500000 70599999 65
nnZ 70600000 70699999 30
nnZ 70700000 70799999 76
nnZ 70800000 70899999 246
nnZ 70900000 70999999 231
nnZ 71000000 71099999 80
nnZ 71100000 71199999 26
nnZ 71200000 71299999 100
nnZ 71300000 71399999 336
nnZ 71400000 71499999 246
nnZ 71500000 71599999 352
nnZ 71600000 71699999 383
nnZ 71700000 71799999 173
nnZ 71800000 71899999 84
nnZ 71900000 71999999 57
nnZ 72000000 72099999 120
nnZ 72100000 72199999 259
nnZ 72200000 72299999 0
nnZ 72300000 72399999 68
nnZ 72400000 72499999 21
nnZ 72500000 72599999 34
nnZ 72600000 72699999 161
nnZ 72700000 72799999 377
nnZ 72800000 72899999 962
nnZ 72900000 72999999 113
nnZ 73000000 73099999 548
nnZ 73100000 73199999 821
nnZ 73200000 73299999 318
nnZ 73300000 73399999 474
nnZ 73400000 73499999 798
nnZ 73500000 73599999 592
nnZ 73600000 73699999 720
nnZ 73700000 73799999 993
nnZ 73800000 73899999 1753
nnZ 73900000 73999999 1615
nnZ 74000000 74099999 1053
nnZ 74100000 74199999 1256
nnZ 74200000 74299999 1502
nnZ 74300000 74399999 1081
nnZ 74400000 74499999 778
nnZ 74500000 74599999 1906
nnZ 74600000 74699999 410
nnZ 74700000 74799999 1578
nnZ 74800000 74899999 946
nnZ 74900000 74999999 1230
nnZ 75000000 75099999 1760
nnZ 75100000 75199999 1903
nnZ 75200000 75299999 1540
nnZ 75300000 75399999 1301
nnZ 75400000 75499999 1945
nnZ 75500000 75599999 918
nnZ 75600000 75699999 1145
nnZ 75700000 75799999 1257
nnZ 75800000 75899999 300
nnZ 75900000 75999999 935
nnZ 76000000 76099999 731
nnZ 76100000 76199999 1653
nnZ 76200000 76299999 1521
nnZ 76300000 76399999 483
nnZ 76400000 76499999 1131
nnZ 76500000 76599999 711
nnZ 76600000 76699999 660
nnZ 76700000 76799999 1958
nnZ 76800000 76899999 1756
nnZ 76900000 76999999 1405
nnZ 77000000 77099999 334
nnZ 77100000 77199999 917
nnZ 77200000 77299999 464
nnZ 77300000 77399999 1235
nnZ 77400000 77499999 362
nnZ 77500000 77599999 438
nnZ 77600000 77699999 117
nnZ 77700000 77799999 276
nnZ 77800000 77899999 877
nnZ 77900000 77999999 316
nnZ 78000000 78099999 73
nnZ 78100000 78199999 1500
nnZ 78200000 78299999 1352
nnZ 78300000 78399999 135
nnZ 78400000 78499999 778
nnZ 78500000 78599999 196
nnZ 78600000 78699999 408
nnZ 78700000 78799999 104
nnZ 78800000 78899999 835
nnZ 78900000 78999999 804
nnZ 79000000 79099999 121
nnZ 79100000 79199999 24
nnZ 79200000 79299999 64
nnZ 79300000 79399999 48
nnZ 79400000 79499999 917
nnZ 79500000 79599999 494
nnZ 79600000 79699999 1045
nnZ 79700000 79799999 254
nnZ 79800000 79899999 463
nnZ 79900000 79999999 2418
nnZ 80000000 80099999 79
nnZ 80100000 80199999 317
nnZ 80200000 80299999 28
nnZ 80300000 80399999 1303
nnZ 80400000 80499999 924
nnZ 80500000 80599999 1630
nnZ 80600000 80699999 2456
nnZ 80700000 80799999 6641
nnZ 80800000 80899999 3715
nnZ 80900000 80999999 5378
nnZ 81000000 81099999 1905
nnZ 81100000 81199999 95
nnZ 81200000 81201839 37
nnW 0 99999 0
nnW 100000 199999 476
nnW 200000 299999 110
nnW 300000 399999 3626
nnW 400000 499999 124
nnW 500000 599999 156
nnW 600000 699999 67
nnW 700000 799999 45
nnW 800000 899999 45
nnW 900000 999999 140
nnW 1000000 1099999 6747
nnW 1100000 1199999 697
nnW 1200000 1299999 62
nnW 1300000 1399999 0
nnW 1400000 1499999 69
nnW 1500000 1599999 101
nnW 1600000 1699999 3359
nnW 1700000 1799999 362
nnW 1800000 1899999 116
nnW 1900000 1999999 205
nnW 2000000 2099999 63
nnW 2100000 2199999 7262
nnW 2200000 2299999 58
nnW 2300000 2399999 118
nnW 2400000 2499999 176
nnW 2500000 2599999 24
nnW 2600000 2699999 0
nnW 2700000 2799999 142
nnW 2800000 2899999 163
nnW 2900000 2999999 48
nnW 3000000 3099999 3638
nnW 3100000 3199999 103
nnW 3200000 3299999 47
nnW 3300000 3399999 81
nnW 3400000 3499999 111
nnW 3500000 3599999 92
nnW 3600000 3699999 54
nnW 3700000 3799999 1053
nnW 3800000 3899999 50
nnW 3900000 3999999 150
nnW 4000000 4099999 0
nnW 4100000 4199999 128
nnW 4200000 4299999 118
nnW 4300000 4399999 83
nnW 4400000 4499999 199
nnW 4500000 4599999 126
nnW 4600000 4699999 166
nnW 4700000 4799999 159
nnW 4800000 4899999 31
nnW 4900000 4999999 103
nnW 5000000 5099999 74
nnW 5100000 5199999 0
nnW 5200000 5299999 61
nnW 5300000 5399999 0
nnW 5400000 5499999 0
nnW 5500000 5599999 0
nnW 5600000 5699999 0
nnW 5700000 5799999 29
nnW 5800000 5899999 0
nnW 5900000 5999999 168
nnW 6000000 6099999 0
nnW 6100000 6199999 0
nnW 6200000 6299999 0
nnW 6300000 6399999 0
nnW 6400000 6499999 125
nnW 6500000 6599999 0
nnW 6600000 6699999 50
nnW 6700000 6799999 0
nnW 6800000 6899999 0
nnW 6900000 6999999 0
nnW 7000000 7099999 0
nnW 7100000 7199999 26
nnW 7200000 7299999 0
nnW 7300000 7399999 0
nnW 7400000 7499999 0
nnW 7500000 7599999 0
nnW 7600000 7699999 50
nnW 7700000 7799999 0
nnW 7800000 7899999 51
nnW 7900000 7999999 189
nnW 8000000 8099999 0
nnW 8100000 8199999 0
nnW 8200000 8299999 20
nnW 8300000 8399999 279
nnW 8400000 8499999 26
nnW 8500000 8599999 138
nnW 8600000 8699999 21
nnW 8700000 8799999 73
nnW 8800000 8899999 143
nnW 8900000 8999999 50
nnW 9000000 9099999 194
nnW 9100000 9199999 213
nnW 9200000 9299999 46
nnW 9300000 9399999 3555
nnW 9400000 9499999 63
nnW 9500000 9599999 23
nnW 9600000 9699999 101
nnW 9700000 9799999 0
nnW 9800000 9899999 0
nnW 9900000 9999999 0
nnW 10000000 10099999 0
nnW 10100000 10199999 0
nnW 10200000 10299999 0
nnW 10300000 10399999 0
nnW 10400000 10499999 0
nnW 10500000 10599999 0
nnW 10600000 10699999 53
nnW 10700000 10799999 32
nnW 10800000 10899999 0
nnW 10900000 10999999 0
nnW 11000000 11099999 0
nnW 11100000 11199999 3992
nnW 11200000 11299999 1021
nnW 11300000 11399999 1681
nnW 11400000 11499999 1433
nnW 11500000 11599999 1923
nnW 11600000 11699999 0
nnW 11700000 11799999 0
nnW 11800000 11899999 0
nnW 11900000 11999999 0
nnW 12000000 12099999 0
nnW 12100000 12199999 110
nnW 12200000 12299999 78
nnW 12300000 12399999 0
nnW 12400000 12499999 0
nnW 12500000 12599999 0
nnW 12600000 12699999 0
nnW 12700000 12799999 0
nnW 12800000 12857327 0
