nn1 0 99999 103
nn1 100000 199999 106
nn1 200000 299999 83
nn1 300000 399999 136
nn1 400000 499999 164
nn1 500000 599999 117
nn1 600000 699999 92
nn1 700000 799999 128
nn1 800000 899999 78
nn1 900000 999999 91
nn1 1000000 1099999 111
nn1 1100000 1199999 581
nn1 1200000 1299999 40
nn1 1300000 1399999 159
nn1 1400000 1499999 127
nn1 1500000 1599999 128
nn1 1600000 1699999 82
nn1 1700000 1799999 110
nn1 1800000 1899999 210
nn1 1900000 1999999 144
nn1 2000000 2099999 55
nn1 2100000 2199999 163
nn1 2200000 2299999 201
nn1 2300000 2399999 147
nn1 2400000 2499999 2038
nn1 2500000 2599999 84
nn1 2600000 2699999 80
nn1 2700000 2799999 110
nn1 2800000 2899999 74
nn1 2900000 2999999 13
nn1 3000000 3099999 193
nn1 3100000 3199999 28
nn1 3200000 3299999 70
nn1 3300000 3399999 116
nn1 3400000 3499999 104
nn1 3500000 3599999 81
nn1 3600000 3699999 119
nn1 3700000 3799999 114
nn1 3800000 3899999 78
nn1 3900000 3999999 161
nn1 4000000 4099999 68
nn1 4100000 4199999 105
nn1 4200000 4299999 113
nn1 4300000 4399999 40
nn1 4400000 4499999 91
nn1 4500000 4599999 181
nn1 4600000 4699999 111
nn1 4700000 4799999 128
nn1 4800000 4899999 98
nn1 4900000 4999999 145
nn1 5000000 5099999 139
nn1 5100000 5199999 55
nn1 5200000 5299999 40
nn1 5300000 5399999 55
nn1 5400000 5499999 83
nn1 5500000 5599999 0
nn1 5600000 5699999 150
nn1 5700000 5799999 62
nn1 5800000 5899999 71
nn1 5900000 5999999 60
nn1 6000000 6099999 129
nn1 6100000 6199999 30
nn1 6200000 6299999 15
nn1 6300000 6399999 70
nn1 6400000 6499999 83
nn1 6500000 6599999 32
nn1 6600000 6699999 72
nn1 6700000 6799999 147
nn1 6800000 6899999 80
nn1 6900000 6999999 104
nn1 7000000 7099999 71
nn1 7100000 7199999 50
nn1 7200000 7299999 74
nn1 7300000 7399999 82
nn1 7400000 7499999 73
nn1 7500000 7599999 93
nn1 7600000 7699999 134
nn1 7700000 7799999 111
nn1 7800000 7899999 126
nn1 7900000 7999999 103
nn1 8000000 8099999 161
nn1 8100000 8199999 84
nn1 8200000 8299999 86
nn1 8300000 8399999 73
nn1 8400000 8499999 111
nn1 8500000 8599999 65
nn1 8600000 8699999 116
nn1 8700000 8799999 89
nn1 8800000 8899999 56
nn1 8900000 8999999 43
nn1 9000000 9099999 103
nn1 9100000 9199999 127
nn1 9200000 9299999 85
nn1 9300000 9399999 42
nn1 9400000 9499999 93
nn1 9500000 9599999 56
nn1 9600000 9699999 88
nn1 9700000 9799999 42
nn1 9800000 9899999 87
nn1 9900000 9999999 66
nn1 10000000 10099999 84
nn1 10100000 10199999 97
nn1 10200000 10299999 149
nn1 10300000 10399999 89
nn1 10400000 10499999 109
nn1 10500000 10599999 74
nn1 10600000 10699999 75
nn1 10700000 10799999 53
nn1 10800000 10899999 81
nn1 10900000 10999999 46
nn1 11000000 11099999 175
nn1 11100000 11199999 82
nn1 11200000 11299999 108
nn1 11300000 11399999 118
nn1 11400000 11499999 143
nn1 11500000 11599999 83
nn1 11600000 11699999 123
nn1 11700000 11799999 135
nn1 11800000 11899999 172
nn1 11900000 11999999 118
nn1 12000000 12099999 53
nn1 12100000 12199999 64
nn1 12200000 12299999 64
nn1 12300000 12399999 87
nn1 12400000 12499999 69
nn1 12500000 12599999 42
nn1 12600000 12699999 91
nn1 12700000 12799999 59
nn1 12800000 12899999 111
nn1 12900000 12999999 67
nn1 13000000 13099999 79
nn1 13100000 13199999 103
nn1 13200000 13299999 90
nn1 13300000 13399999 43
nn1 13400000 13499999 13
nn1 13500000 13599999 78
nn1 13600000 13699999 34
nn1 13700000 13799999 19
nn1 13800000 13899999 80
nn1 13900000 13999999 100
nn1 14000000 14099999 182
nn1 14100000 14199999 72
nn1 14200000 14299999 78
nn1 14300000 14399999 41
nn1 14400000 14499999 72
nn1 14500000 14599999 99
nn1 14600000 14699999 78
nn1 14700000 14799999 59
nn1 14800000 14899999 82
nn1 14900000 14999999 117
nn1 15000000 15099999 72
nn1 15100000 15199999 84
nn1 15200000 15299999 105
nn1 15300000 15399999 56
nn1 15400000 15499999 109
nn1 15500000 15599999 27
nn1 15600000 15699999 80
nn1 15700000 15799999 71
nn1 15800000 15899999 53
nn1 15900000 15999999 70
nn1 16000000 16099999 85
nn1 16100000 16199999 37
nn1 16200000 16299999 66
nn1 16300000 16399999 171
nn1 16400000 16499999 44
nn1 16500000 16599999 99
nn1 16600000 16699999 128
nn1 16700000 16799999 27
nn1 16800000 16899999 61
nn1 16900000 16999999 58
nn1 17000000 17099999 87
nn1 17100000 17199999 111
nn1 17200000 17299999 155
nn1 17300000 17399999 231
nn1 17400000 17499999 161
nn1 17500000 17599999 42
nn1 17600000 17699999 233
nn1 17700000 17799999 52
nn1 17800000 17899999 117
nn1 17900000 17999999 87
nn1 18000000 18099999 101
nn1 18100000 18199999 84
nn1 18200000 18299999 29
nn1 18300000 18399999 165
nn1 18400000 18499999 139
nn1 18500000 18599999 91
nn1 18600000 18699999 175
nn1 18700000 18799999 60
nn1 18800000 18899999 104
nn1 18900000 18999999 130
nn1 19000000 19099999 14
nn1 19100000 19199999 44
nn1 19200000 19299999 53
nn1 19300000 19399999 68
nn1 19400000 19499999 70
nn1 19500000 19599999 40
nn1 19600000 19699999 41
nn1 19700000 19799999 56
nn1 19800000 19899999 134
nn1 19900000 19999999 115
nn1 20000000 20099999 86
nn1 20100000 20199999 98
nn1 20200000 20299999 86
nn1 20300000 20399999 143
nn1 20400000 20499999 169
nn1 20500000 20599999 103
nn1 20600000 20699999 88
nn1 20700000 20799999 123
nn1 20800000 20899999 118
nn1 20900000 20999999 152
nn1 21000000 21099999 141
nn1 21100000 21199999 158
nn1 21200000 21299999 77
nn1 21300000 21399999 128
nn1 21400000 21499999 82
nn1 21500000 21599999 83
nn1 21600000 21699999 141
nn1 21700000 21799999 161
nn1 21800000 21899999 193
nn1 21900000 21999999 117
nn1 22000000 22099999 76
nn1 22100000 22199999 89
nn1 22200000 22299999 122
nn1 22300000 22399999 79
nn1 22400000 22499999 161
nn1 22500000 22599999 27
nn1 22600000 22699999 89
nn1 22700000 22799999 89
nn1 22800000 22899999 43
nn1 22900000 22999999 141
nn1 23000000 23099999 56
nn1 23100000 23199999 0
nn1 23200000 23299999 62
nn1 23300000 23399999 113
nn1 23400000 23499999 52
nn1 23500000 23599999 104
nn1 23600000 23699999 87
nn1 23700000 23799999 211
nn1 23800000 23899999 116
nn1 23900000 23999999 132
nn1 24000000 24099999 119
nn1 24100000 24199999 191
nn1 24200000 24299999 116
nn1 24300000 24399999 70
nn1 24400000 24499999 27
nn1 24500000 24599999 149
nn1 24600000 24699999 55
nn1 24700000 24799999 58
nn1 24800000 24899999 80
nn1 24900000 24999999 74
nn1 25000000 25099999 84
nn1 25100000 25199999 144
nn1 25200000 25299999 36
nn1 25300000 25399999 28
nn1 25400000 25499999 100
nn1 25500000 25599999 96
nn1 25600000 25699999 53
nn1 25700000 25799999 84
nn1 25800000 25899999 157
nn1 25900000 25999999 120
nn1 26000000 26099999 126
nn1 26100000 26199999 139
nn1 26200000 26299999 97
nn1 26300000 26399999 142
nn1 26400000 26499999 114
nn1 26500000 26599999 108
nn1 26600000 26699999 104
nn1 26700000 26799999 122
nn1 26800000 26899999 120
nn1 26900000 26999999 82
nn1 27000000 27099999 79
nn1 27100000 27199999 165
nn1 27200000 27299999 87
nn1 27300000 27399999 86
nn1 27400000 27499999 179
nn1 27500000 27599999 27
nn1 27600000 27699999 110
nn1 27700000 27799999 180
nn1 27800000 27899999 63
nn1 27900000 27999999 86
nn1 28000000 28099999 54
nn1 28100000 28199999 175
nn1 28200000 28299999 109
nn1 28300000 28399999 119
nn1 28400000 28499999 78
nn1 28500000 28599999 126
nn1 28600000 28699999 101
nn1 28700000 28799999 97
nn1 28800000 28899999 118
nn1 28900000 28999999 172
nn1 29000000 29099999 158
nn1 29100000 29199999 136
nn1 29200000 29299999 87
nn1 29300000 29399999 110
nn1 29400000 29499999 207
nn1 29500000 29599999 166
nn1 29600000 29699999 94
nn1 29700000 29799999 189
nn1 29800000 29899999 142
nn1 29900000 29999999 13
nn1 30000000 30099999 154
nn1 30100000 30199999 207
nn1 30200000 30299999 97
nn1 30300000 30399999 145
nn1 30400000 30499999 134
nn1 30500000 30599999 142
nn1 30600000 30699999 90
nn1 30700000 30799999 114
nn1 30800000 30899999 68
nn1 30900000 30999999 141
nn1 31000000 31099999 180
nn1 31100000 31199999 153
nn1 31200000 31299999 109
nn1 31300000 31399999 126
nn1 31400000 31499999 107
nn1 31500000 31599999 108
nn1 31600000 31699999 0
nn1 31700000 31799999 79
nn1 31800000 31899999 87
nn1 31900000 31999999 172
nn1 32000000 32099999 116
nn1 32100000 32199999 88
nn1 32200000 32299999 87
nn1 32300000 32399999 116
nn1 32400000 32499999 128
nn1 32500000 32599999 75
nn1 32600000 32699999 140
nn1 32700000 32799999 73
nn1 32800000 32899999 54
nn1 32900000 32999999 53
nn1 33000000 33099999 83
nn1 33100000 33199999 97
nn1 33200000 33299999 61
nn1 33300000 33399999 30
nn1 33400000 33499999 126
nn1 33500000 33599999 96
nn1 33600000 33699999 54
nn1 33700000 33799999 143
nn1 33800000 33899999 105
nn1 33900000 33999999 54
nn1 34000000 34099999 102
nn1 34100000 34199999 46
nn1 34200000 34299999 86
nn1 34300000 34399999 81
nn1 34400000 34499999 86
nn1 34500000 34599999 97
nn1 34600000 34699999 84
nn1 34700000 34799999 86
nn1 34800000 34899999 59
nn1 34900000 34999999 72
nn1 35000000 35099999 34
nn1 35100000 35199999 107
nn1 35200000 35299999 34
nn1 35300000 35399999 71
nn1 35400000 35499999 82
nn1 35500000 35599999 112
nn1 35600000 35699999 73
nn1 35700000 35799999 115
nn1 35800000 35899999 121
nn1 35900000 35999999 81
nn1 36000000 36099999 30
nn1 36100000 36199999 101
nn1 36200000 36299999 44
nn1 36300000 36399999 59
nn1 36400000 36499999 132
nn1 36500000 36599999 64
nn1 36600000 36699999 48
nn1 36700000 36799999 65
nn1 36800000 36899999 72
nn1 36900000 36999999 86
nn1 37000000 37099999 72
nn1 37100000 37199999 107
nn1 37200000 37299999 80
nn1 37300000 37399999 45
nn1 37400000 37499999 109
nn1 37500000 37599999 75
nn1 37600000 37699999 154
nn1 37700000 37799999 125
nn1 37800000 37899999 45
nn1 37900000 37999999 60
nn1 38000000 38099999 109
nn1 38100000 38199999 119
nn1 38200000 38299999 59
nn1 38300000 38399999 144
nn1 38400000 38499999 51
nn1 38500000 38599999 76
nn1 38600000 38699999 67
nn1 38700000 38799999 140
nn1 38800000 38899999 44
nn1 38900000 38999999 92
nn1 39000000 39099999 67
nn1 39100000 39199999 87
nn1 39200000 39299999 90
nn1 39300000 39399999 68
nn1 39400000 39499999 86
nn1 39500000 39599999 55
nn1 39600000 39699999 114
nn1 39700000 39799999 102
nn1 39800000 39899999 60
nn1 39900000 39999999 89
nn1 40000000 40099999 82
nn1 40100000 40199999 195
nn1 40200000 40299999 66
nn1 40300000 40399999 56
nn1 40400000 40499999 117
nn1 40500000 40599999 123
nn1 40600000 40699999 79
nn1 40700000 40799999 140
nn1 40800000 40899999 152
nn1 40900000 40999999 53
nn1 41000000 41099999 92
nn1 41100000 41199999 136
nn1 41200000 41299999 167
nn1 41300000 41399999 182
nn1 41400000 41499999 48
nn1 41500000 41599999 79
nn1 41600000 41699999 69
nn1 41700000 41799999 56
nn1 41800000 41899999 103
nn1 41900000 41999999 136
nn1 42000000 42099999 164
nn1 42100000 42199999 66
nn1 42200000 42299999 106
nn1 42300000 42399999 61
nn1 42400000 42499999 73
nn1 42500000 42599999 57
nn1 42600000 42699999 84
nn1 42700000 42799999 66
nn1 42800000 42899999 68
nn1 42900000 42999999 88
nn1 43000000 43099999 41
nn1 43100000 43199999 93
nn1 43200000 43299999 76
nn1 43300000 43399999 130
nn1 43400000 43499999 95
nn1 43500000 43599999 95
nn1 43600000 43699999 99
nn1 43700000 43799999 56
nn1 43800000 43899999 165
nn1 43900000 43999999 162
nn1 44000000 44099999 85
nn1 44100000 44199999 56
nn1 44200000 44299999 160
nn1 44300000 44399999 31
nn1 44400000 44499999 108
nn1 44500000 44599999 97
nn1 44600000 44699999 20
nn1 44700000 44799999 154
nn1 44800000 44899999 144
nn1 44900000 44999999 42
nn1 45000000 45099999 106
nn1 45100000 45199999 63
nn1 45200000 45299999 133
nn1 45300000 45399999 76
nn1 45400000 45499999 67
nn1 45500000 45599999 13
nn1 45600000 45699999 97
nn1 45700000 45799999 133
nn1 45800000 45899999 92
nn1 45900000 45999999 43
nn1 46000000 46099999 94
nn1 46100000 46199999 82
nn1 46200000 46299999 40
nn1 46300000 46399999 189
nn1 46400000 46499999 60
nn1 46500000 46599999 47
nn1 46600000 46699999 94
nn1 46700000 46799999 58
nn1 46800000 46899999 85
nn1 46900000 46999999 26
nn1 47000000 47099999 101
nn1 47100000 47199999 78
nn1 47200000 47299999 83
nn1 47300000 47399999 131
nn1 47400000 47499999 112
nn1 47500000 47599999 236
nn1 47600000 47699999 149
nn1 47700000 47799999 97
nn1 47800000 47899999 70
nn1 47900000 47999999 82
nn1 48000000 48099999 79
nn1 48100000 48199999 55
nn1 48200000 48299999 96
nn1 48300000 48399999 55
nn1 48400000 48499999 53
nn1 48500000 48599999 156
nn1 48600000 48699999 88
nn1 48700000 48799999 71
nn1 48800000 48899999 29
nn1 48900000 48999999 97
nn1 49000000 49099999 58
nn1 49100000 49199999 157
nn1 49200000 49299999 84
nn1 49300000 49399999 76
nn1 49400000 49499999 68
nn1 49500000 49599999 0
nn1 49600000 49699999 59
nn1 49700000 49799999 165
nn1 49800000 49899999 14
nn1 49900000 49999999 27
nn1 50000000 50099999 84
nn1 50100000 50199999 49
nn1 50200000 50299999 29
nn1 50300000 50399999 42
nn1 50400000 50499999 102
nn1 50500000 50599999 165
nn1 50600000 50699999 145
nn1 50700000 50799999 208
nn1 50800000 50899999 95
nn1 50900000 50999999 110
nn1 51000000 51099999 95
nn1 51100000 51199999 43
nn1 51200000 51299999 128
nn1 51300000 51399999 91
nn1 51400000 51499999 68
nn1 51500000 51599999 187
nn1 51600000 51699999 134
nn1 51700000 51799999 81
nn1 51800000 51899999 125
nn1 51900000 51999999 140
nn1 52000000 52099999 101
nn1 52100000 52199999 53
nn1 52200000 52299999 73
nn1 52300000 52399999 149
nn1 52400000 52499999 57
nn1 52500000 52599999 294
nn1 52600000 52699999 475
nn1 52700000 52799999 110
nn1 52800000 52899999 139
nn1 52900000 52999999 110
nn1 53000000 53099999 126
nn1 53100000 53199999 103
nn1 53200000 53299999 70
nn1 53300000 53399999 113
nn1 53400000 53499999 58
nn1 53500000 53599999 36
nn1 53600000 53699999 84
nn1 53700000 53799999 83
nn1 53800000 53899999 87
nn1 53900000 53999999 125
nn1 54000000 54099999 105
nn1 54100000 54199999 115
nn1 54200000 54299999 58
nn1 54300000 54399999 102
nn1 54400000 54499999 89
nn1 54500000 54599999 60
nn1 54600000 54699999 69
nn1 54700000 54799999 87
nn1 54800000 54899999 26
nn1 54900000 54999999 43
nn1 55000000 55099999 86
nn1 55100000 55199999 66
nn1 55200000 55299999 123
nn1 55300000 55399999 122
nn1 55400000 55499999 39
nn1 55500000 55599999 92
nn1 55600000 55699999 95
nn1 55700000 55799999 53
nn1 55800000 55899999 95
nn1 55900000 55999999 40
nn1 56000000 56099999 43
nn1 56100000 56199999 70
nn1 56200000 56299999 40
nn1 56300000 56399999 52
nn1 56400000 56499999 82
nn1 56500000 56599999 13
nn1 56600000 56699999 59
nn1 56700000 56799999 34
nn1 56800000 56899999 259
nn1 56900000 56999999 255
nn1 57000000 57099999 134
nn1 57100000 57199999 81
nn1 57200000 57299999 87
nn1 57300000 57399999 179
nn1 57400000 57499999 246
nn1 57500000 57599999 134
nn1 57600000 57699999 127
nn1 57700000 57799999 106
nn1 57800000 57899999 67
nn1 57900000 57999999 110
nn1 58000000 58099999 180
nn1 58100000 58199999 148
nn1 58200000 58299999 152
nn1 58300000 58399999 128
nn1 58400000 58499999 90
nn1 58500000 58599999 78
nn1 58600000 58699999 159
nn1 58700000 58799999 73
nn1 58800000 58899999 156
nn1 58900000 58999999 162
nn1 59000000 59099999 83
nn1 59100000 59199999 149
nn1 59200000 59299999 113
nn1 59300000 59399999 115
nn1 59400000 59499999 158
nn1 59500000 59599999 125
nn1 59600000 59699999 141
nn1 59700000 59799999 113
nn1 59800000 59899999 122
nn1 59900000 59999999 249
nn1 60000000 60099999 175
nn1 60100000 60199999 110
nn1 60200000 60299999 155
nn1 60300000 60399999 53
nn1 60400000 60499999 60
nn1 60500000 60599999 85
nn1 60600000 60699999 157
nn1 60700000 60799999 108
nn1 60800000 60899999 0
nn1 60900000 60999999 215
nn1 61000000 61099999 97
nn1 61100000 61199999 103
nn1 61200000 61299999 119
nn1 61300000 61399999 179
nn1 61400000 61499999 45
nn1 61500000 61599999 117
nn1 61600000 61699999 359
nn1 61700000 61799999 203
nn1 61800000 61899999 127
nn1 61900000 61999999 119
nn1 62000000 62099999 161
nn1 62100000 62199999 74
nn1 62200000 62299999 93
nn1 62300000 62399999 146
nn1 62400000 62499999 130
nn1 62500000 62599999 83
nn1 62600000 62699999 197
nn1 62700000 62799999 128
nn1 62800000 62899999 148
nn1 62900000 62999999 200
nn1 63000000 63099999 45
nn1 63100000 63199999 132
nn1 63200000 63299999 84
nn1 63300000 63399999 117
nn1 63400000 63499999 174
nn1 63500000 63599999 120
nn1 63600000 63699999 125
nn1 63700000 63799999 148
nn1 63800000 63899999 121
nn1 63900000 63999999 100
nn1 64000000 64099999 142
nn1 64100000 64199999 89
nn1 64200000 64299999 184
nn1 64300000 64399999 27
nn1 64400000 64499999 100
nn1 64500000 64599999 76
nn1 64600000 64699999 189
nn1 64700000 64799999 151
nn1 64800000 64899999 81
nn1 64900000 64999999 116
nn1 65000000 65099999 107
nn1 65100000 65199999 131
nn1 65200000 65299999 96
nn1 65300000 65399999 91
nn1 65400000 65499999 81
nn1 65500000 65599999 46
nn1 65600000 65699999 71
nn1 65700000 65799999 90
nn1 65800000 65899999 14
nn1 65900000 65999999 74
nn1 66000000 66099999 96
nn1 66100000 66199999 82
nn1 66200000 66299999 110
nn1 66300000 66399999 159
nn1 66400000 66499999 137
nn1 66500000 66599999 65
nn1 66600000 66699999 125
nn1 66700000 66799999 70
nn1 66800000 66899999 175
nn1 66900000 66999999 108
nn1 67000000 67099999 203
nn1 67100000 67199999 77
nn1 67200000 67299999 94
nn1 67300000 67399999 128
nn1 67400000 67499999 75
nn1 67500000 67599999 110
nn1 67600000 67699999 99
nn1 67700000 67799999 95
nn1 67800000 67899999 110
nn1 67900000 67999999 161
nn1 68000000 68099999 56
nn1 68100000 68199999 99
nn1 68200000 68299999 59
nn1 68300000 68399999 68
nn1 68400000 68499999 83
nn1 68500000 68599999 122
nn1 68600000 68699999 13
nn1 68700000 68799999 120
nn1 68800000 68899999 79
nn1 68900000 68999999 126
nn1 69000000 69099999 120
nn1 69100000 69199999 74
nn1 69200000 69299999 130
nn1 69300000 69399999 0
nn1 69400000 69499999 109
nn1 69500000 69599999 62
nn1 69600000 69699999 102
nn1 69700000 69799999 88
nn1 69800000 69899999 63
nn1 69900000 69999999 54
nn1 70000000 70099999 74
nn1 70100000 70199999 129
nn1 70200000 70299999 13
nn1 70300000 70399999 39
nn1 70400000 70499999 128
nn1 70500000 70599999 84
nn1 70600000 70699999 49
nn1 70700000 70799999 26
nn1 70800000 70899999 142
nn1 70900000 70999999 60
nn1 71000000 71099999 132
nn1 71100000 71199999 296
nn1 71200000 71299999 182
nn1 71300000 71399999 99
nn1 71400000 71499999 79
nn1 71500000 71599999 179
nn1 71600000 71699999 54
nn1 71700000 71799999 80
nn1 71800000 71899999 134
nn1 71900000 71999999 178
nn1 72000000 72099999 91
nn1 72100000 72199999 219
nn1 72200000 72299999 136
nn1 72300000 72399999 124
nn1 72400000 72499999 56
nn1 72500000 72599999 121
nn1 72600000 72699999 138
nn1 72700000 72799999 127
nn1 72800000 72899999 162
nn1 72900000 72999999 114
nn1 73000000 73099999 54
nn1 73100000 73199999 138
nn1 73200000 73299999 142
nn1 73300000 73399999 82
nn1 73400000 73499999 90
nn1 73500000 73599999 77
nn1 73600000 73699999 195
nn1 73700000 73799999 113
nn1 73800000 73899999 128
nn1 73900000 73999999 115
nn1 74000000 74099999 75
nn1 74100000 74199999 70
nn1 74200000 74299999 124
nn1 74300000 74399999 174
nn1 74400000 74499999 69
nn1 74500000 74599999 91
nn1 74600000 74699999 128
nn1 74700000 74799999 142
nn1 74800000 74899999 104
nn1 74900000 74999999 122
nn1 75000000 75099999 94
nn1 75100000 75199999 84
nn1 75200000 75299999 130
nn1 75300000 75399999 125
nn1 75400000 75499999 180
nn1 75500000 75599999 167
nn1 75600000 75699999 207
nn1 75700000 75799999 138
nn1 75800000 75899999 172
nn1 75900000 75999999 123
nn1 76000000 76099999 44
nn1 76100000 76199999 56
nn1 76200000 76299999 118
nn1 76300000 76399999 80
nn1 76400000 76499999 162
nn1 76500000 76599999 117
nn1 76600000 76699999 162
nn1 76700000 76799999 119
nn1 76800000 76899999 75
nn1 76900000 76999999 113
nn1 77000000 77099999 183
nn1 77100000 77199999 135
nn1 77200000 77299999 188
nn1 77300000 77399999 103
nn1 77400000 77499999 72
nn1 77500000 77599999 137
nn1 77600000 77699999 0
nn1 77700000 77799999 28
nn1 77800000 77899999 99
nn1 77900000 77999999 118
nn1 78000000 78099999 98
nn1 78100000 78199999 168
nn1 78200000 78299999 162
nn1 78300000 78399999 112
nn1 78400000 78499999 117
nn1 78500000 78599999 132
nn1 78600000 78699999 143
nn1 78700000 78799999 87
nn1 78800000 78899999 198
nn1 78900000 78999999 152
nn1 79000000 79099999 83
nn1 79100000 79199999 87
nn1 79200000 79299999 41
nn1 79300000 79399999 55
nn1 79400000 79499999 54
nn1 79500000 79599999 82
nn1 79600000 79699999 129
nn1 79700000 79799999 55
nn1 79800000 79899999 104
nn1 79900000 79999999 95
nn1 80000000 80099999 42
nn1 80100000 80199999 55
nn1 80200000 80299999 29
nn1 80300000 80399999 111
nn1 80400000 80499999 72
nn1 80500000 80599999 199
nn1 80600000 80699999 172
nn1 80700000 80799999 126
nn1 80800000 80899999 103
nn1 80900000 80999999 15
nn1 81000000 81099999 78
nn1 81100000 81199999 194
nn1 81200000 81299999 109
nn1 81300000 81399999 116
nn1 81400000 81499999 77
nn1 81500000 81599999 82
nn1 81600000 81699999 108
nn1 81700000 81799999 135
nn1 81800000 81899999 101
nn1 81900000 81999999 168
nn1 82000000 82099999 143
nn1 82100000 82199999 81
nn1 82200000 82299999 146
nn1 82300000 82399999 199
nn1 82400000 82499999 140
nn1 82500000 82599999 87
nn1 82600000 82699999 60
nn1 82700000 82799999 110
nn1 82800000 82899999 226
nn1 82900000 82999999 209
nn1 83000000 83099999 102
nn1 83100000 83199999 132
nn1 83200000 83299999 139
nn1 83300000 83399999 140
nn1 83400000 83499999 192
nn1 83500000 83599999 160
nn1 83600000 83699999 213
nn1 83700000 83799999 441
nn1 83800000 83899999 169
nn1 83900000 83999999 131
nn1 84000000 84099999 105
nn1 84100000 84199999 99
nn1 84200000 84299999 138
nn1 84300000 84399999 124
nn1 84400000 84499999 95
nn1 84500000 84599999 85
nn1 84600000 84699999 101
nn1 84700000 84799999 26
nn1 84800000 84899999 88
nn1 84900000 84999999 41
nn1 85000000 85099999 80
nn1 85100000 85199999 158
nn1 85200000 85299999 110
nn1 85300000 85399999 91
nn1 85400000 85499999 173
nn1 85500000 85599999 178
nn1 85600000 85699999 116
nn1 85700000 85799999 110
nn1 85800000 85899999 163
nn1 85900000 85999999 120
nn1 86000000 86099999 113
nn1 86100000 86199999 55
nn1 86200000 86299999 149
nn1 86300000 86399999 205
nn1 86400000 86499999 91
nn1 86500000 86599999 86
nn1 86600000 86699999 161
nn1 86700000 86799999 207
nn1 86800000 86899999 28
nn1 86900000 86999999 208
nn1 87000000 87099999 98
nn1 87100000 87199999 115
nn1 87200000 87299999 27
nn1 87300000 87399999 117
nn1 87400000 87499999 90
nn1 87500000 87599999 102
nn1 87600000 87699999 64
nn1 87700000 87799999 117
nn1 87800000 87899999 89
nn1 87900000 87999999 113
nn1 88000000 88099999 102
nn1 88100000 88199999 103
nn1 88200000 88299999 80
nn1 88300000 88399999 163
nn1 88400000 88499999 137
nn1 88500000 88599999 159
nn1 88600000 88699999 122
nn1 88700000 88799999 171
nn1 88800000 88899999 63
nn1 88900000 88999999 138
nn1 89000000 89099999 186
nn1 89100000 89199999 104
nn1 89200000 89299999 146
nn1 89300000 89399999 69
nn1 89400000 89499999 182
nn1 89500000 89599999 100
nn1 89600000 89699999 163
nn1 89700000 89799999 100
nn1 89800000 89899999 208
nn1 89900000 89999999 205
nn1 90000000 90099999 183
nn1 90100000 90199999 151
nn1 90200000 90299999 180
nn1 90300000 90399999 171
nn1 90400000 90499999 132
nn1 90500000 90599999 93
nn1 90600000 90699999 85
nn1 90700000 90799999 117
nn1 90800000 90899999 179
nn1 90900000 90999999 134
nn1 91000000 91099999 156
nn1 91100000 91199999 102
nn1 91200000 91299999 102
nn1 91300000 91399999 112
nn1 91400000 91499999 129
nn1 91500000 91599999 280
nn1 91600000 91699999 129
nn1 91700000 91799999 175
nn1 91800000 91899999 137
nn1 91900000 91999999 133
nn1 92000000 92099999 171
nn1 92100000 92199999 63
nn1 92200000 92299999 59
nn1 92300000 92399999 82
nn1 92400000 92499999 120
nn1 92500000 92599999 158
nn1 92600000 92699999 52
nn1 92700000 92799999 130
nn1 92800000 92899999 115
nn1 92900000 92999999 128
nn1 93000000 93099999 142
nn1 93100000 93199999 159
nn1 93200000 93299999 198
nn1 93300000 93399999 118
nn1 93400000 93499999 81
nn1 93500000 93599999 158
nn1 93600000 93699999 44
nn1 93700000 93799999 66
nn1 93800000 93899999 39
nn1 93900000 93999999 101
nn1 94000000 94099999 28
nn1 94100000 94199999 122
nn1 94200000 94299999 84
nn1 94300000 94399999 162
nn1 94400000 94499999 61
nn1 94500000 94599999 75
nn1 94600000 94699999 40
nn1 94700000 94799999 84
nn1 94800000 94899999 109
nn1 94900000 94999999 71
nn1 95000000 95099999 109
nn1 95100000 95199999 80
nn1 95200000 95299999 99
nn1 95300000 95399999 106
nn1 95400000 95499999 86
nn1 95500000 95599999 79
nn1 95600000 95699999 74
nn1 95700000 95799999 98
nn1 95800000 95899999 13
nn1 95900000 95999999 43
nn1 96000000 96099999 74
nn1 96100000 96199999 90
nn1 96200000 96299999 83
nn1 96300000 96399999 82
nn1 96400000 96499999 104
nn1 96500000 96599999 80
nn1 96600000 96699999 95
nn1 96700000 96799999 128
nn1 96800000 96899999 159
nn1 96900000 96999999 81
nn1 97000000 97099999 63
nn1 97100000 97199999 160
nn1 97200000 97299999 211
nn1 97300000 97399999 123
nn1 97400000 97499999 82
nn1 97500000 97599999 231
nn1 97600000 97699999 13
nn1 97700000 97799999 88
nn1 97800000 97899999 155
nn1 97900000 97999999 107
nn1 98000000 98099999 130
nn1 98100000 98199999 145
nn1 98200000 98299999 55
nn1 98300000 98399999 57
nn1 98400000 98499999 95
nn1 98500000 98599999 100
nn1 98600000 98699999 91
nn1 98700000 98799999 93
nn1 98800000 98899999 117
nn1 98900000 98999999 41
nn1 99000000 99099999 120
nn1 99100000 99199999 74
nn1 99200000 99299999 205
nn1 99300000 99399999 95
nn1 99400000 99499999 142
nn1 99500000 99599999 125
nn1 99600000 99699999 102
nn1 99700000 99799999 117
nn1 99800000 99899999 158
nn1 99900000 99999999 81
nn1 100000000 100099999 138
nn1 100100000 100199999 93
nn1 100200000 100299999 133
nn1 100300000 100399999 115
nn1 100400000 100499999 42
nn1 100500000 100599999 110
nn1 100600000 100699999 58
nn1 100700000 100799999 100
nn1 100800000 100899999 74
nn1 100900000 100999999 107
nn1 101000000 101099999 40
nn1 101100000 101199999 94
nn1 101200000 101299999 57
nn1 101300000 101399999 127
nn1 101400000 101499999 98
nn1 101500000 101599999 74
nn1 101600000 101699999 98
nn1 101700000 101799999 80
nn1 101800000 101899999 104
nn1 101900000 101999999 57
nn1 102000000 102099999 94
nn1 102100000 102199999 72
nn1 102200000 102299999 100
nn1 102300000 102399999 42
nn1 102400000 102499999 80
nn1 102500000 102599999 61
nn1 102600000 102699999 100
nn1 102700000 102799999 155
nn1 102800000 102899999 83
nn1 102900000 102999999 76
nn1 103000000 103099999 83
nn1 103100000 103199999 77
nn1 103200000 103299999 43
nn1 103300000 103399999 111
nn1 103400000 103499999 86
nn1 103500000 103599999 206
nn1 103600000 103699999 197
nn1 103700000 103799999 69
nn1 103800000 103899999 244
nn1 103900000 103999999 160
nn1 104000000 104099999 214
nn1 104100000 104199999 153
nn1 104200000 104299999 186
nn1 104300000 104399999 165
nn1 104400000 104499999 104
nn1 104500000 104599999 144
nn1 104600000 104699999 73
nn1 104700000 104799999 83
nn1 104800000 104899999 86
nn1 104900000 104999999 155
nn1 105000000 105099999 27
nn1 105100000 105199999 108
nn1 105200000 105299999 79
nn1 105300000 105399999 42
nn1 105400000 105499999 128
nn1 105500000 105599999 59
nn1 105600000 105699999 86
nn1 105700000 105799999 96
nn1 105800000 105899999 124
nn1 105900000 105999999 154
nn1 106000000 106099999 119
nn1 106100000 106199999 69
nn1 106200000 106299999 102
nn1 106300000 106399999 69
nn1 106400000 106499999 109
nn1 106500000 106599999 218
nn1 106600000 106699999 134
nn1 106700000 106799999 85
nn1 106800000 106899999 140
nn1 106900000 106999999 82
nn1 107000000 107099999 40
nn1 107100000 107199999 73
nn1 107200000 107299999 137
nn1 107300000 107399999 43
nn1 107400000 107499999 70
nn1 107500000 107599999 135
nn1 107600000 107699999 77
nn1 107700000 107799999 74
nn1 107800000 107899999 40
nn1 107900000 107999999 72
nn1 108000000 108099999 68
nn1 108100000 108199999 67
nn1 108200000 108299999 146
nn1 108300000 108399999 191
nn1 108400000 108499999 132
nn1 108500000 108599999 89
nn1 108600000 108699999 213
nn1 108700000 108799999 56
nn1 108800000 108899999 149
nn1 108900000 108999999 143
nn1 109000000 109099999 157
nn1 109100000 109199999 222
nn1 109200000 109299999 113
nn1 109300000 109399999 90
nn1 109400000 109499999 143
nn1 109500000 109599999 97
nn1 109600000 109699999 64
nn1 109700000 109799999 63
nn1 109800000 109899999 55
nn1 109900000 109999999 156
nn1 110000000 110099999 136
nn1 110100000 110199999 95
nn1 110200000 110299999 137
nn1 110300000 110399999 170
nn1 110400000 110499999 152
nn1 110500000 110599999 161
nn1 110600000 110699999 175
nn1 110700000 110799999 87
nn1 110800000 110899999 106
nn1 110900000 110999999 128
nn1 111000000 111099999 128
nn1 111100000 111199999 147
nn1 111200000 111299999 115
nn1 111300000 111399999 153
nn1 111400000 111499999 132
nn1 111500000 111599999 373
nn1 111600000 111699999 81
nn1 111700000 111799999 109
nn1 111800000 111899999 119
nn1 111900000 111999999 143
nn1 112000000 112099999 148
nn1 112100000 112199999 105
nn1 112200000 112299999 120
nn1 112300000 112399999 111
nn1 112400000 112499999 134
nn1 112500000 112599999 202
nn1 112600000 112699999 160
nn1 112700000 112799999 149
nn1 112800000 112899999 265
nn1 112900000 112999999 181
nn1 113000000 113099999 141
nn1 113100000 113199999 44
nn1 113200000 113299999 136
nn1 113300000 113399999 239
nn1 113400000 113499999 202
nn1 113500000 113599999 298
nn1 113600000 113699999 72
nn1 113700000 113799999 223
nn1 113800000 113899999 318
nn1 113900000 113999999 159
nn1 114000000 114099999 211
nn1 114100000 114199999 115
nn1 114200000 114299999 207
nn1 114300000 114399999 121
nn1 114400000 114499999 277
nn1 114500000 114599999 188
nn1 114600000 114699999 117
nn1 114700000 114799999 56
nn1 114800000 114899999 148
nn1 114900000 114999999 95
nn1 115000000 115099999 137
nn1 115100000 115199999 171
nn1 115200000 115299999 151
nn1 115300000 115399999 214
nn1 115400000 115499999 119
nn1 115500000 115599999 182
nn1 115600000 115699999 122
nn1 115700000 115799999 99
nn1 115800000 115899999 96
nn1 115900000 115999999 42
nn1 116000000 116099999 75
nn1 116100000 116199999 72
nn1 116200000 116299999 70
nn1 116300000 116399999 144
nn1 116400000 116499999 102
nn1 116500000 116599999 124
nn1 116600000 116699999 40
nn1 116700000 116799999 106
nn1 116800000 116899999 185
nn1 116900000 116999999 79
nn1 117000000 117099999 159
nn1 117100000 117199999 116
nn1 117200000 117299999 26
nn1 117300000 117399999 66
nn1 117400000 117499999 234
nn1 117500000 117599999 296
nn1 117600000 117699999 219
nn1 117700000 117799999 84
nn1 117800000 117899999 58
nn1 117900000 117999999 145
nn1 118000000 118099999 135
nn1 118100000 118199999 242
nn1 118200000 118299999 98
nn1 118300000 118399999 148
nn1 118400000 118499999 175
nn1 118500000 118599999 120
nn1 118600000 118699999 166
nn1 118700000 118799999 200
nn1 118800000 118899999 81
nn1 118900000 118999999 106
nn1 119000000 119099999 80
nn1 119100000 119199999 189
nn1 119200000 119299999 39
nn1 119300000 119399999 0
nn1 119400000 119499999 65
nn1 119500000 119599999 95
nn1 119600000 119699999 210
nn1 119700000 119799999 86
nn1 119800000 119899999 133
nn1 119900000 119999999 94
nn1 120000000 120099999 224
nn1 120100000 120199999 103
nn1 120200000 120299999 113
nn1 120300000 120399999 86
nn1 120400000 120499999 133
nn1 120500000 120599999 110
nn1 120600000 120699999 28
nn1 120700000 120799999 261
nn1 120800000 120899999 0
nn1 120900000 120999999 0
nn1 121000000 121099999 0
nn1 121100000 121199999 0
nn1 121200000 121299999 0
nn1 121300000 121399999 112
nn1 121400000 121499999 146
nn1 121500000 121599999 70
nn1 121600000 121699999 81
nn1 121700000 121799999 107
nn1 121800000 121899999 81
nn1 121900000 121999999 167
nn1 122000000 122099999 54
nn1 122100000 122199999 88
nn1 122200000 122299999 83
nn1 122300000 122399999 140
nn1 122400000 122499999 30
nn1 122500000 122599999 94
nn1 122600000 122699999 70
nn1 122700000 122799999 92
nn1 122800000 122899999 26
nn1 122900000 122999999 56
nn1 123000000 123099999 94
nn1 123100000 123199999 79
nn1 123200000 123299999 62
nn1 123300000 123399999 80
nn1 123400000 123499999 174
nn1 123500000 123599999 132
nn1 123600000 123699999 44
nn1 123700000 123799999 80
nn1 123800000 123899999 114
nn1 123900000 123999999 123
nn1 124000000 124099999 177
nn1 124100000 124199999 145
nn1 124200000 124299999 172
nn1 124300000 124399999 108
nn1 124400000 124499999 67
nn1 124500000 124599999 58
nn1 124600000 124699999 177
nn1 124700000 124799999 285
nn1 124800000 124899999 122
nn1 124900000 124999999 115
nn1 125000000 125099999 155
nn1 125100000 125199999 223
nn1 125200000 125299999 163
nn1 125300000 125399999 132
nn1 125400000 125499999 138
nn1 125500000 125599999 114
nn1 125600000 125699999 88
nn1 125700000 125799999 94
nn1 125800000 125899999 96
nn1 125900000 125999999 42
nn1 126000000 126099999 135
nn1 126100000 126199999 340
nn1 126200000 126299999 86
nn1 126300000 126399999 124
nn1 126400000 126499999 86
nn1 126500000 126599999 154
nn1 126600000 126699999 72
nn1 126700000 126799999 91
nn1 126800000 126899999 56
nn1 126900000 126999999 121
nn1 127000000 127099999 103
nn1 127100000 127199999 142
nn1 127200000 127299999 115
nn1 127300000 127399999 62
nn1 127400000 127499999 190
nn1 127500000 127599999 103
nn1 127600000 127699999 140
nn1 127700000 127799999 99
nn1 127800000 127899999 98
nn1 127900000 127999999 107
nn1 128000000 128099999 155
nn1 128100000 128199999 86
nn1 128200000 128299999 118
nn1 128300000 128399999 65
nn1 128400000 128499999 169
nn1 128500000 128599999 140
nn1 128600000 128699999 256
nn1 128700000 128799999 231
nn1 128800000 128899999 113
nn1 128900000 128999999 182
nn1 129000000 129099999 116
nn1 129100000 129199999 175
nn1 129200000 129299999 128
nn1 129300000 129399999 147
nn1 129400000 129499999 133
nn1 129500000 129599999 41
nn1 129600000 129699999 101
nn1 129700000 129799999 140
nn1 129800000 129899999 145
nn1 129900000 129999999 45
nn1 130000000 130099999 111
nn1 130100000 130199999 195
nn1 130200000 130299999 177
nn1 130300000 130399999 201
nn1 130400000 130499999 202
nn1 130500000 130599999 181
nn1 130600000 130699999 169
nn1 130700000 130799999 309
nn1 130800000 130899999 105
nn1 130900000 130999999 112
nn1 131000000 131099999 130
nn1 131100000 131199999 43
nn1 131200000 131299999 181
nn1 131300000 131399999 124
nn1 131400000 131499999 132
nn1 131500000 131599999 76
nn1 131600000 131699999 54
nn1 131700000 131799999 54
nn1 131800000 131899999 268
nn1 131900000 131999999 42
nn1 132000000 132099999 73
nn1 132100000 132199999 43
nn1 132200000 132299999 135
nn1 132300000 132399999 87
nn1 132400000 132499999 14
nn1 132500000 132599999 166
nn1 132600000 132699999 55
nn1 132700000 132799999 105
nn1 132800000 132899999 145
nn1 132900000 132999999 295
nn1 133000000 133099999 155
nn1 133100000 133199999 55
nn1 133200000 133299999 61
nn1 133300000 133399999 122
nn1 133400000 133499999 138
nn1 133500000 133599999 78
nn1 133600000 133699999 147
nn1 133700000 133799999 59
nn1 133800000 133899999 76
nn1 133900000 133999999 168
nn1 134000000 134099999 82
nn1 134100000 134199999 39
nn1 134200000 134299999 82
nn1 134300000 134399999 227
nn1 134400000 134499999 237
nn1 134500000 134599999 186
nn1 134600000 134699999 130
nn1 134700000 134799999 187
nn1 134800000 134899999 159
nn1 134900000 134999999 62
nn1 135000000 135099999 145
nn1 135100000 135199999 125
nn1 135200000 135299999 148
nn1 135300000 135399999 136
nn1 135400000 135499999 211
nn1 135500000 135599999 132
nn1 135600000 135699999 118
nn1 135700000 135799999 68
nn1 135800000 135899999 114
nn1 135900000 135999999 142
nn1 136000000 136099999 178
nn1 136100000 136199999 63
nn1 136200000 136299999 166
nn1 136300000 136399999 134
nn1 136400000 136499999 153
nn1 136500000 136599999 144
nn1 136600000 136699999 99
nn1 136700000 136799999 125
nn1 136800000 136899999 242
nn1 136900000 136999999 132
nn1 137000000 137099999 97
nn1 137100000 137199999 131
nn1 137200000 137299999 73
nn1 137300000 137399999 190
nn1 137400000 137499999 120
nn1 137500000 137599999 113
nn1 137600000 137699999 27
nn1 137700000 137799999 184
nn1 137800000 137899999 70
nn1 137900000 137999999 75
nn1 138000000 138099999 72
nn1 138100000 138199999 64
nn1 138200000 138299999 59
nn1 138300000 138399999 27
nn1 138400000 138499999 101
nn1 138500000 138599999 54
nn1 138600000 138699999 117
nn1 138700000 138799999 98
nn1 138800000 138899999 95
nn1 138900000 138999999 204
nn1 139000000 139099999 171
nn1 139100000 139199999 186
nn1 139200000 139299999 162
nn1 139300000 139399999 93
nn1 139400000 139499999 87
nn1 139500000 139599999 177
nn1 139600000 139699999 181
nn1 139700000 139799999 131
nn1 139800000 139899999 173
nn1 139900000 139999999 142
nn1 140000000 140099999 148
nn1 140100000 140199999 238
nn1 140200000 140299999 250
nn1 140300000 140399999 282
nn1 140400000 140499999 157
nn1 140500000 140599999 154
nn1 140600000 140699999 185
nn1 140700000 140799999 121
nn1 140800000 140899999 67
nn1 140900000 140999999 36
nn1 141000000 141099999 118
nn1 141100000 141199999 124
nn1 141200000 141299999 109
nn1 141300000 141399999 169
nn1 141400000 141499999 73
nn1 141500000 141599999 97
nn1 141600000 141699999 98
nn1 141700000 141799999 70
nn1 141800000 141899999 162
nn1 141900000 141999999 195
nn1 142000000 142099999 127
nn1 142100000 142199999 100
nn1 142200000 142299999 83
nn1 142300000 142399999 157
nn1 142400000 142499999 108
nn1 142500000 142599999 226
nn1 142600000 142699999 148
nn1 142700000 142799999 93
nn1 142800000 142899999 167
nn1 142900000 142999999 141
nn1 143000000 143099999 102
nn1 143100000 143199999 147
nn1 143200000 143299999 142
nn1 143300000 143399999 92
nn1 143400000 143499999 155
nn1 143500000 143599999 236
nn1 143600000 143699999 143
nn1 143700000 143799999 104
nn1 143800000 143899999 188
nn1 143900000 143999999 95
nn1 144000000 144099999 123
nn1 144100000 144199999 57
nn1 144200000 144299999 138
nn1 144300000 144399999 122
nn1 144400000 144499999 277
nn1 144500000 144599999 267
nn1 144600000 144699999 287
nn1 144700000 144799999 102
nn1 144800000 144899999 91
nn1 144900000 144999999 104
nn1 145000000 145099999 272
nn1 145100000 145199999 492
nn1 145200000 145299999 160
nn1 145300000 145399999 241
nn1 145400000 145499999 178
nn1 145500000 145599999 126
nn1 145600000 145699999 133
nn1 145700000 145799999 388
nn1 145800000 145899999 190
nn1 145900000 145999999 245
nn1 146000000 146099999 136
nn1 146100000 146199999 135
nn1 146200000 146299999 76
nn1 146300000 146399999 335
nn1 146400000 146499999 188
nn1 146500000 146599999 206
nn1 146600000 146699999 162
nn1 146700000 146799999 119
nn1 146800000 146899999 128
nn1 146900000 146999999 125
nn1 147000000 147099999 156
nn1 147100000 147199999 214
nn1 147200000 147299999 370
nn1 147300000 147399999 76
nn1 147400000 147499999 59
nn1 147500000 147599999 76
nn1 147600000 147699999 71
nn1 147700000 147799999 190
nn1 147800000 147899999 251
nn1 147900000 147999999 225
nn1 148000000 148099999 294
nn1 148100000 148199999 128
nn1 148200000 148299999 136
nn1 148300000 148399999 174
nn1 148400000 148499999 74
nn1 148500000 148599999 86
nn1 148600000 148699999 178
nn1 148700000 148799999 71
nn1 148800000 148899999 43
nn1 148900000 148999999 114
nn1 149000000 149099999 59
nn1 149100000 149199999 118
nn1 149200000 149299999 98
nn1 149300000 149399999 107
nn1 149400000 149499999 104
nn1 149500000 149599999 93
nn1 149600000 149699999 88
nn1 149700000 149799999 86
nn1 149800000 149899999 93
nn1 149900000 149999999 101
nn1 150000000 150099999 141
nn1 150100000 150199999 114
nn1 150200000 150299999 109
nn1 150300000 150399999 123
nn1 150400000 150499999 101
nn1 150500000 150599999 101
nn1 150600000 150699999 139
nn1 150700000 150799999 68
nn1 150800000 150899999 124
nn1 150900000 150999999 73
nn1 151000000 151099999 139
nn1 151100000 151199999 83
nn1 151200000 151299999 131
nn1 151300000 151399999 142
nn1 151400000 151499999 168
nn1 151500000 151599999 135
nn1 151600000 151699999 71
nn1 151700000 151799999 59
nn1 151800000 151899999 166
nn1 151900000 151999999 244
nn1 152000000 152099999 117
nn1 152100000 152199999 101
nn1 152200000 152299999 65
nn1 152300000 152399999 118
nn1 152400000 152499999 108
nn1 152500000 152599999 32
nn1 152600000 152699999 151
nn1 152700000 152799999 82
nn1 152800000 152899999 28
nn1 152900000 152999999 109
nn1 153000000 153099999 113
nn1 153100000 153199999 195
nn1 153200000 153299999 74
nn1 153300000 153399999 125
nn1 153400000 153499999 79
nn1 153500000 153599999 167
nn1 153600000 153699999 97
nn1 153700000 153799999 31
nn1 153800000 153899999 29
nn1 153900000 153999999 71
nn1 154000000 154099999 83
nn1 154100000 154199999 122
nn1 154200000 154299999 118
nn1 154300000 154399999 79
nn1 154400000 154499999 103
nn1 154500000 154599999 109
nn1 154600000 154699999 70
nn1 154700000 154799999 122
nn1 154800000 154899999 77
nn1 154900000 154999999 142
nn1 155000000 155099999 63
nn1 155100000 155199999 112
nn1 155200000 155299999 80
nn1 155300000 155399999 84
nn1 155400000 155499999 144
nn1 155500000 155599999 87
nn1 155600000 155699999 135
nn1 155700000 155799999 81
nn1 155800000 155899999 152
nn1 155900000 155999999 114
nn1 156000000 156099999 112
nn1 156100000 156199999 69
nn1 156200000 156299999 128
nn1 156300000 156399999 124
nn1 156400000 156499999 139
nn1 156500000 156599999 109
nn1 156600000 156699999 141
nn1 156700000 156799999 95
nn1 156800000 156899999 147
nn1 156900000 156999999 270
nn1 157000000 157099999 39
nn1 157100000 157199999 90
nn1 157200000 157299999 215
nn1 157300000 157399999 30
nn1 157400000 157499999 99
nn1 157500000 157599999 126
nn1 157600000 157699999 88
nn1 157700000 157799999 75
nn1 157800000 157899999 69
nn1 157900000 157999999 81
nn1 158000000 158099999 58
nn1 158100000 158199999 157
nn1 158200000 158299999 109
nn1 158300000 158399999 87
nn1 158400000 158499999 121
nn1 158500000 158599999 136
nn1 158600000 158699999 119
nn1 158700000 158799999 83
nn1 158800000 158899999 14
nn1 158900000 158999999 62
nn1 159000000 159099999 71
nn1 159100000 159199999 113
nn1 159200000 159299999 47
nn1 159300000 159399999 52
nn1 159400000 159499999 127
nn1 159500000 159599999 81
nn1 159600000 159699999 62
nn1 159700000 159799999 98
nn1 159800000 159899999 82
nn1 159900000 159999999 98
nn1 160000000 160099999 66
nn1 160100000 160199999 212
nn1 160200000 160299999 64
nn1 160300000 160399999 130
nn1 160400000 160499999 117
nn1 160500000 160599999 154
nn1 160600000 160699999 94
nn1 160700000 160799999 109
nn1 160800000 160899999 111
nn1 160900000 160999999 89
nn1 161000000 161099999 85
nn1 161100000 161199999 56
nn1 161200000 161299999 85
nn1 161300000 161399999 129
nn1 161400000 161499999 109
nn1 161500000 161599999 115
nn1 161600000 161699999 154
nn1 161700000 161799999 132
nn1 161800000 161899999 188
nn1 161900000 161999999 116
nn1 162000000 162099999 159
nn1 162100000 162199999 207
nn1 162200000 162299999 131
nn1 162300000 162399999 60
nn1 162400000 162499999 112
nn1 162500000 162599999 68
nn1 162600000 162699999 151
nn1 162700000 162799999 92
nn1 162800000 162899999 78
nn1 162900000 162999999 114
nn1 163000000 163099999 86
nn1 163100000 163199999 136
nn1 163200000 163299999 176
nn1 163300000 163399999 33
nn1 163400000 163499999 95
nn1 163500000 163599999 95
nn1 163600000 163699999 114
nn1 163700000 163799999 54
nn1 163800000 163899999 140
nn1 163900000 163999999 42
nn1 164000000 164099999 56
nn1 164100000 164199999 161
nn1 164200000 164299999 63
nn1 164300000 164399999 55
nn1 164400000 164499999 68
nn1 164500000 164599999 79
nn1 164600000 164699999 125
nn1 164700000 164799999 14
nn1 164800000 164899999 47
nn1 164900000 164999999 98
nn1 165000000 165099999 57
nn1 165100000 165199999 70
nn1 165200000 165299999 100
nn1 165300000 165399999 180
nn1 165400000 165499999 83
nn1 165500000 165599999 138
nn1 165600000 165699999 141
nn1 165700000 165799999 131
nn1 165800000 165899999 99
nn1 165900000 165999999 40
nn1 166000000 166099999 80
nn1 166100000 166199999 82
nn1 166200000 166299999 158
nn1 166300000 166399999 130
nn1 166400000 166499999 171
nn1 166500000 166599999 93
nn1 166600000 166699999 158
nn1 166700000 166799999 57
nn1 166800000 166899999 102
nn1 166900000 166999999 86
nn1 167000000 167099999 162
nn1 167100000 167199999 13
nn1 167200000 167299999 101
nn1 167300000 167399999 42
nn1 167400000 167499999 165
nn1 167500000 167599999 140
nn1 167600000 167699999 55
nn1 167700000 167799999 175
nn1 167800000 167899999 98
nn1 167900000 167999999 45
nn1 168000000 168099999 29
nn1 168100000 168199999 0
nn1 168200000 168299999 53
nn1 168300000 168399999 169
nn1 168400000 168499999 46
nn1 168500000 168599999 62
nn1 168600000 168699999 52
nn1 168700000 168799999 70
nn1 168800000 168899999 83
nn1 168900000 168999999 74
nn1 169000000 169099999 132
nn1 169100000 169199999 103
nn1 169200000 169299999 145
nn1 169300000 169399999 170
nn1 169400000 169499999 96
nn1 169500000 169599999 155
nn1 169600000 169699999 80
nn1 169700000 169799999 70
nn1 169800000 169899999 100
nn1 169900000 169999999 248
nn1 170000000 170099999 167
nn1 170100000 170199999 88
nn1 170200000 170299999 156
nn1 170300000 170399999 89
nn1 170400000 170499999 85
nn1 170500000 170599999 131
nn1 170600000 170699999 180
nn1 170700000 170799999 130
nn1 170800000 170899999 104
nn1 170900000 170999999 166
nn1 171000000 171099999 55
nn1 171100000 171199999 50
nn1 171200000 171299999 71
nn1 171300000 171399999 153
nn1 171400000 171499999 119
nn1 171500000 171599999 250
nn1 171600000 171699999 112
nn1 171700000 171799999 124
nn1 171800000 171899999 40
nn1 171900000 171999999 45
nn1 172000000 172099999 116
nn1 172100000 172199999 54
nn1 172200000 172299999 167
nn1 172300000 172399999 78
nn1 172400000 172499999 28
nn1 172500000 172599999 48
nn1 172600000 172699999 96
nn1 172700000 172799999 85
nn1 172800000 172899999 67
nn1 172900000 172999999 210
nn1 173000000 173099999 41
nn1 173100000 173199999 87
nn1 173200000 173299999 73
nn1 173300000 173399999 211
nn1 173400000 173499999 123
nn1 173500000 173599999 120
nn1 173600000 173699999 32
nn1 173700000 173799999 63
nn1 173800000 173899999 111
nn1 173900000 173999999 81
nn1 174000000 174099999 95
nn1 174100000 174199999 84
nn1 174200000 174299999 87
nn1 174300000 174399999 95
nn1 174400000 174499999 43
nn1 174500000 174599999 112
nn1 174600000 174699999 104
nn1 174700000 174799999 39
nn1 174800000 174899999 122
nn1 174900000 174999999 85
nn1 175000000 175099999 29
nn1 175100000 175199999 211
nn1 175200000 175299999 68
nn1 175300000 175399999 26
nn1 175400000 175499999 159
nn1 175500000 175599999 45
nn1 175600000 175699999 94
nn1 175700000 175799999 117
nn1 175800000 175899999 53
nn1 175900000 175999999 100
nn1 176000000 176099999 72
nn1 176100000 176199999 170
nn1 176200000 176299999 123
nn1 176300000 176399999 162
nn1 176400000 176499999 80
nn1 176500000 176599999 69
nn1 176600000 176699999 187
nn1 176700000 176799999 61
nn1 176800000 176899999 14
nn1 176900000 176999999 31
nn1 177000000 177099999 155
nn1 177100000 177199999 47
nn1 177200000 177299999 108
nn1 177300000 177399999 104
nn1 177400000 177499999 98
nn1 177500000 177599999 27
nn1 177600000 177699999 127
nn1 177700000 177799999 107
nn1 177800000 177899999 58
nn1 177900000 177999999 15
nn1 178000000 178099999 74
nn1 178100000 178199999 60
nn1 178200000 178299999 45
nn1 178300000 178399999 82
nn1 178400000 178499999 52
nn1 178500000 178599999 52
nn1 178600000 178699999 56
nn1 178700000 178799999 61
nn1 178800000 178899999 63
nn1 178900000 178999999 81
nn1 179000000 179099999 81
nn1 179100000 179199999 122
nn1 179200000 179299999 125
nn1 179300000 179399999 55
nn1 179400000 179499999 156
nn1 179500000 179599999 77
nn1 179600000 179699999 13
nn1 179700000 179799999 156
nn1 179800000 179899999 68
nn1 179900000 179999999 30
nn1 180000000 180099999 87
nn1 180100000 180199999 120
nn1 180200000 180299999 184
nn1 180300000 180399999 108
nn1 180400000 180499999 179
nn1 180500000 180599999 76
nn1 180600000 180699999 135
nn1 180700000 180799999 123
nn1 180800000 180899999 56
nn1 180900000 180999999 102
nn1 181000000 181099999 203
nn1 181100000 181199999 96
nn1 181200000 181299999 199
nn1 181300000 181399999 71
nn1 181400000 181499999 130
nn1 181500000 181599999 114
nn1 181600000 181699999 112
nn1 181700000 181799999 68
nn1 181800000 181899999 188
nn1 181900000 181999999 132
nn1 182000000 182099999 146
nn1 182100000 182199999 77
nn1 182200000 182299999 111
nn1 182300000 182399999 219
nn1 182400000 182499999 139
nn1 182500000 182599999 203
nn1 182600000 182699999 134
nn1 182700000 182799999 123
nn1 182800000 182899999 53
nn1 182900000 182999999 83
nn1 183000000 183099999 133
nn1 183100000 183199999 53
nn1 183200000 183299999 0
nn1 183300000 183399999 76
nn1 183400000 183499999 167
nn1 183500000 183599999 56
nn1 183600000 183699999 55
nn1 183700000 183799999 118
nn1 183800000 183899999 110
nn1 183900000 183999999 177
nn1 184000000 184099999 68
nn1 184100000 184199999 147
nn1 184200000 184299999 110
nn1 184300000 184399999 112
nn1 184400000 184499999 68
nn1 184500000 184599999 135
nn1 184600000 184699999 139
nn1 184700000 184799999 72
nn1 184800000 184899999 56
nn1 184900000 184999999 110
nn1 185000000 185099999 53
nn1 185100000 185199999 95
nn1 185200000 185299999 74
nn1 185300000 185399999 99
nn1 185400000 185499999 55
nn1 185500000 185599999 40
nn1 185600000 185699999 123
nn1 185700000 185799999 42
nn1 185800000 185899999 85
nn1 185900000 185999999 40
nn1 186000000 186099999 106
nn1 186100000 186199999 98
nn1 186200000 186299999 99
nn1 186300000 186399999 50
nn1 186400000 186499999 102
nn1 186500000 186599999 105
nn1 186600000 186699999 119
nn1 186700000 186799999 118
nn1 186800000 186899999 69
nn1 186900000 186999999 69
nn1 187000000 187099999 75
nn1 187100000 187199999 236
nn1 187200000 187299999 143
nn1 187300000 187399999 111
nn1 187400000 187499999 56
nn1 187500000 187599999 54
nn1 187600000 187699999 41
nn1 187700000 187799999 134
nn1 187800000 187899999 319
nn1 187900000 187999999 290
nn1 188000000 188099999 41
nn1 188100000 188199999 66
nn1 188200000 188299999 73
nn1 188300000 188399999 106
nn1 188400000 188499999 130
nn1 188500000 188599999 41
nn1 188600000 188699999 112
nn1 188700000 188799999 127
nn1 188800000 188899999 91
nn1 188900000 188999999 86
nn1 189000000 189099999 57
nn1 189100000 189199999 211
nn1 189200000 189299999 87
nn1 189300000 189399999 105
nn1 189400000 189499999 75
nn1 189500000 189599999 78
nn1 189600000 189699999 139
nn1 189700000 189799999 98
nn1 189800000 189899999 61
nn1 189900000 189999999 103
nn1 190000000 190099999 75
nn1 190100000 190199999 158
nn1 190200000 190299999 130
nn1 190300000 190399999 180
nn1 190400000 190499999 147
nn1 190500000 190599999 129
nn1 190600000 190699999 77
nn1 190700000 190799999 72
nn1 190800000 190899999 28
nn1 190900000 190999999 54
nn1 191000000 191099999 111
nn1 191100000 191199999 166
nn1 191200000 191299999 168
nn1 191300000 191399999 68
nn1 191400000 191499999 89
nn1 191500000 191599999 109
nn1 191600000 191699999 46
nn1 191700000 191799999 208
nn1 191800000 191899999 167
nn1 191900000 191999999 154
nn1 192000000 192099999 69
nn1 192100000 192199999 31
nn1 192200000 192299999 68
nn1 192300000 192399999 71
nn1 192400000 192499999 90
nn1 192500000 192599999 96
nn1 192600000 192699999 148
nn1 192700000 192799999 156
nn1 192800000 192899999 52
nn1 192900000 192999999 124
nn1 193000000 193099999 172
nn1 193100000 193199999 113
nn1 193200000 193299999 78
nn1 193300000 193399999 123
nn1 193400000 193499999 132
nn1 193500000 193599999 117
nn1 193600000 193699999 210
nn1 193700000 193799999 41
nn1 193800000 193899999 233
nn1 193900000 193999999 93
nn1 194000000 194099999 111
nn1 194100000 194199999 35
nn1 194200000 194299999 0
nn1 194300000 194399999 0
nn1 194400000 194499999 44
nn1 194500000 194599999 99
nn1 194600000 194699999 97
nn1 194700000 194799999 133
nn1 194800000 194899999 165
nn1 194900000 194999999 39
nn1 195000000 195099999 56
nn1 195100000 195199999 169
nn1 195200000 195299999 166
nn1 195300000 195399999 127
nn1 195400000 195499999 94
nn1 195500000 195599999 151
nn1 195600000 195699999 183
nn1 195700000 195799999 80
nn1 195800000 195899999 789
nn1 195900000 195999999 69
nn1 196000000 196099999 41
nn1 196100000 196199999 16
nn1 196200000 196299999 424
nn1 196300000 196399999 84
nn1 196400000 196499999 60
nn1 196500000 196599999 13
nn1 196600000 196699999 324
nn1 196700000 196799999 177
nn1 196800000 196899999 990
nn1 196900000 196999999 126
nn1 197000000 197099999 156
nn1 197100000 197199999 239
nn1 197200000 197299999 249
nn1 197300000 197399999 89
nn1 197400000 197499999 0
nn1 197500000 197518696 0
nn2 0 99999 104
nn2 100000 199999 90
nn2 200000 299999 71
nn2 300000 399999 0
nn2 400000 499999 0
nn2 500000 599999 0
nn2 600000 699999 0
nn2 700000 799999 0
nn2 800000 899999 0
nn2 900000 999999 89
nn2 1000000 1099999 124
nn2 1100000 1199999 26
nn2 1200000 1299999 168
nn2 1300000 1399999 13
nn2 1400000 1499999 70
nn2 1500000 1599999 152
nn2 1600000 1699999 55
nn2 1700000 1799999 97
nn2 1800000 1899999 69
nn2 1900000 1999999 124
nn2 2000000 2099999 105
nn2 2100000 2199999 97
nn2 2200000 2299999 86
nn2 2300000 2399999 101
nn2 2400000 2499999 74
nn2 2500000 2599999 104
nn2 2600000 2699999 203
nn2 2700000 2799999 89
nn2 2800000 2899999 99
nn2 2900000 2999999 85
nn2 3000000 3099999 133
nn2 3100000 3199999 105
nn2 3200000 3299999 44
nn2 3300000 3399999 117
nn2 3400000 3499999 43
nn2 3500000 3599999 113
nn2 3600000 3699999 116
nn2 3700000 3799999 126
nn2 3800000 3899999 82
nn2 3900000 3999999 134
nn2 4000000 4099999 125
nn2 4100000 4199999 100
nn2 4200000 4299999 69
nn2 4300000 4399999 29
nn2 4400000 4499999 93
nn2 4500000 4599999 127
nn2 4600000 4699999 83
nn2 4700000 4799999 66
nn2 4800000 4899999 153
nn2 4900000 4999999 159
nn2 5000000 5099999 101
nn2 5100000 5199999 74
nn2 5200000 5299999 78
nn2 5300000 5399999 154
nn2 5400000 5499999 148
nn2 5500000 5599999 116
nn2 5600000 5699999 144
nn2 5700000 5799999 56
nn2 5800000 5899999 106
nn2 5900000 5999999 42
nn2 6000000 6099999 88
nn2 6100000 6199999 85
nn2 6200000 6299999 125
nn2 6300000 6399999 57
nn2 6400000 6499999 108
nn2 6500000 6599999 109
nn2 6600000 6699999 113
nn2 6700000 6799999 133
nn2 6800000 6899999 195
nn2 6900000 6999999 136
nn2 7000000 7099999 44
nn2 7100000 7199999 75
nn2 7200000 7299999 95
nn2 7300000 7399999 134
nn2 7400000 7499999 153
nn2 7500000 7599999 281
nn2 7600000 7699999 167
nn2 7700000 7799999 119
nn2 7800000 7899999 208
nn2 7900000 7999999 129
nn2 8000000 8099999 204
nn2 8100000 8199999 79
nn2 8200000 8299999 161
nn2 8300000 8399999 46
nn2 8400000 8499999 96
nn2 8500000 8599999 94
nn2 8600000 8699999 202
nn2 8700000 8799999 176
nn2 8800000 8899999 120
nn2 8900000 8999999 277
nn2 9000000 9099999 167
nn2 9100000 9199999 195
nn2 9200000 9299999 81
nn2 9300000 9399999 102
nn2 9400000 9499999 355
nn2 9500000 9599999 228
nn2 9600000 9699999 239
nn2 9700000 9799999 100
nn2 9800000 9899999 109
nn2 9900000 9999999 90
nn2 10000000 10099999 13
nn2 10100000 10199999 100
nn2 10200000 10299999 177
nn2 10300000 10399999 133
nn2 10400000 10499999 100
nn2 10500000 10599999 72
nn2 10600000 10699999 195
nn2 10700000 10799999 178
nn2 10800000 10899999 83
nn2 10900000 10999999 140
nn2 11000000 11099999 79
nn2 11100000 11199999 217
nn2 11200000 11299999 176
nn2 11300000 11399999 82
nn2 11400000 11499999 118
nn2 11500000 11599999 215
nn2 11600000 11699999 160
nn2 11700000 11799999 204
nn2 11800000 11899999 160
nn2 11900000 11999999 74
nn2 12000000 12099999 87
nn2 12100000 12199999 53
nn2 12200000 12299999 147
nn2 12300000 12399999 126
nn2 12400000 12499999 154
nn2 12500000 12599999 268
nn2 12600000 12699999 148
nn2 12700000 12799999 101
nn2 12800000 12899999 109
nn2 12900000 12999999 69
nn2 13000000 13099999 169
nn2 13100000 13199999 138
nn2 13200000 13299999 166
nn2 13300000 13399999 146
nn2 13400000 13499999 79
nn2 13500000 13599999 158
nn2 13600000 13699999 76
nn2 13700000 13799999 71
nn2 13800000 13899999 189
nn2 13900000 13999999 152
nn2 14000000 14099999 87
nn2 14100000 14199999 129
nn2 14200000 14299999 194
nn2 14300000 14399999 118
nn2 14400000 14499999 158
nn2 14500000 14599999 103
nn2 14600000 14699999 190
nn2 14700000 14799999 342
nn2 14800000 14899999 157
nn2 14900000 14999999 134
nn2 15000000 15099999 188
nn2 15100000 15199999 69
nn2 15200000 15299999 202
nn2 15300000 15399999 120
nn2 15400000 15499999 50
nn2 15500000 15599999 138
nn2 15600000 15699999 130
nn2 15700000 15799999 138
nn2 15800000 15899999 57
nn2 15900000 15999999 121
nn2 16000000 16099999 136
nn2 16100000 16199999 112
nn2 16200000 16299999 121
nn2 16300000 16399999 186
nn2 16400000 16499999 174
nn2 16500000 16599999 54
nn2 16600000 16699999 53
nn2 16700000 16799999 90
nn2 16800000 16899999 27
nn2 16900000 16999999 77
nn2 17000000 17099999 272
nn2 17100000 17199999 83
nn2 17200000 17299999 166
nn2 17300000 17399999 180
nn2 17400000 17499999 84
nn2 17500000 17599999 110
nn2 17600000 17699999 66
nn2 17700000 17799999 72
nn2 17800000 17899999 102
nn2 17900000 17999999 94
nn2 18000000 18099999 150
nn2 18100000 18199999 39
nn2 18200000 18299999 148
nn2 18300000 18399999 142
nn2 18400000 18499999 63
nn2 18500000 18599999 89
nn2 18600000 18699999 147
nn2 18700000 18799999 55
nn2 18800000 18899999 87
nn2 18900000 18999999 172
nn2 19000000 19099999 52
nn2 19100000 19199999 121
nn2 19200000 19299999 37
nn2 19300000 19399999 74
nn2 19400000 19499999 164
nn2 19500000 19599999 93
nn2 19600000 19699999 27
nn2 19700000 19799999 80
nn2 19800000 19899999 125
nn2 19900000 19999999 139
nn2 20000000 20099999 87
nn2 20100000 20199999 104
nn2 20200000 20299999 43
nn2 20300000 20399999 71
nn2 20400000 20499999 95
nn2 20500000 20599999 167
nn2 20600000 20699999 100
nn2 20700000 20799999 120
nn2 20800000 20899999 71
nn2 20900000 20999999 100
nn2 21000000 21099999 69
nn2 21100000 21199999 97
nn2 21200000 21299999 85
nn2 21300000 21399999 90
nn2 21400000 21499999 123
nn2 21500000 21599999 96
nn2 21600000 21699999 140
nn2 21700000 21799999 179
nn2 21800000 21899999 75
nn2 21900000 21999999 100
nn2 22000000 22099999 98
nn2 22100000 22199999 119
nn2 22200000 22299999 79
nn2 22300000 22399999 145
nn2 22400000 22499999 39
nn2 22500000 22599999 44
nn2 22600000 22699999 77
nn2 22700000 22799999 73
nn2 22800000 22899999 186
nn2 22900000 22999999 145
nn2 23000000 23099999 153
nn2 23100000 23199999 86
nn2 23200000 23299999 88
nn2 23300000 23399999 154
nn2 23400000 23499999 135
nn2 23500000 23599999 121
nn2 23600000 23699999 130
nn2 23700000 23799999 167
nn2 23800000 23899999 66
nn2 23900000 23999999 83
nn2 24000000 24099999 14
nn2 24100000 24199999 69
nn2 24200000 24299999 74
nn2 24300000 24399999 40
nn2 24400000 24499999 109
nn2 24500000 24599999 59
nn2 24600000 24699999 53
nn2 24700000 24799999 98
nn2 24800000 24899999 46
nn2 24900000 24999999 40
nn2 25000000 25099999 41
nn2 25100000 25199999 86
nn2 25200000 25299999 146
nn2 25300000 25399999 129
nn2 25400000 25499999 138
nn2 25500000 25599999 87
nn2 25600000 25699999 130
nn2 25700000 25799999 63
nn2 25800000 25899999 54
nn2 25900000 25999999 132
nn2 26000000 26099999 92
nn2 26100000 26199999 126
nn2 26200000 26299999 100
nn2 26300000 26399999 71
nn2 26400000 26499999 44
nn2 26500000 26599999 55
nn2 26600000 26699999 92
nn2 26700000 26799999 164
nn2 26800000 26899999 85
nn2 26900000 26999999 106
nn2 27000000 27099999 71
nn2 27100000 27199999 73
nn2 27200000 27299999 125
nn2 27300000 27399999 113
nn2 27400000 27499999 84
nn2 27500000 27599999 136
nn2 27600000 27699999 67
nn2 27700000 27799999 122
nn2 27800000 27899999 84
nn2 27900000 27999999 110
nn2 28000000 28099999 131
nn2 28100000 28199999 151
nn2 28200000 28299999 117
nn2 28300000 28399999 99
nn2 28400000 28499999 95
nn2 28500000 28599999 87
nn2 28600000 28699999 43
nn2 28700000 28799999 27
nn2 28800000 28899999 88
nn2 28900000 28999999 117
nn2 29000000 29099999 72
nn2 29100000 29199999 169
nn2 29200000 29299999 91
nn2 29300000 29399999 68
nn2 29400000 29499999 163
nn2 29500000 29599999 74
nn2 29600000 29699999 55
nn2 29700000 29799999 30
nn2 29800000 29899999 0
nn2 29900000 29999999 43
nn2 30000000 30099999 58
nn2 30100000 30199999 76
nn2 30200000 30299999 151
nn2 30300000 30399999 81
nn2 30400000 30499999 147
nn2 30500000 30599999 211
nn2 30600000 30699999 173
nn2 30700000 30799999 69
nn2 30800000 30899999 176
nn2 30900000 30999999 98
nn2 31000000 31099999 138
nn2 31100000 31199999 67
nn2 31200000 31299999 80
nn2 31300000 31399999 126
nn2 31400000 31499999 150
nn2 31500000 31599999 70
nn2 31600000 31699999 219
nn2 31700000 31799999 135
nn2 31800000 31899999 108
nn2 31900000 31999999 130
nn2 32000000 32099999 106
nn2 32100000 32199999 81
nn2 32200000 32299999 84
nn2 32300000 32399999 169
nn2 32400000 32499999 66
nn2 32500000 32599999 142
nn2 32600000 32699999 113
nn2 32700000 32799999 81
nn2 32800000 32899999 166
nn2 32900000 32999999 142
nn2 33000000 33099999 134
nn2 33100000 33199999 144
nn2 33200000 33299999 113
nn2 33300000 33399999 104
nn2 33400000 33499999 74
nn2 33500000 33599999 27
nn2 33600000 33699999 60
nn2 33700000 33799999 206
nn2 33800000 33899999 55
nn2 33900000 33999999 172
nn2 34000000 34099999 55
nn2 34100000 34199999 145
nn2 34200000 34299999 111
nn2 34300000 34399999 129
nn2 34400000 34499999 100
nn2 34500000 34599999 41
nn2 34600000 34699999 135
nn2 34700000 34799999 113
nn2 34800000 34899999 170
nn2 34900000 34999999 98
nn2 35000000 35099999 123
nn2 35100000 35199999 115
nn2 35200000 35299999 60
nn2 35300000 35399999 105
nn2 35400000 35499999 157
nn2 35500000 35599999 63
nn2 35600000 35699999 167
nn2 35700000 35799999 97
nn2 35800000 35899999 27
nn2 35900000 35999999 40
nn2 36000000 36099999 136
nn2 36100000 36199999 168
nn2 36200000 36299999 98
nn2 36300000 36399999 181
nn2 36400000 36499999 234
nn2 36500000 36599999 163
nn2 36600000 36699999 172
nn2 36700000 36799999 129
nn2 36800000 36899999 115
nn2 36900000 36999999 121
nn2 37000000 37099999 133
nn2 37100000 37199999 195
nn2 37200000 37299999 69
nn2 37300000 37399999 53
nn2 37400000 37499999 105
nn2 37500000 37599999 182
nn2 37600000 37699999 138
nn2 37700000 37799999 113
nn2 37800000 37899999 148
nn2 37900000 37999999 160
nn2 38000000 38099999 73
nn2 38100000 38199999 207
nn2 38200000 38299999 211
nn2 38300000 38399999 326
nn2 38400000 38499999 348
nn2 38500000 38599999 107
nn2 38600000 38699999 130
nn2 38700000 38799999 139
nn2 38800000 38899999 119
nn2 38900000 38999999 147
nn2 39000000 39099999 99
nn2 39100000 39199999 74
nn2 39200000 39299999 112
nn2 39300000 39399999 109
nn2 39400000 39499999 92
nn2 39500000 39599999 81
nn2 39600000 39699999 96
nn2 39700000 39799999 35
nn2 39800000 39899999 156
nn2 39900000 39999999 96
nn2 40000000 40099999 26
nn2 40100000 40199999 73
nn2 40200000 40299999 44
nn2 40300000 40399999 72
nn2 40400000 40499999 53
nn2 40500000 40599999 145
nn2 40600000 40699999 153
nn2 40700000 40799999 127
nn2 40800000 40899999 93
nn2 40900000 40999999 45
nn2 41000000 41099999 165
nn2 41100000 41199999 66
nn2 41200000 41299999 84
nn2 41300000 41399999 16
nn2 41400000 41499999 173
nn2 41500000 41599999 33
nn2 41600000 41699999 79
nn2 41700000 41799999 80
nn2 41800000 41899999 109
nn2 41900000 41999999 78
nn2 42000000 42099999 98
nn2 42100000 42199999 57
nn2 42200000 42299999 101
nn2 42300000 42399999 77
nn2 42400000 42499999 69
nn2 42500000 42599999 63
nn2 42600000 42699999 49
nn2 42700000 42799999 86
nn2 42800000 42899999 82
nn2 42900000 42999999 106
nn2 43000000 43099999 83
nn2 43100000 43199999 98
nn2 43200000 43299999 64
nn2 43300000 43399999 155
nn2 43400000 43499999 204
nn2 43500000 43599999 140
nn2 43600000 43699999 84
nn2 43700000 43799999 75
nn2 43800000 43899999 113
nn2 43900000 43999999 82
nn2 44000000 44099999 180
nn2 44100000 44199999 254
nn2 44200000 44299999 144
nn2 44300000 44399999 28
nn2 44400000 44499999 137
nn2 44500000 44599999 145
nn2 44600000 44699999 144
nn2 44700000 44799999 98
nn2 44800000 44899999 98
nn2 44900000 44999999 180
nn2 45000000 45099999 221
nn2 45100000 45199999 196
nn2 45200000 45299999 80
nn2 45300000 45399999 55
nn2 45400000 45499999 48
nn2 45500000 45599999 111
nn2 45600000 45699999 118
nn2 45700000 45799999 96
nn2 45800000 45899999 47
nn2 45900000 45999999 89
nn2 46000000 46099999 26
nn2 46100000 46199999 95
nn2 46200000 46299999 111
nn2 46300000 46399999 117
nn2 46400000 46499999 100
nn2 46500000 46599999 81
nn2 46600000 46699999 83
nn2 46700000 46799999 108
nn2 46800000 46899999 100
nn2 46900000 46999999 264
nn2 47000000 47099999 27
nn2 47100000 47199999 128
nn2 47200000 47299999 30
nn2 47300000 47399999 127
nn2 47400000 47499999 243
nn2 47500000 47599999 80
nn2 47600000 47699999 107
nn2 47700000 47799999 98
nn2 47800000 47899999 61
nn2 47900000 47999999 88
nn2 48000000 48099999 142
nn2 48100000 48199999 41
nn2 48200000 48299999 85
nn2 48300000 48399999 161
nn2 48400000 48499999 69
nn2 48500000 48599999 107
nn2 48600000 48699999 105
nn2 48700000 48799999 145
nn2 48800000 48899999 68
nn2 48900000 48999999 169
nn2 49000000 49099999 209
nn2 49100000 49199999 120
nn2 49200000 49299999 93
nn2 49300000 49399999 210
nn2 49400000 49499999 134
nn2 49500000 49599999 58
nn2 49600000 49699999 163
nn2 49700000 49799999 117
nn2 49800000 49899999 143
nn2 49900000 49999999 40
nn2 50000000 50099999 82
nn2 50100000 50199999 85
nn2 50200000 50299999 65
nn2 50300000 50399999 286
nn2 50400000 50499999 186
nn2 50500000 50599999 214
nn2 50600000 50699999 139
nn2 50700000 50799999 199
nn2 50800000 50899999 34
nn2 50900000 50999999 82
nn2 51000000 51099999 80
nn2 51100000 51199999 152
nn2 51200000 51299999 115
nn2 51300000 51399999 86
nn2 51400000 51499999 86
nn2 51500000 51599999 86
nn2 51600000 51699999 44
nn2 51700000 51799999 122
nn2 51800000 51899999 162
nn2 51900000 51999999 103
nn2 52000000 52099999 69
nn2 52100000 52199999 121
nn2 52200000 52299999 73
nn2 52300000 52399999 97
nn2 52400000 52499999 13
nn2 52500000 52599999 28
nn2 52600000 52699999 136
nn2 52700000 52799999 54
nn2 52800000 52899999 41
nn2 52900000 52999999 104
nn2 53000000 53099999 137
nn2 53100000 53199999 128
nn2 53200000 53299999 100
nn2 53300000 53399999 230
nn2 53400000 53499999 84
nn2 53500000 53599999 164
nn2 53600000 53699999 61
nn2 53700000 53799999 162
nn2 53800000 53899999 229
nn2 53900000 53999999 249
nn2 54000000 54099999 149
nn2 54100000 54199999 142
nn2 54200000 54299999 207
nn2 54300000 54399999 131
nn2 54400000 54499999 155
nn2 54500000 54599999 58
nn2 54600000 54699999 97
nn2 54700000 54799999 170
nn2 54800000 54899999 113
nn2 54900000 54999999 129
nn2 55000000 55099999 163
nn2 55100000 55199999 82
nn2 55200000 55299999 41
nn2 55300000 55399999 58
nn2 55400000 55499999 95
nn2 55500000 55599999 73
nn2 55600000 55699999 28
nn2 55700000 55799999 68
nn2 55800000 55899999 98
nn2 55900000 55999999 91
nn2 56000000 56099999 62
nn2 56100000 56199999 85
nn2 56200000 56299999 172
nn2 56300000 56399999 84
nn2 56400000 56499999 55
nn2 56500000 56599999 30
nn2 56600000 56699999 53
nn2 56700000 56799999 100
nn2 56800000 56899999 150
nn2 56900000 56999999 184
nn2 57000000 57099999 108
nn2 57100000 57199999 109
nn2 57200000 57299999 82
nn2 57300000 57399999 85
nn2 57400000 57499999 118
nn2 57500000 57599999 62
nn2 57600000 57699999 169
nn2 57700000 57799999 101
nn2 57800000 57899999 204
nn2 57900000 57999999 137
nn2 58000000 58099999 40
nn2 58100000 58199999 40
nn2 58200000 58299999 125
nn2 58300000 58399999 57
nn2 58400000 58499999 213
nn2 58500000 58599999 93
nn2 58600000 58699999 127
nn2 58700000 58799999 93
nn2 58800000 58899999 139
nn2 58900000 58999999 104
nn2 59000000 59099999 131
nn2 59100000 59199999 129
nn2 59200000 59299999 92
nn2 59300000 59399999 79
nn2 59400000 59499999 61
nn2 59500000 59599999 157
nn2 59600000 59699999 201
nn2 59700000 59799999 53
nn2 59800000 59899999 146
nn2 59900000 59999999 134
nn2 60000000 60099999 61
nn2 60100000 60199999 15
nn2 60200000 60299999 69
nn2 60300000 60399999 26
nn2 60400000 60499999 118
nn2 60500000 60599999 42
nn2 60600000 60699999 216
nn2 60700000 60799999 82
nn2 60800000 60899999 179
nn2 60900000 60999999 255
nn2 61000000 61099999 153
nn2 61100000 61199999 118
nn2 61200000 61299999 220
nn2 61300000 61399999 54
nn2 61400000 61499999 157
nn2 61500000 61599999 184
nn2 61600000 61699999 187
nn2 61700000 61799999 99
nn2 61800000 61899999 123
nn2 61900000 61999999 94
nn2 62000000 62099999 67
nn2 62100000 62199999 123
nn2 62200000 62299999 87
nn2 62300000 62399999 84
nn2 62400000 62499999 178
nn2 62500000 62599999 96
nn2 62600000 62699999 99
nn2 62700000 62799999 93
nn2 62800000 62899999 188
nn2 62900000 62999999 68
nn2 63000000 63099999 114
nn2 63100000 63199999 190
nn2 63200000 63299999 235
nn2 63300000 63399999 148
nn2 63400000 63499999 181
nn2 63500000 63599999 139
nn2 63600000 63699999 136
nn2 63700000 63799999 162
nn2 63800000 63899999 29
nn2 63900000 63999999 62
nn2 64000000 64099999 140
nn2 64100000 64199999 44
nn2 64200000 64299999 125
nn2 64300000 64399999 147
nn2 64400000 64499999 153
nn2 64500000 64599999 101
nn2 64600000 64699999 124
nn2 64700000 64799999 100
nn2 64800000 64899999 170
nn2 64900000 64999999 41
nn2 65000000 65099999 100
nn2 65100000 65199999 27
nn2 65200000 65299999 68
nn2 65300000 65399999 86
nn2 65400000 65499999 87
nn2 65500000 65599999 52
nn2 65600000 65699999 43
nn2 65700000 65799999 42
nn2 65800000 65899999 222
nn2 65900000 65999999 292
nn2 66000000 66099999 192
nn2 66100000 66199999 40
nn2 66200000 66299999 113
nn2 66300000 66399999 55
nn2 66400000 66499999 186
nn2 66500000 66599999 157
nn2 66600000 66699999 161
nn2 66700000 66799999 82
nn2 66800000 66899999 55
nn2 66900000 66999999 113
nn2 67000000 67099999 83
nn2 67100000 67199999 57
nn2 67200000 67299999 72
nn2 67300000 67399999 150
nn2 67400000 67499999 139
nn2 67500000 67599999 110
nn2 67600000 67699999 118
nn2 67700000 67799999 193
nn2 67800000 67899999 109
nn2 67900000 67999999 155
nn2 68000000 68099999 186
nn2 68100000 68199999 53
nn2 68200000 68299999 98
nn2 68300000 68399999 84
nn2 68400000 68499999 41
nn2 68500000 68599999 62
nn2 68600000 68699999 114
nn2 68700000 68799999 113
nn2 68800000 68899999 28
nn2 68900000 68999999 122
nn2 69000000 69099999 13
nn2 69100000 69199999 27
nn2 69200000 69299999 109
nn2 69300000 69399999 139
nn2 69400000 69499999 42
nn2 69500000 69599999 132
nn2 69600000 69699999 142
nn2 69700000 69799999 188
nn2 69800000 69899999 28
nn2 69900000 69999999 40
nn2 70000000 70099999 31
nn2 70100000 70199999 109
nn2 70200000 70299999 69
nn2 70300000 70399999 67
nn2 70400000 70499999 137
nn2 70500000 70599999 13
nn2 70600000 70699999 55
nn2 70700000 70799999 71
nn2 70800000 70899999 40
nn2 70900000 70999999 76
nn2 71000000 71099999 43
nn2 71100000 71199999 72
nn2 71200000 71299999 77
nn2 71300000 71399999 67
nn2 71400000 71499999 84
nn2 71500000 71599999 181
nn2 71600000 71699999 180
nn2 71700000 71799999 240
nn2 71800000 71899999 115
nn2 71900000 71999999 131
nn2 72000000 72099999 80
nn2 72100000 72199999 111
nn2 72200000 72299999 131
nn2 72300000 72399999 159
nn2 72400000 72499999 111
nn2 72500000 72599999 117
nn2 72600000 72699999 137
nn2 72700000 72799999 122
nn2 72800000 72899999 111
nn2 72900000 72999999 98
nn2 73000000 73099999 26
nn2 73100000 73199999 119
nn2 73200000 73299999 120
nn2 73300000 73399999 105
nn2 73400000 73499999 47
nn2 73500000 73599999 97
nn2 73600000 73699999 122
nn2 73700000 73799999 26
nn2 73800000 73899999 15
nn2 73900000 73999999 199
nn2 74000000 74099999 143
nn2 74100000 74199999 56
nn2 74200000 74299999 142
nn2 74300000 74399999 140
nn2 74400000 74499999 151
nn2 74500000 74599999 75
nn2 74600000 74699999 125
nn2 74700000 74799999 110
nn2 74800000 74899999 79
nn2 74900000 74999999 145
nn2 75000000 75099999 116
nn2 75100000 75199999 150
nn2 75200000 75299999 313
nn2 75300000 75399999 153
nn2 75400000 75499999 150
nn2 75500000 75599999 98
nn2 75600000 75699999 111
nn2 75700000 75799999 65
nn2 75800000 75899999 56
nn2 75900000 75999999 53
nn2 76000000 76099999 42
nn2 76100000 76199999 101
nn2 76200000 76299999 151
nn2 76300000 76399999 83
nn2 76400000 76499999 133
nn2 76500000 76599999 57
nn2 76600000 76699999 86
nn2 76700000 76799999 206
nn2 76800000 76899999 134
nn2 76900000 76999999 49
nn2 77000000 77099999 69
nn2 77100000 77199999 43
nn2 77200000 77299999 113
nn2 77300000 77399999 154
nn2 77400000 77499999 64
nn2 77500000 77599999 84
nn2 77600000 77699999 169
nn2 77700000 77799999 141
nn2 77800000 77899999 162
nn2 77900000 77999999 132
nn2 78000000 78099999 96
nn2 78100000 78199999 33
nn2 78200000 78299999 149
nn2 78300000 78399999 100
nn2 78400000 78499999 136
nn2 78500000 78599999 47
nn2 78600000 78699999 70
nn2 78700000 78799999 63
nn2 78800000 78899999 135
nn2 78900000 78999999 69
nn2 79000000 79099999 27
nn2 79100000 79199999 81
nn2 79200000 79299999 60
nn2 79300000 79399999 57
nn2 79400000 79499999 72
nn2 79500000 79599999 27
nn2 79600000 79699999 57
nn2 79700000 79799999 70
nn2 79800000 79899999 59
nn2 79900000 79999999 333
nn2 80000000 80099999 54
nn2 80100000 80199999 72
nn2 80200000 80299999 45
nn2 80300000 80399999 46
nn2 80400000 80499999 48
nn2 80500000 80599999 54
nn2 80600000 80699999 101
nn2 80700000 80799999 153
nn2 80800000 80899999 230
nn2 80900000 80999999 126
nn2 81000000 81099999 73
nn2 81100000 81199999 144
nn2 81200000 81299999 45
nn2 81300000 81399999 147
nn2 81400000 81499999 52
nn2 81500000 81599999 87
nn2 81600000 81699999 68
nn2 81700000 81799999 114
nn2 81800000 81899999 152
nn2 81900000 81999999 169
nn2 82000000 82099999 124
nn2 82100000 82199999 103
nn2 82200000 82299999 123
nn2 82300000 82399999 100
nn2 82400000 82499999 100
nn2 82500000 82599999 126
nn2 82600000 82699999 69
nn2 82700000 82799999 175
nn2 82800000 82899999 89
nn2 82900000 82999999 81
nn2 83000000 83099999 148
nn2 83100000 83199999 89
nn2 83200000 83299999 61
nn2 83300000 83399999 151
nn2 83400000 83499999 91
nn2 83500000 83599999 76
nn2 83600000 83699999 140
nn2 83700000 83799999 128
nn2 83800000 83899999 132
nn2 83900000 83999999 83
nn2 84000000 84099999 72
nn2 84100000 84199999 116
nn2 84200000 84299999 155
nn2 84300000 84399999 170
nn2 84400000 84499999 71
nn2 84500000 84599999 99
nn2 84600000 84699999 143
nn2 84700000 84799999 51
nn2 84800000 84899999 75
nn2 84900000 84999999 184
nn2 85000000 85099999 94
nn2 85100000 85199999 81
nn2 85200000 85299999 116
nn2 85300000 85399999 28
nn2 85400000 85499999 123
nn2 85500000 85599999 166
nn2 85600000 85699999 200
nn2 85700000 85799999 68
nn2 85800000 85899999 129
nn2 85900000 85999999 82
nn2 86000000 86099999 130
nn2 86100000 86199999 92
nn2 86200000 86299999 100
nn2 86300000 86399999 167
nn2 86400000 86499999 95
nn2 86500000 86599999 119
nn2 86600000 86699999 77
nn2 86700000 86799999 45
nn2 86800000 86899999 40
nn2 86900000 86999999 83
nn2 87000000 87099999 150
nn2 87100000 87199999 160
nn2 87200000 87299999 72
nn2 87300000 87399999 69
nn2 87400000 87499999 63
nn2 87500000 87599999 57
nn2 87600000 87699999 113
nn2 87700000 87799999 97
nn2 87800000 87899999 181
nn2 87900000 87999999 88
nn2 88000000 88099999 101
nn2 88100000 88199999 83
nn2 88200000 88299999 52
nn2 88300000 88399999 61
nn2 88400000 88499999 156
nn2 88500000 88599999 106
nn2 88600000 88699999 148
nn2 88700000 88799999 71
nn2 88800000 88899999 86
nn2 88900000 88999999 57
nn2 89000000 89099999 55
nn2 89100000 89199999 90
nn2 89200000 89299999 185
nn2 89300000 89399999 129
nn2 89400000 89499999 60
nn2 89500000 89599999 86
nn2 89600000 89699999 20
nn2 89700000 89799999 137
nn2 89800000 89899999 141
nn2 89900000 89999999 81
nn2 90000000 90099999 115
nn2 90100000 90199999 110
nn2 90200000 90299999 150
nn2 90300000 90399999 56
nn2 90400000 90499999 40
nn2 90500000 90599999 54
nn2 90600000 90699999 109
nn2 90700000 90799999 127
nn2 90800000 90899999 96
nn2 90900000 90999999 42
nn2 91000000 91099999 69
nn2 91100000 91199999 96
nn2 91200000 91299999 102
nn2 91300000 91399999 199
nn2 91400000 91499999 85
nn2 91500000 91599999 73
nn2 91600000 91699999 27
nn2 91700000 91799999 191
nn2 91800000 91899999 66
nn2 91900000 91999999 57
nn2 92000000 92099999 69
nn2 92100000 92199999 61
nn2 92200000 92299999 49
nn2 92300000 92399999 28
nn2 92400000 92499999 87
nn2 92500000 92599999 43
nn2 92600000 92699999 13
nn2 92700000 92799999 101
nn2 92800000 92899999 139
nn2 92900000 92999999 199
nn2 93000000 93099999 129
nn2 93100000 93199999 131
nn2 93200000 93299999 177
nn2 93300000 93399999 100
nn2 93400000 93499999 71
nn2 93500000 93599999 99
nn2 93600000 93699999 80
nn2 93700000 93799999 54
nn2 93800000 93899999 119
nn2 93900000 93999999 107
nn2 94000000 94099999 41
nn2 94100000 94199999 110
nn2 94200000 94299999 118
nn2 94300000 94399999 85
nn2 94400000 94499999 195
nn2 94500000 94599999 377
nn2 94600000 94699999 51
nn2 94700000 94799999 43
nn2 94800000 94899999 48
nn2 94900000 94999999 883
nn2 95000000 95099999 460
nn2 95100000 95199999 229
nn2 95200000 95299999 74
nn2 95300000 95399999 3134
nn2 95400000 95499999 211
nn2 95500000 95599999 158
nn2 95600000 95699999 131
nn2 95700000 95799999 71
nn2 95800000 95899999 244
nn2 95900000 95999999 105
nn2 96000000 96099999 27
nn2 96100000 96199999 268
nn2 96200000 96299999 165
nn2 96300000 96399999 68
nn2 96400000 96499999 83
nn2 96500000 96599999 133
nn2 96600000 96699999 96
nn2 96700000 96799999 91
nn2 96800000 96899999 128
nn2 96900000 96999999 73
nn2 97000000 97069654 118
nn2a 0 99999 296
nn2a 100000 199999 141
nn2a 200000 299999 174
nn2a 300000 399999 261
nn2a 400000 499999 160
nn2a 500000 599999 115
nn2a 600000 699999 2015
nn2a 700000 799999 96
nn2a 800000 899999 458
nn2a 900000 999999 262
nn2a 1000000 1099999 105
nn2a 1100000 1199999 55
nn2a 1200000 1299999 98
nn2a 1300000 1399999 196
nn2a 1400000 1499999 106
nn2a 1500000 1599999 85
nn2a 1600000 1699999 26
nn2a 1700000 1799999 138
nn2a 1800000 1899999 106
nn2a 1900000 1999999 132
nn2a 2000000 2099999 119
nn2a 2100000 2199999 80
nn2a 2200000 2299999 140
nn2a 2300000 2399999 69
nn2a 2400000 2499999 186
nn2a 2500000 2599999 51
nn2a 2600000 2699999 246
nn2a 2700000 2799999 160
nn2a 2800000 2899999 214
nn2a 2900000 2999999 82
nn2a 3000000 3099999 124
nn2a 3100000 3199999 100
nn2a 3200000 3299999 63
nn2a 3300000 3399999 74
nn2a 3400000 3499999 124
nn2a 3500000 3599999 207
nn2a 3600000 3699999 134
nn2a 3700000 3799999 177
nn2a 3800000 3899999 161
nn2a 3900000 3999999 130
nn2a 4000000 4099999 81
nn2a 4100000 4199999 188
nn2a 4200000 4299999 162
nn2a 4300000 4399999 145
nn2a 4400000 4499999 157
nn2a 4500000 4599999 68
nn2a 4600000 4699999 173
nn2a 4700000 4799999 77
nn2a 4800000 4899999 234
nn2a 4900000 4999999 144
nn2a 5000000 5099999 74
nn2a 5100000 5199999 48
nn2a 5200000 5299999 129
nn2a 5300000 5399999 128
nn2a 5400000 5499999 63
nn2a 5500000 5599999 72
nn2a 5600000 5699999 91
nn2a 5700000 5799999 79
nn2a 5800000 5899999 167
nn2a 5900000 5999999 76
nn2a 6000000 6099999 119
nn2a 6100000 6199999 148
nn2a 6200000 6299999 144
nn2a 6300000 6399999 68
nn2a 6400000 6499999 100
nn2a 6500000 6599999 81
nn2a 6600000 6699999 112
nn2a 6700000 6799999 83
nn2a 6800000 6899999 190
nn2a 6900000 6999999 0
nn2a 7000000 7099999 103
nn2a 7100000 7199999 55
nn2a 7200000 7299999 169
nn2a 7300000 7399999 82
nn2a 7400000 7499999 69
nn2a 7500000 7599999 151
nn2a 7600000 7699999 121
nn2a 7700000 7799999 83
nn2a 7800000 7899999 40
nn2a 7900000 7999999 115
nn2a 8000000 8099999 108
nn2a 8100000 8199999 197
nn2a 8200000 8299999 113
nn2a 8300000 8399999 131
nn2a 8400000 8499999 53
nn2a 8500000 8599999 162
nn2a 8600000 8699999 105
nn2a 8700000 8799999 90
nn2a 8800000 8899999 90
nn2a 8900000 8999999 56
nn2a 9000000 9099999 110
nn2a 9100000 9199999 122
nn2a 9200000 9299999 109
nn2a 9300000 9399999 129
nn2a 9400000 9499999 86
nn2a 9500000 9599999 121
nn2a 9600000 9699999 97
nn2a 9700000 9799999 88
nn2a 9800000 9899999 76
nn2a 9900000 9999999 207
nn2a 10000000 10099999 114
nn2a 10100000 10199999 192
nn2a 10200000 10299999 114
nn2a 10300000 10399999 149
nn2a 10400000 10499999 92
nn2a 10500000 10599999 142
nn2a 10600000 10699999 117
nn2a 10700000 10799999 117
nn2a 10800000 10899999 104
nn2a 10900000 10999999 66
nn2a 11000000 11099999 68
nn2a 11100000 11199999 75
nn2a 11200000 11299999 87
nn2a 11300000 11399999 42
nn2a 11400000 11499999 31
nn2a 11500000 11599999 126
nn2a 11600000 11699999 55
nn2a 11700000 11799999 48
nn2a 11800000 11899999 78
nn2a 11900000 11999999 48
nn2a 12000000 12099999 88
nn2a 12100000 12199999 119
nn2a 12200000 12299999 42
nn2a 12300000 12399999 99
nn2a 12400000 12499999 61
nn2a 12500000 12599999 126
nn2a 12600000 12699999 0
nn2a 12700000 12799999 43
nn2a 12800000 12899999 115
nn2a 12900000 12999999 206
nn2a 13000000 13099999 177
nn2a 13100000 13199999 75
nn2a 13200000 13299999 108
nn2a 13300000 13399999 92
nn2a 13400000 13499999 207
nn2a 13500000 13599999 106
nn2a 13600000 13699999 86
nn2a 13700000 13799999 108
nn2a 13800000 13899999 154
nn2a 13900000 13999999 82
nn2a 14000000 14099999 182
nn2a 14100000 14199999 94
nn2a 14200000 14299999 155
nn2a 14300000 14399999 73
nn2a 14400000 14499999 171
nn2a 14500000 14599999 250
nn2a 14600000 14699999 69
nn2a 14700000 14799999 90
nn2a 14800000 14899999 102
nn2a 14900000 14999999 138
nn2a 15000000 15099999 148
nn2a 15100000 15199999 90
nn2a 15200000 15299999 55
nn2a 15300000 15399999 87
nn2a 15400000 15499999 162
nn2a 15500000 15599999 116
nn2a 15600000 15699999 127
nn2a 15700000 15799999 140
nn2a 15800000 15899999 113
nn2a 15900000 15999999 101
nn2a 16000000 16099999 102
nn2a 16100000 16199999 99
nn2a 16200000 16299999 102
nn2a 16300000 16399999 83
nn2a 16400000 16499999 144
nn2a 16500000 16599999 91
nn2a 16600000 16699999 82
nn2a 16700000 16799999 95
nn2a 16800000 16899999 127
nn2a 16900000 16999999 94
nn2a 17000000 17099999 76
nn2a 17100000 17199999 170
nn2a 17200000 17299999 154
nn2a 17300000 17399999 127
nn2a 17400000 17499999 74
nn2a 17500000 17599999 127
nn2a 17600000 17699999 450
nn2a 17700000 17799999 174
nn2a 17800000 17899999 186
nn2a 17900000 17999999 229
nn2a 18000000 18099999 69
nn2a 18100000 18199999 95
nn2a 18200000 18299999 131
nn2a 18300000 18399999 149
nn2a 18400000 18499999 131
nn2a 18500000 18599999 58
nn2a 18600000 18699999 0
nn2a 18700000 18799999 144
nn2a 18800000 18899999 72
nn2a 18900000 18999999 96
nn2a 19000000 19099999 16
nn2a 19100000 19199999 171
nn2a 19200000 19299999 156
nn2a 19300000 19399999 157
nn2a 19400000 19499999 116
nn2a 19500000 19599999 101
nn2a 19600000 19699999 70
nn2a 19700000 19799999 77
nn2a 19800000 19899999 41
nn2a 19900000 19999999 127
nn2a 20000000 20099999 147
nn2a 20100000 20199999 107
nn2a 20200000 20299999 96
nn2a 20300000 20399999 104
nn2a 20400000 20499999 86
nn2a 20500000 20599999 89
nn2a 20600000 20699999 57
nn2a 20700000 20799999 230
nn2a 20800000 20899999 153
nn2a 20900000 20999999 99
nn2a 21000000 21099999 205
nn2a 21100000 21199999 75
nn2a 21200000 21299999 180
nn2a 21300000 21399999 116
nn2a 21400000 21499999 114
nn2a 21500000 21599999 90
nn2a 21600000 21699999 118
nn2a 21700000 21799999 73
nn2a 21800000 21899999 149
nn2a 21900000 21999999 177
nn2a 22000000 22099999 105
nn2a 22100000 22199999 61
nn2a 22200000 22299999 203
nn2a 22300000 22399999 46
nn2a 22400000 22499999 119
nn2a 22500000 22599999 228
nn2a 22600000 22699999 100
nn2a 22700000 22799999 170
nn2a 22800000 22899999 86
nn2a 22900000 22999999 54
nn2a 23000000 23099999 83
nn2a 23100000 23199999 73
nn2a 23200000 23299999 99
nn2a 23300000 23399999 121
nn2a 23400000 23499999 187
nn2a 23500000 23599999 114
nn2a 23600000 23699999 125
nn2a 23700000 23799999 204
nn2a 23800000 23899999 196
nn2a 23900000 23999999 179
nn2a 24000000 24099999 118
nn2a 24100000 24199999 69
nn2a 24200000 24299999 139
nn2a 24300000 24399999 246
nn2a 24400000 24499999 52
nn2a 24500000 24599999 211
nn2a 24600000 24699999 136
nn2a 24700000 24799999 127
nn2a 24800000 24899999 77
nn2a 24900000 24999999 43
nn2a 25000000 25099999 47
nn2a 25100000 25199999 0
nn2a 25200000 25299999 84
nn2a 25300000 25399999 53
nn2a 25400000 25499999 94
nn2a 25500000 25599999 171
nn2a 25600000 25699999 168
nn2a 25700000 25799999 87
nn2a 25800000 25899999 128
nn2a 25900000 25999999 54
nn2a 26000000 26099999 45
nn2a 26100000 26199999 104
nn2a 26200000 26299999 103
nn2a 26300000 26399999 43
nn2a 26400000 26499999 95
nn2a 26500000 26599999 109
nn2a 26600000 26699999 83
nn2a 26700000 26799999 111
nn2a 26800000 26899999 52
nn2a 26900000 26999999 13
nn2a 27000000 27099999 69
nn2a 27100000 27199999 153
nn2a 27200000 27299999 118
nn2a 27300000 27399999 16
nn2a 27400000 27499999 21
nn2a 27500000 27599999 131
nn2a 27600000 27699999 70
nn2a 27700000 27799999 102
nn2a 27800000 27899999 29
nn2a 27900000 27999999 188
nn2a 28000000 28099999 122
nn2a 28100000 28199999 149
nn2a 28200000 28299999 106
nn2a 28300000 28399999 168
nn2a 28400000 28499999 61
nn2a 28500000 28599999 81
nn2a 28600000 28699999 70
nn2a 28700000 28799999 143
nn2a 28800000 28899999 101
nn2a 28900000 28999999 27
nn2a 29000000 29099999 95
nn2a 29100000 29199999 42
nn2a 29200000 29299999 122
nn2a 29300000 29399999 220
nn2a 29400000 29499999 112
nn2a 29500000 29599999 161
nn2a 29600000 29699999 90
nn2a 29700000 29799999 155
nn2a 29800000 29899999 73
nn2a 29900000 29999999 123
nn2a 30000000 30099999 113
nn2a 30100000 30199999 56
nn2a 30200000 30299999 80
nn2a 30300000 30399999 97
nn2a 30400000 30499999 101
nn2a 30500000 30599999 114
nn2a 30600000 30699999 104
nn2a 30700000 30799999 223
nn2a 30800000 30899999 171
nn2a 30900000 30999999 190
nn2a 31000000 31099999 122
nn2a 31100000 31199999 195
nn2a 31200000 31299999 263
nn2a 31300000 31399999 87
nn2a 31400000 31499999 162
nn2a 31500000 31599999 84
nn2a 31600000 31699999 107
nn2a 31700000 31799999 232
nn2a 31800000 31899999 161
nn2a 31900000 31999999 136
nn2a 32000000 32099999 137
nn2a 32100000 32199999 103
nn2a 32200000 32299999 422
nn2a 32300000 32399999 440
nn2a 32400000 32499999 151
nn2a 32500000 32599999 310
nn2a 32600000 32699999 1858
nn2a 32700000 32799999 206
nn2a 32800000 32899999 144
nn2a 32900000 32999999 134
nn2a 33000000 33099999 202
nn2a 33100000 33199999 191
nn2a 33200000 33299999 59
nn2a 33300000 33399999 97
nn2a 33400000 33499999 51
nn2a 33500000 33599999 105
nn2a 33600000 33699999 67
nn2a 33700000 33799999 130
nn2a 33800000 33899999 70
nn2a 33900000 33999999 99
nn2a 34000000 34099999 133
nn2a 34100000 34199999 162
nn2a 34200000 34299999 55
nn2a 34300000 34399999 54
nn2a 34400000 34499999 113
nn2a 34500000 34599999 104
nn2a 34600000 34699999 31
nn2a 34700000 34799999 232
nn2a 34800000 34899999 285
nn2a 34900000 34999999 415
nn2a 35000000 35099999 49
nn2a 35100000 35199999 78
nn2a 35200000 35299999 124
nn2a 35300000 35399999 99
nn2a 35400000 35499999 110
nn2a 35500000 35599999 114
nn2a 35600000 35699999 61
nn2a 35700000 35799999 106
nn2a 35800000 35899999 95
nn2a 35900000 35999999 42
nn2a 36000000 36099999 139
nn2a 36100000 36199999 101
nn2a 36200000 36299999 52
nn2a 36300000 36399999 81
nn2a 36400000 36499999 126
nn2a 36500000 36599999 106
nn2a 36600000 36699999 87
nn2a 36700000 36799999 156
nn2a 36800000 36899999 200
nn2a 36900000 36999999 187
nn2a 37000000 37099999 96
nn2a 37100000 37199999 41
nn2a 37200000 37299999 153
nn2a 37300000 37399999 85
nn2a 37400000 37499999 73
nn2a 37500000 37599999 72
nn2a 37600000 37699999 68
nn2a 37700000 37799999 105
nn2a 37800000 37899999 96
nn2a 37900000 37999999 42
nn2a 38000000 38099999 202
nn2a 38100000 38199999 129
nn2a 38200000 38299999 40
nn2a 38300000 38399999 138
nn2a 38400000 38499999 221
nn2a 38500000 38599999 100
nn2a 38600000 38699999 119
nn2a 38700000 38799999 161
nn2a 38800000 38899999 170
nn2a 38900000 38999999 163
nn2a 39000000 39099999 110
nn2a 39100000 39199999 108
nn2a 39200000 39299999 105
nn2a 39300000 39399999 87
nn2a 39400000 39499999 132
nn2a 39500000 39599999 113
nn2a 39600000 39699999 85
nn2a 39700000 39799999 197
nn2a 39800000 39899999 113
nn2a 39900000 39999999 57
nn2a 40000000 40099999 113
nn2a 40100000 40199999 253
nn2a 40200000 40299999 234
nn2a 40300000 40399999 214
nn2a 40400000 40499999 101
nn2a 40500000 40599999 121
nn2a 40600000 40699999 136
nn2a 40700000 40799999 182
nn2a 40800000 40899999 116
nn2a 40900000 40999999 68
nn2a 41000000 41099999 155
nn2a 41100000 41199999 54
nn2a 41200000 41299999 115
nn2a 41300000 41399999 104
nn2a 41400000 41499999 112
nn2a 41500000 41599999 94
nn2a 41600000 41699999 146
nn2a 41700000 41799999 54
nn2a 41800000 41899999 104
nn2a 41900000 41999999 185
nn2a 42000000 42099999 136
nn2a 42100000 42199999 141
nn2a 42200000 42299999 66
nn2a 42300000 42399999 61
nn2a 42400000 42499999 144
nn2a 42500000 42599999 109
nn2a 42600000 42699999 104
nn2a 42700000 42799999 97
nn2a 42800000 42899999 135
nn2a 42900000 42999999 132
nn2a 43000000 43099999 53
nn2a 43100000 43199999 183
nn2a 43200000 43299999 174
nn2a 43300000 43399999 102
nn2a 43400000 43499999 176
nn2a 43500000 43599999 109
nn2a 43600000 43699999 48
nn2a 43700000 43799999 60
nn2a 43800000 43899999 143
nn2a 43900000 43999999 90
nn2a 44000000 44099999 240
nn2a 44100000 44199999 136
nn2a 44200000 44299999 191
nn2a 44300000 44399999 139
nn2a 44400000 44499999 134
nn2a 44500000 44599999 103
nn2a 44600000 44699999 110
nn2a 44700000 44799999 122
nn2a 44800000 44899999 172
nn2a 44900000 44999999 181
nn2a 45000000 45099999 53
nn2a 45100000 45199999 85
nn2a 45200000 45299999 147
nn2a 45300000 45399999 140
nn2a 45400000 45499999 58
nn2a 45500000 45599999 178
nn2a 45600000 45699999 42
nn2a 45700000 45799999 157
nn2a 45800000 45899999 169
nn2a 45900000 45999999 133
nn2a 46000000 46099999 90
nn2a 46100000 46199999 62
nn2a 46200000 46299999 83
nn2a 46300000 46399999 86
nn2a 46400000 46499999 223
nn2a 46500000 46599999 146
nn2a 46600000 46699999 274
nn2a 46700000 46799999 98
nn2a 46800000 46899999 13
nn2a 46900000 46999999 185
nn2a 47000000 47099999 157
nn2a 47100000 47199999 83
nn2a 47200000 47299999 82
nn2a 47300000 47399999 121
nn2a 47400000 47499999 207
nn2a 47500000 47599999 29
nn2a 47600000 47699999 201
nn2a 47700000 47799999 217
nn2a 47800000 47899999 133
nn2a 47900000 47999999 163
nn2a 48000000 48099999 202
nn2a 48100000 48199999 157
nn2a 48200000 48299999 163
nn2a 48300000 48399999 225
nn2a 48400000 48499999 111
nn2a 48500000 48599999 128
nn2a 48600000 48699999 165
nn2a 48700000 48799999 82
nn2a 48800000 48899999 72
nn2a 48900000 48999999 224
nn2a 49000000 49099999 73
nn2a 49100000 49199999 69
nn2a 49200000 49299999 63
nn2a 49300000 49399999 110
nn2a 49400000 49499999 141
nn2a 49500000 49599999 173
nn2a 49600000 49699999 224
nn2a 49700000 49799999 143
nn2a 49800000 49899999 186
nn2a 49900000 49999999 122
nn2a 50000000 50099999 119
nn2a 50100000 50199999 120
nn2a 50200000 50299999 75
nn2a 50300000 50399999 101
nn2a 50400000 50499999 145
nn2a 50500000 50599999 136
nn2a 50600000 50699999 144
nn2a 50700000 50799999 145
nn2a 50800000 50899999 72
nn2a 50900000 50999999 165
nn2a 51000000 51099999 99
nn2a 51100000 51199999 156
nn2a 51200000 51299999 89
nn2a 51300000 51399999 154
nn2a 51400000 51499999 54
nn2a 51500000 51599999 55
nn2a 51600000 51699999 0
nn2a 51700000 51799999 0
nn2a 51800000 51899999 13
nn2a 51900000 51999999 265
nn2a 52000000 52099999 164
nn2a 52100000 52199999 131
nn2a 52200000 52299999 195
nn2a 52300000 52355976 138
nn3 0 99999 209
nn3 100000 199999 78
nn3 200000 299999 204
nn3 300000 399999 155
nn3 400000 499999 71
nn3 500000 599999 139
nn3 600000 699999 75
nn3 700000 799999 93
nn3 800000 899999 165
nn3 900000 999999 135
nn3 1000000 1099999 84
nn3 1100000 1199999 149
nn3 1200000 1299999 165
nn3 1300000 1399999 230
nn3 1400000 1499999 169
nn3 1500000 1599999 192
nn3 1600000 1699999 96
nn3 1700000 1799999 83
nn3 1800000 1899999 83
nn3 1900000 1999999 185
nn3 2000000 2099999 191
nn3 2100000 2199999 67
nn3 2200000 2299999 112
nn3 2300000 2399999 79
nn3 2400000 2499999 98
nn3 2500000 2599999 196
nn3 2600000 2699999 371
nn3 2700000 2799999 54
nn3 2800000 2899999 93
nn3 2900000 2999999 76
nn3 3000000 3099999 201
nn3 3100000 3199999 124
nn3 3200000 3299999 43
nn3 3300000 3399999 89
nn3 3400000 3499999 140
nn3 3500000 3599999 140
nn3 3600000 3699999 163
nn3 3700000 3799999 156
nn3 3800000 3899999 29
nn3 3900000 3999999 136
nn3 4000000 4099999 144
nn3 4100000 4199999 148
nn3 4200000 4299999 48
nn3 4300000 4399999 103
nn3 4400000 4499999 141
nn3 4500000 4599999 157
nn3 4600000 4699999 154
nn3 4700000 4799999 46
nn3 4800000 4899999 139
nn3 4900000 4999999 129
nn3 5000000 5099999 221
nn3 5100000 5199999 30
nn3 5200000 5299999 84
nn3 5300000 5399999 318
nn3 5400000 5499999 185
nn3 5500000 5599999 112
nn3 5600000 5699999 228
nn3 5700000 5799999 108
nn3 5800000 5899999 223
nn3 5900000 5999999 402
nn3 6000000 6099999 30
nn3 6100000 6199999 281
nn3 6200000 6299999 130
nn3 6300000 6399999 14
nn3 6400000 6499999 454
nn3 6500000 6599999 241
nn3 6600000 6699999 183
nn3 6700000 6799999 149
nn3 6800000 6899999 113
nn3 6900000 6999999 56
nn3 7000000 7099999 42
nn3 7100000 7199999 70
nn3 7200000 7299999 151
nn3 7300000 7399999 157
nn3 7400000 7499999 126
nn3 7500000 7599999 83
nn3 7600000 7699999 57
nn3 7700000 7799999 130
nn3 7800000 7899999 101
nn3 7900000 7999999 65
nn3 8000000 8099999 98
nn3 8100000 8199999 79
nn3 8200000 8299999 43
nn3 8300000 8399999 56
nn3 8400000 8499999 96
nn3 8500000 8599999 54
nn3 8600000 8699999 56
nn3 8700000 8799999 146
nn3 8800000 8899999 103
nn3 8900000 8999999 97
nn3 9000000 9099999 65
nn3 9100000 9199999 115
nn3 9200000 9299999 97
nn3 9300000 9399999 93
nn3 9400000 9499999 173
nn3 9500000 9599999 200
nn3 9600000 9699999 122
nn3 9700000 9799999 65
nn3 9800000 9899999 41
nn3 9900000 9999999 67
nn3 10000000 10099999 66
nn3 10100000 10199999 108
nn3 10200000 10299999 145
nn3 10300000 10399999 98
nn3 10400000 10499999 92
nn3 10500000 10599999 44
nn3 10600000 10699999 98
nn3 10700000 10799999 55
nn3 10800000 10899999 41
nn3 10900000 10999999 182
nn3 11000000 11099999 112
nn3 11100000 11199999 13
nn3 11200000 11299999 68
nn3 11300000 11399999 54
nn3 11400000 11499999 109
nn3 11500000 11599999 127
nn3 11600000 11699999 82
nn3 11700000 11799999 112
nn3 11800000 11899999 110
nn3 11900000 11999999 57
nn3 12000000 12099999 107
nn3 12100000 12199999 67
nn3 12200000 12299999 177
nn3 12300000 12399999 42
nn3 12400000 12499999 85
nn3 12500000 12599999 88
nn3 12600000 12699999 55
nn3 12700000 12799999 79
nn3 12800000 12899999 54
nn3 12900000 12999999 70
nn3 13000000 13099999 56
nn3 13100000 13199999 111
nn3 13200000 13299999 119
nn3 13300000 13399999 127
nn3 13400000 13499999 103
nn3 13500000 13599999 90
nn3 13600000 13699999 54
nn3 13700000 13799999 112
nn3 13800000 13899999 164
nn3 13900000 13999999 104
nn3 14000000 14099999 100
nn3 14100000 14199999 0
nn3 14200000 14299999 115
nn3 14300000 14399999 91
nn3 14400000 14499999 164
nn3 14500000 14599999 58
nn3 14600000 14699999 261
nn3 14700000 14799999 163
nn3 14800000 14899999 82
nn3 14900000 14999999 105
nn3 15000000 15099999 184
nn3 15100000 15199999 171
nn3 15200000 15299999 101
nn3 15300000 15399999 74
nn3 15400000 15499999 181
nn3 15500000 15599999 94
nn3 15600000 15699999 72
nn3 15700000 15799999 81
nn3 15800000 15899999 71
nn3 15900000 15999999 112
nn3 16000000 16099999 88
nn3 16100000 16199999 41
nn3 16200000 16299999 46
nn3 16300000 16399999 102
nn3 16400000 16499999 243
nn3 16500000 16599999 83
nn3 16600000 16699999 65
nn3 16700000 16799999 76
nn3 16800000 16899999 102
nn3 16900000 16999999 91
nn3 17000000 17099999 98
nn3 17100000 17199999 70
nn3 17200000 17299999 123
nn3 17300000 17399999 82
nn3 17400000 17499999 83
nn3 17500000 17599999 110
nn3 17600000 17699999 104
nn3 17700000 17799999 90
nn3 17800000 17899999 189
nn3 17900000 17999999 64
nn3 18000000 18099999 92
nn3 18100000 18199999 87
nn3 18200000 18299999 64
nn3 18300000 18399999 74
nn3 18400000 18499999 28
nn3 18500000 18599999 113
nn3 18600000 18699999 79
nn3 18700000 18799999 110
nn3 18800000 18899999 29
nn3 18900000 18999999 96
nn3 19000000 19099999 28
nn3 19100000 19199999 57
nn3 19200000 19299999 129
nn3 19300000 19399999 96
nn3 19400000 19499999 125
nn3 19500000 19599999 72
nn3 19600000 19699999 123
nn3 19700000 19799999 90
nn3 19800000 19899999 58
nn3 19900000 19999999 143
nn3 20000000 20099999 59
nn3 20100000 20199999 139
nn3 20200000 20299999 172
nn3 20300000 20399999 41
nn3 20400000 20499999 132
nn3 20500000 20599999 84
nn3 20600000 20699999 178
nn3 20700000 20799999 29
nn3 20800000 20899999 81
nn3 20900000 20999999 54
nn3 21000000 21099999 67
nn3 21100000 21199999 42
nn3 21200000 21299999 26
nn3 21300000 21399999 58
nn3 21400000 21499999 56
nn3 21500000 21599999 112
nn3 21600000 21699999 88
nn3 21700000 21799999 103
nn3 21800000 21899999 138
nn3 21900000 21999999 74
nn3 22000000 22099999 134
nn3 22100000 22199999 67
nn3 22200000 22299999 93
nn3 22300000 22399999 53
nn3 22400000 22499999 70
nn3 22500000 22599999 96
nn3 22600000 22699999 209
nn3 22700000 22799999 181
nn3 22800000 22899999 94
nn3 22900000 22999999 109
nn3 23000000 23099999 29
nn3 23100000 23199999 26
nn3 23200000 23299999 72
nn3 23300000 23399999 16
nn3 23400000 23499999 99
nn3 23500000 23599999 80
nn3 23600000 23699999 199
nn3 23700000 23799999 101
nn3 23800000 23899999 55
nn3 23900000 23999999 36
nn3 24000000 24099999 118
nn3 24100000 24199999 54
nn3 24200000 24299999 100
nn3 24300000 24399999 123
nn3 24400000 24499999 57
nn3 24500000 24599999 215
nn3 24600000 24699999 91
nn3 24700000 24799999 42
nn3 24800000 24899999 67
nn3 24900000 24999999 54
nn3 25000000 25099999 101
nn3 25100000 25199999 72
nn3 25200000 25299999 73
nn3 25300000 25399999 39
nn3 25400000 25499999 27
nn3 25500000 25599999 205
nn3 25600000 25699999 84
nn3 25700000 25799999 81
nn3 25800000 25899999 54
nn3 25900000 25999999 143
nn3 26000000 26099999 47
nn3 26100000 26199999 96
nn3 26200000 26299999 39
nn3 26300000 26399999 29
nn3 26400000 26499999 86
nn3 26500000 26599999 32
nn3 26600000 26699999 104
nn3 26700000 26799999 43
nn3 26800000 26899999 68
nn3 26900000 26999999 74
nn3 27000000 27099999 105
nn3 27100000 27199999 101
nn3 27200000 27299999 107
nn3 27300000 27399999 46
nn3 27400000 27499999 182
nn3 27500000 27599999 30
nn3 27600000 27699999 101
nn3 27700000 27799999 89
nn3 27800000 27899999 67
nn3 27900000 27999999 44
nn3 28000000 28099999 0
nn3 28100000 28199999 95
nn3 28200000 28299999 40
nn3 28300000 28399999 108
nn3 28400000 28499999 83
nn3 28500000 28599999 56
nn3 28600000 28699999 70
nn3 28700000 28799999 91
nn3 28800000 28899999 75
nn3 28900000 28999999 45
nn3 29000000 29099999 137
nn3 29100000 29199999 201
nn3 29200000 29299999 137
nn3 29300000 29399999 95
nn3 29400000 29499999 159
nn3 29500000 29599999 112
nn3 29600000 29699999 76
nn3 29700000 29799999 165
nn3 29800000 29899999 106
nn3 29900000 29999999 90
nn3 30000000 30099999 127
nn3 30100000 30199999 58
nn3 30200000 30299999 104
nn3 30300000 30399999 88
nn3 30400000 30499999 146
nn3 30500000 30599999 193
nn3 30600000 30699999 139
nn3 30700000 30799999 101
nn3 30800000 30899999 54
nn3 30900000 30999999 128
nn3 31000000 31099999 133
nn3 31100000 31199999 181
nn3 31200000 31299999 76
nn3 31300000 31399999 151
nn3 31400000 31499999 121
nn3 31500000 31599999 136
nn3 31600000 31699999 195
nn3 31700000 31799999 72
nn3 31800000 31899999 67
nn3 31900000 31999999 147
nn3 32000000 32099999 80
nn3 32100000 32199999 68
nn3 32200000 32299999 71
nn3 32300000 32399999 98
nn3 32400000 32499999 57
nn3 32500000 32599999 81
nn3 32600000 32699999 76
nn3 32700000 32799999 144
nn3 32800000 32899999 176
nn3 32900000 32999999 13
nn3 33000000 33099999 71
nn3 33100000 33199999 39
nn3 33200000 33299999 100
nn3 33300000 33399999 52
nn3 33400000 33499999 136
nn3 33500000 33599999 82
nn3 33600000 33699999 132
nn3 33700000 33799999 224
nn3 33800000 33899999 104
nn3 33900000 33999999 179
nn3 34000000 34099999 213
nn3 34100000 34199999 79
nn3 34200000 34299999 127
nn3 34300000 34399999 202
nn3 34400000 34499999 71
nn3 34500000 34599999 130
nn3 34600000 34699999 62
nn3 34700000 34799999 141
nn3 34800000 34899999 75
nn3 34900000 34999999 91
nn3 35000000 35099999 276
nn3 35100000 35199999 201
nn3 35200000 35299999 85
nn3 35300000 35399999 96
nn3 35400000 35499999 81
nn3 35500000 35599999 68
nn3 35600000 35699999 143
nn3 35700000 35799999 192
nn3 35800000 35899999 211
nn3 35900000 35999999 283
nn3 36000000 36099999 206
nn3 36100000 36199999 97
nn3 36200000 36299999 150
nn3 36300000 36399999 156
nn3 36400000 36499999 42
nn3 36500000 36599999 58
nn3 36600000 36699999 125
nn3 36700000 36799999 59
nn3 36800000 36899999 102
nn3 36900000 36999999 69
nn3 37000000 37099999 54
nn3 37100000 37199999 147
nn3 37200000 37299999 66
nn3 37300000 37399999 81
nn3 37400000 37499999 252
nn3 37500000 37599999 70
nn3 37600000 37699999 101
nn3 37700000 37799999 68
nn3 37800000 37899999 125
nn3 37900000 37999999 190
nn3 38000000 38099999 118
nn3 38100000 38199999 53
nn3 38200000 38299999 71
nn3 38300000 38399999 156
nn3 38400000 38499999 42
nn3 38500000 38599999 127
nn3 38600000 38699999 51
nn3 38700000 38799999 115
nn3 38800000 38899999 143
nn3 38900000 38999999 78
nn3 39000000 39099999 41
nn3 39100000 39199999 92
nn3 39200000 39299999 59
nn3 39300000 39399999 194
nn3 39400000 39499999 89
nn3 39500000 39599999 224
nn3 39600000 39699999 168
nn3 39700000 39799999 179
nn3 39800000 39899999 140
nn3 39900000 39999999 85
nn3 40000000 40099999 79
nn3 40100000 40199999 65
nn3 40200000 40299999 137
nn3 40300000 40399999 63
nn3 40400000 40499999 48
nn3 40500000 40599999 74
nn3 40600000 40699999 92
nn3 40700000 40799999 59
nn3 40800000 40899999 54
nn3 40900000 40999999 40
nn3 41000000 41099999 105
nn3 41100000 41199999 81
nn3 41200000 41299999 67
nn3 41300000 41399999 62
nn3 41400000 41499999 36
nn3 41500000 41599999 70
nn3 41600000 41699999 43
nn3 41700000 41799999 75
nn3 41800000 41899999 28
nn3 41900000 41999999 71
nn3 42000000 42099999 189
nn3 42100000 42199999 148
nn3 42200000 42299999 188
nn3 42300000 42399999 108
nn3 42400000 42499999 97
nn3 42500000 42599999 99
nn3 42600000 42699999 132
nn3 42700000 42799999 94
nn3 42800000 42899999 195
nn3 42900000 42999999 114
nn3 43000000 43099999 116
nn3 43100000 43199999 105
nn3 43200000 43299999 94
nn3 43300000 43399999 61
nn3 43400000 43499999 152
nn3 43500000 43599999 207
nn3 43600000 43699999 118
nn3 43700000 43799999 144
nn3 43800000 43899999 104
nn3 43900000 43999999 155
nn3 44000000 44099999 175
nn3 44100000 44199999 208
nn3 44200000 44299999 71
nn3 44300000 44399999 100
nn3 44400000 44499999 160
nn3 44500000 44599999 68
nn3 44600000 44699999 93
nn3 44700000 44799999 156
nn3 44800000 44899999 131
nn3 44900000 44999999 153
nn3 45000000 45099999 188
nn3 45100000 45199999 122
nn3 45200000 45299999 60
nn3 45300000 45399999 95
nn3 45400000 45499999 120
nn3 45500000 45599999 82
nn3 45600000 45699999 83
nn3 45700000 45799999 45
nn3 45800000 45899999 76
nn3 45900000 45999999 61
nn3 46000000 46099999 85
nn3 46100000 46199999 138
nn3 46200000 46299999 86
nn3 46300000 46399999 101
nn3 46400000 46499999 81
nn3 46500000 46599999 72
nn3 46600000 46699999 138
nn3 46700000 46799999 110
nn3 46800000 46899999 49
nn3 46900000 46999999 78
nn3 47000000 47099999 156
nn3 47100000 47199999 77
nn3 47200000 47299999 54
nn3 47300000 47399999 55
nn3 47400000 47499999 149
nn3 47500000 47599999 43
nn3 47600000 47699999 80
nn3 47700000 47799999 139
nn3 47800000 47899999 195
nn3 47900000 47999999 69
nn3 48000000 48099999 132
nn3 48100000 48199999 46
nn3 48200000 48299999 123
nn3 48300000 48399999 80
nn3 48400000 48499999 72
nn3 48500000 48599999 112
nn3 48600000 48699999 164
nn3 48700000 48799999 132
nn3 48800000 48899999 164
nn3 48900000 48999999 103
nn3 49000000 49099999 63
nn3 49100000 49199999 62
nn3 49200000 49299999 40
nn3 49300000 49399999 27
nn3 49400000 49499999 214
nn3 49500000 49599999 58
nn3 49600000 49699999 111
nn3 49700000 49799999 29
nn3 49800000 49899999 43
nn3 49900000 49999999 43
nn3 50000000 50099999 158
nn3 50100000 50199999 65
nn3 50200000 50299999 43
nn3 50300000 50399999 147
nn3 50400000 50499999 122
nn3 50500000 50599999 118
nn3 50600000 50699999 93
nn3 50700000 50799999 129
nn3 50800000 50899999 41
nn3 50900000 50999999 130
nn3 51000000 51099999 66
nn3 51100000 51199999 77
nn3 51200000 51299999 125
nn3 51300000 51399999 137
nn3 51400000 51499999 192
nn3 51500000 51599999 95
nn3 51600000 51699999 92
nn3 51700000 51799999 56
nn3 51800000 51899999 57
nn3 51900000 51999999 61
nn3 52000000 52099999 72
nn3 52100000 52199999 119
nn3 52200000 52299999 70
nn3 52300000 52399999 147
nn3 52400000 52499999 68
nn3 52500000 52599999 155
nn3 52600000 52699999 53
nn3 52700000 52799999 141
nn3 52800000 52899999 78
nn3 52900000 52999999 40
nn3 53000000 53099999 70
nn3 53100000 53199999 94
nn3 53200000 53299999 167
nn3 53300000 53399999 122
nn3 53400000 53499999 73
nn3 53500000 53599999 57
nn3 53600000 53699999 224
nn3 53700000 53799999 112
nn3 53800000 53899999 15
nn3 53900000 53999999 130
nn3 54000000 54099999 149
nn3 54100000 54199999 100
nn3 54200000 54299999 216
nn3 54300000 54399999 121
nn3 54400000 54499999 170
nn3 54500000 54599999 26
nn3 54600000 54699999 157
nn3 54700000 54799999 207
nn3 54800000 54899999 140
nn3 54900000 54999999 173
nn3 55000000 55099999 96
nn3 55100000 55199999 127
nn3 55200000 55299999 123
nn3 55300000 55399999 84
nn3 55400000 55499999 85
nn3 55500000 55599999 91
nn3 55600000 55699999 133
nn3 55700000 55799999 80
nn3 55800000 55899999 84
nn3 55900000 55999999 199
nn3 56000000 56099999 175
nn3 56100000 56199999 97
nn3 56200000 56299999 159
nn3 56300000 56399999 167
nn3 56400000 56499999 154
nn3 56500000 56599999 125
nn3 56600000 56699999 121
nn3 56700000 56799999 184
nn3 56800000 56899999 175
nn3 56900000 56999999 83
nn3 57000000 57099999 166
nn3 57100000 57199999 210
nn3 57200000 57299999 119
nn3 57300000 57399999 104
nn3 57400000 57499999 118
nn3 57500000 57599999 58
nn3 57600000 57699999 67
nn3 57700000 57799999 76
nn3 57800000 57899999 28
nn3 57900000 57999999 73
nn3 58000000 58099999 13
nn3 58100000 58199999 71
nn3 58200000 58299999 72
nn3 58300000 58399999 109
nn3 58400000 58499999 132
nn3 58500000 58599999 170
nn3 58600000 58699999 127
nn3 58700000 58799999 96
nn3 58800000 58899999 156
nn3 58900000 58999999 187
nn3 59000000 59099999 75
nn3 59100000 59199999 88
nn3 59200000 59299999 98
nn3 59300000 59399999 84
nn3 59400000 59499999 87
nn3 59500000 59599999 148
nn3 59600000 59699999 175
nn3 59700000 59799999 232
nn3 59800000 59899999 156
nn3 59900000 59999999 235
nn3 60000000 60099999 114
nn3 60100000 60199999 129
nn3 60200000 60299999 135
nn3 60300000 60399999 82
nn3 60400000 60499999 97
nn3 60500000 60599999 112
nn3 60600000 60699999 244
nn3 60700000 60799999 97
nn3 60800000 60899999 114
nn3 60900000 60999999 130
nn3 61000000 61099999 144
nn3 61100000 61199999 26
nn3 61200000 61299999 28
nn3 61300000 61399999 86
nn3 61400000 61499999 108
nn3 61500000 61599999 87
nn3 61600000 61699999 53
nn3 61700000 61799999 65
nn3 61800000 61899999 127
nn3 61900000 61999999 132
nn3 62000000 62099999 81
nn3 62100000 62199999 180
nn3 62200000 62299999 166
nn3 62300000 62399999 113
nn3 62400000 62499999 179
nn3 62500000 62599999 109
nn3 62600000 62699999 86
nn3 62700000 62799999 229
nn3 62800000 62899999 187
nn3 62900000 62999999 177
nn3 63000000 63099999 180
nn3 63100000 63199999 112
nn3 63200000 63299999 13
nn3 63300000 63399999 69
nn3 63400000 63499999 180
nn3 63500000 63599999 110
nn3 63600000 63699999 104
nn3 63700000 63799999 187
nn3 63800000 63899999 86
nn3 63900000 63999999 87
nn3 64000000 64099999 105
nn3 64100000 64199999 122
nn3 64200000 64299999 240
nn3 64300000 64399999 86
nn3 64400000 64499999 94
nn3 64500000 64599999 84
nn3 64600000 64699999 99
nn3 64700000 64799999 53
nn3 64800000 64899999 77
nn3 64900000 64999999 146
nn3 65000000 65099999 111
nn3 65100000 65199999 200
nn3 65200000 65299999 55
nn3 65300000 65399999 87
nn3 65400000 65499999 83
nn3 65500000 65599999 87
nn3 65600000 65699999 108
nn3 65700000 65799999 85
nn3 65800000 65899999 71
nn3 65900000 65999999 115
nn3 66000000 66099999 44
nn3 66100000 66199999 139
nn3 66200000 66299999 122
nn3 66300000 66399999 134
nn3 66400000 66499999 147
nn3 66500000 66599999 108
nn3 66600000 66699999 0
nn3 66700000 66799999 169
nn3 66800000 66899999 126
nn3 66900000 66999999 52
nn3 67000000 67099999 94
nn3 67100000 67199999 139
nn3 67200000 67299999 111
nn3 67300000 67399999 74
nn3 67400000 67499999 103
nn3 67500000 67599999 79
nn3 67600000 67699999 95
nn3 67700000 67799999 99
nn3 67800000 67899999 204
nn3 67900000 67999999 83
nn3 68000000 68099999 111
nn3 68100000 68199999 120
nn3 68200000 68299999 94
nn3 68300000 68399999 149
nn3 68400000 68499999 77
nn3 68500000 68599999 104
nn3 68600000 68699999 175
nn3 68700000 68799999 110
nn3 68800000 68899999 106
nn3 68900000 68999999 82
nn3 69000000 69099999 224
nn3 69100000 69199999 74
nn3 69200000 69299999 170
nn3 69300000 69399999 52
nn3 69400000 69499999 124
nn3 69500000 69599999 141
nn3 69600000 69699999 128
nn3 69700000 69799999 41
nn3 69800000 69899999 46
nn3 69900000 69999999 81
nn3 70000000 70099999 68
nn3 70100000 70199999 127
nn3 70200000 70299999 120
nn3 70300000 70399999 168
nn3 70400000 70499999 95
nn3 70500000 70599999 108
nn3 70600000 70699999 65
nn3 70700000 70799999 115
nn3 70800000 70899999 222
nn3 70900000 70999999 118
nn3 71000000 71099999 181
nn3 71100000 71199999 255
nn3 71200000 71299999 140
nn3 71300000 71399999 147
nn3 71400000 71499999 52
nn3 71500000 71599999 156
nn3 71600000 71699999 126
nn3 71700000 71799999 115
nn3 71800000 71899999 112
nn3 71900000 71999999 67
nn3 72000000 72099999 101
nn3 72100000 72199999 113
nn3 72200000 72299999 69
nn3 72300000 72399999 149
nn3 72400000 72499999 110
nn3 72500000 72599999 54
nn3 72600000 72699999 42
nn3 72700000 72799999 136
nn3 72800000 72899999 105
nn3 72900000 72999999 157
nn3 73000000 73099999 175
nn3 73100000 73199999 143
nn3 73200000 73299999 138
nn3 73300000 73399999 128
nn3 73400000 73499999 126
nn3 73500000 73599999 160
nn3 73600000 73699999 65
nn3 73700000 73799999 39
nn3 73800000 73899999 66
nn3 73900000 73999999 44
nn3 74000000 74099999 61
nn3 74100000 74199999 68
nn3 74200000 74299999 98
nn3 74300000 74399999 87
nn3 74400000 74499999 123
nn3 74500000 74599999 13
nn3 74600000 74699999 66
nn3 74700000 74799999 117
nn3 74800000 74899999 53
nn3 74900000 74999999 108
nn3 75000000 75099999 117
nn3 75100000 75199999 161
nn3 75200000 75299999 129
nn3 75300000 75399999 88
nn3 75400000 75499999 240
nn3 75500000 75599999 105
nn3 75600000 75699999 99
nn3 75700000 75799999 82
nn3 75800000 75899999 56
nn3 75900000 75999999 104
nn3 76000000 76099999 149
nn3 76100000 76199999 148
nn3 76200000 76299999 113
nn3 76300000 76399999 60
nn3 76400000 76499999 107
nn3 76500000 76599999 131
nn3 76600000 76699999 93
nn3 76700000 76799999 82
nn3 76800000 76899999 122
nn3 76900000 76999999 94
nn3 77000000 77099999 101
nn3 77100000 77199999 200
nn3 77200000 77299999 102
nn3 77300000 77399999 68
nn3 77400000 77499999 98
nn3 77500000 77599999 180
nn3 77600000 77699999 75
nn3 77700000 77799999 89
nn3 77800000 77899999 46
nn3 77900000 77999999 26
nn3 78000000 78099999 111
nn3 78100000 78199999 80
nn3 78200000 78299999 58
nn3 78300000 78399999 95
nn3 78400000 78499999 105
nn3 78500000 78599999 77
nn3 78600000 78699999 152
nn3 78700000 78799999 108
nn3 78800000 78899999 110
nn3 78900000 78999999 110
nn3 79000000 79099999 114
nn3 79100000 79199999 229
nn3 79200000 79299999 127
nn3 79300000 79399999 80
nn3 79400000 79499999 34
nn3 79500000 79599999 126
nn3 79600000 79699999 97
nn3 79700000 79799999 81
nn3 79800000 79899999 159
nn3 79900000 79999999 114
nn3 80000000 80099999 170
nn3 80100000 80199999 121
nn3 80200000 80299999 131
nn3 80300000 80399999 329
nn3 80400000 80499999 100
nn3 80500000 80599999 100
nn3 80600000 80699999 181
nn3 80700000 80799999 210
nn3 80800000 80899999 138
nn3 80900000 80999999 117
nn3 81000000 81099999 210
nn3 81100000 81199999 114
nn3 81200000 81299999 60
nn3 81300000 81399999 191
nn3 81400000 81499999 82
nn3 81500000 81599999 59
nn3 81600000 81699999 64
nn3 81700000 81799999 149
nn3 81800000 81899999 89
nn3 81900000 81999999 78
nn3 82000000 82099999 69
nn3 82100000 82199999 161
nn3 82200000 82299999 116
nn3 82300000 82399999 142
nn3 82400000 82499999 52
nn3 82500000 82599999 127
nn3 82600000 82699999 86
nn3 82700000 82799999 143
nn3 82800000 82899999 222
nn3 82900000 82999999 86
nn3 83000000 83099999 182
nn3 83100000 83199999 27
nn3 83200000 83299999 172
nn3 83300000 83399999 173
nn3 83400000 83499999 99
nn3 83500000 83599999 179
nn3 83600000 83699999 157
nn3 83700000 83799999 80
nn3 83800000 83899999 102
nn3 83900000 83999999 131
nn3 84000000 84099999 122
nn3 84100000 84199999 127
nn3 84200000 84299999 116
nn3 84300000 84399999 192
nn3 84400000 84499999 30
nn3 84500000 84599999 118
nn3 84600000 84699999 129
nn3 84700000 84799999 86
nn3 84800000 84899999 196
nn3 84900000 84999999 169
nn3 85000000 85099999 48
nn3 85100000 85199999 129
nn3 85200000 85299999 406
nn3 85300000 85399999 160
nn3 85400000 85499999 60
nn3 85500000 85599999 168
nn3 85600000 85699999 107
nn3 85700000 85799999 130
nn3 85800000 85899999 91
nn3 85900000 85999999 90
nn3 86000000 86099999 72
nn3 86100000 86199999 124
nn3 86200000 86299999 150
nn3 86300000 86399999 123
nn3 86400000 86499999 155
nn3 86500000 86599999 111
nn3 86600000 86699999 99
nn3 86700000 86799999 119
nn3 86800000 86899999 119
nn3 86900000 86999999 40
nn3 87000000 87099999 71
nn3 87100000 87199999 88
nn3 87200000 87299999 83
nn3 87300000 87399999 56
nn3 87400000 87499999 177
nn3 87500000 87599999 64
nn3 87600000 87699999 208
nn3 87700000 87799999 209
nn3 87800000 87899999 222
nn3 87900000 87999999 136
nn3 88000000 88099999 121
nn3 88100000 88199999 207
nn3 88200000 88299999 151
nn3 88300000 88399999 92
nn3 88400000 88499999 140
nn3 88500000 88599999 130
nn3 88600000 88699999 86
nn3 88700000 88799999 93
nn3 88800000 88899999 78
nn3 88900000 88999999 142
nn3 89000000 89099999 111
nn3 89100000 89199999 98
nn3 89200000 89299999 225
nn3 89300000 89399999 99
nn3 89400000 89499999 170
nn3 89500000 89599999 146
nn3 89600000 89699999 140
nn3 89700000 89799999 245
nn3 89800000 89899999 147
nn3 89900000 89999999 120
nn3 90000000 90099999 98
nn3 90100000 90199999 181
nn3 90200000 90299999 69
nn3 90300000 90399999 107
nn3 90400000 90499999 115
nn3 90500000 90599999 132
nn3 90600000 90699999 92
nn3 90700000 90799999 92
nn3 90800000 90899999 261
nn3 90900000 90999999 134
nn3 91000000 91099999 218
nn3 91100000 91199999 227
nn3 91200000 91299999 157
nn3 91300000 91399999 26
nn3 91400000 91499999 70
nn3 91500000 91599999 41
nn3 91600000 91699999 172
nn3 91700000 91799999 103
nn3 91800000 91899999 139
nn3 91900000 91999999 123
nn3 92000000 92099999 145
nn3 92100000 92199999 144
nn3 92200000 92299999 0
nn3 92300000 92399999 175
nn3 92400000 92499999 101
nn3 92500000 92599999 180
nn3 92600000 92699999 92
nn3 92700000 92799999 178
nn3 92800000 92899999 123
nn3 92900000 92999999 85
nn3 93000000 93099999 68
nn3 93100000 93199999 130
nn3 93200000 93299999 114
nn3 93300000 93399999 114
nn3 93400000 93499999 171
nn3 93500000 93599999 151
nn3 93600000 93699999 161
nn3 93700000 93799999 103
nn3 93800000 93899999 72
nn3 93900000 93999999 125
nn3 94000000 94099999 76
nn3 94100000 94199999 71
nn3 94200000 94299999 129
nn3 94300000 94399999 131
nn3 94400000 94499999 81
nn3 94500000 94599999 219
nn3 94600000 94699999 285
nn3 94700000 94799999 220
nn3 94800000 94899999 84
nn3 94900000 94999999 113
nn3 95000000 95099999 106
nn3 95100000 95199999 69
nn3 95200000 95299999 138
nn3 95300000 95399999 13
nn3 95400000 95499999 89
nn3 95500000 95599999 146
nn3 95600000 95699999 166
nn3 95700000 95799999 133
nn3 95800000 95899999 58
nn3 95900000 95999999 116
nn3 96000000 96099999 272
nn3 96100000 96199999 101
nn3 96200000 96299999 152
nn3 96300000 96399999 69
nn3 96400000 96499999 109
nn3 96500000 96599999 117
nn3 96600000 96699999 196
nn3 96700000 96799999 74
nn3 96800000 96899999 69
nn3 96900000 96999999 207
nn3 97000000 97099999 52
nn3 97100000 97199999 110
nn3 97200000 97299999 166
nn3 97300000 97399999 94
nn3 97400000 97499999 122
nn3 97500000 97599999 207
nn3 97600000 97699999 117
nn3 97700000 97799999 94
nn3 97800000 97899999 96
nn3 97900000 97999999 114
nn3 98000000 98099999 202
nn3 98100000 98199999 121
nn3 98200000 98299999 163
nn3 98300000 98399999 156
nn3 98400000 98499999 165
nn3 98500000 98599999 204
nn3 98600000 98699999 163
nn3 98700000 98799999 69
nn3 98800000 98899999 129
nn3 98900000 98999999 95
nn3 99000000 99099999 139
nn3 99100000 99199999 135
nn3 99200000 99299999 119
nn3 99300000 99399999 99
nn3 99400000 99499999 116
nn3 99500000 99599999 73
nn3 99600000 99699999 150
nn3 99700000 99799999 114
nn3 99800000 99899999 100
nn3 99900000 99999999 156
nn3 100000000 100099999 175
nn3 100100000 100199999 56
nn3 100200000 100299999 165
nn3 100300000 100399999 42
nn3 100400000 100499999 99
nn3 100500000 100599999 74
nn3 100600000 100699999 65
nn3 100700000 100799999 143
nn3 100800000 100899999 142
nn3 100900000 100999999 112
nn3 101000000 101099999 158
nn3 101100000 101199999 208
nn3 101200000 101299999 231
nn3 101300000 101399999 137
nn3 101400000 101499999 103
nn3 101500000 101599999 109
nn3 101600000 101699999 80
nn3 101700000 101799999 59
nn3 101800000 101899999 113
nn3 101900000 101999999 197
nn3 102000000 102099999 170
nn3 102100000 102199999 95
nn3 102200000 102299999 240
nn3 102300000 102399999 162
nn3 102400000 102499999 204
nn3 102500000 102599999 164
nn3 102600000 102699999 197
nn3 102700000 102799999 73
nn3 102800000 102899999 260
nn3 102900000 102999999 353
nn3 103000000 103099999 196
nn3 103100000 103199999 101
nn3 103200000 103299999 222
nn3 103300000 103399999 197
nn3 103400000 103499999 124
nn3 103500000 103599999 365
nn3 103600000 103699999 203
nn3 103700000 103799999 254
nn3 103800000 103899999 116
nn3 103900000 103999999 129
nn3 104000000 104099999 173
nn3 104100000 104199999 67
nn3 104200000 104299999 97
nn3 104300000 104399999 150
nn3 104400000 104499999 195
nn3 104500000 104599999 66
nn3 104600000 104699999 73
nn3 104700000 104799999 45
nn3 104800000 104899999 195
nn3 104900000 104999999 109
nn3 105000000 105099999 154
nn3 105100000 105199999 121
nn3 105200000 105299999 164
nn3 105300000 105399999 67
nn3 105400000 105499999 181
nn3 105500000 105599999 125
nn3 105600000 105699999 77
nn3 105700000 105799999 162
nn3 105800000 105899999 114
nn3 105900000 105999999 132
nn3 106000000 106099999 183
nn3 106100000 106199999 109
nn3 106200000 106299999 163
nn3 106300000 106399999 120
nn3 106400000 106499999 122
nn3 106500000 106599999 166
nn3 106600000 106699999 93
nn3 106700000 106799999 102
nn3 106800000 106899999 169
nn3 106900000 106999999 117
nn3 107000000 107099999 155
nn3 107100000 107199999 98
nn3 107200000 107299999 120
nn3 107300000 107399999 147
nn3 107400000 107499999 102
nn3 107500000 107599999 74
nn3 107600000 107699999 162
nn3 107700000 107799999 13
nn3 107800000 107899999 66
nn3 107900000 107999999 261
nn3 108000000 108099999 102
nn3 108100000 108199999 107
nn3 108200000 108299999 137
nn3 108300000 108399999 196
nn3 108400000 108499999 124
nn3 108500000 108599999 69
nn3 108600000 108699999 85
nn3 108700000 108799999 195
nn3 108800000 108899999 132
nn3 108900000 108999999 173
nn3 109000000 109099999 111
nn3 109100000 109199999 210
nn3 109200000 109299999 253
nn3 109300000 109399999 239
nn3 109400000 109499999 96
nn3 109500000 109599999 204
nn3 109600000 109699999 258
nn3 109700000 109799999 143
nn3 109800000 109899999 284
nn3 109900000 109999999 94
nn3 110000000 110099999 70
nn3 110100000 110199999 137
nn3 110200000 110299999 0
nn3 110300000 110399999 92
nn3 110400000 110499999 52
nn3 110500000 110599999 0
nn3 110600000 110699999 93
nn3 110700000 110799999 114
nn3 110800000 110899999 175
nn3 110900000 110999999 81
nn3 111000000 111099999 155
nn3 111100000 111199999 246
nn3 111200000 111299999 177
nn3 111300000 111382486 154
nn4 0 99999 123
nn4 100000 199999 431
nn4 200000 299999 322
nn4 300000 399999 151
nn4 400000 499999 544
nn4 500000 599999 277
nn4 600000 699999 87
nn4 700000 799999 112
nn4 800000 899999 169
nn4 900000 999999 146
nn4 1000000 1099999 104
nn4 1100000 1199999 173
nn4 1200000 1299999 210
nn4 1300000 1399999 164
nn4 1400000 1499999 155
nn4 1500000 1599999 232
nn4 1600000 1699999 186
nn4 1700000 1799999 210
nn4 1800000 1899999 82
nn4 1900000 1999999 136
nn4 2000000 2099999 89
nn4 2100000 2199999 69
nn4 2200000 2299999 133
nn4 2300000 2399999 80
nn4 2400000 2499999 41
nn4 2500000 2599999 112
nn4 2600000 2699999 172
nn4 2700000 2799999 112
nn4 2800000 2899999 72
nn4 2900000 2999999 124
nn4 3000000 3099999 61
nn4 3100000 3199999 54
nn4 3200000 3299999 85
nn4 3300000 3399999 40
nn4 3400000 3499999 54
nn4 3500000 3599999 40
nn4 3600000 3699999 47
nn4 3700000 3799999 89
nn4 3800000 3899999 83
nn4 3900000 3999999 41
nn4 4000000 4099999 108
nn4 4100000 4199999 82
nn4 4200000 4299999 40
nn4 4300000 4399999 78
nn4 4400000 4499999 85
nn4 4500000 4599999 51
nn4 4600000 4699999 113
nn4 4700000 4799999 70
nn4 4800000 4899999 128
nn4 4900000 4999999 136
nn4 5000000 5099999 33
nn4 5100000 5199999 75
nn4 5200000 5299999 56
nn4 5300000 5399999 78
nn4 5400000 5499999 86
nn4 5500000 5599999 0
nn4 5600000 5699999 26
nn4 5700000 5799999 132
nn4 5800000 5899999 219
nn4 5900000 5999999 75
nn4 6000000 6099999 181
nn4 6100000 6199999 213
nn4 6200000 6299999 74
nn4 6300000 6399999 71
nn4 6400000 6499999 67
nn4 6500000 6599999 130
nn4 6600000 6699999 228
nn4 6700000 6799999 90
nn4 6800000 6899999 167
nn4 6900000 6999999 204
nn4 7000000 7099999 150
nn4 7100000 7199999 128
nn4 7200000 7299999 103
nn4 7300000 7399999 96
nn4 7400000 7499999 218
nn4 7500000 7599999 146
nn4 7600000 7699999 160
nn4 7700000 7799999 106
nn4 7800000 7899999 129
nn4 7900000 7999999 134
nn4 8000000 8099999 83
nn4 8100000 8199999 135
nn4 8200000 8299999 114
nn4 8300000 8399999 83
nn4 8400000 8499999 238
nn4 8500000 8599999 102
nn4 8600000 8699999 60
nn4 8700000 8799999 100
nn4 8800000 8899999 154
nn4 8900000 8999999 118
nn4 9000000 9099999 99
nn4 9100000 9199999 131
nn4 9200000 9299999 107
nn4 9300000 9399999 69
nn4 9400000 9499999 69
nn4 9500000 9599999 72
nn4 9600000 9699999 43
nn4 9700000 9799999 112
nn4 9800000 9899999 173
nn4 9900000 9999999 103
nn4 10000000 10099999 137
nn4 10100000 10199999 113
nn4 10200000 10299999 84
nn4 10300000 10399999 31
nn4 10400000 10499999 83
nn4 10500000 10599999 96
nn4 10600000 10699999 30
nn4 10700000 10799999 100
nn4 10800000 10899999 97
nn4 10900000 10999999 72
nn4 11000000 11099999 100
nn4 11100000 11199999 127
nn4 11200000 11299999 77
nn4 11300000 11399999 91
nn4 11400000 11499999 119
nn4 11500000 11599999 145
nn4 11600000 11699999 135
nn4 11700000 11799999 113
nn4 11800000 11899999 74
nn4 11900000 11999999 54
nn4 12000000 12099999 89
nn4 12100000 12199999 92
nn4 12200000 12299999 107
nn4 12300000 12399999 102
nn4 12400000 12499999 102
nn4 12500000 12599999 40
nn4 12600000 12699999 46
nn4 12700000 12799999 113
nn4 12800000 12899999 53
nn4 12900000 12999999 90
nn4 13000000 13099999 93
nn4 13100000 13199999 63
nn4 13200000 13299999 125
nn4 13300000 13399999 59
nn4 13400000 13499999 139
nn4 13500000 13599999 117
nn4 13600000 13699999 212
nn4 13700000 13799999 69
nn4 13800000 13899999 134
nn4 13900000 13999999 84
nn4 14000000 14099999 67
nn4 14100000 14199999 98
nn4 14200000 14299999 140
nn4 14300000 14399999 81
nn4 14400000 14499999 161
nn4 14500000 14599999 85
nn4 14600000 14699999 132
nn4 14700000 14799999 28
nn4 14800000 14899999 75
nn4 14900000 14999999 63
nn4 15000000 15099999 181
nn4 15100000 15199999 150
nn4 15200000 15299999 34
nn4 15300000 15399999 172
nn4 15400000 15499999 74
nn4 15500000 15599999 56
nn4 15600000 15699999 46
nn4 15700000 15799999 72
nn4 15800000 15899999 68
nn4 15900000 15999999 32
nn4 16000000 16099999 100
nn4 16100000 16199999 48
nn4 16200000 16299999 34
nn4 16300000 16399999 127
nn4 16400000 16499999 14
nn4 16500000 16599999 119
nn4 16600000 16699999 129
nn4 16700000 16799999 111
nn4 16800000 16899999 96
nn4 16900000 16999999 49
nn4 17000000 17099999 200
nn4 17100000 17199999 79
nn4 17200000 17299999 171
nn4 17300000 17399999 103
nn4 17400000 17499999 86
nn4 17500000 17599999 182
nn4 17600000 17699999 119
nn4 17700000 17799999 68
nn4 17800000 17899999 110
nn4 17900000 17999999 108
nn4 18000000 18099999 41
nn4 18100000 18199999 128
nn4 18200000 18299999 80
nn4 18300000 18399999 180
nn4 18400000 18499999 27
nn4 18500000 18599999 150
nn4 18600000 18699999 54
nn4 18700000 18799999 15
nn4 18800000 18899999 40
nn4 18900000 18999999 85
nn4 19000000 19099999 64
nn4 19100000 19199999 89
nn4 19200000 19299999 153
nn4 19300000 19399999 94
nn4 19400000 19499999 215
nn4 19500000 19599999 142
nn4 19600000 19699999 124
nn4 19700000 19799999 99
nn4 19800000 19899999 27
nn4 19900000 19999999 16
nn4 20000000 20099999 72
nn4 20100000 20199999 101
nn4 20200000 20299999 97
nn4 20300000 20399999 116
nn4 20400000 20499999 44
nn4 20500000 20599999 84
nn4 20600000 20699999 88
nn4 20700000 20799999 115
nn4 20800000 20899999 68
nn4 20900000 20999999 52
nn4 21000000 21099999 69
nn4 21100000 21199999 82
nn4 21200000 21299999 128
nn4 21300000 21399999 100
nn4 21400000 21499999 87
nn4 21500000 21599999 106
nn4 21600000 21699999 71
nn4 21700000 21799999 116
nn4 21800000 21899999 253
nn4 21900000 21999999 31
nn4 22000000 22099999 138
nn4 22100000 22199999 74
nn4 22200000 22299999 150
nn4 22300000 22399999 226
nn4 22400000 22499999 154
nn4 22500000 22599999 69
nn4 22600000 22699999 102
nn4 22700000 22799999 86
nn4 22800000 22899999 102
nn4 22900000 22999999 115
nn4 23000000 23099999 95
nn4 23100000 23199999 96
nn4 23200000 23299999 14
nn4 23300000 23399999 41
nn4 23400000 23499999 113
nn4 23500000 23599999 102
nn4 23600000 23699999 101
nn4 23700000 23799999 135
nn4 23800000 23899999 83
nn4 23900000 23999999 39
nn4 24000000 24099999 58
nn4 24100000 24199999 27
nn4 24200000 24299999 118
nn4 24300000 24399999 67
nn4 24400000 24499999 119
nn4 24500000 24599999 148
nn4 24600000 24699999 85
nn4 24700000 24799999 198
nn4 24800000 24899999 68
nn4 24900000 24999999 91
nn4 25000000 25099999 114
nn4 25100000 25199999 172
nn4 25200000 25299999 79
nn4 25300000 25399999 156
nn4 25400000 25499999 159
nn4 25500000 25599999 120
nn4 25600000 25699999 209
nn4 25700000 25799999 127
nn4 25800000 25899999 169
nn4 25900000 25999999 70
nn4 26000000 26099999 136
nn4 26100000 26199999 60
nn4 26200000 26299999 113
nn4 26300000 26399999 146
nn4 26400000 26499999 125
nn4 26500000 26599999 116
nn4 26600000 26699999 14
nn4 26700000 26799999 154
nn4 26800000 26899999 119
nn4 26900000 26999999 66
nn4 27000000 27099999 100
nn4 27100000 27199999 95
nn4 27200000 27299999 82
nn4 27300000 27399999 56
nn4 27400000 27499999 120
nn4 27500000 27599999 27
nn4 27600000 27699999 145
nn4 27700000 27799999 30
nn4 27800000 27899999 32
nn4 27900000 27999999 132
nn4 28000000 28099999 96
nn4 28100000 28199999 49
nn4 28200000 28299999 188
nn4 28300000 28399999 114
nn4 28400000 28499999 52
nn4 28500000 28599999 141
nn4 28600000 28699999 31
nn4 28700000 28799999 84
nn4 28800000 28899999 48
nn4 28900000 28999999 82
nn4 29000000 29099999 146
nn4 29100000 29199999 121
nn4 29200000 29299999 92
nn4 29300000 29399999 72
nn4 29400000 29499999 54
nn4 29500000 29599999 104
nn4 29600000 29699999 41
nn4 29700000 29799999 117
nn4 29800000 29899999 104
nn4 29900000 29999999 107
nn4 30000000 30099999 68
nn4 30100000 30199999 39
nn4 30200000 30299999 166
nn4 30300000 30399999 208
nn4 30400000 30499999 30
nn4 30500000 30599999 176
nn4 30600000 30699999 85
nn4 30700000 30799999 97
nn4 30800000 30899999 201
nn4 30900000 30999999 158
nn4 31000000 31099999 175
nn4 31100000 31199999 96
nn4 31200000 31299999 432
nn4 31300000 31399999 142
nn4 31400000 31499999 134
nn4 31500000 31599999 39
nn4 31600000 31699999 140
nn4 31700000 31799999 43
nn4 31800000 31899999 40
nn4 31900000 31999999 135
nn4 32000000 32099999 102
nn4 32100000 32199999 153
nn4 32200000 32299999 82
nn4 32300000 32399999 95
nn4 32400000 32499999 58
nn4 32500000 32599999 106
nn4 32600000 32699999 82
nn4 32700000 32799999 176
nn4 32800000 32899999 72
nn4 32900000 32999999 93
nn4 33000000 33099999 131
nn4 33100000 33199999 171
nn4 33200000 33299999 76
nn4 33300000 33399999 128
nn4 33400000 33499999 115
nn4 33500000 33599999 128
nn4 33600000 33699999 99
nn4 33700000 33799999 112
nn4 33800000 33899999 68
nn4 33900000 33999999 39
nn4 34000000 34099999 107
nn4 34100000 34199999 146
nn4 34200000 34299999 181
nn4 34300000 34399999 145
nn4 34400000 34499999 121
nn4 34500000 34599999 232
nn4 34600000 34699999 87
nn4 34700000 34799999 34
nn4 34800000 34899999 124
nn4 34900000 34999999 152
nn4 35000000 35099999 139
nn4 35100000 35199999 124
nn4 35200000 35299999 103
nn4 35300000 35399999 72
nn4 35400000 35499999 124
nn4 35500000 35599999 16
nn4 35600000 35699999 74
nn4 35700000 35799999 26
nn4 35800000 35899999 84
nn4 35900000 35999999 161
nn4 36000000 36099999 44
nn4 36100000 36199999 39
nn4 36200000 36299999 128
nn4 36300000 36399999 141
nn4 36400000 36499999 115
nn4 36500000 36599999 57
nn4 36600000 36699999 129
nn4 36700000 36799999 84
nn4 36800000 36899999 69
nn4 36900000 36999999 147
nn4 37000000 37099999 159
nn4 37100000 37199999 86
nn4 37200000 37299999 211
nn4 37300000 37399999 51
nn4 37400000 37499999 156
nn4 37500000 37599999 231
nn4 37600000 37699999 92
nn4 37700000 37799999 178
nn4 37800000 37899999 161
nn4 37900000 37999999 130
nn4 38000000 38099999 117
nn4 38100000 38199999 154
nn4 38200000 38299999 77
nn4 38300000 38399999 137
nn4 38400000 38499999 85
nn4 38500000 38599999 63
nn4 38600000 38699999 70
nn4 38700000 38799999 150
nn4 38800000 38899999 120
nn4 38900000 38999999 160
nn4 39000000 39099999 213
nn4 39100000 39199999 138
nn4 39200000 39299999 153
nn4 39300000 39399999 100
nn4 39400000 39499999 144
nn4 39500000 39599999 83
nn4 39600000 39699999 87
nn4 39700000 39799999 60
nn4 39800000 39899999 206
nn4 39900000 39999999 126
nn4 40000000 40099999 173
nn4 40100000 40199999 128
nn4 40200000 40299999 163
nn4 40300000 40399999 123
nn4 40400000 40499999 125
nn4 40500000 40599999 127
nn4 40600000 40699999 140
nn4 40700000 40799999 101
nn4 40800000 40899999 147
nn4 40900000 40999999 152
nn4 41000000 41099999 233
nn4 41100000 41199999 214
nn4 41200000 41299999 141
nn4 41300000 41399999 138
nn4 41400000 41499999 81
nn4 41500000 41599999 171
nn4 41600000 41699999 216
nn4 41700000 41799999 225
nn4 41800000 41899999 143
nn4 41900000 41999999 108
nn4 42000000 42099999 218
nn4 42100000 42199999 135
nn4 42200000 42299999 220
nn4 42300000 42399999 75
nn4 42400000 42499999 109
nn4 42500000 42599999 99
nn4 42600000 42699999 117
nn4 42700000 42799999 137
nn4 42800000 42899999 32
nn4 42900000 42999999 50
nn4 43000000 43099999 77
nn4 43100000 43199999 242
nn4 43200000 43299999 107
nn4 43300000 43399999 192
nn4 43400000 43499999 146
nn4 43500000 43599999 78
nn4 43600000 43699999 69
nn4 43700000 43799999 124
nn4 43800000 43899999 84
nn4 43900000 43999999 112
nn4 44000000 44099999 89
nn4 44100000 44199999 28
nn4 44200000 44299999 174
nn4 44300000 44399999 78
nn4 44400000 44499999 124
nn4 44500000 44599999 248
nn4 44600000 44699999 217
nn4 44700000 44799999 78
nn4 44800000 44899999 163
nn4 44900000 44999999 112
nn4 45000000 45099999 180
nn4 45100000 45199999 107
nn4 45200000 45299999 97
nn4 45300000 45399999 80
nn4 45400000 45499999 200
nn4 45500000 45599999 136
nn4 45600000 45699999 160
nn4 45700000 45799999 83
nn4 45800000 45899999 81
nn4 45900000 45999999 67
nn4 46000000 46099999 160
nn4 46100000 46199999 147
nn4 46200000 46299999 182
nn4 46300000 46399999 186
nn4 46400000 46499999 54
nn4 46500000 46599999 204
nn4 46600000 46699999 124
nn4 46700000 46799999 82
nn4 46800000 46899999 118
nn4 46900000 46999999 30
nn4 47000000 47099999 81
nn4 47100000 47199999 72
nn4 47200000 47299999 88
nn4 47300000 47399999 181
nn4 47400000 47499999 75
nn4 47500000 47599999 96
nn4 47600000 47699999 252
nn4 47700000 47799999 67
nn4 47800000 47899999 94
nn4 47900000 47999999 254
nn4 48000000 48099999 156
nn4 48100000 48199999 88
nn4 48200000 48299999 115
nn4 48300000 48399999 140
nn4 48400000 48499999 91
nn4 48500000 48599999 126
nn4 48600000 48699999 70
nn4 48700000 48799999 14
nn4 48800000 48899999 0
nn4 48900000 48999999 55
nn4 49000000 49099999 159
nn4 49100000 49199999 67
nn4 49200000 49299999 43
nn4 49300000 49399999 29
nn4 49400000 49499999 145
nn4 49500000 49599999 68
nn4 49600000 49699999 101
nn4 49700000 49799999 96
nn4 49800000 49899999 72
nn4 49900000 49999999 138
nn4 50000000 50099999 41
nn4 50100000 50199999 41
nn4 50200000 50299999 114
nn4 50300000 50399999 182
nn4 50400000 50499999 31
nn4 50500000 50599999 77
nn4 50600000 50699999 147
nn4 50700000 50799999 125
nn4 50800000 50899999 126
nn4 50900000 50999999 146
nn4 51000000 51099999 96
nn4 51100000 51199999 172
nn4 51200000 51299999 130
nn4 51300000 51399999 123
nn4 51400000 51499999 151
nn4 51500000 51599999 140
nn4 51600000 51699999 233
nn4 51700000 51799999 105
nn4 51800000 51899999 176
nn4 51900000 51999999 172
nn4 52000000 52099999 62
nn4 52100000 52199999 109
nn4 52200000 52299999 155
nn4 52300000 52399999 155
nn4 52400000 52499999 95
nn4 52500000 52599999 165
nn4 52600000 52699999 129
nn4 52700000 52799999 113
nn4 52800000 52899999 125
nn4 52900000 52999999 211
nn4 53000000 53099999 122
nn4 53100000 53199999 90
nn4 53200000 53299999 109
nn4 53300000 53399999 212
nn4 53400000 53499999 166
nn4 53500000 53599999 180
nn4 53600000 53699999 124
nn4 53700000 53799999 142
nn4 53800000 53899999 86
nn4 53900000 53999999 81
nn4 54000000 54099999 35
nn4 54100000 54199999 132
nn4 54200000 54299999 40
nn4 54300000 54399999 40
nn4 54400000 54499999 72
nn4 54500000 54599999 54
nn4 54600000 54699999 87
nn4 54700000 54799999 156
nn4 54800000 54899999 55
nn4 54900000 54999999 145
nn4 55000000 55099999 148
nn4 55100000 55199999 110
nn4 55200000 55299999 70
nn4 55300000 55399999 86
nn4 55400000 55499999 92
nn4 55500000 55599999 54
nn4 55600000 55699999 107
nn4 55700000 55799999 86
nn4 55800000 55899999 81
nn4 55900000 55999999 88
nn4 56000000 56099999 139
nn4 56100000 56199999 98
nn4 56200000 56299999 161
nn4 56300000 56399999 74
nn4 56400000 56499999 178
nn4 56500000 56599999 113
nn4 56600000 56699999 150
nn4 56700000 56799999 188
nn4 56800000 56899999 209
nn4 56900000 56999999 44
nn4 57000000 57099999 105
nn4 57100000 57199999 120
nn4 57200000 57299999 85
nn4 57300000 57399999 140
nn4 57400000 57499999 98
nn4 57500000 57599999 128
nn4 57600000 57699999 197
nn4 57700000 57799999 86
nn4 57800000 57899999 27
nn4 57900000 57999999 211
nn4 58000000 58099999 123
nn4 58100000 58199999 97
nn4 58200000 58299999 107
nn4 58300000 58399999 117
nn4 58400000 58499999 101
nn4 58500000 58599999 87
nn4 58600000 58699999 138
nn4 58700000 58799999 27
nn4 58800000 58899999 122
nn4 58900000 58999999 129
nn4 59000000 59099999 153
nn4 59100000 59199999 100
nn4 59200000 59299999 106
nn4 59300000 59399999 42
nn4 59400000 59499999 100
nn4 59500000 59599999 55
nn4 59600000 59699999 109
nn4 59700000 59799999 266
nn4 59800000 59899999 249
nn4 59900000 59999999 259
nn4 60000000 60099999 183
nn4 60100000 60199999 124
nn4 60200000 60299999 151
nn4 60300000 60399999 139
nn4 60400000 60499999 176
nn4 60500000 60599999 71
nn4 60600000 60699999 152
nn4 60700000 60799999 135
nn4 60800000 60899999 189
nn4 60900000 60999999 89
nn4 61000000 61099999 168
nn4 61100000 61199999 122
nn4 61200000 61299999 76
nn4 61300000 61399999 149
nn4 61400000 61499999 158
nn4 61500000 61599999 139
nn4 61600000 61699999 13
nn4 61700000 61799999 247
nn4 61800000 61899999 187
nn4 61900000 61999999 240
nn4 62000000 62099999 159
nn4 62100000 62199999 154
nn4 62200000 62299999 87
nn4 62300000 62399999 105
nn4 62400000 62499999 195
nn4 62500000 62599999 79
nn4 62600000 62699999 97
nn4 62700000 62799999 95
nn4 62800000 62899999 101
nn4 62900000 62999999 85
nn4 63000000 63099999 43
nn4 63100000 63199999 50
nn4 63200000 63299999 161
nn4 63300000 63399999 89
nn4 63400000 63499999 83
nn4 63500000 63599999 152
nn4 63600000 63699999 68
nn4 63700000 63799999 103
nn4 63800000 63899999 200
nn4 63900000 63999999 116
nn4 64000000 64099999 159
nn4 64100000 64199999 56
nn4 64200000 64299999 83
nn4 64300000 64399999 229
nn4 64400000 64499999 29
nn4 64500000 64599999 118
nn4 64600000 64699999 96
nn4 64700000 64799999 85
nn4 64800000 64899999 97
nn4 64900000 64999999 68
nn4 65000000 65099999 83
nn4 65100000 65199999 120
nn4 65200000 65299999 84
nn4 65300000 65399999 96
nn4 65400000 65499999 60
nn4 65500000 65599999 153
nn4 65600000 65699999 76
nn4 65700000 65799999 98
nn4 65800000 65899999 126
nn4 65900000 65999999 67
nn4 66000000 66099999 123
nn4 66100000 66199999 71
nn4 66200000 66299999 57
nn4 66300000 66399999 80
nn4 66400000 66499999 69
nn4 66500000 66599999 190
nn4 66600000 66699999 95
nn4 66700000 66799999 26
nn4 66800000 66899999 91
nn4 66900000 66999999 72
nn4 67000000 67099999 118
nn4 67100000 67199999 195
nn4 67200000 67299999 160
nn4 67300000 67399999 176
nn4 67400000 67499999 118
nn4 67500000 67599999 162
nn4 67600000 67699999 56
nn4 67700000 67799999 103
nn4 67800000 67899999 118
nn4 67900000 67999999 80
nn4 68000000 68099999 100
nn4 68100000 68199999 127
nn4 68200000 68299999 130
nn4 68300000 68399999 134
nn4 68400000 68499999 84
nn4 68500000 68599999 184
nn4 68600000 68699999 109
nn4 68700000 68799999 155
nn4 68800000 68899999 57
nn4 68900000 68999999 200
nn4 69000000 69099999 170
nn4 69100000 69199999 176
nn4 69200000 69299999 115
nn4 69300000 69399999 41
nn4 69400000 69499999 55
nn4 69500000 69599999 40
nn4 69600000 69699999 154
nn4 69700000 69799999 40
nn4 69800000 69899999 94
nn4 69900000 69999999 171
nn4 70000000 70099999 57
nn4 70100000 70199999 67
nn4 70200000 70299999 79
nn4 70300000 70399999 84
nn4 70400000 70499999 121
nn4 70500000 70599999 116
nn4 70600000 70699999 151
nn4 70700000 70799999 61
nn4 70800000 70899999 66
nn4 70900000 70999999 130
nn4 71000000 71099999 292
nn4 71100000 71199999 201
nn4 71200000 71299999 212
nn4 71300000 71399999 81
nn4 71400000 71499999 225
nn4 71500000 71599999 168
nn4 71600000 71699999 164
nn4 71700000 71799999 153
nn4 71800000 71899999 94
nn4 71900000 71999999 151
nn4 72000000 72099999 143
nn4 72100000 72199999 0
nn4 72200000 72274758 0
nn4a 0 99999 327
nn4a 100000 199999 121
nn4a 200000 299999 129
nn4a 300000 399999 94
nn4a 400000 499999 67
nn4a 500000 599999 186
nn4a 600000 699999 141
nn4a 700000 799999 169
nn4a 800000 899999 192
nn4a 900000 999999 388
nn4a 1000000 1099999 201
nn4a 1100000 1199999 132
nn4a 1200000 1299999 220
nn4a 1300000 1399999 117
nn4a 1400000 1499999 108
nn4a 1500000 1599999 97
nn4a 1600000 1699999 135
nn4a 1700000 1799999 306
nn4a 1800000 1899999 265
nn4a 1900000 1999999 307
nn4a 2000000 2099999 183
nn4a 2100000 2199999 190
nn4a 2200000 2299999 168
nn4a 2300000 2399999 226
nn4a 2400000 2499999 151
nn4a 2500000 2599999 128
nn4a 2600000 2699999 166
nn4a 2700000 2799999 231
nn4a 2800000 2899999 28
nn4a 2900000 2999999 179
nn4a 3000000 3099999 120
nn4a 3100000 3199999 54
nn4a 3200000 3299999 142
nn4a 3300000 3399999 154
nn4a 3400000 3499999 124
nn4a 3500000 3599999 187
nn4a 3600000 3699999 145
nn4a 3700000 3799999 69
nn4a 3800000 3899999 199
nn4a 3900000 3999999 263
nn4a 4000000 4099999 259
nn4a 4100000 4199999 97
nn4a 4200000 4299999 100
nn4a 4300000 4399999 60
nn4a 4400000 4499999 110
nn4a 4500000 4599999 130
nn4a 4600000 4699999 150
nn4a 4700000 4799999 67
nn4a 4800000 4899999 103
nn4a 4900000 4999999 216
nn4a 5000000 5099999 172
nn4a 5100000 5199999 222
nn4a 5200000 5299999 72
nn4a 5300000 5399999 171
nn4a 5400000 5499999 87
nn4a 5500000 5599999 40
nn4a 5600000 5699999 117
nn4a 5700000 5799999 71
nn4a 5800000 5899999 141
nn4a 5900000 5999999 43
nn4a 6000000 6099999 103
nn4a 6100000 6199999 106
nn4a 6200000 6299999 114
nn4a 6300000 6399999 27
nn4a 6400000 6499999 107
nn4a 6500000 6599999 102
nn4a 6600000 6699999 105
nn4a 6700000 6799999 123
nn4a 6800000 6899999 114
nn4a 6900000 6999999 96
nn4a 7000000 7099999 83
nn4a 7100000 7199999 110
nn4a 7200000 7299999 92
nn4a 7300000 7399999 53
nn4a 7400000 7499999 54
nn4a 7500000 7599999 106
nn4a 7600000 7699999 63
nn4a 7700000 7799999 60
nn4a 7800000 7899999 100
nn4a 7900000 7999999 71
nn4a 8000000 8099999 167
nn4a 8100000 8199999 14
nn4a 8200000 8299999 157
nn4a 8300000 8399999 75
nn4a 8400000 8499999 160
nn4a 8500000 8599999 109
nn4a 8600000 8699999 116
nn4a 8700000 8799999 89
nn4a 8800000 8899999 146
nn4a 8900000 8999999 130
nn4a 9000000 9099999 174
nn4a 9100000 9199999 255
nn4a 9200000 9299999 28
nn4a 9300000 9399999 194
nn4a 9400000 9499999 176
nn4a 9500000 9599999 137
nn4a 9600000 9699999 117
nn4a 9700000 9799999 187
nn4a 9800000 9899999 206
nn4a 9900000 9999999 78
nn4a 10000000 10099999 45
nn4a 10100000 10199999 134
nn4a 10200000 10299999 56
nn4a 10300000 10399999 71
nn4a 10400000 10499999 70
nn4a 10500000 10599999 186
nn4a 10600000 10699999 377
nn4a 10700000 10799999 93
nn4a 10800000 10899999 125
nn4a 10900000 10999999 147
nn4a 11000000 11099999 123
nn4a 11100000 11199999 107
nn4a 11200000 11299999 119
nn4a 11300000 11399999 84
nn4a 11400000 11499999 188
nn4a 11500000 11599999 109
nn4a 11600000 11699999 75
nn4a 11700000 11799999 246
nn4a 11800000 11899999 68
nn4a 11900000 11999999 113
nn4a 12000000 12099999 55
nn4a 12100000 12199999 154
nn4a 12200000 12299999 195
nn4a 12300000 12399999 184
nn4a 12400000 12499999 243
nn4a 12500000 12599999 167
nn4a 12600000 12699999 107
nn4a 12700000 12799999 136
nn4a 12800000 12899999 174
nn4a 12900000 12999999 123
nn4a 13000000 13099999 158
nn4a 13100000 13199999 154
nn4a 13200000 13299999 138
nn4a 13300000 13399999 206
nn4a 13400000 13499999 160
nn4a 13500000 13599999 68
nn4a 13600000 13699999 132
nn4a 13700000 13799999 70
nn4a 13800000 13899999 157
nn4a 13900000 13999999 229
nn4a 14000000 14099999 163
nn4a 14100000 14199999 105
nn4a 14200000 14299999 66
nn4a 14300000 14399999 86
nn4a 14400000 14499999 119
nn4a 14500000 14599999 172
nn4a 14600000 14699999 85
nn4a 14700000 14799999 113
nn4a 14800000 14899999 102
nn4a 14900000 14999999 138
nn4a 15000000 15099999 114
nn4a 15100000 15199999 204
nn4a 15200000 15299999 126
nn4a 15300000 15399999 83
nn4a 15400000 15499999 136
nn4a 15500000 15599999 144
nn4a 15600000 15699999 161
nn4a 15700000 15799999 206
nn4a 15800000 15899999 99
nn4a 15900000 15999999 39
nn4a 16000000 16099999 26
nn4a 16100000 16199999 98
nn4a 16200000 16299999 123
nn4a 16300000 16399999 138
nn4a 16400000 16499999 115
nn4a 16500000 16599999 157
nn4a 16600000 16699999 111
nn4a 16700000 16799999 151
nn4a 16800000 16899999 153
nn4a 16900000 16999999 149
nn4a 17000000 17099999 118
nn4a 17100000 17199999 96
nn4a 17200000 17299999 82
nn4a 17300000 17399999 154
nn4a 17400000 17499999 55
nn4a 17500000 17599999 81
nn4a 17600000 17699999 178
nn4a 17700000 17799999 140
nn4a 17800000 17899999 140
nn4a 17900000 17999999 139
nn4a 18000000 18099999 149
nn4a 18100000 18199999 59
nn4a 18200000 18299999 194
nn4a 18300000 18399999 218
nn4a 18400000 18499999 261
nn4a 18500000 18599999 56
nn4a 18600000 18699999 77
nn4a 18700000 18799999 84
nn4a 18800000 18899999 39
nn4a 18900000 18999999 81
nn4a 19000000 19099999 193
nn4a 19100000 19199999 108
nn4a 19200000 19299999 167
nn4a 19300000 19399999 0
nn4a 19400000 19499999 0
nn4a 19500000 19599999 0
nn4a 19600000 19699999 13
nn4a 19700000 19703776 0
nn5 0 99999 466
nn5 100000 199999 935
nn5 200000 299999 239
nn5 300000 399999 91
nn5 400000 499999 58
nn5 500000 599999 74
nn5 600000 699999 80
nn5 700000 799999 208
nn5 800000 899999 144
nn5 900000 999999 242
nn5 1000000 1099999 155
nn5 1100000 1199999 84
nn5 1200000 1299999 196
nn5 1300000 1399999 131
nn5 1400000 1499999 49
nn5 1500000 1599999 42
nn5 1600000 1699999 116
nn5 1700000 1799999 94
nn5 1800000 1899999 229
nn5 1900000 1999999 215
nn5 2000000 2099999 121
nn5 2100000 2199999 111
nn5 2200000 2299999 181
nn5 2300000 2399999 105
nn5 2400000 2499999 102
nn5 2500000 2599999 93
nn5 2600000 2699999 54
nn5 2700000 2799999 176
nn5 2800000 2899999 111
nn5 2900000 2999999 86
nn5 3000000 3099999 175
nn5 3100000 3199999 110
nn5 3200000 3299999 77
nn5 3300000 3399999 95
nn5 3400000 3499999 60
nn5 3500000 3599999 80
nn5 3600000 3699999 89
nn5 3700000 3799999 104
nn5 3800000 3899999 87
nn5 3900000 3999999 100
nn5 4000000 4099999 105
nn5 4100000 4199999 56
nn5 4200000 4299999 110
nn5 4300000 4399999 122
nn5 4400000 4499999 114
nn5 4500000 4599999 55
nn5 4600000 4699999 120
nn5 4700000 4799999 157
nn5 4800000 4899999 14
nn5 4900000 4999999 0
nn5 5000000 5099999 0
nn5 5100000 5199999 0
nn5 5200000 5299999 174
nn5 5300000 5399999 116
nn5 5400000 5499999 72
nn5 5500000 5599999 129
nn5 5600000 5699999 69
nn5 5700000 5799999 135
nn5 5800000 5899999 113
nn5 5900000 5999999 93
nn5 6000000 6099999 56
nn5 6100000 6199999 165
nn5 6200000 6299999 198
nn5 6300000 6399999 70
nn5 6400000 6499999 115
nn5 6500000 6599999 197
nn5 6600000 6699999 129
nn5 6700000 6799999 81
nn5 6800000 6899999 126
nn5 6900000 6999999 230
nn5 7000000 7099999 215
nn5 7100000 7199999 114
nn5 7200000 7299999 60
nn5 7300000 7399999 44
nn5 7400000 7499999 145
nn5 7500000 7599999 103
nn5 7600000 7699999 62
nn5 7700000 7799999 63
nn5 7800000 7899999 121
nn5 7900000 7999999 221
nn5 8000000 8099999 190
nn5 8100000 8199999 183
nn5 8200000 8299999 61
nn5 8300000 8399999 73
nn5 8400000 8499999 230
nn5 8500000 8599999 166
nn5 8600000 8699999 152
nn5 8700000 8799999 86
nn5 8800000 8899999 114
nn5 8900000 8999999 210
nn5 9000000 9099999 130
nn5 9100000 9199999 127
nn5 9200000 9299999 73
nn5 9300000 9399999 165
nn5 9400000 9499999 71
nn5 9500000 9599999 132
nn5 9600000 9699999 128
nn5 9700000 9799999 265
nn5 9800000 9899999 144
nn5 9900000 9999999 162
nn5 10000000 10099999 76
nn5 10100000 10199999 193
nn5 10200000 10299999 222
nn5 10300000 10399999 135
nn5 10400000 10499999 163
nn5 10500000 10599999 88
nn5 10600000 10699999 99
nn5 10700000 10799999 119
nn5 10800000 10899999 79
nn5 10900000 10999999 99
nn5 11000000 11099999 136
nn5 11100000 11199999 286
nn5 11200000 11299999 173
nn5 11300000 11399999 168
nn5 11400000 11499999 156
nn5 11500000 11599999 57
nn5 11600000 11699999 309
nn5 11700000 11799999 137
nn5 11800000 11899999 112
nn5 11900000 11999999 117
nn5 12000000 12099999 127
nn5 12100000 12199999 13
nn5 12200000 12299999 94
nn5 12300000 12399999 102
nn5 12400000 12499999 124
nn5 12500000 12599999 199
nn5 12600000 12699999 105
nn5 12700000 12799999 135
nn5 12800000 12899999 131
nn5 12900000 12999999 146
nn5 13000000 13099999 97
nn5 13100000 13199999 109
nn5 13200000 13299999 153
nn5 13300000 13399999 124
nn5 13400000 13499999 74
nn5 13500000 13599999 66
nn5 13600000 13699999 142
nn5 13700000 13799999 264
nn5 13800000 13899999 211
nn5 13900000 13999999 160
nn5 14000000 14099999 248
nn5 14100000 14199999 122
nn5 14200000 14299999 95
nn5 14300000 14399999 97
nn5 14400000 14499999 232
nn5 14500000 14599999 167
nn5 14600000 14699999 189
nn5 14700000 14799999 112
nn5 14800000 14899999 32
nn5 14900000 14999999 150
nn5 15000000 15099999 68
nn5 15100000 15199999 173
nn5 15200000 15299999 133
nn5 15300000 15399999 147
nn5 15400000 15499999 138
nn5 15500000 15599999 40
nn5 15600000 15699999 132
nn5 15700000 15799999 100
nn5 15800000 15899999 207
nn5 15900000 15999999 240
nn5 16000000 16099999 142
nn5 16100000 16199999 189
nn5 16200000 16299999 167
nn5 16300000 16399999 126
nn5 16400000 16499999 178
nn5 16500000 16599999 175
nn5 16600000 16699999 78
nn5 16700000 16799999 162
nn5 16800000 16899999 77
nn5 16900000 16999999 157
nn5 17000000 17099999 208
nn5 17100000 17199999 53
nn5 17200000 17299999 156
nn5 17300000 17399999 99
nn5 17400000 17499999 84
nn5 17500000 17599999 190
nn5 17600000 17699999 96
nn5 17700000 17799999 177
nn5 17800000 17899999 141
nn5 17900000 17999999 140
nn5 18000000 18099999 113
nn5 18100000 18199999 149
nn5 18200000 18299999 96
nn5 18300000 18399999 125
nn5 18400000 18499999 152
nn5 18500000 18599999 119
nn5 18600000 18699999 212
nn5 18700000 18799999 129
nn5 18800000 18899999 93
nn5 18900000 18999999 148
nn5 19000000 19099999 127
nn5 19100000 19199999 136
nn5 19200000 19299999 52
nn5 19300000 19399999 203
nn5 19400000 19499999 159
nn5 19500000 19599999 81
nn5 19600000 19699999 59
nn5 19700000 19799999 95
nn5 19800000 19899999 128
nn5 19900000 19999999 86
nn5 20000000 20099999 96
nn5 20100000 20199999 113
nn5 20200000 20299999 52
nn5 20300000 20399999 60
nn5 20400000 20499999 128
nn5 20500000 20599999 68
nn5 20600000 20699999 111
nn5 20700000 20799999 67
nn5 20800000 20899999 113
nn5 20900000 20999999 58
nn5 21000000 21099999 139
nn5 21100000 21199999 126
nn5 21200000 21299999 27
nn5 21300000 21399999 97
nn5 21400000 21499999 99
nn5 21500000 21599999 87
nn5 21600000 21699999 372
nn5 21700000 21799999 137
nn5 21800000 21899999 114
nn5 21900000 21999999 148
nn5 22000000 22099999 213
nn5 22100000 22199999 55
nn5 22200000 22299999 109
nn5 22300000 22399999 144
nn5 22400000 22499999 122
nn5 22500000 22599999 61
nn5 22600000 22699999 153
nn5 22700000 22799999 88
nn5 22800000 22899999 110
nn5 22900000 22999999 144
nn5 23000000 23099999 128
nn5 23100000 23199999 56
nn5 23200000 23299999 134
nn5 23300000 23399999 63
nn5 23400000 23499999 112
nn5 23500000 23599999 77
nn5 23600000 23699999 137
nn5 23700000 23799999 111
nn5 23800000 23899999 100
nn5 23900000 23999999 78
nn5 24000000 24099999 132
nn5 24100000 24199999 137
nn5 24200000 24299999 164
nn5 24300000 24399999 159
nn5 24400000 24499999 95
nn5 24500000 24599999 186
nn5 24600000 24699999 90
nn5 24700000 24799999 130
nn5 24800000 24899999 156
nn5 24900000 24999999 157
nn5 25000000 25099999 128
nn5 25100000 25199999 290
nn5 25200000 25299999 164
nn5 25300000 25399999 96
nn5 25400000 25499999 77
nn5 25500000 25599999 107
nn5 25600000 25699999 125
nn5 25700000 25799999 71
nn5 25800000 25899999 88
nn5 25900000 25999999 105
nn5 26000000 26099999 44
nn5 26100000 26199999 81
nn5 26200000 26299999 132
nn5 26300000 26399999 93
nn5 26400000 26499999 62
nn5 26500000 26599999 226
nn5 26600000 26699999 166
nn5 26700000 26799999 211
nn5 26800000 26899999 192
nn5 26900000 26999999 174
nn5 27000000 27099999 29
nn5 27100000 27199999 41
nn5 27200000 27299999 108
nn5 27300000 27399999 145
nn5 27400000 27499999 79
nn5 27500000 27599999 54
nn5 27600000 27699999 109
nn5 27700000 27799999 178
nn5 27800000 27899999 240
nn5 27900000 27999999 155
nn5 28000000 28099999 101
nn5 28100000 28199999 112
nn5 28200000 28299999 69
nn5 28300000 28399999 129
nn5 28400000 28499999 63
nn5 28500000 28599999 244
nn5 28600000 28699999 196
nn5 28700000 28799999 152
nn5 28800000 28899999 90
nn5 28900000 28999999 85
nn5 29000000 29099999 90
nn5 29100000 29199999 132
nn5 29200000 29299999 103
nn5 29300000 29399999 62
nn5 29400000 29499999 162
nn5 29500000 29599999 201
nn5 29600000 29699999 167
nn5 29700000 29799999 58
nn5 29800000 29899999 55
nn5 29900000 29999999 154
nn5 30000000 30099999 155
nn5 30100000 30199999 121
nn5 30200000 30299999 144
nn5 30300000 30399999 97
nn5 30400000 30499999 82
nn5 30500000 30599999 95
nn5 30600000 30699999 125
nn5 30700000 30799999 121
nn5 30800000 30899999 169
nn5 30900000 30999999 190
nn5 31000000 31099999 92
nn5 31100000 31199999 87
nn5 31200000 31299999 113
nn5 31300000 31399999 66
nn5 31400000 31499999 301
nn5 31500000 31599999 131
nn5 31600000 31699999 70
nn5 31700000 31799999 63
nn5 31800000 31899999 129
nn5 31900000 31999999 62
nn5 32000000 32099999 100
nn5 32100000 32199999 39
nn5 32200000 32299999 108
nn5 32300000 32399999 139
nn5 32400000 32499999 133
nn5 32500000 32599999 70
nn5 32600000 32699999 42
nn5 32700000 32799999 108
nn5 32800000 32899999 41
nn5 32900000 32999999 59
nn5 33000000 33099999 123
nn5 33100000 33199999 87
nn5 33200000 33299999 50
nn5 33300000 33399999 58
nn5 33400000 33499999 66
nn5 33500000 33599999 81
nn5 33600000 33699999 27
nn5 33700000 33799999 310
nn5 33800000 33899999 169
nn5 33900000 33999999 48
nn5 34000000 34099999 84
nn5 34100000 34199999 71
nn5 34200000 34299999 66
nn5 34300000 34399999 85
nn5 34400000 34499999 148
nn5 34500000 34599999 151
nn5 34600000 34699999 65
nn5 34700000 34799999 111
nn5 34800000 34899999 118
nn5 34900000 34999999 120
nn5 35000000 35099999 79
nn5 35100000 35199999 91
nn5 35200000 35299999 118
nn5 35300000 35399999 82
nn5 35400000 35499999 42
nn5 35500000 35599999 72
nn5 35600000 35699999 110
nn5 35700000 35799999 124
nn5 35800000 35899999 124
nn5 35900000 35999999 64
nn5 36000000 36099999 141
nn5 36100000 36199999 140
nn5 36200000 36299999 174
nn5 36300000 36399999 200
nn5 36400000 36499999 142
nn5 36500000 36599999 142
nn5 36600000 36699999 131
nn5 36700000 36799999 165
nn5 36800000 36899999 205
nn5 36900000 36999999 132
nn5 37000000 37099999 78
nn5 37100000 37199999 70
nn5 37200000 37299999 102
nn5 37300000 37399999 121
nn5 37400000 37499999 112
nn5 37500000 37599999 116
nn5 37600000 37699999 121
nn5 37700000 37799999 26
nn5 37800000 37899999 151
nn5 37900000 37999999 87
nn5 38000000 38099999 83
nn5 38100000 38199999 122
nn5 38200000 38299999 71
nn5 38300000 38399999 120
nn5 38400000 38499999 93
nn5 38500000 38599999 180
nn5 38600000 38699999 225
nn5 38700000 38799999 33
nn5 38800000 38899999 79
nn5 38900000 38999999 133
nn5 39000000 39099999 150
nn5 39100000 39199999 120
nn5 39200000 39299999 335
nn5 39300000 39399999 144
nn5 39400000 39499999 106
nn5 39500000 39599999 118
nn5 39600000 39699999 144
nn5 39700000 39799999 119
nn5 39800000 39899999 192
nn5 39900000 39999999 105
nn5 40000000 40099999 73
nn5 40100000 40199999 140
nn5 40200000 40299999 50
nn5 40300000 40399999 225
nn5 40400000 40499999 136
nn5 40500000 40599999 66
nn5 40600000 40699999 99
nn5 40700000 40799999 125
nn5 40800000 40899999 85
nn5 40900000 40999999 48
nn5 41000000 41099999 55
nn5 41100000 41199999 127
nn5 41200000 41299999 82
nn5 41300000 41399999 72
nn5 41400000 41499999 60
nn5 41500000 41599999 82
nn5 41600000 41699999 42
nn5 41700000 41799999 105
nn5 41800000 41899999 111
nn5 41900000 41999999 76
nn5 42000000 42099999 69
nn5 42100000 42199999 68
nn5 42200000 42299999 92
nn5 42300000 42399999 44
nn5 42400000 42499999 112
nn5 42500000 42599999 94
nn5 42600000 42699999 43
nn5 42700000 42799999 27
nn5 42800000 42899999 93
nn5 42900000 42999999 53
nn5 43000000 43099999 47
nn5 43100000 43199999 84
nn5 43200000 43299999 102
nn5 43300000 43399999 71
nn5 43400000 43499999 145
nn5 43500000 43599999 61
nn5 43600000 43699999 114
nn5 43700000 43799999 133
nn5 43800000 43899999 151
nn5 43900000 43999999 98
nn5 44000000 44099999 204
nn5 44100000 44199999 130
nn5 44200000 44299999 115
nn5 44300000 44399999 47
nn5 44400000 44499999 92
nn5 44500000 44599999 192
nn5 44600000 44699999 139
nn5 44700000 44799999 81
nn5 44800000 44899999 113
nn5 44900000 44999999 58
nn5 45000000 45099999 84
nn5 45100000 45199999 96
nn5 45200000 45299999 70
nn5 45300000 45399999 81
nn5 45400000 45499999 148
nn5 45500000 45599999 13
nn5 45600000 45699999 140
nn5 45700000 45799999 66
nn5 45800000 45899999 102
nn5 45900000 45999999 70
nn5 46000000 46099999 178
nn5 46100000 46199999 79
nn5 46200000 46299999 97
nn5 46300000 46399999 161
nn5 46400000 46499999 166
nn5 46500000 46599999 69
nn5 46600000 46699999 125
nn5 46700000 46799999 108
nn5 46800000 46899999 138
nn5 46900000 46999999 113
nn5 47000000 47099999 91
nn5 47100000 47199999 134
nn5 47200000 47299999 152
nn5 47300000 47399999 114
nn5 47400000 47499999 80
nn5 47500000 47599999 135
nn5 47600000 47699999 130
nn5 47700000 47799999 79
nn5 47800000 47899999 100
nn5 47900000 47999999 109
nn5 48000000 48099999 192
nn5 48100000 48199999 271
nn5 48200000 48299999 372
nn5 48300000 48399999 39
nn5 48400000 48499999 90
nn5 48500000 48599999 112
nn5 48600000 48699999 113
nn5 48700000 48799999 72
nn5 48800000 48899999 148
nn5 48900000 48999999 135
nn5 49000000 49099999 45
nn5 49100000 49199999 113
nn5 49200000 49299999 73
nn5 49300000 49399999 42
nn5 49400000 49499999 57
nn5 49500000 49599999 82
nn5 49600000 49699999 58
nn5 49700000 49799999 135
nn5 49800000 49899999 109
nn5 49900000 49999999 96
nn5 50000000 50099999 183
nn5 50100000 50199999 97
nn5 50200000 50299999 148
nn5 50300000 50399999 110
nn5 50400000 50499999 80
nn5 50500000 50599999 127
nn5 50600000 50699999 136
nn5 50700000 50799999 173
nn5 50800000 50899999 93
nn5 50900000 50999999 85
nn5 51000000 51099999 152
nn5 51100000 51199999 76
nn5 51200000 51299999 98
nn5 51300000 51399999 111
nn5 51400000 51499999 33
nn5 51500000 51599999 85
nn5 51600000 51699999 161
nn5 51700000 51799999 101
nn5 51800000 51899999 54
nn5 51900000 51999999 137
nn5 52000000 52099999 218
nn5 52100000 52199999 146
nn5 52200000 52299999 52
nn5 52300000 52399999 140
nn5 52400000 52499999 151
nn5 52500000 52599999 137
nn5 52600000 52699999 194
nn5 52700000 52799999 89
nn5 52800000 52899999 253
nn5 52900000 52999999 164
nn5 53000000 53099999 139
nn5 53100000 53199999 139
nn5 53200000 53299999 169
nn5 53300000 53399999 46
nn5 53400000 53499999 97
nn5 53500000 53599999 54
nn5 53600000 53699999 142
nn5 53700000 53799999 80
nn5 53800000 53899999 137
nn5 53900000 53999999 83
nn5 54000000 54099999 87
nn5 54100000 54199999 95
nn5 54200000 54299999 163
nn5 54300000 54399999 145
nn5 54400000 54499999 193
nn5 54500000 54599999 202
nn5 54600000 54699999 190
nn5 54700000 54799999 151
nn5 54800000 54899999 124
nn5 54900000 54999999 106
nn5 55000000 55099999 101
nn5 55100000 55199999 72
nn5 55200000 55299999 149
nn5 55300000 55399999 116
nn5 55400000 55499999 144
nn5 55500000 55599999 188
nn5 55600000 55699999 187
nn5 55700000 55799999 114
nn5 55800000 55899999 100
nn5 55900000 55999999 70
nn5 56000000 56099999 152
nn5 56100000 56199999 197
nn5 56200000 56299999 145
nn5 56300000 56399999 146
nn5 56400000 56499999 162
nn5 56500000 56599999 111
nn5 56600000 56699999 73
nn5 56700000 56799999 169
nn5 56800000 56899999 80
nn5 56900000 56999999 194
nn5 57000000 57099999 86
nn5 57100000 57199999 114
nn5 57200000 57299999 182
nn5 57300000 57399999 169
nn5 57400000 57499999 141
nn5 57500000 57599999 76
nn5 57600000 57699999 81
nn5 57700000 57799999 43
nn5 57800000 57899999 167
nn5 57900000 57999999 143
nn5 58000000 58099999 248
nn5 58100000 58199999 83
nn5 58200000 58299999 144
nn5 58300000 58399999 190
nn5 58400000 58499999 123
nn5 58500000 58599999 99
nn5 58600000 58699999 221
nn5 58700000 58799999 144
nn5 58800000 58899999 174
nn5 58900000 58999999 199
nn5 59000000 59099999 176
nn5 59100000 59199999 294
nn5 59200000 59299999 195
nn5 59300000 59399999 140
nn5 59400000 59499999 139
nn5 59500000 59599999 96
nn5 59600000 59699999 183
nn5 59700000 59799999 195
nn5 59800000 59899999 187
nn5 59900000 59999999 128
nn5 60000000 60045830 79
nn6 0 99999 135
nn6 100000 199999 273
nn6 200000 299999 130
nn6 300000 399999 204
nn6 400000 499999 115
nn6 500000 599999 325
nn6 600000 699999 272
nn6 700000 799999 140
nn6 800000 899999 97
nn6 900000 999999 150
nn6 1000000 1099999 150
nn6 1100000 1199999 69
nn6 1200000 1299999 270
nn6 1300000 1399999 246
nn6 1400000 1499999 151
nn6 1500000 1599999 146
nn6 1600000 1699999 221
nn6 1700000 1799999 225
nn6 1800000 1899999 187
nn6 1900000 1999999 239
nn6 2000000 2099999 87
nn6 2100000 2199999 186
nn6 2200000 2299999 146
nn6 2300000 2399999 43
nn6 2400000 2499999 198
nn6 2500000 2599999 195
nn6 2600000 2699999 107
nn6 2700000 2799999 96
nn6 2800000 2899999 60
nn6 2900000 2999999 65
nn6 3000000 3099999 168
nn6 3100000 3199999 116
nn6 3200000 3299999 140
nn6 3300000 3399999 74
nn6 3400000 3499999 242
nn6 3500000 3599999 136
nn6 3600000 3699999 78
nn6 3700000 3799999 80
nn6 3800000 3899999 103
nn6 3900000 3999999 109
nn6 4000000 4099999 208
nn6 4100000 4199999 99
nn6 4200000 4299999 146
nn6 4300000 4399999 123
nn6 4400000 4499999 98
nn6 4500000 4599999 101
nn6 4600000 4699999 142
nn6 4700000 4799999 111
nn6 4800000 4899999 102
nn6 4900000 4999999 26
nn6 5000000 5099999 89
nn6 5100000 5199999 72
nn6 5200000 5299999 115
nn6 5300000 5399999 146
nn6 5400000 5499999 134
nn6 5500000 5599999 83
nn6 5600000 5699999 131
nn6 5700000 5799999 100
nn6 5800000 5899999 109
nn6 5900000 5999999 80
nn6 6000000 6099999 147
nn6 6100000 6199999 218
nn6 6200000 6299999 199
nn6 6300000 6399999 190
nn6 6400000 6499999 196
nn6 6500000 6599999 77
nn6 6600000 6699999 129
nn6 6700000 6799999 97
nn6 6800000 6899999 149
nn6 6900000 6999999 108
nn6 7000000 7099999 139
nn6 7100000 7199999 106
nn6 7200000 7299999 104
nn6 7300000 7399999 77
nn6 7400000 7499999 173
nn6 7500000 7599999 87
nn6 7600000 7699999 165
nn6 7700000 7799999 131
nn6 7800000 7899999 54
nn6 7900000 7999999 144
nn6 8000000 8099999 87
nn6 8100000 8199999 103
nn6 8200000 8299999 196
nn6 8300000 8399999 207
nn6 8400000 8499999 297
nn6 8500000 8599999 154
nn6 8600000 8699999 88
nn6 8700000 8799999 186
nn6 8800000 8899999 134
nn6 8900000 8999999 74
nn6 9000000 9099999 127
nn6 9100000 9199999 75
nn6 9200000 9299999 112
nn6 9300000 9399999 306
nn6 9400000 9499999 269
nn6 9500000 9599999 98
nn6 9600000 9699999 125
nn6 9700000 9799999 195
nn6 9800000 9899999 181
nn6 9900000 9999999 149
nn6 10000000 10099999 115
nn6 10100000 10199999 160
nn6 10200000 10299999 54
nn6 10300000 10399999 101
nn6 10400000 10499999 171
nn6 10500000 10599999 104
nn6 10600000 10699999 27
nn6 10700000 10799999 160
nn6 10800000 10899999 52
nn6 10900000 10999999 168
nn6 11000000 11099999 70
nn6 11100000 11199999 141
nn6 11200000 11299999 82
nn6 11300000 11399999 62
nn6 11400000 11499999 57
nn6 11500000 11599999 132
nn6 11600000 11699999 157
nn6 11700000 11799999 114
nn6 11800000 11899999 121
nn6 11900000 11999999 77
nn6 12000000 12099999 262
nn6 12100000 12199999 163
nn6 12200000 12299999 225
nn6 12300000 12399999 166
nn6 12400000 12499999 249
nn6 12500000 12599999 282
nn6 12600000 12699999 203
nn6 12700000 12799999 87
nn6 12800000 12899999 269
nn6 12900000 12999999 231
nn6 13000000 13099999 311
nn6 13100000 13199999 142
nn6 13200000 13299999 200
nn6 13300000 13399999 245
nn6 13400000 13499999 193
nn6 13500000 13599999 41
nn6 13600000 13699999 81
nn6 13700000 13799999 98
nn6 13800000 13899999 87
nn6 13900000 13999999 98
nn6 14000000 14099999 91
nn6 14100000 14199999 124
nn6 14200000 14299999 120
nn6 14300000 14399999 102
nn6 14400000 14499999 175
nn6 14500000 14599999 147
nn6 14600000 14699999 140
nn6 14700000 14799999 79
nn6 14800000 14899999 59
nn6 14900000 14999999 114
nn6 15000000 15099999 148
nn6 15100000 15199999 129
nn6 15200000 15299999 122
nn6 15300000 15399999 176
nn6 15400000 15499999 117
nn6 15500000 15599999 115
nn6 15600000 15699999 100
nn6 15700000 15799999 131
nn6 15800000 15899999 156
nn6 15900000 15999999 128
nn6 16000000 16099999 201
nn6 16100000 16199999 120
nn6 16200000 16299999 77
nn6 16300000 16399999 150
nn6 16400000 16499999 76
nn6 16500000 16599999 76
nn6 16600000 16699999 74
nn6 16700000 16799999 168
nn6 16800000 16899999 104
nn6 16900000 16999999 118
nn6 17000000 17099999 152
nn6 17100000 17199999 104
nn6 17200000 17299999 193
nn6 17300000 17399999 124
nn6 17400000 17499999 96
nn6 17500000 17599999 127
nn6 17600000 17699999 125
nn6 17700000 17799999 79
nn6 17800000 17899999 174
nn6 17900000 17999999 89
nn6 18000000 18099999 95
nn6 18100000 18199999 328
nn6 18200000 18299999 370
nn6 18300000 18399999 309
nn6 18400000 18499999 170
nn6 18500000 18599999 218
nn6 18600000 18699999 230
nn6 18700000 18799999 163
nn6 18800000 18899999 129
nn6 18900000 18999999 107
nn6 19000000 19099999 150
nn6 19100000 19199999 189
nn6 19200000 19299999 113
nn6 19300000 19399999 165
nn6 19400000 19499999 100
nn6 19500000 19599999 165
nn6 19600000 19699999 150
nn6 19700000 19799999 174
nn6 19800000 19899999 177
nn6 19900000 19999999 88
nn6 20000000 20099999 88
nn6 20100000 20199999 129
nn6 20200000 20299999 56
nn6 20300000 20399999 150
nn6 20400000 20499999 101
nn6 20500000 20599999 125
nn6 20600000 20699999 56
nn6 20700000 20799999 113
nn6 20800000 20899999 176
nn6 20900000 20999999 191
nn6 21000000 21099999 155
nn6 21100000 21199999 204
nn6 21200000 21299999 109
nn6 21300000 21399999 105
nn6 21400000 21499999 127
nn6 21500000 21599999 89
nn6 21600000 21699999 96
nn6 21700000 21799999 60
nn6 21800000 21899999 79
nn6 21900000 21999999 131
nn6 22000000 22099999 89
nn6 22100000 22199999 86
nn6 22200000 22299999 94
nn6 22300000 22399999 100
nn6 22400000 22499999 73
nn6 22500000 22599999 73
nn6 22600000 22699999 120
nn6 22700000 22799999 86
nn6 22800000 22899999 100
nn6 22900000 22999999 120
nn6 23000000 23099999 144
nn6 23100000 23199999 204
nn6 23200000 23299999 272
nn6 23300000 23399999 170
nn6 23400000 23499999 84
nn6 23500000 23599999 86
nn6 23600000 23699999 61
nn6 23700000 23799999 166
nn6 23800000 23899999 339
nn6 23900000 23999999 203
nn6 24000000 24099999 135
nn6 24100000 24199999 201
nn6 24200000 24299999 167
nn6 24300000 24399999 133
nn6 24400000 24499999 281
nn6 24500000 24599999 168
nn6 24600000 24699999 160
nn6 24700000 24799999 174
nn6 24800000 24899999 94
nn6 24900000 24999999 15
nn6 25000000 25099999 125
nn6 25100000 25199999 41
nn6 25200000 25299999 103
nn6 25300000 25399999 169
nn6 25400000 25499999 54
nn6 25500000 25599999 60
nn6 25600000 25699999 186
nn6 25700000 25799999 52
nn6 25800000 25899999 74
nn6 25900000 25999999 69
nn6 26000000 26099999 72
nn6 26100000 26199999 127
nn6 26200000 26299999 223
nn6 26300000 26399999 207
nn6 26400000 26499999 131
nn6 26500000 26599999 75
nn6 26600000 26699999 146
nn6 26700000 26799999 233
nn6 26800000 26899999 121
nn6 26900000 26999999 94
nn6 27000000 27099999 42
nn6 27100000 27199999 92
nn6 27200000 27299999 135
nn6 27300000 27399999 73
nn6 27400000 27499999 101
nn6 27500000 27599999 165
nn6 27600000 27699999 111
nn6 27700000 27799999 143
nn6 27800000 27899999 146
nn6 27900000 27999999 106
nn6 28000000 28099999 81
nn6 28100000 28199999 89
nn6 28200000 28299999 170
nn6 28300000 28399999 96
nn6 28400000 28499999 55
nn6 28500000 28599999 236
nn6 28600000 28699999 220
nn6 28700000 28799999 129
nn6 28800000 28899999 145
nn6 28900000 28999999 132
nn6 29000000 29099999 144
nn6 29100000 29199999 57
nn6 29200000 29299999 172
nn6 29300000 29399999 144
nn6 29400000 29499999 129
nn6 29500000 29599999 65
nn6 29600000 29699999 107
nn6 29700000 29799999 147
nn6 29800000 29899999 147
nn6 29900000 29999999 152
nn6 30000000 30099999 86
nn6 30100000 30199999 105
nn6 30200000 30299999 107
nn6 30300000 30399999 29
nn6 30400000 30499999 29
nn6 30500000 30599999 0
nn6 30600000 30699999 0
nn6 30700000 30799999 156
nn6 30800000 30899999 147
nn6 30900000 30999999 207
nn6 31000000 31099999 123
nn6 31100000 31199999 204
nn6 31200000 31299999 98
nn6 31300000 31399999 248
nn6 31400000 31499999 137
nn6 31500000 31599999 142
nn6 31600000 31699999 101
nn6 31700000 31799999 124
nn6 31800000 31899999 115
nn6 31900000 31999999 127
nn6 32000000 32099999 155
nn6 32100000 32199999 125
nn6 32200000 32299999 180
nn6 32300000 32399999 112
nn6 32400000 32499999 138
nn6 32500000 32599999 109
nn6 32600000 32699999 69
nn6 32700000 32799999 102
nn6 32800000 32899999 47
nn6 32900000 32999999 257
nn6 33000000 33099999 129
nn6 33100000 33199999 189
nn6 33200000 33299999 111
nn6 33300000 33399999 143
nn6 33400000 33499999 144
nn6 33500000 33599999 99
nn6 33600000 33699999 42
nn6 33700000 33799999 163
nn6 33800000 33899999 201
nn6 33900000 33999999 214
nn6 34000000 34099999 162
nn6 34100000 34199999 146
nn6 34200000 34299999 130
nn6 34300000 34399999 193
nn6 34400000 34499999 123
nn6 34500000 34599999 78
nn6 34600000 34699999 194
nn6 34700000 34799999 141
nn6 34800000 34899999 114
nn6 34900000 34999999 150
nn6 35000000 35099999 103
nn6 35100000 35199999 54
nn6 35200000 35299999 151
nn6 35300000 35399999 107
nn6 35400000 35499999 204
nn6 35500000 35599999 514
nn6 35600000 35699999 395
nn6 35700000 35799999 142
nn6 35800000 35899999 0
nn6 35900000 35999999 0
nn6 36000000 36099999 13
nn6 36100000 36199999 0
nn6 36200000 36299999 39
nn6 36300000 36399999 246
nn6 36400000 36499999 206
nn6 36500000 36599999 131
nn6 36600000 36699999 196
nn6 36700000 36750195 140
nn7 0 99999 231
nn7 100000 199999 123
nn7 200000 299999 86
nn7 300000 399999 53
nn7 400000 499999 86
nn7 500000 599999 796
nn7 600000 699999 221
nn7 700000 799999 319
nn7 800000 899999 103
nn7 900000 999999 91
nn7 1000000 1099999 189
nn7 1100000 1199999 226
nn7 1200000 1299999 134
nn7 1300000 1399999 152
nn7 1400000 1499999 225
nn7 1500000 1599999 113
nn7 1600000 1699999 128
nn7 1700000 1799999 98
nn7 1800000 1899999 236
nn7 1900000 1999999 229
nn7 2000000 2099999 80
nn7 2100000 2199999 121
nn7 2200000 2299999 116
nn7 2300000 2399999 221
nn7 2400000 2499999 167
nn7 2500000 2599999 151
nn7 2600000 2699999 178
nn7 2700000 2799999 212
nn7 2800000 2899999 197
nn7 2900000 2999999 73
nn7 3000000 3099999 83
nn7 3100000 3199999 54
nn7 3200000 3299999 138
nn7 3300000 3399999 80
nn7 3400000 3499999 133
nn7 3500000 3599999 272
nn7 3600000 3699999 165
nn7 3700000 3799999 192
nn7 3800000 3899999 117
nn7 3900000 3999999 415
nn7 4000000 4099999 233
nn7 4100000 4199999 194
nn7 4200000 4299999 155
nn7 4300000 4399999 245
nn7 4400000 4499999 163
nn7 4500000 4599999 114
nn7 4600000 4699999 27
nn7 4700000 4799999 226
nn7 4800000 4899999 74
nn7 4900000 4999999 178
nn7 5000000 5099999 54
nn7 5100000 5199999 102
nn7 5200000 5299999 116
nn7 5300000 5399999 99
nn7 5400000 5499999 181
nn7 5500000 5599999 113
nn7 5600000 5699999 56
nn7 5700000 5799999 99
nn7 5800000 5899999 138
nn7 5900000 5999999 98
nn7 6000000 6099999 100
nn7 6100000 6199999 28
nn7 6200000 6299999 87
nn7 6300000 6399999 138
nn7 6400000 6499999 143
nn7 6500000 6599999 172
nn7 6600000 6699999 151
nn7 6700000 6799999 107
nn7 6800000 6899999 129
nn7 6900000 6999999 138
nn7 7000000 7099999 87
nn7 7100000 7199999 116
nn7 7200000 7299999 116
nn7 7300000 7399999 73
nn7 7400000 7499999 58
nn7 7500000 7599999 123
nn7 7600000 7699999 140
nn7 7700000 7799999 86
nn7 7800000 7899999 200
nn7 7900000 7999999 116
nn7 8000000 8099999 53
nn7 8100000 8199999 45
nn7 8200000 8299999 108
nn7 8300000 8399999 87
nn7 8400000 8499999 112
nn7 8500000 8599999 143
nn7 8600000 8699999 224
nn7 8700000 8799999 119
nn7 8800000 8899999 106
nn7 8900000 8999999 81
nn7 9000000 9099999 28
nn7 9100000 9199999 59
nn7 9200000 9299999 129
nn7 9300000 9399999 187
nn7 9400000 9499999 335
nn7 9500000 9599999 305
nn7 9600000 9699999 68
nn7 9700000 9799999 79
nn7 9800000 9899999 164
nn7 9900000 9999999 113
nn7 10000000 10099999 141
nn7 10100000 10199999 96
nn7 10200000 10299999 40
nn7 10300000 10399999 232
nn7 10400000 10499999 190
nn7 10500000 10599999 158
nn7 10600000 10699999 127
nn7 10700000 10799999 163
nn7 10800000 10899999 126
nn7 10900000 10999999 211
nn7 11000000 11099999 143
nn7 11100000 11199999 81
nn7 11200000 11299999 167
nn7 11300000 11399999 135
nn7 11400000 11499999 70
nn7 11500000 11599999 210
nn7 11600000 11699999 214
nn7 11700000 11799999 137
nn7 11800000 11899999 121
nn7 11900000 11999999 145
nn7 12000000 12099999 78
nn7 12100000 12199999 151
nn7 12200000 12299999 72
nn7 12300000 12399999 158
nn7 12400000 12499999 100
nn7 12500000 12599999 107
nn7 12600000 12699999 30
nn7 12700000 12799999 95
nn7 12800000 12899999 109
nn7 12900000 12999999 115
nn7 13000000 13099999 189
nn7 13100000 13199999 67
nn7 13200000 13299999 153
nn7 13300000 13399999 14
nn7 13400000 13499999 111
nn7 13500000 13599999 74
nn7 13600000 13699999 95
nn7 13700000 13799999 149
nn7 13800000 13899999 112
nn7 13900000 13999999 95
nn7 14000000 14099999 188
nn7 14100000 14199999 233
nn7 14200000 14299999 194
nn7 14300000 14399999 75
nn7 14400000 14499999 94
nn7 14500000 14599999 141
nn7 14600000 14699999 133
nn7 14700000 14799999 147
nn7 14800000 14899999 449
nn7 14900000 14999999 135
nn7 15000000 15099999 71
nn7 15100000 15199999 418
nn7 15200000 15299999 258
nn7 15300000 15399999 101
nn7 15400000 15499999 269
nn7 15500000 15599999 178
nn7 15600000 15699999 113
nn7 15700000 15799999 180
nn7 15800000 15899999 122
nn7 15900000 15999999 141
nn7 16000000 16099999 163
nn7 16100000 16199999 247
nn7 16200000 16299999 106
nn7 16300000 16399999 115
nn7 16400000 16499999 59
nn7 16500000 16599999 71
nn7 16600000 16699999 176
nn7 16700000 16799999 27
nn7 16800000 16899999 137
nn7 16900000 16999999 167
nn7 17000000 17099999 281
nn7 17100000 17199999 164
nn7 17200000 17299999 67
nn7 17300000 17399999 161
nn7 17400000 17499999 111
nn7 17500000 17599999 166
nn7 17600000 17699999 116
nn7 17700000 17799999 71
nn7 17800000 17899999 164
nn7 17900000 17999999 82
nn7 18000000 18099999 59
nn7 18100000 18199999 177
nn7 18200000 18299999 92
nn7 18300000 18399999 133
nn7 18400000 18499999 175
nn7 18500000 18599999 135
nn7 18600000 18699999 90
nn7 18700000 18799999 82
nn7 18800000 18899999 84
nn7 18900000 18999999 158
nn7 19000000 19099999 120
nn7 19100000 19199999 76
nn7 19200000 19299999 180
nn7 19300000 19399999 132
nn7 19400000 19499999 116
nn7 19500000 19599999 81
nn7 19600000 19699999 60
nn7 19700000 19799999 155
nn7 19800000 19899999 137
nn7 19900000 19999999 70
nn7 20000000 20099999 147
nn7 20100000 20199999 97
nn7 20200000 20299999 155
nn7 20300000 20399999 188
nn7 20400000 20499999 141
nn7 20500000 20599999 225
nn7 20600000 20699999 119
nn7 20700000 20799999 192
nn7 20800000 20899999 115
nn7 20900000 20999999 111
nn7 21000000 21099999 110
nn7 21100000 21199999 169
nn7 21200000 21299999 144
nn7 21300000 21399999 356
nn7 21400000 21499999 175
nn7 21500000 21599999 211
nn7 21600000 21699999 57
nn7 21700000 21799999 55
nn7 21800000 21899999 110
nn7 21900000 21999999 167
nn7 22000000 22099999 123
nn7 22100000 22199999 183
nn7 22200000 22299999 83
nn7 22300000 22399999 64
nn7 22400000 22499999 106
nn7 22500000 22599999 112
nn7 22600000 22699999 100
nn7 22700000 22799999 70
nn7 22800000 22899999 130
nn7 22900000 22999999 67
nn7 23000000 23099999 160
nn7 23100000 23199999 123
nn7 23200000 23299999 83
nn7 23300000 23399999 62
nn7 23400000 23499999 72
nn7 23500000 23599999 72
nn7 23600000 23699999 68
nn7 23700000 23799999 85
nn7 23800000 23899999 119
nn7 23900000 23999999 99
nn7 24000000 24099999 144
nn7 24100000 24199999 127
nn7 24200000 24299999 149
nn7 24300000 24399999 65
nn7 24400000 24499999 268
nn7 24500000 24599999 148
nn7 24600000 24699999 195
nn7 24700000 24799999 116
nn7 24800000 24899999 168
nn7 24900000 24999999 416
nn7 25000000 25099999 214
nn7 25100000 25199999 297
nn7 25200000 25299999 182
nn7 25300000 25399999 190
nn7 25400000 25499999 91
nn7 25500000 25599999 177
nn7 25600000 25699999 167
nn7 25700000 25799999 14
nn7 25800000 25899999 210
nn7 25900000 25999999 158
nn7 26000000 26099999 119
nn7 26100000 26199999 215
nn7 26200000 26299999 139
nn7 26300000 26399999 45
nn7 26400000 26499999 147
nn7 26500000 26599999 141
nn7 26600000 26699999 140
nn7 26700000 26799999 155
nn7 26800000 26899999 224
nn7 26900000 26999999 220
nn7 27000000 27099999 194
nn7 27100000 27199999 95
nn7 27200000 27299999 72
nn7 27300000 27399999 122
nn7 27400000 27499999 148
nn7 27500000 27599999 84
nn7 27600000 27699999 163
nn7 27700000 27799999 98
nn7 27800000 27899999 68
nn7 27900000 27999999 169
nn7 28000000 28099999 131
nn7 28100000 28199999 94
nn7 28200000 28299999 189
nn7 28300000 28399999 86
nn7 28400000 28499999 108
nn7 28500000 28599999 88
nn7 28600000 28699999 134
nn7 28700000 28799999 43
nn7 28800000 28899999 132
nn7 28900000 28999999 89
nn7 29000000 29099999 110
nn7 29100000 29199999 98
nn7 29200000 29299999 198
nn7 29300000 29399999 209
nn7 29400000 29499999 196
nn7 29500000 29599999 67
nn7 29600000 29699999 117
nn7 29700000 29799999 236
nn7 29800000 29899999 214
nn7 29900000 29999999 122
nn7 30000000 30099999 56
nn7 30100000 30199999 97
nn7 30200000 30299999 82
nn7 30300000 30399999 102
nn7 30400000 30499999 110
nn7 30500000 30599999 94
nn7 30600000 30699999 69
nn7 30700000 30799999 41
nn7 30800000 30899999 140
nn7 30900000 30999999 142
nn7 31000000 31099999 116
nn7 31100000 31199999 86
nn7 31200000 31299999 195
nn7 31300000 31399999 163
nn7 31400000 31499999 213
nn7 31500000 31599999 178
nn7 31600000 31699999 141
nn7 31700000 31799999 102
nn7 31800000 31899999 85
nn7 31900000 31999999 95
nn7 32000000 32099999 126
nn7 32100000 32199999 130
nn7 32200000 32299999 125
nn7 32300000 32399999 166
nn7 32400000 32499999 133
nn7 32500000 32599999 201
nn7 32600000 32699999 140
nn7 32700000 32799999 144
nn7 32800000 32899999 86
nn7 32900000 32999999 244
nn7 33000000 33099999 177
nn7 33100000 33199999 170
nn7 33200000 33299999 217
nn7 33300000 33399999 187
nn7 33400000 33499999 207
nn7 33500000 33599999 342
nn7 33600000 33699999 139
nn7 33700000 33799999 117
nn7 33800000 33899999 120
nn7 33900000 33999999 114
nn7 34000000 34099999 125
nn7 34100000 34199999 171
nn7 34200000 34299999 101
nn7 34300000 34399999 70
nn7 34400000 34499999 127
nn7 34500000 34599999 161
nn7 34600000 34699999 117
nn7 34700000 34799999 112
nn7 34800000 34899999 216
nn7 34900000 34999999 242
nn7 35000000 35099999 53
nn7 35100000 35199999 144
nn7 35200000 35299999 85
nn7 35300000 35399999 165
nn7 35400000 35499999 179
nn7 35500000 35599999 100
nn7 35600000 35699999 149
nn7 35700000 35799999 133
nn7 35800000 35899999 209
nn7 35900000 35999999 230
nn7 36000000 36099999 209
nn7 36100000 36199999 180
nn7 36200000 36299999 193
nn7 36300000 36399999 136
nn7 36400000 36499999 130
nn7 36500000 36599999 189
nn7 36600000 36699999 59
nn7 36700000 36799999 117
nn7 36800000 36899999 89
nn7 36900000 36999999 103
nn7 37000000 37099999 145
nn7 37100000 37199999 180
nn7 37200000 37299999 66
nn7 37300000 37399999 52
nn7 37400000 37499999 13
nn7 37500000 37599999 68
nn7 37600000 37699999 174
nn7 37700000 37799999 190
nn7 37800000 37899999 55
nn7 37900000 37999999 124
nn7 38000000 38099999 239
nn7 38100000 38130504 54
nn8 0 99999 88
nn8 100000 199999 40
nn8 200000 299999 72
nn8 300000 399999 97
nn8 400000 499999 111
nn8 500000 599999 105
nn8 600000 699999 194
nn8 700000 799999 71
nn8 800000 899999 84
nn8 900000 999999 47
nn8 1000000 1099999 118
nn8 1100000 1199999 39
nn8 1200000 1299999 162
nn8 1300000 1399999 53
nn8 1400000 1499999 74
nn8 1500000 1599999 97
nn8 1600000 1699999 31
nn8 1700000 1799999 111
nn8 1800000 1899999 79
nn8 1900000 1999999 58
nn8 2000000 2099999 126
nn8 2100000 2199999 71
nn8 2200000 2299999 246
nn8 2300000 2399999 59
nn8 2400000 2499999 28
nn8 2500000 2599999 86
nn8 2600000 2699999 90
nn8 2700000 2799999 111
nn8 2800000 2899999 170
nn8 2900000 2999999 176
nn8 3000000 3099999 168
nn8 3100000 3199999 196
nn8 3200000 3299999 201
nn8 3300000 3399999 112
nn8 3400000 3499999 141
nn8 3500000 3599999 161
nn8 3600000 3699999 96
nn8 3700000 3799999 158
nn8 3800000 3899999 182
nn8 3900000 3999999 186
nn8 4000000 4099999 160
nn8 4100000 4199999 252
nn8 4200000 4299999 177
nn8 4300000 4399999 196
nn8 4400000 4499999 76
nn8 4500000 4599999 97
nn8 4600000 4699999 125
nn8 4700000 4799999 170
nn8 4800000 4899999 269
nn8 4900000 4999999 164
nn8 5000000 5099999 100
nn8 5100000 5199999 187
nn8 5200000 5299999 140
nn8 5300000 5399999 230
nn8 5400000 5499999 146
nn8 5500000 5599999 147
nn8 5600000 5699999 254
nn8 5700000 5799999 116
nn8 5800000 5899999 71
nn8 5900000 5999999 150
nn8 6000000 6099999 155
nn8 6100000 6199999 99
nn8 6200000 6299999 111
nn8 6300000 6399999 216
nn8 6400000 6499999 94
nn8 6500000 6599999 118
nn8 6600000 6699999 153
nn8 6700000 6799999 110
nn8 6800000 6899999 272
nn8 6900000 6999999 88
nn8 7000000 7099999 160
nn8 7100000 7199999 110
nn8 7200000 7299999 183
nn8 7300000 7399999 101
nn8 7400000 7499999 81
nn8 7500000 7599999 73
nn8 7600000 7699999 101
nn8 7700000 7799999 45
nn8 7800000 7899999 134
nn8 7900000 7999999 139
nn8 8000000 8099999 120
nn8 8100000 8199999 87
nn8 8200000 8299999 189
nn8 8300000 8399999 180
nn8 8400000 8499999 118
nn8 8500000 8599999 163
nn8 8600000 8699999 153
nn8 8700000 8799999 152
nn8 8800000 8899999 168
nn8 8900000 8999999 89
nn8 9000000 9099999 147
nn8 9100000 9199999 213
nn8 9200000 9299999 119
nn8 9300000 9399999 145
nn8 9400000 9499999 157
nn8 9500000 9599999 142
nn8 9600000 9699999 151
nn8 9700000 9799999 148
nn8 9800000 9899999 119
nn8 9900000 9999999 147
nn8 10000000 10099999 81
nn8 10100000 10199999 131
nn8 10200000 10299999 40
nn8 10300000 10399999 182
nn8 10400000 10499999 149
nn8 10500000 10599999 84
nn8 10600000 10699999 44
nn8 10700000 10799999 135
nn8 10800000 10899999 83
nn8 10900000 10999999 95
nn8 11000000 11099999 95
nn8 11100000 11199999 30
nn8 11200000 11299999 42
nn8 11300000 11399999 81
nn8 11400000 11499999 121
nn8 11500000 11599999 67
nn8 11600000 11699999 159
nn8 11700000 11799999 73
nn8 11800000 11899999 181
nn8 11900000 11999999 57
nn8 12000000 12099999 172
nn8 12100000 12199999 80
nn8 12200000 12299999 173
nn8 12300000 12399999 177
nn8 12400000 12499999 95
nn8 12500000 12599999 69
nn8 12600000 12699999 172
nn8 12700000 12799999 49
nn8 12800000 12899999 199
nn8 12900000 12999999 108
nn8 13000000 13099999 134
nn8 13100000 13199999 170
nn8 13200000 13299999 121
nn8 13300000 13399999 84
nn8 13400000 13499999 41
nn8 13500000 13599999 113
nn8 13600000 13699999 153
nn8 13700000 13799999 146
nn8 13800000 13899999 79
nn8 13900000 13999999 136
nn8 14000000 14099999 135
nn8 14100000 14199999 31
nn8 14200000 14299999 73
nn8 14300000 14399999 148
nn8 14400000 14499999 126
nn8 14500000 14599999 151
nn8 14600000 14699999 81
nn8 14700000 14799999 135
nn8 14800000 14899999 62
nn8 14900000 14999999 168
nn8 15000000 15099999 100
nn8 15100000 15199999 180
nn8 15200000 15299999 186
nn8 15300000 15399999 99
nn8 15400000 15499999 160
nn8 15500000 15599999 45
nn8 15600000 15699999 124
nn8 15700000 15799999 148
nn8 15800000 15899999 131
nn8 15900000 15999999 52
nn8 16000000 16099999 70
nn8 16100000 16199999 118
nn8 16200000 16299999 90
nn8 16300000 16399999 107
nn8 16400000 16499999 137
nn8 16500000 16599999 129
nn8 16600000 16699999 34
nn8 16700000 16799999 112
nn8 16800000 16899999 84
nn8 16900000 16999999 99
nn8 17000000 17099999 58
nn8 17100000 17199999 112
nn8 17200000 17299999 160
nn8 17300000 17399999 135
nn8 17400000 17499999 72
nn8 17500000 17599999 90
nn8 17600000 17699999 26
nn8 17700000 17799999 41
nn8 17800000 17899999 101
nn8 17900000 17999999 165
nn8 18000000 18099999 116
nn8 18100000 18199999 109
nn8 18200000 18299999 169
nn8 18300000 18399999 72
nn8 18400000 18499999 68
nn8 18500000 18599999 88
nn8 18600000 18699999 132
nn8 18700000 18799999 141
nn8 18800000 18899999 57
nn8 18900000 18999999 188
nn8 19000000 19099999 50
nn8 19100000 19199999 148
nn8 19200000 19299999 106
nn8 19300000 19399999 138
nn8 19400000 19499999 215
nn8 19500000 19599999 149
nn8 19600000 19699999 242
nn8 19700000 19799999 156
nn8 19800000 19899999 126
nn8 19900000 19999999 104
nn8 20000000 20099999 427
nn8 20100000 20199999 270
nn8 20200000 20299999 256
nn8 20300000 20399999 178
nn8 20400000 20499999 215
nn8 20500000 20599999 225
nn8 20600000 20699999 131
nn8 20700000 20799999 155
nn8 20800000 20899999 188
nn8 20900000 20999999 112
nn8 21000000 21099999 155
nn8 21100000 21199999 136
nn8 21200000 21299999 114
nn8 21300000 21399999 42
nn8 21400000 21499999 143
nn8 21500000 21599999 233
nn8 21600000 21699999 100
nn8 21700000 21799999 198
nn8 21800000 21899999 138
nn8 21900000 21999999 133
nn8 22000000 22099999 79
nn8 22100000 22199999 148
nn8 22200000 22299999 187
nn8 22300000 22399999 142
nn8 22400000 22499999 202
nn8 22500000 22599999 120
nn8 22600000 22699999 175
nn8 22700000 22799999 198
nn8 22800000 22899999 163
nn8 22900000 22999999 118
nn8 23000000 23099999 67
nn8 23100000 23199999 54
nn8 23200000 23299999 152
nn8 23300000 23399999 117
nn8 23400000 23499999 235
nn8 23500000 23599999 57
nn8 23600000 23699999 152
nn8 23700000 23799999 126
nn8 23800000 23899999 121
nn8 23900000 23999999 148
nn8 24000000 24099999 179
nn8 24100000 24199999 45
nn8 24200000 24299999 150
nn8 24300000 24399999 123
nn8 24400000 24499999 162
nn8 24500000 24599999 147
nn8 24600000 24699999 55
nn8 24700000 24799999 190
nn8 24800000 24899999 132
nn8 24900000 24999999 139
nn8 25000000 25099999 162
nn8 25100000 25199999 126
nn8 25200000 25299999 283
nn8 25300000 25399999 160
nn8 25400000 25499999 102
nn8 25500000 25599999 108
nn8 25600000 25699999 143
nn8 25700000 25799999 101
nn8 25800000 25899999 145
nn8 25900000 25999999 112
nn8 26000000 26099999 88
nn8 26100000 26199999 136
nn8 26200000 26299999 118
nn8 26300000 26399999 102
nn8 26400000 26499999 128
nn8 26500000 26599999 87
nn8 26600000 26699999 57
nn8 26700000 26799999 184
nn8 26800000 26899999 390
nn8 26900000 26999999 238
nn8 27000000 27099999 124
nn8 27100000 27199999 92
nn8 27200000 27299999 221
nn8 27300000 27399999 223
nn8 27400000 27499999 352
nn8 27500000 27599999 233
nn8 27600000 27699999 79
nn8 27700000 27799999 239
nn8 27800000 27899999 241
nn8 27900000 27999999 105
nn8 28000000 28099999 265
nn8 28100000 28199999 108
nn8 28200000 28299999 87
nn8 28300000 28399999 194
nn8 28400000 28499999 235
nn8 28500000 28599999 304
nn8 28600000 28699999 154
nn8 28700000 28799999 191
nn8 28800000 28899999 197
nn8 28900000 28999999 132
nn8 29000000 29099999 198
nn8 29100000 29199999 173
nn8 29200000 29299999 287
nn8 29300000 29399999 131
nn8 29400000 29499999 89
nn8 29500000 29599999 83
nn8 29600000 29699999 392
nn8 29700000 29734179 280
nn9 0 99999 26
nn9 100000 199999 141
nn9 200000 299999 194
nn9 300000 399999 157
nn9 400000 499999 165
nn9 500000 599999 181
nn9 600000 699999 234
nn9 700000 799999 219
nn9 800000 899999 69
nn9 900000 999999 180
nn9 1000000 1099999 138
nn9 1100000 1199999 141
nn9 1200000 1299999 235
nn9 1300000 1399999 161
nn9 1400000 1499999 149
nn9 1500000 1599999 155
nn9 1600000 1699999 122
nn9 1700000 1799999 69
nn9 1800000 1899999 150
nn9 1900000 1999999 161
nn9 2000000 2099999 125
nn9 2100000 2199999 121
nn9 2200000 2299999 102
nn9 2300000 2399999 77
nn9 2400000 2499999 103
nn9 2500000 2599999 161
nn9 2600000 2699999 26
nn9 2700000 2799999 130
nn9 2800000 2899999 74
nn9 2900000 2999999 155
nn9 3000000 3099999 197
nn9 3100000 3199999 54
nn9 3200000 3299999 57
nn9 3300000 3399999 174
nn9 3400000 3499999 96
nn9 3500000 3599999 213
nn9 3600000 3699999 100
nn9 3700000 3799999 131
nn9 3800000 3899999 87
nn9 3900000 3999999 294
nn9 4000000 4099999 184
nn9 4100000 4199999 230
nn9 4200000 4299999 139
nn9 4300000 4399999 103
nn9 4400000 4499999 304
nn9 4500000 4599999 319
nn9 4600000 4699999 78
nn9 4700000 4799999 154
nn9 4800000 4899999 146
nn9 4900000 4999999 45
nn9 5000000 5099999 211
nn9 5100000 5199999 234
nn9 5200000 5299999 88
nn9 5300000 5399999 55
nn9 5400000 5499999 120
nn9 5500000 5599999 172
nn9 5600000 5699999 130
nn9 5700000 5799999 128
nn9 5800000 5899999 121
nn9 5900000 5999999 111
nn9 6000000 6099999 162
nn9 6100000 6199999 160
nn9 6200000 6299999 231
nn9 6300000 6399999 147
nn9 6400000 6499999 179
nn9 6500000 6599999 159
nn9 6600000 6699999 128
nn9 6700000 6799999 76
nn9 6800000 6899999 62
nn9 6900000 6999999 98
nn9 7000000 7099999 163
nn9 7100000 7199999 194
nn9 7200000 7299999 133
nn9 7300000 7399999 215
nn9 7400000 7499999 225
nn9 7500000 7599999 228
nn9 7600000 7699999 59
nn9 7700000 7799999 124
nn9 7800000 7899999 162
nn9 7900000 7999999 90
nn9 8000000 8099999 56
nn9 8100000 8199999 224
nn9 8200000 8299999 262
nn9 8300000 8399999 277
nn9 8400000 8499999 115
nn9 8500000 8599999 130
nn9 8600000 8699999 269
nn9 8700000 8799999 112
nn9 8800000 8899999 252
nn9 8900000 8999999 155
nn9 9000000 9099999 162
nn9 9100000 9199999 189
nn9 9200000 9299999 258
nn9 9300000 9399999 309
nn9 9400000 9499999 263
nn9 9500000 9599999 137
nn9 9600000 9699999 105
nn9 9700000 9799999 210
nn9 9800000 9899999 103
nn9 9900000 9999999 108
nn9 10000000 10099999 121
nn9 10100000 10199999 91
nn9 10200000 10299999 169
nn9 10300000 10399999 46
nn9 10400000 10499999 112
nn9 10500000 10599999 84
nn9 10600000 10699999 172
nn9 10700000 10799999 95
nn9 10800000 10899999 130
nn9 10900000 10999999 86
nn9 11000000 11099999 123
nn9 11100000 11199999 76
nn9 11200000 11299999 177
nn9 11300000 11399999 165
nn9 11400000 11499999 214
nn9 11500000 11599999 68
nn9 11600000 11699999 138
nn9 11700000 11799999 71
nn9 11800000 11899999 75
nn9 11900000 11999999 113
nn9 12000000 12099999 139
nn9 12100000 12199999 102
nn9 12200000 12299999 302
nn9 12300000 12399999 245
nn9 12400000 12499999 112
nn9 12500000 12599999 107
nn9 12600000 12699999 152
nn9 12700000 12799999 84
nn9 12800000 12899999 52
nn9 12900000 12999999 118
nn9 13000000 13099999 27
nn9 13100000 13199999 111
nn9 13200000 13299999 58
nn9 13300000 13399999 100
nn9 13400000 13499999 98
nn9 13500000 13599999 164
nn9 13600000 13699999 139
nn9 13700000 13799999 115
nn9 13800000 13899999 156
nn9 13900000 13999999 87
nn9 14000000 14099999 69
nn9 14100000 14199999 55
nn9 14200000 14299999 106
nn9 14300000 14399999 233
nn9 14400000 14499999 134
nn9 14500000 14599999 159
nn9 14600000 14699999 175
nn9 14700000 14799999 159
nn9 14800000 14899999 55
nn9 14900000 14999999 115
nn9 15000000 15099999 53
nn9 15100000 15199999 138
nn9 15200000 15299999 44
nn9 15300000 15399999 103
nn9 15400000 15499999 150
nn9 15500000 15599999 76
nn9 15600000 15699999 176
nn9 15700000 15799999 63
nn9 15800000 15899999 112
nn9 15900000 15999999 13
nn9 16000000 16099999 236
nn9 16100000 16199999 101
nn9 16200000 16299999 193
nn9 16300000 16399999 139
nn9 16400000 16499999 212
nn9 16500000 16599999 173
nn9 16600000 16699999 97
nn9 16700000 16799999 208
nn9 16800000 16899999 180
nn9 16900000 16999999 96
nn9 17000000 17099999 101
nn9 17100000 17199999 149
nn9 17200000 17299999 40
nn9 17300000 17399999 123
nn9 17400000 17499999 50
nn9 17500000 17599999 100
nn9 17600000 17699999 86
nn9 17700000 17799999 146
nn9 17800000 17899999 99
nn9 17900000 17999999 71
nn9 18000000 18099999 138
nn9 18100000 18199999 45
nn9 18200000 18299999 84
nn9 18300000 18399999 240
nn9 18400000 18499999 188
nn9 18500000 18599999 141
nn9 18600000 18699999 79
nn9 18700000 18799999 122
nn9 18800000 18899999 173
nn9 18900000 18999999 152
nn9 19000000 19099999 256
nn9 19100000 19199999 144
nn9 19200000 19299999 238
nn9 19300000 19399999 312
nn9 19400000 19499999 94
nn9 19500000 19599999 164
nn9 19600000 19699999 69
nn9 19700000 19799999 264
nn9 19800000 19899999 146
nn9 19900000 19999999 159
nn9 20000000 20099999 177
nn9 20100000 20199999 86
nn9 20200000 20299999 43
nn9 20300000 20399999 267
nn9 20400000 20499999 203
nn9 20500000 20599999 162
nn9 20600000 20699999 111
nn9 20700000 20799999 89
nn9 20800000 20899999 210
nn9 20900000 20999999 152
nn9 21000000 21099999 138
nn9 21100000 21199999 376
nn9 21200000 21299999 150
nn9 21300000 21399999 192
nn9 21400000 21499999 115
nn9 21500000 21599999 84
nn9 21600000 21699999 203
nn9 21700000 21799999 195
nn9 21800000 21899999 146
nn9 21900000 21999999 140
nn9 22000000 22099999 109
nn9 22100000 22199999 123
nn9 22200000 22299999 94
nn9 22300000 22399999 67
nn9 22400000 22499999 218
nn9 22500000 22599999 115
nn9 22600000 22699999 126
nn9 22700000 22799999 141
nn9 22800000 22899999 72
nn9 22900000 22999999 163
nn9 23000000 23099999 76
nn9 23100000 23199999 62
nn9 23200000 23299999 159
nn9 23300000 23399999 28
nn9 23400000 23499999 86
nn9 23500000 23599999 328
nn9 23600000 23699999 282
nn9 23700000 23799999 0
nn9 23800000 23899999 0
nn9 23900000 23999999 0
nn9 24000000 24099999 0
nn9 24100000 24199999 0
nn9 24200000 24299999 0
nn9 24300000 24360532 26
nn10 0 99999 990
nn10 100000 199999 192
nn10 200000 299999 163
nn10 300000 399999 354
nn10 400000 499999 227
nn10 500000 599999 179
nn10 600000 699999 227
nn10 700000 799999 173
nn10 800000 899999 219
nn10 900000 999999 386
nn10 1000000 1099999 174
nn10 1100000 1199999 270
nn10 1200000 1299999 158
nn10 1300000 1399999 256
nn10 1400000 1499999 234
nn10 1500000 1599999 142
nn10 1600000 1699999 99
nn10 1700000 1799999 152
nn10 1800000 1899999 176
nn10 1900000 1999999 146
nn10 2000000 2099999 227
nn10 2100000 2199999 208
nn10 2200000 2299999 315
nn10 2300000 2399999 95
nn10 2400000 2499999 262
nn10 2500000 2599999 170
nn10 2600000 2699999 185
nn10 2700000 2799999 103
nn10 2800000 2899999 217
nn10 2900000 2999999 156
nn10 3000000 3099999 158
nn10 3100000 3199999 151
nn10 3200000 3299999 55
nn10 3300000 3399999 83
nn10 3400000 3499999 85
nn10 3500000 3599999 48
nn10 3600000 3699999 234
nn10 3700000 3799999 186
nn10 3800000 3899999 61
nn10 3900000 3999999 174
nn10 4000000 4099999 169
nn10 4100000 4199999 174
nn10 4200000 4299999 128
nn10 4300000 4399999 86
nn10 4400000 4499999 103
nn10 4500000 4599999 217
nn10 4600000 4699999 215
nn10 4700000 4799999 223
nn10 4800000 4899999 161
nn10 4900000 4999999 179
nn10 5000000 5099999 189
nn10 5100000 5199999 191
nn10 5200000 5299999 104
nn10 5300000 5399999 159
nn10 5400000 5499999 133
nn10 5500000 5599999 87
nn10 5600000 5699999 115
nn10 5700000 5799999 155
nn10 5800000 5899999 115
nn10 5900000 5999999 147
nn10 6000000 6099999 102
nn10 6100000 6199999 200
nn10 6200000 6299999 254
nn10 6300000 6399999 140
nn10 6400000 6499999 241
nn10 6500000 6599999 232
nn10 6600000 6699999 117
nn10 6700000 6799999 135
nn10 6800000 6899999 138
nn10 6900000 6999999 143
nn10 7000000 7099999 142
nn10 7100000 7199999 129
nn10 7200000 7299999 71
nn10 7300000 7399999 154
nn10 7400000 7499999 57
nn10 7500000 7599999 391
nn10 7600000 7699999 135
nn10 7700000 7799999 66
nn10 7800000 7899999 140
nn10 7900000 7999999 203
nn10 8000000 8099999 139
nn10 8100000 8199999 111
nn10 8200000 8299999 117
nn10 8300000 8399999 71
nn10 8400000 8499999 121
nn10 8500000 8599999 150
nn10 8600000 8699999 77
nn10 8700000 8799999 40
nn10 8800000 8899999 180
nn10 8900000 8999999 94
nn10 9000000 9099999 111
nn10 9100000 9199999 233
nn10 9200000 9299999 152
nn10 9300000 9399999 159
nn10 9400000 9499999 102
nn10 9500000 9599999 125
nn10 9600000 9699999 125
nn10 9700000 9799999 82
nn10 9800000 9899999 98
nn10 9900000 9999999 121
nn10 10000000 10099999 98
nn10 10100000 10199999 233
nn10 10200000 10299999 111
nn10 10300000 10399999 152
nn10 10400000 10499999 71
nn10 10500000 10599999 170
nn10 10600000 10699999 98
nn10 10700000 10799999 109
nn10 10800000 10899999 128
nn10 10900000 10999999 88
nn10 11000000 11099999 89
nn10 11100000 11199999 68
nn10 11200000 11299999 124
nn10 11300000 11399999 41
nn10 11400000 11499999 148
nn10 11500000 11599999 221
nn10 11600000 11699999 171
nn10 11700000 11799999 197
nn10 11800000 11899999 187
nn10 11900000 11999999 188
nn10 12000000 12099999 118
nn10 12100000 12199999 82
nn10 12200000 12299999 61
nn10 12300000 12399999 107
nn10 12400000 12499999 177
nn10 12500000 12599999 215
nn10 12600000 12699999 112
nn10 12700000 12799999 172
nn10 12800000 12899999 167
nn10 12900000 12999999 142
nn10 13000000 13099999 145
nn10 13100000 13199999 120
nn10 13200000 13299999 133
nn10 13300000 13399999 208
nn10 13400000 13499999 96
nn10 13500000 13599999 84
nn10 13600000 13699999 218
nn10 13700000 13799999 139
nn10 13800000 13899999 135
nn10 13900000 13999999 89
nn10 14000000 14099999 99
nn10 14100000 14199999 69
nn10 14200000 14299999 133
nn10 14300000 14399999 92
nn10 14400000 14499999 163
nn10 14500000 14599999 41
nn10 14600000 14699999 66
nn10 14700000 14799999 137
nn10 14800000 14899999 89
nn10 14900000 14999999 189
nn10 15000000 15099999 113
nn10 15100000 15199999 142
nn10 15200000 15299999 179
nn10 15300000 15399999 70
nn10 15400000 15499999 147
nn10 15500000 15599999 92
nn10 15600000 15699999 47
nn10 15700000 15799999 238
nn10 15800000 15899999 252
nn10 15900000 15999999 139
nn10 16000000 16099999 123
nn10 16100000 16199999 107
nn10 16200000 16299999 31
nn10 16300000 16399999 134
nn10 16400000 16499999 181
nn10 16500000 16599999 83
nn10 16600000 16699999 142
nn10 16700000 16799999 102
nn10 16800000 16899999 118
nn10 16900000 16999999 94
nn10 17000000 17099999 167
nn10 17100000 17199999 279
nn10 17200000 17299999 185
nn10 17300000 17399999 85
nn10 17400000 17499999 163
nn10 17500000 17599999 150
nn10 17600000 17699999 148
nn10 17700000 17799999 286
nn10 17800000 17899999 242
nn10 17900000 17999999 97
nn10 18000000 18099999 93
nn10 18100000 18199999 206
nn10 18200000 18299999 86
nn10 18300000 18399999 176
nn10 18400000 18499999 53
nn10 18500000 18599999 268
nn10 18600000 18699999 185
nn10 18700000 18799999 228
nn10 18800000 18899999 139
nn10 18900000 18999999 317
nn10 19000000 19099999 171
nn10 19100000 19199999 200
nn10 19200000 19299999 89
nn10 19300000 19399999 239
nn10 19400000 19499999 129
nn10 19500000 19599999 82
nn10 19600000 19699999 185
nn10 19700000 19799999 249
nn10 19800000 19899999 107
nn10 19900000 19999999 56
nn10 20000000 20098048 13
nn11 0 99999 527
nn11 100000 199999 342
nn11 200000 299999 156
nn11 300000 399999 312
nn11 400000 499999 121
nn11 500000 599999 116
nn11 600000 699999 396
nn11 700000 799999 399
nn11 800000 899999 194
nn11 900000 999999 173
nn11 1000000 1099999 216
nn11 1100000 1199999 132
nn11 1200000 1299999 259
nn11 1300000 1399999 237
nn11 1400000 1499999 182
nn11 1500000 1599999 146
nn11 1600000 1699999 516
nn11 1700000 1799999 262
nn11 1800000 1899999 215
nn11 1900000 1999999 182
nn11 2000000 2099999 161
nn11 2100000 2199999 136
nn11 2200000 2299999 107
nn11 2300000 2399999 433
nn11 2400000 2499999 132
nn11 2500000 2599999 445
nn11 2600000 2699999 342
nn11 2700000 2799999 200
nn11 2800000 2899999 110
nn11 2900000 2999999 92
nn11 3000000 3099999 192
nn11 3100000 3199999 105
nn11 3200000 3299999 123
nn11 3300000 3399999 110
nn11 3400000 3499999 117
nn11 3500000 3599999 73
nn11 3600000 3699999 201
nn11 3700000 3799999 117
nn11 3800000 3899999 114
nn11 3900000 3999999 123
nn11 4000000 4099999 140
nn11 4100000 4199999 181
nn11 4200000 4299999 78
nn11 4300000 4399999 194
nn11 4400000 4499999 181
nn11 4500000 4599999 190
nn11 4600000 4699999 147
nn11 4700000 4799999 129
nn11 4800000 4899999 119
nn11 4900000 4999999 171
nn11 5000000 5099999 162
nn11 5100000 5199999 149
nn11 5200000 5299999 172
nn11 5300000 5399999 147
nn11 5400000 5499999 187
nn11 5500000 5599999 169
nn11 5600000 5699999 203
nn11 5700000 5799999 254
nn11 5800000 5899999 178
nn11 5900000 5999999 155
nn11 6000000 6099999 186
nn11 6100000 6199999 106
nn11 6200000 6299999 86
nn11 6300000 6399999 68
nn11 6400000 6499999 218
nn11 6500000 6599999 56
nn11 6600000 6699999 79
nn11 6700000 6799999 148
nn11 6800000 6899999 138
nn11 6900000 6999999 90
nn11 7000000 7099999 80
nn11 7100000 7199999 122
nn11 7200000 7299999 90
nn11 7300000 7399999 138
nn11 7400000 7499999 88
nn11 7500000 7599999 84
nn11 7600000 7699999 45
nn11 7700000 7799999 67
nn11 7800000 7899999 86
nn11 7900000 7999999 91
nn11 8000000 8099999 153
nn11 8100000 8199999 132
nn11 8200000 8299999 184
nn11 8300000 8399999 67
nn11 8400000 8499999 172
nn11 8500000 8599999 151
nn11 8600000 8699999 85
nn11 8700000 8799999 80
nn11 8800000 8899999 55
nn11 8900000 8999999 149
nn11 9000000 9099999 123
nn11 9100000 9199999 167
nn11 9200000 9299999 109
nn11 9300000 9399999 29
nn11 9400000 9499999 182
nn11 9500000 9599999 107
nn11 9600000 9699999 102
nn11 9700000 9799999 141
nn11 9800000 9899999 151
nn11 9900000 9999999 112
nn11 10000000 10099999 117
nn11 10100000 10199999 107
nn11 10200000 10299999 166
nn11 10300000 10399999 55
nn11 10400000 10499999 104
nn11 10500000 10599999 123
nn11 10600000 10699999 173
nn11 10700000 10799999 99
nn11 10800000 10899999 221
nn11 10900000 10999999 77
nn11 11000000 11099999 152
nn11 11100000 11199999 158
nn11 11200000 11299999 197
nn11 11300000 11399999 191
nn11 11400000 11499999 181
nn11 11500000 11599999 233
nn11 11600000 11699999 243
nn11 11700000 11799999 135
nn11 11800000 11899999 147
nn11 11900000 11999999 67
nn11 12000000 12099999 105
nn11 12100000 12199999 42
nn11 12200000 12299999 144
nn11 12300000 12399999 54
nn11 12400000 12499999 83
nn11 12500000 12599999 130
nn11 12600000 12699999 185
nn11 12700000 12799999 138
nn11 12800000 12899999 136
nn11 12900000 12999999 65
nn11 13000000 13099999 100
nn11 13100000 13199999 149
nn11 13200000 13299999 166
nn11 13300000 13399999 149
nn11 13400000 13499999 223
nn11 13500000 13599999 134
nn11 13600000 13699999 119
nn11 13700000 13799999 128
nn11 13800000 13899999 75
nn11 13900000 13999999 147
nn11 14000000 14099999 158
nn11 14100000 14199999 173
nn11 14200000 14299999 151
nn11 14300000 14399999 82
nn11 14400000 14499999 111
nn11 14500000 14599999 76
nn11 14600000 14699999 165
nn11 14700000 14799999 164
nn11 14800000 14899999 128
nn11 14900000 14999999 96
nn11 15000000 15099999 92
nn11 15100000 15199999 110
nn11 15200000 15299999 122
nn11 15300000 15399999 102
nn11 15400000 15499999 133
nn11 15500000 15599999 136
nn11 15600000 15699999 208
nn11 15700000 15799999 239
nn11 15800000 15899999 120
nn11 15900000 15999999 178
nn11 16000000 16099999 150
nn11 16100000 16199999 141
nn11 16200000 16299999 68
nn11 16300000 16399999 188
nn11 16400000 16499999 148
nn11 16500000 16599999 112
nn11 16600000 16699999 108
nn11 16700000 16799999 161
nn11 16800000 16899999 189
nn11 16900000 16999999 99
nn11 17000000 17099999 116
nn11 17100000 17199999 306
nn11 17200000 17299999 124
nn11 17300000 17399999 83
nn11 17400000 17499999 98
nn11 17500000 17599999 79
nn11 17600000 17699999 91
nn11 17700000 17799999 141
nn11 17800000 17899999 72
nn11 17900000 17999999 120
nn11 18000000 18099999 184
nn11 18100000 18199999 216
nn11 18200000 18299999 153
nn11 18300000 18399999 119
nn11 18400000 18499999 137
nn11 18500000 18599999 139
nn11 18600000 18699999 85
nn11 18700000 18799999 143
nn11 18800000 18899999 109
nn11 18900000 18999999 189
nn11 19000000 19099999 112
nn11 19100000 19199999 135
nn11 19200000 19299999 162
nn11 19300000 19399999 92
nn11 19400000 19499999 74
nn11 19500000 19599999 26
nn11 19600000 19699999 97
nn11 19700000 19799999 78
nn11 19800000 19899999 0
nn11 19900000 19999999 0
nn11 20000000 20099999 0
nn11 20100000 20148113 26
nn12 0 99999 519
nn12 100000 199999 239
nn12 200000 299999 82
nn12 300000 399999 154
nn12 400000 499999 147
nn12 500000 599999 232
nn12 600000 699999 160
nn12 700000 799999 163
nn12 800000 899999 99
nn12 900000 999999 125
nn12 1000000 1099999 177
nn12 1100000 1199999 232
nn12 1200000 1299999 109
nn12 1300000 1399999 54
nn12 1400000 1499999 223
nn12 1500000 1599999 231
nn12 1600000 1699999 195
nn12 1700000 1799999 173
nn12 1800000 1899999 138
nn12 1900000 1999999 81
nn12 2000000 2099999 129
nn12 2100000 2199999 142
nn12 2200000 2299999 70
nn12 2300000 2399999 101
nn12 2400000 2499999 69
nn12 2500000 2599999 126
nn12 2600000 2699999 133
nn12 2700000 2799999 171
nn12 2800000 2899999 184
nn12 2900000 2999999 120
nn12 3000000 3099999 110
nn12 3100000 3199999 131
nn12 3200000 3299999 114
nn12 3300000 3399999 67
nn12 3400000 3499999 159
nn12 3500000 3599999 176
nn12 3600000 3699999 218
nn12 3700000 3799999 202
nn12 3800000 3899999 181
nn12 3900000 3999999 329
nn12 4000000 4099999 252
nn12 4100000 4199999 83
nn12 4200000 4299999 225
nn12 4300000 4399999 137
nn12 4400000 4499999 142
nn12 4500000 4599999 81
nn12 4600000 4699999 71
nn12 4700000 4799999 176
nn12 4800000 4899999 129
nn12 4900000 4999999 165
nn12 5000000 5099999 88
nn12 5100000 5199999 123
nn12 5200000 5299999 142
nn12 5300000 5399999 83
nn12 5400000 5499999 87
nn12 5500000 5599999 172
nn12 5600000 5699999 82
nn12 5700000 5799999 141
nn12 5800000 5899999 98
nn12 5900000 5999999 302
nn12 6000000 6099999 150
nn12 6100000 6199999 135
nn12 6200000 6299999 95
nn12 6300000 6399999 268
nn12 6400000 6499999 195
nn12 6500000 6599999 183
nn12 6600000 6699999 86
nn12 6700000 6799999 142
nn12 6800000 6899999 263
nn12 6900000 6999999 95
nn12 7000000 7099999 198
nn12 7100000 7199999 111
nn12 7200000 7299999 116
nn12 7300000 7399999 87
nn12 7400000 7499999 134
nn12 7500000 7599999 139
nn12 7600000 7699999 136
nn12 7700000 7799999 187
nn12 7800000 7899999 96
nn12 7900000 7999999 112
nn12 8000000 8099999 130
nn12 8100000 8199999 135
nn12 8200000 8299999 84
nn12 8300000 8399999 148
nn12 8400000 8499999 109
nn12 8500000 8599999 213
nn12 8600000 8699999 80
nn12 8700000 8799999 82
nn12 8800000 8899999 94
nn12 8900000 8999999 166
nn12 9000000 9099999 151
nn12 9100000 9199999 104
nn12 9200000 9299999 225
nn12 9300000 9399999 142
nn12 9400000 9499999 175
nn12 9500000 9599999 154
nn12 9600000 9699999 132
nn12 9700000 9799999 209
nn12 9800000 9899999 191
nn12 9900000 9999999 161
nn12 10000000 10099999 135
nn12 10100000 10199999 150
nn12 10200000 10299999 87
nn12 10300000 10399999 116
nn12 10400000 10499999 96
nn12 10500000 10599999 69
nn12 10600000 10699999 127
nn12 10700000 10799999 164
nn12 10800000 10899999 219
nn12 10900000 10999999 166
nn12 11000000 11099999 113
nn12 11100000 11199999 174
nn12 11200000 11299999 144
nn12 11300000 11399999 77
nn12 11400000 11499999 185
nn12 11500000 11599999 130
nn12 11600000 11699999 55
nn12 11700000 11799999 69
nn12 11800000 11899999 46
nn12 11900000 11999999 71
nn12 12000000 12099999 163
nn12 12100000 12199999 117
nn12 12200000 12299999 122
nn12 12300000 12399999 90
nn12 12400000 12499999 133
nn12 12500000 12599999 191
nn12 12600000 12699999 128
nn12 12700000 12799999 155
nn12 12800000 12899999 184
nn12 12900000 12999999 118
nn12 13000000 13099999 78
nn12 13100000 13199999 188
nn12 13200000 13299999 57
nn12 13300000 13399999 95
nn12 13400000 13499999 163
nn12 13500000 13599999 118
nn12 13600000 13699999 128
nn12 13700000 13799999 168
nn12 13800000 13899999 98
nn12 13900000 13999999 162
nn12 14000000 14099999 93
nn12 14100000 14199999 84
nn12 14200000 14299999 235
nn12 14300000 14399999 153
nn12 14400000 14499999 82
nn12 14500000 14599999 94
nn12 14600000 14699999 99
nn12 14700000 14799999 248
nn12 14800000 14899999 180
nn12 14900000 14999999 198
nn12 15000000 15099999 96
nn12 15100000 15199999 118
nn12 15200000 15299999 110
nn12 15300000 15399999 163
nn12 15400000 15499999 97
nn12 15500000 15599999 44
nn12 15600000 15699999 70
nn12 15700000 15799999 125
nn12 15800000 15899999 75
nn12 15900000 15999999 144
nn12 16000000 16099999 85
nn12 16100000 16199999 138
nn12 16200000 16299999 94
nn12 16300000 16399999 146
nn12 16400000 16499999 142
nn12 16500000 16599999 68
nn12 16600000 16699999 40
nn12 16700000 16799999 146
nn12 16800000 16899999 156
nn12 16900000 16999999 184
nn12 17000000 17099999 53
nn12 17100000 17199999 117
nn12 17200000 17299999 166
nn12 17300000 17399999 124
nn12 17400000 17499999 306
nn12 17500000 17599999 146
nn12 17600000 17699999 100
nn12 17700000 17799999 52
nn12 17800000 17899999 137
nn12 17900000 17999999 170
nn12 18000000 18099999 155
nn12 18100000 18199999 137
nn12 18200000 18299999 68
nn12 18300000 18399999 262
nn12 18400000 18499999 659
nn12 18500000 18599999 90
nn12 18600000 18699999 209
nn12 18700000 18799999 102
nn12 18800000 18899999 103
nn12 18900000 18999999 85
nn12 19000000 19099999 70
nn12 19100000 19199999 116
nn12 19200000 19299999 324
nn12 19300000 19399999 173
nn12 19400000 19499999 112
nn12 19500000 19599999 187
nn12 19600000 19699999 175
nn12 19700000 19799999 169
nn12 19800000 19899999 233
nn12 19900000 19999999 78
nn12 20000000 20099999 227
nn12 20100000 20199999 13
nn12 20200000 20299999 0
nn12 20300000 20399999 0
nn12 20400000 20499999 0
nn12 20500000 20554282 0
nn13 0 99999 301
nn13 100000 199999 113
nn13 200000 299999 158
nn13 300000 399999 100
nn13 400000 499999 223
nn13 500000 599999 80
nn13 600000 699999 136
nn13 700000 799999 345
nn13 800000 899999 201
nn13 900000 999999 288
nn13 1000000 1099999 154
nn13 1100000 1199999 88
nn13 1200000 1299999 135
nn13 1300000 1399999 259
nn13 1400000 1499999 105
nn13 1500000 1599999 142
nn13 1600000 1699999 179
nn13 1700000 1799999 74
nn13 1800000 1899999 99
nn13 1900000 1999999 111
nn13 2000000 2099999 140
nn13 2100000 2199999 119
nn13 2200000 2299999 197
nn13 2300000 2399999 305
nn13 2400000 2499999 209
nn13 2500000 2599999 189
nn13 2600000 2699999 148
nn13 2700000 2799999 87
nn13 2800000 2899999 107
nn13 2900000 2999999 247
nn13 3000000 3099999 190
nn13 3100000 3199999 125
nn13 3200000 3299999 119
nn13 3300000 3399999 114
nn13 3400000 3499999 85
nn13 3500000 3599999 125
nn13 3600000 3699999 106
nn13 3700000 3799999 137
nn13 3800000 3899999 168
nn13 3900000 3999999 84
nn13 4000000 4099999 246
nn13 4100000 4199999 87
nn13 4200000 4299999 197
nn13 4300000 4399999 147
nn13 4400000 4499999 163
nn13 4500000 4599999 108
nn13 4600000 4699999 156
nn13 4700000 4799999 194
nn13 4800000 4899999 267
nn13 4900000 4999999 236
nn13 5000000 5099999 56
nn13 5100000 5199999 98
nn13 5200000 5299999 247
nn13 5300000 5399999 195
nn13 5400000 5499999 233
nn13 5500000 5599999 87
nn13 5600000 5699999 84
nn13 5700000 5799999 121
nn13 5800000 5899999 129
nn13 5900000 5999999 296
nn13 6000000 6099999 226
nn13 6100000 6199999 141
nn13 6200000 6299999 212
nn13 6300000 6399999 88
nn13 6400000 6499999 124
nn13 6500000 6599999 214
nn13 6600000 6699999 225
nn13 6700000 6799999 71
nn13 6800000 6899999 148
nn13 6900000 6999999 204
nn13 7000000 7099999 72
nn13 7100000 7199999 279
nn13 7200000 7299999 140
nn13 7300000 7399999 133
nn13 7400000 7499999 204
nn13 7500000 7599999 263
nn13 7600000 7699999 232
nn13 7700000 7799999 80
nn13 7800000 7899999 167
nn13 7900000 7999999 189
nn13 8000000 8099999 178
nn13 8100000 8199999 147
nn13 8200000 8299999 111
nn13 8300000 8399999 72
nn13 8400000 8499999 138
nn13 8500000 8599999 49
nn13 8600000 8699999 83
nn13 8700000 8799999 129
nn13 8800000 8899999 215
nn13 8900000 8999999 208
nn13 9000000 9099999 74
nn13 9100000 9199999 166
nn13 9200000 9299999 165
nn13 9300000 9399999 167
nn13 9400000 9499999 179
nn13 9500000 9599999 177
nn13 9600000 9699999 76
nn13 9700000 9799999 164
nn13 9800000 9899999 256
nn13 9900000 9999999 146
nn13 10000000 10099999 194
nn13 10100000 10199999 103
nn13 10200000 10299999 93
nn13 10300000 10399999 163
nn13 10400000 10499999 108
nn13 10500000 10599999 127
nn13 10600000 10699999 66
nn13 10700000 10799999 143
nn13 10800000 10899999 160
nn13 10900000 10999999 167
nn13 11000000 11099999 160
nn13 11100000 11199999 118
nn13 11200000 11299999 146
nn13 11300000 11399999 43
nn13 11400000 11499999 132
nn13 11500000 11599999 168
nn13 11600000 11699999 110
nn13 11700000 11799999 79
nn13 11800000 11899999 58
nn13 11900000 11999999 150
nn13 12000000 12099999 135
nn13 12100000 12199999 215
nn13 12200000 12299999 130
nn13 12300000 12399999 66
nn13 12400000 12499999 173
nn13 12500000 12599999 94
nn13 12600000 12699999 155
nn13 12700000 12799999 149
nn13 12800000 12899999 179
nn13 12900000 12999999 157
nn13 13000000 13099999 100
nn13 13100000 13199999 139
nn13 13200000 13299999 208
nn13 13300000 13399999 130
nn13 13400000 13499999 139
nn13 13500000 13599999 184
nn13 13600000 13699999 148
nn13 13700000 13799999 151
nn13 13800000 13899999 225
nn13 13900000 13999999 130
nn13 14000000 14099999 144
nn13 14100000 14199999 71
nn13 14200000 14299999 27
nn13 14300000 14399999 109
nn13 14400000 14499999 136
nn13 14500000 14599999 287
nn13 14600000 14699999 150
nn13 14700000 14799999 112
nn13 14800000 14899999 132
nn13 14900000 14999999 116
nn13 15000000 15099999 178
nn13 15100000 15199999 121
nn13 15200000 15299999 112
nn13 15300000 15399999 134
nn13 15400000 15499999 88
nn13 15500000 15599999 99
nn13 15600000 15699999 67
nn13 15700000 15799999 105
nn13 15800000 15899999 83
nn13 15900000 15999999 131
nn13 16000000 16099999 336
nn13 16100000 16199999 135
nn13 16200000 16299999 217
nn13 16300000 16399999 511
nn13 16400000 16499999 87
nn13 16500000 16599999 261
nn13 16600000 16699999 265
nn13 16700000 16799999 67
nn13 16800000 16899999 56
nn13 16900000 16999999 167
nn13 17000000 17099999 81
nn13 17100000 17199999 183
nn13 17200000 17299999 128
nn13 17300000 17399999 264
nn13 17400000 17499999 317
nn13 17500000 17599999 121
nn13 17600000 17699999 198
nn13 17700000 17799999 57
nn13 17800000 17899999 148
nn13 17900000 17999999 84
nn13 18000000 18099999 0
nn13 18100000 18199999 0
nn13 18200000 18299999 0
nn13 18300000 18371304 13
nn14 0 99999 407
nn14 100000 199999 72
nn14 200000 299999 28
nn14 300000 399999 125
nn14 400000 499999 163
nn14 500000 599999 57
nn14 600000 699999 104
nn14 700000 799999 140
nn14 800000 899999 215
nn14 900000 999999 156
nn14 1000000 1099999 95
nn14 1100000 1199999 132
nn14 1200000 1299999 100
nn14 1300000 1399999 102
nn14 1400000 1499999 150
nn14 1500000 1599999 132
nn14 1600000 1699999 97
nn14 1700000 1799999 103
nn14 1800000 1899999 148
nn14 1900000 1999999 133
nn14 2000000 2099999 170
nn14 2100000 2199999 159
nn14 2200000 2299999 189
nn14 2300000 2399999 230
nn14 2400000 2499999 213
nn14 2500000 2599999 195
nn14 2600000 2699999 116
nn14 2700000 2799999 258
nn14 2800000 2899999 142
nn14 2900000 2999999 144
nn14 3000000 3099999 127
nn14 3100000 3199999 73
nn14 3200000 3299999 218
nn14 3300000 3399999 80
nn14 3400000 3499999 206
nn14 3500000 3599999 186
nn14 3600000 3699999 98
nn14 3700000 3799999 67
nn14 3800000 3899999 214
nn14 3900000 3999999 83
nn14 4000000 4099999 81
nn14 4100000 4199999 231
nn14 4200000 4299999 246
nn14 4300000 4399999 164
nn14 4400000 4499999 74
nn14 4500000 4599999 185
nn14 4600000 4699999 164
nn14 4700000 4799999 126
nn14 4800000 4899999 239
nn14 4900000 4999999 405
nn14 5000000 5099999 304
nn14 5100000 5199999 85
nn14 5200000 5299999 112
nn14 5300000 5399999 83
nn14 5400000 5499999 219
nn14 5500000 5599999 85
nn14 5600000 5699999 124
nn14 5700000 5799999 77
nn14 5800000 5899999 86
nn14 5900000 5999999 133
nn14 6000000 6099999 209
nn14 6100000 6199999 333
nn14 6200000 6299999 167
nn14 6300000 6399999 130
nn14 6400000 6499999 339
nn14 6500000 6599999 262
nn14 6600000 6699999 83
nn14 6700000 6799999 186
nn14 6800000 6899999 148
nn14 6900000 6999999 101
nn14 7000000 7099999 224
nn14 7100000 7199999 164
nn14 7200000 7299999 168
nn14 7300000 7399999 76
nn14 7400000 7499999 60
nn14 7500000 7599999 111
nn14 7600000 7699999 206
nn14 7700000 7799999 62
nn14 7800000 7899999 137
nn14 7900000 7999999 191
nn14 8000000 8099999 145
nn14 8100000 8199999 170
nn14 8200000 8299999 187
nn14 8300000 8399999 135
nn14 8400000 8499999 206
nn14 8500000 8599999 116
nn14 8600000 8699999 94
nn14 8700000 8799999 148
nn14 8800000 8899999 92
nn14 8900000 8999999 88
nn14 9000000 9099999 67
nn14 9100000 9199999 103
nn14 9200000 9299999 89
nn14 9300000 9399999 159
nn14 9400000 9499999 78
nn14 9500000 9599999 98
nn14 9600000 9699999 123
nn14 9700000 9799999 43
nn14 9800000 9899999 119
nn14 9900000 9999999 151
nn14 10000000 10099999 160
nn14 10100000 10199999 172
nn14 10200000 10299999 171
nn14 10300000 10399999 112
nn14 10400000 10499999 242
nn14 10500000 10599999 169
nn14 10600000 10699999 116
nn14 10700000 10799999 154
nn14 10800000 10899999 71
nn14 10900000 10999999 213
nn14 11000000 11099999 76
nn14 11100000 11199999 158
nn14 11200000 11299999 138
nn14 11300000 11399999 50
nn14 11400000 11499999 236
nn14 11500000 11599999 194
nn14 11600000 11699999 198
nn14 11700000 11799999 158
nn14 11800000 11899999 59
nn14 11900000 11999999 114
nn14 12000000 12099999 59
nn14 12100000 12199999 197
nn14 12200000 12299999 121
nn14 12300000 12399999 166
nn14 12400000 12499999 183
nn14 12500000 12599999 144
nn14 12600000 12699999 172
nn14 12700000 12799999 214
nn14 12800000 12899999 101
nn14 12900000 12999999 124
nn14 13000000 13099999 182
nn14 13100000 13199999 189
nn14 13200000 13299999 201
nn14 13300000 13399999 106
nn14 13400000 13499999 172
nn14 13500000 13599999 188
nn14 13600000 13699999 204
nn14 13700000 13799999 275
nn14 13800000 13899999 213
nn14 13900000 13999999 287
nn14 14000000 14099999 222
nn14 14100000 14199999 173
nn14 14200000 14299999 188
nn14 14300000 14399999 120
nn14 14400000 14499999 109
nn14 14500000 14599999 144
nn14 14600000 14699999 112
nn14 14700000 14799999 100
nn14 14800000 14899999 222
nn14 14900000 14999999 90
nn14 15000000 15099999 139
nn14 15100000 15199999 130
nn14 15200000 15299999 167
nn14 15300000 15399999 64
nn14 15400000 15499999 0
nn14 15500000 15599999 0
nn14 15600000 15699999 0
nn14 15700000 15799999 0
nn14 15800000 15813833 0
nn15 0 99999 250
nn15 100000 199999 58
nn15 200000 299999 240
nn15 300000 399999 285
nn15 400000 499999 125
nn15 500000 599999 140
nn15 600000 699999 198
nn15 700000 799999 85
nn15 800000 899999 326
nn15 900000 999999 91
nn15 1000000 1099999 162
nn15 1100000 1199999 116
nn15 1200000 1299999 154
nn15 1300000 1399999 98
nn15 1400000 1499999 203
nn15 1500000 1599999 173
nn15 1600000 1699999 156
nn15 1700000 1799999 376
nn15 1800000 1899999 227
nn15 1900000 1999999 124
nn15 2000000 2099999 145
nn15 2100000 2199999 114
nn15 2200000 2299999 127
nn15 2300000 2399999 177
nn15 2400000 2499999 155
nn15 2500000 2599999 27
nn15 2600000 2699999 82
nn15 2700000 2799999 229
nn15 2800000 2899999 181
nn15 2900000 2999999 166
nn15 3000000 3099999 129
nn15 3100000 3199999 148
nn15 3200000 3299999 121
nn15 3300000 3399999 224
nn15 3400000 3499999 196
nn15 3500000 3599999 166
nn15 3600000 3699999 116
nn15 3700000 3799999 173
nn15 3800000 3899999 40
nn15 3900000 3999999 188
nn15 4000000 4099999 162
nn15 4100000 4199999 107
nn15 4200000 4299999 131
nn15 4300000 4399999 72
nn15 4400000 4499999 175
nn15 4500000 4599999 113
nn15 4600000 4699999 150
nn15 4700000 4799999 141
nn15 4800000 4899999 99
nn15 4900000 4999999 142
nn15 5000000 5099999 62
nn15 5100000 5199999 210
nn15 5200000 5299999 187
nn15 5300000 5399999 167
nn15 5400000 5499999 87
nn15 5500000 5599999 175
nn15 5600000 5699999 124
nn15 5700000 5799999 220
nn15 5800000 5899999 210
nn15 5900000 5999999 81
nn15 6000000 6099999 57
nn15 6100000 6199999 106
nn15 6200000 6299999 197
nn15 6300000 6399999 138
nn15 6400000 6499999 84
nn15 6500000 6599999 183
nn15 6600000 6699999 212
nn15 6700000 6799999 128
nn15 6800000 6899999 191
nn15 6900000 6999999 170
nn15 7000000 7099999 114
nn15 7100000 7199999 157
nn15 7200000 7299999 189
nn15 7300000 7399999 193
nn15 7400000 7499999 189
nn15 7500000 7599999 268
nn15 7600000 7699999 209
nn15 7700000 7799999 157
nn15 7800000 7899999 254
nn15 7900000 7999999 113
nn15 8000000 8099999 143
nn15 8100000 8199999 64
nn15 8200000 8299999 171
nn15 8300000 8399999 103
nn15 8400000 8499999 116
nn15 8500000 8599999 95
nn15 8600000 8699999 225
nn15 8700000 8799999 167
nn15 8800000 8899999 157
nn15 8900000 8999999 97
nn15 9000000 9099999 147
nn15 9100000 9199999 127
nn15 9200000 9299999 265
nn15 9300000 9399999 220
nn15 9400000 9499999 337
nn15 9500000 9599999 100
nn15 9600000 9699999 298
nn15 9700000 9799999 86
nn15 9800000 9899999 89
nn15 9900000 9999999 249
nn15 10000000 10099999 253
nn15 10100000 10199999 26
nn15 10200000 10299999 75
nn15 10300000 10399999 86
nn15 10400000 10499999 99
nn15 10500000 10599999 110
nn15 10600000 10699999 135
nn15 10700000 10799999 124
nn15 10800000 10899999 86
nn15 10900000 10999999 399
nn15 11000000 11099999 157
nn15 11100000 11199999 317
nn15 11200000 11299999 217
nn15 11300000 11399999 547
nn15 11400000 11499999 299
nn15 11500000 11599999 130
nn15 11600000 11699999 178
nn15 11700000 11799999 204
nn15 11800000 11899999 163
nn15 11900000 11999999 208
nn15 12000000 12099999 127
nn15 12100000 12199999 279
nn15 12200000 12299999 236
nn15 12300000 12399999 341
nn15 12400000 12499999 412
nn15 12500000 12599999 82
nn15 12600000 12699999 374
nn15 12700000 12799999 98
nn15 12800000 12880243 17
nn16 0 99999 133
nn16 100000 199999 125
nn16 200000 299999 169
nn16 300000 399999 269
nn16 400000 499999 62
nn16 500000 599999 431
nn16 600000 699999 169
nn16 700000 799999 17
nn16 800000 899999 28
nn16 900000 999999 71
nn16 1000000 1099999 0
nn16 1100000 1199999 0
nn16 1200000 1299999 0
nn16 1300000 1399999 0
nn16 1400000 1499999 0
nn16 1500000 1599999 0
nn16 1600000 1699999 50
nn16 1700000 1799999 0
nn16 1800000 1899999 0
nn16 1900000 1999999 477
nn16 2000000 2099999 0
nn16 2100000 2199999 31
nn16 2200000 2299999 0
nn16 2300000 2399999 13
nn16 2400000 2499999 137
nn16 2500000 2599999 90
nn16 2600000 2699999 112
nn16 2700000 2799999 218
nn16 2800000 2899999 149
nn16 2900000 2999999 138
nn16 3000000 3099999 169
nn16 3100000 3199999 150
nn16 3200000 3299999 239
nn16 3300000 3399999 130
nn16 3400000 3499999 223
nn16 3500000 3599999 269
nn16 3600000 3699999 213
nn16 3700000 3799999 231
nn16 3800000 3899999 155
nn16 3900000 3999999 169
nn16 4000000 4099999 134
nn16 4100000 4199999 414
nn16 4200000 4299999 161
nn16 4300000 4399999 346
nn16 4400000 4499999 287
nn16 4500000 4599999 191
nn16 4600000 4635106 0
nn17 0 99999 761
nn17 100000 199999 71
nn17 200000 299999 111
nn17 300000 399999 81
nn17 400000 499999 172
nn17 500000 599999 153
nn17 600000 699999 133
nn17 700000 799999 262
nn17 800000 899999 40
nn17 900000 999999 73
nn17 1000000 1099999 172
nn17 1100000 1199999 144
nn17 1200000 1299999 236
nn17 1300000 1399999 176
nn17 1400000 1499999 169
nn17 1500000 1599999 187
nn17 1600000 1699999 196
nn17 1700000 1799999 200
nn17 1800000 1899999 77
nn17 1900000 1999999 121
nn17 2000000 2099999 81
nn17 2100000 2199999 155
nn17 2200000 2299999 124
nn17 2300000 2399999 221
nn17 2400000 2499999 183
nn17 2500000 2599999 113
nn17 2600000 2699999 137
nn17 2700000 2799999 175
nn17 2800000 2899999 122
nn17 2900000 2999999 146
nn17 3000000 3099999 194
nn17 3100000 3199999 174
nn17 3200000 3299999 213
nn17 3300000 3399999 256
nn17 3400000 3499999 207
nn17 3500000 3599999 197
nn17 3600000 3699999 100
nn17 3700000 3799999 145
nn17 3800000 3899999 95
nn17 3900000 3999999 149
nn17 4000000 4099999 121
nn17 4100000 4199999 96
nn17 4200000 4299999 122
nn17 4300000 4399999 126
nn17 4400000 4499999 180
nn17 4500000 4599999 140
nn17 4600000 4699999 203
nn17 4700000 4799999 152
nn17 4800000 4899999 402
nn17 4900000 4999999 221
nn17 5000000 5099999 109
nn17 5100000 5199999 130
nn17 5200000 5299999 167
nn17 5300000 5399999 102
nn17 5400000 5499999 160
nn17 5500000 5599999 131
nn17 5600000 5699999 83
nn17 5700000 5799999 123
nn17 5800000 5899999 95
nn17 5900000 5999999 137
nn17 6000000 6099999 136
nn17 6100000 6199999 171
nn17 6200000 6299999 82
nn17 6300000 6399999 297
nn17 6400000 6499999 280
nn17 6500000 6599999 101
nn17 6600000 6699999 74
nn17 6700000 6799999 127
nn17 6800000 6899999 114
nn17 6900000 6999999 111
nn17 7000000 7099999 243
nn17 7100000 7199999 301
nn17 7200000 7299999 197
nn17 7300000 7399999 371
nn17 7400000 7499999 239
nn17 7500000 7599999 108
nn17 7600000 7699999 80
nn17 7700000 7799999 205
nn17 7800000 7899999 142
nn17 7900000 7999999 161
nn17 8000000 8099999 196
nn17 8100000 8199999 165
nn17 8200000 8299999 76
nn17 8300000 8399999 197
nn17 8400000 8499999 160
nn17 8500000 8599999 170
nn17 8600000 8699999 155
nn17 8700000 8799999 138
nn17 8800000 8899999 137
nn17 8900000 8999999 161
nn17 9000000 9099999 54
nn17 9100000 9199999 45
nn17 9200000 9299999 58
nn17 9300000 9399999 135
nn17 9400000 9499999 262
nn17 9500000 9599999 129
nn17 9600000 9699999 158
nn17 9700000 9799999 146
nn17 9800000 9899999 224
nn17 9900000 9999999 214
nn17 10000000 10099999 129
nn17 10100000 10199999 76
nn17 10200000 10299999 150
nn17 10300000 10399999 104
nn17 10400000 10499999 0
nn17 10500000 10599999 0
nn17 10600000 10683667 13
nn18 0 99999 362
nn18 100000 199999 109
nn18 200000 299999 69
nn18 300000 399999 144
nn18 400000 499999 116
nn18 500000 599999 144
nn18 600000 699999 98
nn18 700000 799999 106
nn18 800000 899999 189
nn18 900000 999999 130
nn18 1000000 1099999 130
nn18 1100000 1199999 197
nn18 1200000 1299999 136
nn18 1300000 1399999 118
nn18 1400000 1499999 124
nn18 1500000 1599999 67
nn18 1600000 1699999 151
nn18 1700000 1799999 182
nn18 1800000 1899999 489
nn18 1900000 1999999 122
nn18 2000000 2099999 170
nn18 2100000 2199999 216
nn18 2200000 2299999 130
nn18 2300000 2399999 157
nn18 2400000 2499999 152
nn18 2500000 2599999 100
nn18 2600000 2699999 118
nn18 2700000 2799999 117
nn18 2800000 2899999 128
nn18 2900000 2999999 41
nn18 3000000 3099999 109
nn18 3100000 3199999 126
nn18 3200000 3299999 95
nn18 3300000 3399999 192
nn18 3400000 3499999 136
nn18 3500000 3599999 137
nn18 3600000 3699999 245
nn18 3700000 3799999 153
nn18 3800000 3899999 97
nn18 3900000 3999999 193
nn18 4000000 4099999 166
nn18 4100000 4199999 172
nn18 4200000 4299999 48
nn18 4300000 4399999 211
nn18 4400000 4499999 198
nn18 4500000 4599999 128
nn18 4600000 4699999 127
nn18 4700000 4799999 160
nn18 4800000 4899999 317
nn18 4900000 4999999 262
nn18 5000000 5099999 295
nn18 5100000 5199999 633
nn18 5200000 5299999 256
nn18 5300000 5399999 108
nn18 5400000 5499999 193
nn18 5500000 5599999 299
nn18 5600000 5699999 333
nn18 5700000 5799999 108
nn18 5800000 5899999 165
nn18 5900000 5999999 160
nn18 6000000 6099999 179
nn18 6100000 6199999 121
nn18 6200000 6299999 167
nn18 6300000 6399999 99
nn18 6400000 6499999 175
nn18 6500000 6599999 143
nn18 6600000 6699999 228
nn18 6700000 6799999 122
nn18 6800000 6899999 122
nn18 6900000 6999999 133
nn18 7000000 7099999 275
nn18 7100000 7199999 181
nn18 7200000 7299999 156
nn18 7300000 7399999 148
nn18 7400000 7499999 84
nn18 7500000 7599999 246
nn18 7600000 7699999 139
nn18 7700000 7799999 66
nn18 7800000 7899999 88
nn18 7900000 7999999 183
nn18 8000000 8099999 124
nn18 8100000 8199999 187
nn18 8200000 8299999 146
nn18 8300000 8399999 193
nn18 8400000 8499999 181
nn18 8500000 8599999 198
nn18 8600000 8699999 82
nn18 8700000 8799999 172
nn18 8800000 8899999 54
nn18 8900000 8999999 150
nn18 9000000 9099999 39
nn18 9100000 9199999 148
nn18 9200000 9299999 83
nn18 9300000 9399999 114
nn18 9400000 9499999 141
nn18 9500000 9599999 161
nn18 9600000 9699999 126
nn18 9700000 9799999 99
nn18 9800000 9899999 106
nn18 9900000 9999999 110
nn18 10000000 10099999 247
nn18 10100000 10199999 144
nn18 10200000 10299999 164
nn18 10300000 10399999 14
nn18 10400000 10499999 109
nn18 10500000 10599999 79
nn18 10600000 10699999 221
nn18 10700000 10799999 42
nn18 10800000 10899999 41
nn18 10900000 10999999 0
nn18 11000000 11099999 0
nn18 11100000 11165485 26
nn19 0 99999 258
nn19 100000 199999 55
nn19 200000 299999 165
nn19 300000 399999 101
nn19 400000 499999 110
nn19 500000 599999 120
nn19 600000 699999 124
nn19 700000 799999 109
nn19 800000 899999 209
nn19 900000 999999 41
nn19 1000000 1099999 80
nn19 1100000 1199999 208
nn19 1200000 1299999 135
nn19 1300000 1399999 138
nn19 1400000 1499999 188
nn19 1500000 1599999 194
nn19 1600000 1699999 253
nn19 1700000 1799999 107
nn19 1800000 1899999 199
nn19 1900000 1999999 141
nn19 2000000 2099999 213
nn19 2100000 2199999 151
nn19 2200000 2299999 150
nn19 2300000 2399999 73
nn19 2400000 2499999 113
nn19 2500000 2599999 174
nn19 2600000 2699999 43
nn19 2700000 2799999 132
nn19 2800000 2899999 186
nn19 2900000 2999999 165
nn19 3000000 3099999 98
nn19 3100000 3199999 97
nn19 3200000 3299999 116
nn19 3300000 3399999 97
nn19 3400000 3499999 127
nn19 3500000 3599999 149
nn19 3600000 3699999 134
nn19 3700000 3799999 168
nn19 3800000 3899999 97
nn19 3900000 3999999 114
nn19 4000000 4099999 140
nn19 4100000 4199999 123
nn19 4200000 4299999 205
nn19 4300000 4399999 134
nn19 4400000 4499999 348
nn19 4500000 4599999 109
nn19 4600000 4699999 40
nn19 4700000 4799999 165
nn19 4800000 4899999 149
nn19 4900000 4999999 130
nn19 5000000 5099999 138
nn19 5100000 5199999 169
nn19 5200000 5299999 138
nn19 5300000 5399999 136
nn19 5400000 5499999 84
nn19 5500000 5599999 68
nn19 5600000 5699999 92
nn19 5700000 5799999 207
nn19 5800000 5899999 168
nn19 5900000 5999999 84
nn19 6000000 6099999 385
nn19 6100000 6199999 307
nn19 6200000 6299999 326
nn19 6300000 6399999 145
nn19 6400000 6499999 78
nn19 6500000 6599999 102
nn19 6600000 6699999 83
nn19 6700000 6799999 42
nn19 6800000 6899999 172
nn19 6900000 6999999 103
nn19 7000000 7099999 147
nn19 7100000 7199999 149
nn19 7200000 7299999 168
nn19 7300000 7399999 128
nn19 7400000 7499999 311
nn19 7500000 7599999 110
nn19 7600000 7699999 157
nn19 7700000 7799999 108
nn19 7800000 7899999 158
nn19 7900000 7999999 195
nn19 8000000 8099999 226
nn19 8100000 8199999 172
nn19 8200000 8299999 159
nn19 8300000 8399999 101
nn19 8400000 8499999 309
nn19 8500000 8599999 297
nn19 8600000 8699999 206
nn19 8700000 8799999 254
nn19 8800000 8899999 157
nn19 8900000 8999999 235
nn19 9000000 9099999 201
nn19 9100000 9199999 192
nn19 9200000 9299999 135
nn19 9300000 9399999 139
nn19 9400000 9499999 99
nn19 9500000 9599999 178
nn19 9600000 9699999 202
nn19 9700000 9799999 301
nn19 9800000 9899999 109
nn19 9900000 9999999 86
nn19 10000000 10099999 83
nn19 10100000 10199999 344
nn19 10200000 10254927 13
nn20 0 99999 402
nn20 100000 199999 175
nn20 200000 299999 84
nn20 300000 399999 122
nn20 400000 499999 60
nn20 500000 599999 682
nn20 600000 699999 156
nn20 700000 799999 223
nn20 800000 899999 213
nn20 900000 999999 170
nn20 1000000 1099999 141
nn20 1100000 1199999 86
nn20 1200000 1299999 268
nn20 1300000 1399999 122
nn20 1400000 1499999 273
nn20 1500000 1599999 220
nn20 1600000 1699999 112
nn20 1700000 1799999 122
nn20 1800000 1899999 194
nn20 1900000 1999999 74
nn20 2000000 2099999 205
nn20 2100000 2199999 82
nn20 2200000 2299999 130
nn20 2300000 2399999 123
nn20 2400000 2499999 113
nn20 2500000 2599999 101
nn20 2600000 2699999 144
nn20 2700000 2799999 104
nn20 2800000 2899999 256
nn20 2900000 2999999 162
nn20 3000000 3099999 161
nn20 3100000 3199999 125
nn20 3200000 3299999 94
nn20 3300000 3399999 253
nn20 3400000 3499999 173
nn20 3500000 3599999 220
nn20 3600000 3699999 143
nn20 3700000 3799999 79
nn20 3800000 3899999 109
nn20 3900000 3999999 168
nn20 4000000 4099999 344
nn20 4100000 4199999 359
nn20 4200000 4299999 226
nn20 4300000 4399999 139
nn20 4400000 4499999 161
nn20 4500000 4599999 348
nn20 4600000 4699999 608
nn20 4700000 4799999 88
nn20 4800000 4899999 175
nn20 4900000 4999999 144
nn20 5000000 5099999 139
nn20 5100000 5199999 203
nn20 5200000 5299999 66
nn20 5300000 5399999 295
nn20 5400000 5499999 163
nn20 5500000 5599999 191
nn20 5600000 5699999 69
nn20 5700000 5799999 13
nn20 5800000 5899999 236
nn20 5900000 5999999 210
nn20 6000000 6099999 206
nn20 6100000 6199999 136
nn20 6200000 6299999 121
nn20 6300000 6399999 236
nn20 6400000 6499999 174
nn20 6500000 6599999 138
nn20 6600000 6699999 91
nn20 6700000 6799999 87
nn20 6800000 6899999 79
nn20 6900000 6999999 113
nn20 7000000 7099999 131
nn20 7100000 7199999 252
nn20 7200000 7299999 131
nn20 7300000 7399999 163
nn20 7400000 7499999 114
nn20 7500000 7599999 111
nn20 7600000 7699999 141
nn20 7700000 7799999 136
nn20 7800000 7899999 131
nn20 7900000 7999999 108
nn20 8000000 8099999 117
nn20 8100000 8199999 91
nn20 8200000 8299999 109
nn20 8300000 8399999 170
nn20 8400000 8499999 116
nn20 8500000 8599999 164
nn20 8600000 8699999 92
nn20 8700000 8799999 142
nn20 8800000 8899999 112
nn20 8900000 8999999 274
nn20 9000000 9099999 223
nn20 9100000 9199999 140
nn20 9200000 9299999 142
nn20 9300000 9399999 115
nn20 9400000 9499999 167
nn20 9500000 9599999 170
nn20 9600000 9699999 152
nn20 9700000 9799999 176
nn20 9800000 9899999 162
nn20 9900000 9999999 256
nn20 10000000 10099999 137
nn20 10100000 10199999 203
nn20 10200000 10299999 72
nn20 10300000 10399999 144
nn20 10400000 10499999 82
nn20 10500000 10599999 154
nn20 10600000 10699999 132
nn20 10700000 10799999 193
nn20 10800000 10899999 133
nn20 10900000 10999999 164
nn20 11000000 11099999 98
nn20 11100000 11199999 102
nn20 11200000 11299999 57
nn20 11300000 11399999 130
nn20 11400000 11499999 137
nn20 11500000 11599999 173
nn20 11600000 11699999 108
nn20 11700000 11799999 174
nn20 11800000 11899999 141
nn20 11900000 11999999 107
nn20 12000000 12099999 26
nn20 12100000 12199999 0
nn20 12200000 12299999 32
nn20 12300000 12399999 161
nn20 12400000 12499999 159
nn20 12500000 12599999 99
nn20 12600000 12699999 234
nn20 12700000 12799999 285
nn20 12800000 12899999 128
nn20 12900000 12999999 61
nn20 13000000 13099999 62
nn20 13100000 13199999 178
nn20 13200000 13299999 97
nn20 13300000 13399999 205
nn20 13400000 13499999 163
nn20 13500000 13599999 100
nn20 13600000 13699999 85
nn20 13700000 13799999 185
nn20 13800000 13899999 304
nn20 13900000 13999999 167
nn20 14000000 14099999 134
nn20 14100000 14199999 123
nn20 14200000 14299999 0
nn20 14300000 14399999 0
nn20 14400000 14499999 0
nn20 14500000 14599999 0
nn20 14600000 14699999 0
nn20 14700000 14769858 26
nn21 0 99999 222
nn21 100000 199999 274
nn21 200000 299999 160
nn21 300000 399999 203
nn21 400000 499999 125
nn21 500000 599999 137
nn21 600000 699999 150
nn21 700000 799999 175
nn21 800000 899999 205
nn21 900000 999999 205
nn21 1000000 1099999 219
nn21 1100000 1199999 166
nn21 1200000 1299999 249
nn21 1300000 1399999 244
nn21 1400000 1499999 174
nn21 1500000 1599999 137
nn21 1600000 1699999 271
nn21 1700000 1799999 209
nn21 1800000 1899999 96
nn21 1900000 1999999 175
nn21 2000000 2099999 122
nn21 2100000 2199999 142
nn21 2200000 2299999 99
nn21 2300000 2399999 156
nn21 2400000 2499999 189
nn21 2500000 2599999 54
nn21 2600000 2699999 188
nn21 2700000 2799999 121
nn21 2800000 2899999 317
nn21 2900000 2999999 382
nn21 3000000 3099999 294
nn21 3100000 3199999 214
nn21 3200000 3299999 236
nn21 3300000 3399999 257
nn21 3400000 3499999 164
nn21 3500000 3599999 93
nn21 3600000 3699999 170
nn21 3700000 3799999 282
nn21 3800000 3899999 324
nn21 3900000 3999999 367
nn21 4000000 4099999 234
nn21 4100000 4199999 47
nn21 4200000 4299999 150
nn21 4300000 4399999 232
nn21 4400000 4499999 244
nn21 4500000 4599999 185
nn21 4600000 4699999 219
nn21 4700000 4799999 201
nn21 4800000 4899999 92
nn21 4900000 4999999 89
nn21 5000000 5099999 162
nn21 5100000 5199999 136
nn21 5200000 5299999 136
nn21 5300000 5399999 153
nn21 5400000 5499999 67
nn21 5500000 5599999 53
nn21 5600000 5699999 112
nn21 5700000 5799999 129
nn21 5800000 5899999 209
nn21 5900000 5999999 259
nn21 6000000 6099999 249
nn21 6100000 6199999 107
nn21 6200000 6299999 132
nn21 6300000 6399999 85
nn21 6400000 6499999 116
nn21 6500000 6599999 411
nn21 6600000 6699999 241
nn21 6700000 6799999 194
nn21 6800000 6899999 174
nn21 6900000 6999999 0
nn21 7000000 7099999 0
nn21 7100000 7199999 0
nn21 7200000 7299999 0
nn21 7300000 7395262 26
nn22 0 99999 219
nn22 100000 199999 140
nn22 200000 299999 90
nn22 300000 399999 77
nn22 400000 499999 150
nn22 500000 599999 129
nn22 600000 699999 242
nn22 700000 799999 174
nn22 800000 899999 132
nn22 900000 999999 128
nn22 1000000 1099999 99
nn22 1100000 1199999 204
nn22 1200000 1299999 127
nn22 1300000 1399999 225
nn22 1400000 1499999 137
nn22 1500000 1599999 195
nn22 1600000 1699999 177
nn22 1700000 1799999 163
nn22 1800000 1899999 140
nn22 1900000 1999999 169
nn22 2000000 2099999 85
nn22 2100000 2199999 154
nn22 2200000 2299999 224
nn22 2300000 2399999 202
nn22 2400000 2499999 870
nn22 2500000 2599999 228
nn22 2600000 2699999 195
nn22 2700000 2799999 128
nn22 2800000 2899999 189
nn22 2900000 2999999 410
nn22 3000000 3099999 69
nn22 3100000 3199999 142
nn22 3200000 3299999 195
nn22 3300000 3399999 118
nn22 3400000 3499999 97
nn22 3500000 3599999 268
nn22 3600000 3699999 137
nn22 3700000 3799999 66
nn22 3800000 3899999 87
nn22 3900000 3999999 150
nn22 4000000 4099999 126
nn22 4100000 4199999 136
nn22 4200000 4299999 123
nn22 4300000 4399999 162
nn22 4400000 4499999 92
nn22 4500000 4599999 52
nn22 4600000 4699999 165
nn22 4700000 4799999 975
nn22 4800000 4899999 59
nn22 4900000 4999999 0
nn22 5000000 5099999 0
nn22 5100000 5199999 0
nn22 5200000 5238597 26
nn23 0 99999 163
nn23 100000 199999 158
nn23 200000 299999 95
nn23 300000 399999 150
nn23 400000 499999 106
nn23 500000 599999 159
nn23 600000 699999 193
nn23 700000 799999 1048
nn23 800000 899999 164
nn23 900000 999999 156
nn23 1000000 1099999 793
nn23 1100000 1199999 174
nn23 1200000 1299999 100
nn23 1300000 1399999 211
nn23 1400000 1499999 128
nn23 1500000 1599999 199
nn23 1600000 1699999 202
nn23 1700000 1799999 223
nn23 1800000 1899999 118
nn23 1900000 1999999 174
nn23 2000000 2099999 238
nn23 2100000 2199999 209
nn23 2200000 2299999 106
nn23 2300000 2399999 137
nn23 2400000 2499999 225
nn23 2500000 2599999 269
nn23 2600000 2699999 102
nn23 2700000 2799999 51
nn23 2800000 2899999 146
nn23 2900000 2999999 219
nn23 3000000 3099999 53
nn23 3100000 3199999 242
nn23 3200000 3299999 376
nn23 3300000 3399999 176
nn23 3400000 3499999 101
nn23 3500000 3599999 167
nn23 3600000 3699999 369
nn23 3700000 3799999 365
nn23 3800000 3899999 280
nn23 3900000 3999999 244
nn23 4000000 4099999 126
nn23 4100000 4199999 117
nn23 4200000 4299999 126
nn23 4300000 4399999 117
nn23 4400000 4499999 153
nn23 4500000 4599999 207
nn23 4600000 4699999 629
nn23 4700000 4799999 76
nn23 4800000 4899999 163
nn23 4900000 4999999 115
nn23 5000000 5099999 257
nn23 5100000 5199999 114
nn23 5200000 5299999 361
nn23 5300000 5399999 177
nn23 5400000 5499999 213
nn23 5500000 5599999 132
nn23 5600000 5699999 174
nn23 5700000 5799999 76
nn23 5800000 5899999 82
nn23 5900000 5999999 30
nn23 6000000 6099999 40
nn23 6100000 6199999 0
nn23 6200000 6299999 0
nn23 6300000 6329449 26
nn24 0 99999 1424
nn24 100000 199999 239
nn24 200000 299999 163
nn24 300000 399999 72
nn24 400000 499999 152
nn24 500000 599999 156
nn24 600000 699999 113
nn24 700000 799999 66
nn24 800000 899999 97
nn24 900000 999999 201
nn24 1000000 1099999 131
nn24 1100000 1199999 182
nn24 1200000 1299999 214
nn24 1300000 1399999 142
nn24 1400000 1499999 119
nn24 1500000 1599999 101
nn24 1600000 1699999 300
nn24 1700000 1799999 214
nn24 1800000 1899999 161
nn24 1900000 1999999 176
nn24 2000000 2099999 236
nn24 2100000 2199999 158
nn24 2200000 2299999 138
nn24 2300000 2399999 120
nn24 2400000 2499999 272
nn24 2500000 2599999 151
nn24 2600000 2699999 240
nn24 2700000 2799999 180
nn24 2800000 2899999 107
nn24 2900000 2999999 291
nn24 3000000 3099999 136
nn24 3100000 3199999 126
nn24 3200000 3299999 193
nn24 3300000 3399999 273
nn24 3400000 3499999 149
nn24 3500000 3599999 182
nn24 3600000 3699999 107
nn24 3700000 3799999 166
nn24 3800000 3899999 155
nn24 3900000 3999999 126
nn24 4000000 4099999 210
nn24 4100000 4199999 336
nn24 4200000 4299999 168
nn24 4300000 4399999 108
nn24 4400000 4499999 163
nn24 4500000 4599999 337
nn24 4600000 4699999 192
nn24 4700000 4799999 234
nn24 4800000 4899999 201
nn24 4900000 4999999 90
nn24 5000000 5099999 114
nn24 5100000 5199999 111
nn24 5200000 5299999 170
nn24 5300000 5399999 263
nn24 5400000 5499999 233
nn24 5500000 5599999 104
nn24 5600000 5699999 173
nn24 5700000 5799999 150
nn24 5800000 5899999 137
nn24 5900000 5999999 82
nn24 6000000 6099999 61
nn24 6100000 6199999 115
nn24 6200000 6299999 119
nn24 6300000 6399999 135
nn24 6400000 6499999 0
nn24 6500000 6599999 0
nn24 6600000 6699999 0
nn24 6700000 6799999 0
nn24 6800000 6899999 0
nn24 6900000 6998170 26
nn25 0 99999 616
nn25 100000 199999 303
nn25 200000 299999 1146
nn25 300000 399999 121
nn25 400000 499999 34
nn25 500000 599999 96
nn25 600000 699999 0
nn25 700000 799999 13
nn25 800000 899999 100
nn25 900000 999999 0
nn25 1000000 1099999 719
nn25 1100000 1199999 0
nn25 1200000 1299999 75
nn25 1300000 1399999 798
nn25 1400000 1499999 215
nn25 1500000 1599999 157
nn25 1600000 1699999 73
nn25 1700000 1799999 53
nn25 1800000 1899999 73
nn25 1900000 1999999 84
nn25 2000000 2099999 152
nn25 2100000 2199999 165
nn25 2200000 2299999 153
nn25 2300000 2399999 158
nn25 2400000 2499999 200
nn25 2500000 2599999 235
nn25 2600000 2699999 244
nn25 2700000 2799999 135
nn25 2800000 2899999 57
nn25 2900000 2999999 94
nn25 3000000 3099999 72
nn25 3100000 3199999 161
nn25 3200000 3299999 493
nn25 3300000 3399999 594
nn25 3400000 3499999 273
nn25 3500000 3599999 128
nn25 3600000 3699999 75
nn25 3700000 3799999 1089
nn25 3800000 3899999 394
nn25 3900000 3999999 644
nn25 4000000 4099999 14
nn25 4100000 4199999 0
nn25 4200000 4299999 0
nn25 4300000 4333314 26
nn26 0 99999 165
nn26 100000 199999 189
nn26 200000 299999 237
nn26 300000 399999 207
nn26 400000 499999 159
nn26 500000 599999 163
nn26 600000 699999 199
nn26 700000 799999 201
nn26 800000 899999 177
nn26 900000 999999 104
nn26 1000000 1099999 46
nn26 1100000 1199999 284
nn26 1200000 1299999 550
nn26 1300000 1399999 471
nn26 1400000 1499999 179
nn26 1500000 1599999 343
nn26 1600000 1699999 164
nn26 1700000 1799999 296
nn26 1800000 1899999 288
nn26 1900000 1999999 170
nn26 2000000 2099999 153
nn26 2100000 2199999 344
nn26 2200000 2299999 119
nn26 2300000 2399999 193
nn26 2400000 2499999 220
nn26 2500000 2599999 206
nn26 2600000 2699999 88
nn26 2700000 2799999 199
nn26 2800000 2899999 152
nn26 2900000 2999999 144
nn26 3000000 3099999 148
nn26 3100000 3199999 158
nn26 3200000 3299999 145
nn26 3300000 3399999 206
nn26 3400000 3499999 180
nn26 3500000 3599999 81
nn26 3600000 3699999 146
nn26 3700000 3799999 106
nn26 3800000 3899999 206
nn26 3900000 3999999 170
nn26 4000000 4099999 85
nn26 4100000 4199999 270
nn26 4200000 4299999 179
nn26 4300000 4399999 116
nn26 4400000 4499999 279
nn26 4500000 4599999 187
nn26 4600000 4699999 160
nn26 4700000 4799999 165
nn26 4800000 4899999 258
nn26 4900000 4999999 252
nn26 5000000 5099999 190
nn26 5100000 5199999 158
nn26 5200000 5299999 146
nn26 5300000 5399999 148
nn26 5400000 5499999 0
nn26 5500000 5599999 0
nn26 5600000 5699999 0
nn26 5700000 5799999 0
nn26 5800000 5899999 0
nn26 5900000 5993406 0
nn27 0 99999 633
nn27 100000 199999 98
nn27 200000 299999 168
nn27 300000 399999 80
nn27 400000 499999 151
nn27 500000 599999 219
nn27 600000 699999 250
nn27 700000 799999 182
nn27 800000 899999 1625
nn27 900000 999999 181
nn27 1000000 1099999 738
nn27 1100000 1199999 270
nn27 1200000 1299999 402
nn27 1300000 1399999 295
nn27 1400000 1499999 393
nn27 1500000 1599999 195
nn27 1600000 1699999 293
nn27 1700000 1799999 234
nn27 1800000 1899999 364
nn27 1900000 1999999 235
nn27 2000000 2099999 141
nn27 2100000 2199999 208
nn27 2200000 2299999 237
nn27 2300000 2399999 154
nn27 2400000 2499999 810
nn27 2500000 2599999 1763
nn27 2600000 2699999 513
nn27 2700000 2799999 145
nn27 2800000 2899999 438
nn27 2900000 2999999 118
nn27 3000000 3099999 165
nn27 3100000 3199999 196
nn27 3200000 3299999 86
nn27 3300000 3399999 110
nn27 3400000 3499999 187
nn27 3500000 3599999 59
nn27 3600000 3699999 54
nn27 3700000 3799999 79
nn27 3800000 3899999 176
nn27 3900000 3999999 499
nn27 4000000 4099999 146
nn27 4100000 4199999 352
nn27 4200000 4299999 185
nn27 4300000 4399999 179
nn27 4400000 4499999 122
nn27 4500000 4599999 133
nn27 4600000 4699999 60
nn27 4700000 4799999 237
nn27 4800000 4899999 349
nn27 4900000 4999999 178
nn27 5000000 5099999 143
nn27 5100000 5199999 204
nn27 5200000 5299999 199
nn27 5300000 5399999 84
nn27 5400000 5499999 59
nn27 5500000 5599999 88
nn27 5600000 5699999 68
nn27 5700000 5799999 43
nn27 5800000 5899999 0
nn27 5900000 5999999 0
nn27 6000000 6099999 0
nn27 6100000 6199999 0
nn27 6200000 6242314 0
nn28 0 99999 250
nn28 100000 199999 72
nn28 200000 299999 256
nn28 300000 399999 324
nn28 400000 499999 88
nn28 500000 599999 191
nn28 600000 699999 126
nn28 700000 799999 122
nn28 800000 899999 136
nn28 900000 999999 294
nn28 1000000 1099999 171
nn28 1100000 1199999 199
nn28 1200000 1299999 138
nn28 1300000 1399999 326
nn28 1400000 1499999 309
nn28 1500000 1599999 208
nn28 1600000 1699999 214
nn28 1700000 1799999 309
nn28 1800000 1899999 210
nn28 1900000 1999999 721
nn28 2000000 2099999 170
nn28 2100000 2199999 169
nn28 2200000 2299999 312
nn28 2300000 2399999 402
nn28 2400000 2499999 568
nn28 2500000 2599999 198
nn28 2600000 2699999 463
nn28 2700000 2799999 251
nn28 2800000 2899999 131
nn28 2900000 2999999 226
nn28 3000000 3099999 246
nn28 3100000 3199999 91
nn28 3200000 3299999 129
nn28 3300000 3399999 205
nn28 3400000 3499999 155
nn28 3500000 3599999 123
nn28 3600000 3699999 1148
nn28 3700000 3799999 161
nn28 3800000 3899999 300
nn28 3900000 3999999 158
nn28 4000000 4099999 114
nn28 4100000 4199999 176
nn28 4200000 4299999 193
nn28 4300000 4399999 82
nn28 4400000 4499999 160
nn28 4500000 4599999 94
nn28 4600000 4699999 150
nn28 4700000 4799999 68
nn28 4800000 4899999 143
nn28 4900000 4999999 56
nn28 5000000 5099999 84
nn28 5100000 5199999 0
nn28 5200000 5299999 0
nn28 5300000 5399999 0
nn28 5400000 5499999 0
nn28 5500000 5598070 26
nn29 0 99999 124
nn29 100000 199999 0
nn29 200000 299999 40
nn29 300000 399999 42
nn29 400000 499999 278
nn29 500000 599999 0
nn29 600000 699999 13
nn29 700000 799999 103
nn29 800000 899999 176
nn29 900000 999999 26
nn29 1000000 1099999 43
nn29 1100000 1199999 14
nn29 1200000 1299999 13
nn29 1300000 1399999 62
nn29 1400000 1499999 39
nn29 1500000 1599999 36
nn29 1600000 1699999 68
nn29 1700000 1799999 117
nn29 1800000 1899999 13
nn29 1900000 1999999 173
nn29 2000000 2099999 90
nn29 2100000 2199999 90
nn29 2200000 2299999 191
nn29 2300000 2399999 66
nn29 2400000 2499999 52
nn29 2500000 2599999 94
nn29 2600000 2699999 71
nn29 2700000 2799999 48
nn29 2800000 2899999 26
nn29 2900000 2999999 159
nn29 3000000 3099999 53
nn29 3100000 3199999 13
nn29 3200000 3299999 54
nn29 3300000 3399999 151
nn29 3400000 3499999 176
nn29 3500000 3502936 0
nn30 0 99999 395
nn30 100000 199999 59
nn30 200000 299999 26
nn30 300000 399999 0
nn30 400000 499999 65
nn30 500000 599999 39
nn30 600000 699999 213
nn30 700000 799999 29
nn30 800000 899999 14
nn30 900000 999999 13
nn30 1000000 1099999 39
nn30 1100000 1199999 341
nn30 1200000 1299999 193
nn30 1300000 1399999 244
nn30 1400000 1499999 129
nn30 1500000 1599999 188
nn30 1600000 1699999 115
nn30 1700000 1799999 221
nn30 1800000 1899999 0
nn30 1900000 1999999 0
nn30 2000000 2072913 0
nn31 0 99999 13
nn31 100000 199999 0
nn31 200000 299999 529
nn31 300000 399999 725
nn31 400000 499999 597
nn31 500000 599999 740
nn31 600000 699999 614
nn31 700000 799999 645
nn31 800000 899999 513
nn31 900000 999999 593
nn31 1000000 1099999 603
nn31 1100000 1199999 308
nn31 1200000 1299999 107
nn31 1300000 1399999 261
nn31 1400000 1499999 85
nn31 1500000 1599999 47
nn31 1600000 1699999 87
nn31 1700000 1799999 178
nn31 1800000 1899999 130
nn31 1900000 1999999 95
nn31 2000000 2099999 0
nn31 2100000 2199999 0
nn31 2200000 2299999 0
nn31 2300000 2399999 0
nn31 2400000 2403615 0
nn32 0 99999 70
nn32 100000 199999 30
nn32 200000 299999 524
nn32 300000 399999 45
nn32 400000 499999 43
nn32 500000 599999 57
nn32 600000 699999 0
nn32 700000 799999 73
nn32 800000 899999 121
nn32 900000 999999 172
nn32 1000000 1099999 44
nn32 1100000 1199999 224
nn32 1200000 1299999 17
nn32 1300000 1399999 42
nn32 1400000 1499999 429
nn32 1500000 1599999 0
nn32 1600000 1699999 17
nn32 1700000 1799999 66
nn32 1800000 1899999 154
nn32 1900000 1999999 306
nn32 2000000 2099999 274
nn32 2100000 2199999 291
nn32 2200000 2299999 270
nn32 2300000 2399999 310
nn32 2400000 2499999 181
nn32 2500000 2599999 0
nn32 2600000 2699999 0
nn32 2700000 2799999 26
nn32 2800000 2803647 0
nn33 0 99999 476
nn33 100000 199999 246
nn33 200000 299999 155
nn33 300000 399999 254
nn33 400000 499999 140
nn33 500000 599999 171
nn33 600000 699999 364
nn33 700000 799999 236
nn33 800000 899999 79
nn33 900000 999999 162
nn33 1000000 1099999 326
nn33 1100000 1199999 807
nn33 1200000 1299999 724
nn33 1300000 1399999 410
nn33 1400000 1499999 358
nn33 1500000 1599999 253
nn33 1600000 1699999 127
nn33 1700000 1799999 1775
nn33 1800000 1899999 991
nn33 1900000 1999999 70
nn33 2000000 2099999 179
nn33 2100000 2199999 105
nn33 2200000 2299999 73
nn33 2300000 2399999 600
nn33 2400000 2499999 879
nn33 2500000 2599999 320
nn33 2600000 2699999 179
nn33 2700000 2799999 470
nn33 2800000 2899999 914
nn33 2900000 2999999 264
nn33 3000000 3099999 0
nn33 3100000 3199999 0
nn33 3200000 3299999 0
nn33 3300000 3399999 0
nn33 3400000 3483575 13
nn34 0 99999 94
nn34 100000 199999 42
nn34 200000 299999 72
nn34 300000 399999 13
nn34 400000 499999 26
nn34 500000 599999 129
nn34 600000 699999 13
nn34 700000 799999 85
nn34 800000 899999 14
nn34 900000 999999 15
nn34 1000000 1099999 14
nn34 1100000 1199999 0
nn34 1200000 1299999 138
nn34 1300000 1399999 162
nn34 1400000 1499999 52
nn34 1500000 1599999 175
nn34 1600000 1699999 0
nn34 1700000 1799999 0
nn34 1800000 1899999 0
nn34 1900000 1999999 0
nn34 2000000 2037436 26
nn35 0 99999 30
nn35 100000 199999 55
nn35 200000 299999 0
nn35 300000 399999 14
nn35 400000 499999 100
nn35 500000 599999 56
nn35 600000 699999 0
nn35 700000 799999 0
nn35 800000 899999 31
nn35 900000 999999 13
nn35 1000000 1099999 26
nn35 1100000 1199999 257
nn35 1200000 1299999 223
nn35 1300000 1399999 192
nn35 1400000 1499999 178
nn35 1500000 1599999 107
nn35 1600000 1699999 29
nn35 1700000 1799999 0
nn35 1800000 1899999 0
nn35 1900000 1948696 26
nn36 0 99999 386
nn36 100000 199999 15
nn36 200000 299999 0
nn36 300000 399999 0
nn36 400000 499999 0
nn36 500000 599999 0
nn36 600000 699999 31
nn36 700000 799999 0
nn36 800000 899999 91
nn36 900000 999999 331
nn36 1000000 1099999 387
nn36 1100000 1199999 330
nn36 1200000 1299999 397
nn36 1300000 1399999 190
nn36 1400000 1499999 356
nn36 1500000 1599999 28
nn36 1600000 1648179 0
nn37 0 99999 130
nn37 100000 199999 157
nn37 200000 299999 90
nn37 300000 399999 84
nn37 400000 499999 0
nn37 500000 599999 54
nn37 600000 699999 61
nn37 700000 799999 32
nn37 800000 899999 14
nn37 900000 999999 260
nn37 1000000 1099999 170
nn37 1100000 1199999 251
nn37 1200000 1299999 225
nn37 1300000 1399999 238
nn37 1400000 1499999 188
nn37 1500000 1599999 0
nn37 1600000 1699999 0
nn37 1700000 1799999 0
nn37 1800000 1899999 39
nn37 1900000 1903433 0
nn38 0 99999 113
nn38 100000 199999 115
nn38 200000 299999 26
nn38 300000 399999 0
nn38 400000 499999 0
nn38 500000 599999 57
nn38 600000 699999 0
nn38 700000 799999 0
nn38 800000 899999 0
nn38 900000 999999 0
nn38 1000000 1099999 0
nn38 1100000 1199999 0
nn38 1200000 1299999 0
nn38 1300000 1399999 13
nn38 1400000 1499999 96
nn38 1500000 1599999 102
nn38 1600000 1699999 103
nn38 1700000 1799999 0
nn38 1800000 1899999 0
nn38 1900000 1999999 0
nn38 2000000 2099999 13
nn38 2100000 2199999 13
nn38 2200000 2229092 26
nnZ 0 99999 90
nnZ 100000 199999 48
nnZ 200000 299999 268
nnZ 300000 399999 225
nnZ 400000 499999 170
nnZ 500000 599999 157
nnZ 600000 699999 139
nnZ 700000 799999 81
nnZ 800000 899999 352
nnZ 900000 999999 143
nnZ 1000000 1099999 214
nnZ 1100000 1199999 82
nnZ 1200000 1299999 73
nnZ 1300000 1399999 53
nnZ 1400000 1499999 17
nnZ 1500000 1599999 95
nnZ 1600000 1699999 47
nnZ 1700000 1799999 34
nnZ 1800000 1899999 64
nnZ 1900000 1999999 88
nnZ 2000000 2099999 146
nnZ 2100000 2199999 34
nnZ 2200000 2299999 17
nnZ 2300000 2399999 30
nnZ 2400000 2499999 47
nnZ 2500000 2599999 44
nnZ 2600000 2699999 140
nnZ 2700000 2799999 17
nnZ 2800000 2899999 88
nnZ 2900000 2999999 77
nnZ 3000000 3099999 47
nnZ 3100000 3199999 88
nnZ 3200000 3299999 88
nnZ 3300000 3399999 43
nnZ 3400000 3499999 88
nnZ 3500000 3599999 71
nnZ 3600000 3699999 123
nnZ 3700000 3799999 34
nnZ 3800000 3899999 110
nnZ 3900000 3999999 209
nnZ 4000000 4099999 71
nnZ 4100000 4199999 67
nnZ 4200000 4299999 62
nnZ 4300000 4399999 98
nnZ 4400000 4499999 178
nnZ 4500000 4599999 107
nnZ 4600000 4699999 88
nnZ 4700000 4799999 84
nnZ 4800000 4899999 141
nnZ 4900000 4999999 58
nnZ 5000000 5099999 123
nnZ 5100000 5199999 108
nnZ 5200000 5299999 69
nnZ 5300000 5399999 100
nnZ 5400000 5499999 119
nnZ 5500000 5599999 124
nnZ 5600000 5699999 87
nnZ 5700000 5799999 80
nnZ 5800000 5899999 54
nnZ 5900000 5999999 140
nnZ 6000000 6099999 83
nnZ 6100000 6199999 77
nnZ 6200000 6299999 136
nnZ 6300000 6399999 50
nnZ 6400000 6499999 65
nnZ 6500000 6599999 159
nnZ 6600000 6699999 54
nnZ 6700000 6799999 41
nnZ 6800000 6899999 105
nnZ 6900000 6999999 222
nnZ 7000000 7099999 139
nnZ 7100000 7199999 251
nnZ 7200000 7299999 59
nnZ 7300000 7399999 74
nnZ 7400000 7499999 81
nnZ 7500000 7599999 85
nnZ 7600000 7699999 69
nnZ 7700000 7799999 68
nnZ 7800000 7899999 185
nnZ 7900000 7999999 125
nnZ 8000000 8099999 121
nnZ 8100000 8199999 54
nnZ 8200000 8299999 30
nnZ 8300000 8399999 70
nnZ 8400000 8499999 94
nnZ 8500000 8599999 179
nnZ 8600000 8699999 66
nnZ 8700000 8799999 117
nnZ 8800000 8899999 215
nnZ 8900000 8999999 78
nnZ 9000000 9099999 91
nnZ 9100000 9199999 56
nnZ 9200000 9299999 73
nnZ 9300000 9399999 101
nnZ 9400000 9499999 128
nnZ 9500000 9599999 186
nnZ 9600000 9699999 85
nnZ 9700000 9799999 30
nnZ 9800000 9899999 70
nnZ 9900000 9999999 69
nnZ 10000000 10099999 151
nnZ 10100000 10199999 112
nnZ 10200000 10299999 114
nnZ 10300000 10399999 82
nnZ 10400000 10499999 96
nnZ 10500000 10599999 84
nnZ 10600000 10699999 127
nnZ 10700000 10799999 114
nnZ 10800000 10899999 174
nnZ 10900000 10999999 154
nnZ 11000000 11099999 144
nnZ 11100000 11199999 43
nnZ 11200000 11299999 152
nnZ 11300000 11399999 103
nnZ 11400000 11499999 110
nnZ 11500000 11599999 197
nnZ 11600000 11699999 171
nnZ 11700000 11799999 113
nnZ 11800000 11899999 72
nnZ 11900000 11999999 137
nnZ 12000000 12099999 65
nnZ 12100000 12199999 151
nnZ 12200000 12299999 93
nnZ 12300000 12399999 69
nnZ 12400000 12499999 102
nnZ 12500000 12599999 82
nnZ 12600000 12699999 94
nnZ 12700000 12799999 94
nnZ 12800000 12899999 41
nnZ 12900000 12999999 200
nnZ 13000000 13099999 145
nnZ 13100000 13199999 43
nnZ 13200000 13299999 178
nnZ 13300000 13399999 142
nnZ 13400000 13499999 119
nnZ 13500000 13599999 215
nnZ 13600000 13699999 70
nnZ 13700000 13799999 82
nnZ 13800000 13899999 82
nnZ 13900000 13999999 109
nnZ 14000000 14099999 179
nnZ 14100000 14199999 206
nnZ 14200000 14299999 204
nnZ 14300000 14399999 124
nnZ 14400000 14499999 147
nnZ 14500000 14599999 66
nnZ 14600000 14699999 112
nnZ 14700000 14799999 53
nnZ 14800000 14899999 147
nnZ 14900000 14999999 102
nnZ 15000000 15099999 88
nnZ 15100000 15199999 99
nnZ 15200000 15299999 75
nnZ 15300000 15399999 84
nnZ 15400000 15499999 129
nnZ 15500000 15599999 72
nnZ 15600000 15699999 141
nnZ 15700000 15799999 74
nnZ 15800000 15899999 26
nnZ 15900000 15999999 136
nnZ 16000000 16099999 176
nnZ 16100000 16199999 125
nnZ 16200000 16299999 139
nnZ 16300000 16399999 198
nnZ 16400000 16499999 122
nnZ 16500000 16599999 115
nnZ 16600000 16699999 46
nnZ 16700000 16799999 98
nnZ 16800000 16899999 100
nnZ 16900000 16999999 26
nnZ 17000000 17099999 65
nnZ 17100000 17199999 79
nnZ 17200000 17299999 166
nnZ 17300000 17399999 254
nnZ 17400000 17499999 240
nnZ 17500000 17599999 151
nnZ 17600000 17699999 68
nnZ 17700000 17799999 101
nnZ 17800000 17899999 65
nnZ 17900000 17999999 53
nnZ 18000000 18099999 146
nnZ 18100000 18199999 139
nnZ 18200000 18299999 114
nnZ 18300000 18399999 179
nnZ 18400000 18499999 218
nnZ 18500000 18599999 80
nnZ 18600000 18699999 33
nnZ 18700000 18799999 14
nnZ 18800000 18899999 138
nnZ 18900000 18999999 223
nnZ 19000000 19099999 56
nnZ 19100000 19199999 69
nnZ 19200000 19299999 125
nnZ 19300000 19399999 220
nnZ 19400000 19499999 279
nnZ 19500000 19599999 114
nnZ 19600000 19699999 116
nnZ 19700000 19799999 88
nnZ 19800000 19899999 0
nnZ 19900000 19999999 0
nnZ 20000000 20099999 88
nnZ 20100000 20199999 38
nnZ 20200000 20299999 65
nnZ 20300000 20399999 57
nnZ 20400000 20499999 0
nnZ 20500000 20599999 69
nnZ 20600000 20699999 61
nnZ 20700000 20799999 101
nnZ 20800000 20899999 28
nnZ 20900000 20999999 60
nnZ 21000000 21099999 42
nnZ 21100000 21199999 108
nnZ 21200000 21299999 187
nnZ 21300000 21399999 43
nnZ 21400000 21499999 43
nnZ 21500000 21599999 99
nnZ 21600000 21699999 120
nnZ 21700000 21799999 120
nnZ 21800000 21899999 43
nnZ 21900000 21999999 57
nnZ 22000000 22099999 81
nnZ 22100000 22199999 69
nnZ 22200000 22299999 40
nnZ 22300000 22399999 187
nnZ 22400000 22499999 72
nnZ 22500000 22599999 224
nnZ 22600000 22699999 222
nnZ 22700000 22799999 108
nnZ 22800000 22899999 165
nnZ 22900000 22999999 39
nnZ 23000000 23099999 162
nnZ 23100000 23199999 178
nnZ 23200000 23299999 137
nnZ 23300000 23399999 58
nnZ 23400000 23499999 121
nnZ 23500000 23599999 30
nnZ 23600000 23699999 85
nnZ 23700000 23799999 135
nnZ 23800000 23899999 67
nnZ 23900000 23999999 104
nnZ 24000000 24099999 109
nnZ 24100000 24199999 105
nnZ 24200000 24299999 129
nnZ 24300000 24399999 100
nnZ 24400000 24499999 80
nnZ 24500000 24599999 154
nnZ 24600000 24699999 97
nnZ 24700000 24799999 112
nnZ 24800000 24899999 138
nnZ 24900000 24999999 193
nnZ 25000000 25099999 138
nnZ 25100000 25199999 183
nnZ 25200000 25299999 0
nnZ 25300000 25399999 107
nnZ 25400000 25499999 89
nnZ 25500000 25599999 100
nnZ 25600000 25699999 81
nnZ 25700000 25799999 122
nnZ 25800000 25899999 112
nnZ 25900000 25999999 124
nnZ 26000000 26099999 141
nnZ 26100000 26199999 143
nnZ 26200000 26299999 114
nnZ 26300000 26399999 68
nnZ 26400000 26499999 129
nnZ 26500000 26599999 83
nnZ 26600000 26699999 136
nnZ 26700000 26799999 124
nnZ 26800000 26899999 135
nnZ 26900000 26999999 158
nnZ 27000000 27099999 98
nnZ 27100000 27199999 119
nnZ 27200000 27299999 70
nnZ 27300000 27399999 84
nnZ 27400000 27499999 144
nnZ 27500000 27599999 39
nnZ 27600000 27699999 166
nnZ 27700000 27799999 164
nnZ 27800000 27899999 124
nnZ 27900000 27999999 165
nnZ 28000000 28099999 84
nnZ 28100000 28199999 27
nnZ 28200000 28299999 121
nnZ 28300000 28399999 98
nnZ 28400000 28499999 72
nnZ 28500000 28599999 13
nnZ 28600000 28699999 85
nnZ 28700000 28799999 36
nnZ 28800000 28899999 39
nnZ 28900000 28999999 53
nnZ 29000000 29099999 76
nnZ 29100000 29199999 74
nnZ 29200000 29299999 90
nnZ 29300000 29399999 40
nnZ 29400000 29499999 28
nnZ 29500000 29599999 82
nnZ 29600000 29699999 0
nnZ 29700000 29799999 149
nnZ 29800000 29899999 152
nnZ 29900000 29999999 14
nnZ 30000000 30099999 85
nnZ 30100000 30199999 96
nnZ 30200000 30299999 86
nnZ 30300000 30399999 86
nnZ 30400000 30499999 104
nnZ 30500000 30599999 108
nnZ 30600000 30699999 39
nnZ 30700000 30799999 55
nnZ 30800000 30899999 75
nnZ 30900000 30999999 42
nnZ 31000000 31099999 71
nnZ 31100000 31199999 109
nnZ 31200000 31299999 135
nnZ 31300000 31399999 26
nnZ 31400000 31499999 54
nnZ 31500000 31599999 123
nnZ 31600000 31699999 103
nnZ 31700000 31799999 83
nnZ 31800000 31899999 151
nnZ 31900000 31999999 156
nnZ 32000000 32099999 90
nnZ 32100000 32199999 0
nnZ 32200000 32299999 83
nnZ 32300000 32399999 164
nnZ 32400000 32499999 130
nnZ 32500000 32599999 136
nnZ 32600000 32699999 110
nnZ 32700000 32799999 96
nnZ 32800000 32899999 116
nnZ 32900000 32999999 139
nnZ 33000000 33099999 164
nnZ 33100000 33199999 162
nnZ 33200000 33299999 152
nnZ 33300000 33399999 54
nnZ 33400000 33499999 219
nnZ 33500000 33599999 61
nnZ 33600000 33699999 183
nnZ 33700000 33799999 120
nnZ 33800000 33899999 65
nnZ 33900000 33999999 133
nnZ 34000000 34099999 93
nnZ 34100000 34199999 63
nnZ 34200000 34299999 139
nnZ 34300000 34399999 172
nnZ 34400000 34499999 140
nnZ 34500000 34599999 148
nnZ 34600000 34699999 171
nnZ 34700000 34799999 133
nnZ 34800000 34899999 73
nnZ 34900000 34999999 26
nnZ 35000000 35099999 56
nnZ 35100000 35199999 73
nnZ 35200000 35299999 150
nnZ 35300000 35399999 131
nnZ 35400000 35499999 59
nnZ 35500000 35599999 71
nnZ 35600000 35699999 94
nnZ 35700000 35799999 148
nnZ 35800000 35899999 55
nnZ 35900000 35999999 161
nnZ 36000000 36099999 76
nnZ 36100000 36199999 125
nnZ 36200000 36299999 138
nnZ 36300000 36399999 76
nnZ 36400000 36499999 95
nnZ 36500000 36599999 58
nnZ 36600000 36699999 55
nnZ 36700000 36799999 62
nnZ 36800000 36899999 31
nnZ 36900000 36999999 42
nnZ 37000000 37099999 95
nnZ 37100000 37199999 52
nnZ 37200000 37299999 95
nnZ 37300000 37399999 62
nnZ 37400000 37499999 153
nnZ 37500000 37599999 103
nnZ 37600000 37699999 117
nnZ 37700000 37799999 163
nnZ 37800000 37899999 102
nnZ 37900000 37999999 95
nnZ 38000000 38099999 134
nnZ 38100000 38199999 27
nnZ 38200000 38299999 91
nnZ 38300000 38399999 143
nnZ 38400000 38499999 41
nnZ 38500000 38599999 231
nnZ 38600000 38699999 88
nnZ 38700000 38799999 117
nnZ 38800000 38899999 149
nnZ 38900000 38999999 163
nnZ 39000000 39099999 125
nnZ 39100000 39199999 83
nnZ 39200000 39299999 149
nnZ 39300000 39399999 78
nnZ 39400000 39499999 68
nnZ 39500000 39599999 67
nnZ 39600000 39699999 107
nnZ 39700000 39799999 82
nnZ 39800000 39899999 123
nnZ 39900000 39999999 97
nnZ 40000000 40099999 129
nnZ 40100000 40199999 47
nnZ 40200000 40299999 13
nnZ 40300000 40399999 128
nnZ 40400000 40499999 117
nnZ 40500000 40599999 35
nnZ 40600000 40699999 74
nnZ 40700000 40799999 39
nnZ 40800000 40899999 149
nnZ 40900000 40999999 99
nnZ 41000000 41099999 200
nnZ 41100000 41199999 102
nnZ 41200000 41299999 222
nnZ 41300000 41399999 94
nnZ 41400000 41499999 120
nnZ 41500000 41599999 114
nnZ 41600000 41699999 53
nnZ 41700000 41799999 113
nnZ 41800000 41899999 100
nnZ 41900000 41999999 128
nnZ 42000000 42099999 127
nnZ 42100000 42199999 147
nnZ 42200000 42299999 66
nnZ 42300000 42399999 144
nnZ 42400000 42499999 0
nnZ 42500000 42599999 83
nnZ 42600000 42699999 100
nnZ 42700000 42799999 139
nnZ 42800000 42899999 76
nnZ 42900000 42999999 146
nnZ 43000000 43099999 45
nnZ 43100000 43199999 30
nnZ 43200000 43299999 103
nnZ 43300000 43399999 53
nnZ 43400000 43499999 29
nnZ 43500000 43599999 119
nnZ 43600000 43699999 122
nnZ 43700000 43799999 68
nnZ 43800000 43899999 99
nnZ 43900000 43999999 118
nnZ 44000000 44099999 80
nnZ 44100000 44199999 45
nnZ 44200000 44299999 188
nnZ 44300000 44399999 139
nnZ 44400000 44499999 121
nnZ 44500000 44599999 69
nnZ 44600000 44699999 116
nnZ 44700000 44799999 69
nnZ 44800000 44899999 134
nnZ 44900000 44999999 162
nnZ 45000000 45099999 54
nnZ 45100000 45199999 96
nnZ 45200000 45299999 85
nnZ 45300000 45399999 166
nnZ 45400000 45499999 77
nnZ 45500000 45599999 130
nnZ 45600000 45699999 61
nnZ 45700000 45799999 151
nnZ 45800000 45899999 58
nnZ 45900000 45999999 79
nnZ 46000000 46099999 100
nnZ 46100000 46199999 146
nnZ 46200000 46299999 68
nnZ 46300000 46399999 99
nnZ 46400000 46499999 106
nnZ 46500000 46599999 124
nnZ 46600000 46699999 177
nnZ 46700000 46799999 200
nnZ 46800000 46899999 200
nnZ 46900000 46999999 276
nnZ 47000000 47099999 196
nnZ 47100000 47199999 120
nnZ 47200000 47299999 72
nnZ 47300000 47399999 74
nnZ 47400000 47499999 95
nnZ 47500000 47599999 78
nnZ 47600000 47699999 151
nnZ 47700000 47799999 150
nnZ 47800000 47899999 227
nnZ 47900000 47999999 81
nnZ 48000000 48099999 59
nnZ 48100000 48199999 122
nnZ 48200000 48299999 40
nnZ 48300000 48399999 162
nnZ 48400000 48499999 45
nnZ 48500000 48599999 39
nnZ 48600000 48699999 138
nnZ 48700000 48799999 121
nnZ 48800000 48899999 109
nnZ 48900000 48999999 77
nnZ 49000000 49099999 129
nnZ 49100000 49199999 192
nnZ 49200000 49299999 29
nnZ 49300000 49399999 108
nnZ 49400000 49499999 94
nnZ 49500000 49599999 72
nnZ 49600000 49699999 106
nnZ 49700000 49799999 86
nnZ 49800000 49899999 41
nnZ 49900000 49999999 101
nnZ 50000000 50099999 70
nnZ 50100000 50199999 129
nnZ 50200000 50299999 203
nnZ 50300000 50399999 27
nnZ 50400000 50499999 127
nnZ 50500000 50599999 13
nnZ 50600000 50699999 133
nnZ 50700000 50799999 64
nnZ 50800000 50899999 92
nnZ 50900000 50999999 81
nnZ 51000000 51099999 94
nnZ 51100000 51199999 100
nnZ 51200000 51299999 40
nnZ 51300000 51399999 112
nnZ 51400000 51499999 62
nnZ 51500000 51599999 120
nnZ 51600000 51699999 64
nnZ 51700000 51799999 83
nnZ 51800000 51899999 41
nnZ 51900000 51999999 59
nnZ 52000000 52099999 0
nnZ 52100000 52199999 1050
nnZ 52200000 52299999 1527
nnZ 52300000 52399999 647
nnZ 52400000 52499999 52
nnZ 52500000 52599999 61
nnZ 52600000 52699999 71
nnZ 52700000 52799999 116
nnZ 52800000 52899999 56
nnZ 52900000 52999999 119
nnZ 53000000 53099999 131
nnZ 53100000 53199999 184
nnZ 53200000 53299999 45
nnZ 53300000 53399999 155
nnZ 53400000 53499999 103
nnZ 53500000 53599999 67
nnZ 53600000 53699999 129
nnZ 53700000 53799999 153
nnZ 53800000 53899999 0
nnZ 53900000 53999999 94
nnZ 54000000 54099999 61
nnZ 54100000 54199999 131
nnZ 54200000 54299999 87
nnZ 54300000 54399999 230
nnZ 54400000 54499999 121
nnZ 54500000 54599999 137
nnZ 54600000 54699999 122
nnZ 54700000 54799999 72
nnZ 54800000 54899999 74
nnZ 54900000 54999999 112
nnZ 55000000 55099999 165
nnZ 55100000 55199999 85
nnZ 55200000 55299999 107
nnZ 55300000 55399999 208
nnZ 55400000 55499999 174
nnZ 55500000 55599999 62
nnZ 55600000 55699999 121
nnZ 55700000 55799999 115
nnZ 55800000 55899999 144
nnZ 55900000 55999999 120
nnZ 56000000 56099999 87
nnZ 56100000 56199999 178
nnZ 56200000 56299999 82
nnZ 56300000 56399999 107
nnZ 56400000 56499999 117
nnZ 56500000 56599999 205
nnZ 56600000 56699999 149
nnZ 56700000 56799999 116
nnZ 56800000 56899999 141
nnZ 56900000 56999999 166
nnZ 57000000 57099999 86
nnZ 57100000 57199999 84
nnZ 57200000 57299999 131
nnZ 57300000 57399999 72
nnZ 57400000 57499999 142
nnZ 57500000 57599999 164
nnZ 57600000 57699999 96
nnZ 57700000 57799999 92
nnZ 57800000 57899999 49
nnZ 57900000 57999999 262
nnZ 58000000 58099999 129
nnZ 58100000 58199999 85
nnZ 58200000 58299999 105
nnZ 58300000 58399999 104
nnZ 58400000 58499999 227
nnZ 58500000 58599999 91
nnZ 58600000 58699999 13
nnZ 58700000 58799999 40
nnZ 58800000 58899999 220
nnZ 58900000 58999999 167
nnZ 59000000 59099999 47
nnZ 59100000 59199999 33
nnZ 59200000 59299999 28
nnZ 59300000 59399999 92
nnZ 59400000 59499999 128
nnZ 59500000 59599999 112
nnZ 59600000 59699999 47
nnZ 59700000 59799999 44
nnZ 59800000 59899999 102
nnZ 59900000 59999999 30
nnZ 60000000 60099999 107
nnZ 60100000 60199999 68
nnZ 60200000 60299999 78
nnZ 60300000 60399999 105
nnZ 60400000 60499999 129
nnZ 60500000 60599999 175
nnZ 60600000 60699999 66
nnZ 60700000 60799999 92
nnZ 60800000 60899999 58
nnZ 60900000 60999999 157
nnZ 61000000 61099999 29
nnZ 61100000 61199999 144
nnZ 61200000 61299999 71
nnZ 61300000 61399999 113
nnZ 61400000 61499999 165
nnZ 61500000 61599999 76
nnZ 61600000 61699999 115
nnZ 61700000 61799999 95
nnZ 61800000 61899999 224
nnZ 61900000 61999999 78
nnZ 62000000 62099999 102
nnZ 62100000 62199999 144
nnZ 62200000 62299999 151
nnZ 62300000 62399999 67
nnZ 62400000 62499999 86
nnZ 62500000 62599999 106
nnZ 62600000 62699999 62
nnZ 62700000 62799999 156
nnZ 62800000 62899999 89
nnZ 62900000 62999999 58
nnZ 63000000 63099999 188
nnZ 63100000 63199999 148
nnZ 63200000 63299999 54
nnZ 63300000 63399999 44
nnZ 63400000 63499999 84
nnZ 63500000 63599999 95
nnZ 63600000 63699999 116
nnZ 63700000 63799999 214
nnZ 63800000 63899999 74
nnZ 63900000 63999999 94
nnZ 64000000 64099999 137
nnZ 64100000 64199999 41
nnZ 64200000 64299999 112
nnZ 64300000 64399999 96
nnZ 64400000 64499999 167
nnZ 64500000 64599999 177
nnZ 64600000 64699999 105
nnZ 64700000 64799999 195
nnZ 64800000 64899999 46
nnZ 64900000 64999999 13
nnZ 65000000 65099999 96
nnZ 65100000 65199999 70
nnZ 65200000 65299999 43
nnZ 65300000 65399999 60
nnZ 65400000 65499999 71
nnZ 65500000 65599999 113
nnZ 65600000 65699999 80
nnZ 65700000 65799999 30
nnZ 65800000 65899999 95
nnZ 65900000 65999999 95
nnZ 66000000 66099999 178
nnZ 66100000 66199999 91
nnZ 66200000 66299999 141
nnZ 66300000 66399999 74
nnZ 66400000 66499999 62
nnZ 66500000 66599999 68
nnZ 66600000 66699999 256
nnZ 66700000 66799999 112
nnZ 66800000 66899999 146
nnZ 66900000 66999999 134
nnZ 67000000 67099999 35
nnZ 67100000 67199999 93
nnZ 67200000 67299999 69
nnZ 67300000 67399999 87
nnZ 67400000 67499999 147
nnZ 67500000 67599999 105
nnZ 67600000 67699999 55
nnZ 67700000 67799999 150
nnZ 67800000 67899999 58
nnZ 67900000 67999999 186
nnZ 68000000 68099999 136
nnZ 68100000 68199999 56
nnZ 68200000 68299999 55
nnZ 68300000 68399999 15
nnZ 68400000 68499999 38
nnZ 68500000 68599999 76
nnZ 68600000 68699999 71
nnZ 68700000 68799999 66
nnZ 68800000 68899999 115
nnZ 68900000 68999999 40
nnZ 69000000 69099999 92
nnZ 69100000 69199999 72
nnZ 69200000 69299999 130
nnZ 69300000 69399999 47
nnZ 69400000 69499999 13
nnZ 69500000 69599999 90
nnZ 69600000 69699999 45
nnZ 69700000 69799999 13
nnZ 69800000 69899999 63
nnZ 69900000 69999999 107
nnZ 70000000 70099999 106
nnZ 70100000 70199999 153
nnZ 70200000 70299999 132
nnZ 70300000 70399999 133
nnZ 70400000 70499999 104
nnZ 70500000 70599999 154
nnZ 70600000 70699999 275
nnZ 70700000 70799999 190
nnZ 70800000 70899999 134
nnZ 70900000 70999999 159
nnZ 71000000 71099999 90
nnZ 71100000 71199999 87
nnZ 71200000 71299999 190
nnZ 71300000 71399999 196
nnZ 71400000 71499999 248
nnZ 71500000 71599999 272
nnZ 71600000 71699999 101
nnZ 71700000 71799999 476
nnZ 71800000 71899999 101
nnZ 71900000 71999999 59
nnZ 72000000 72099999 72
nnZ 72100000 72199999 148
nnZ 72200000 72299999 0
nnZ 72300000 72399999 40
nnZ 72400000 72499999 138
nnZ 72500000 72599999 84
nnZ 72600000 72699999 237
nnZ 72700000 72799999 67
nnZ 72800000 72899999 133
nnZ 72900000 72999999 174
nnZ 73000000 73099999 239
nnZ 73100000 73199999 181
nnZ 73200000 73299999 205
nnZ 73300000 73399999 126
nnZ 73400000 73499999 80
nnZ 73500000 73599999 447
nnZ 73600000 73699999 155
nnZ 73700000 73799999 108
nnZ 73800000 73899999 66
nnZ 73900000 73999999 70
nnZ 74000000 74099999 73
nnZ 74100000 74199999 189
nnZ 74200000 74299999 90
nnZ 74300000 74399999 41
nnZ 74400000 74499999 118
nnZ 74500000 74599999 98
nnZ 74600000 74699999 123
nnZ 74700000 74799999 132
nnZ 74800000 74899999 96
nnZ 74900000 74999999 88
nnZ 75000000 75099999 84
nnZ 75100000 75199999 70
nnZ 75200000 75299999 185
nnZ 75300000 75399999 77
nnZ 75400000 75499999 173
nnZ 75500000 75599999 116
nnZ 75600000 75699999 85
nnZ 75700000 75799999 173
nnZ 75800000 75899999 0
nnZ 75900000 75999999 46
nnZ 76000000 76099999 88
nnZ 76100000 76199999 110
nnZ 76200000 76299999 40
nnZ 76300000 76399999 71
nnZ 76400000 76499999 27
nnZ 76500000 76599999 56
nnZ 76600000 76699999 44
nnZ 76700000 76799999 79
nnZ 76800000 76899999 105
nnZ 76900000 76999999 321
nnZ 77000000 77099999 170
nnZ 77100000 77199999 131
nnZ 77200000 77299999 126
nnZ 77300000 77399999 41
nnZ 77400000 77499999 150
nnZ 77500000 77599999 157
nnZ 77600000 77699999 103
nnZ 77700000 77799999 88
nnZ 77800000 77899999 351
nnZ 77900000 77999999 129
nnZ 78000000 78099999 114
nnZ 78100000 78199999 133
nnZ 78200000 78299999 142
nnZ 78300000 78399999 111
nnZ 78400000 78499999 196
nnZ 78500000 78599999 97
nnZ 78600000 78699999 162
nnZ 78700000 78799999 111
nnZ 78800000 78899999 105
nnZ 78900000 78999999 217
nnZ 79000000 79099999 140
nnZ 79100000 79199999 88
nnZ 79200000 79299999 105
nnZ 79300000 79399999 153
nnZ 79400000 79499999 105
nnZ 79500000 79599999 213
nnZ 79600000 79699999 523
nnZ 79700000 79799999 353
nnZ 79800000 79899999 249
nnZ 79900000 79999999 13
nnZ 80000000 80099999 0
nnZ 80100000 80199999 886
nnZ 80200000 80299999 0
nnZ 80300000 80399999 0
nnZ 80400000 80499999 13
nnZ 80500000 80599999 99
nnZ 80600000 80699999 165
nnZ 80700000 80799999 177
nnZ 80800000 80899999 354
nnZ 80900000 80999999 179
nnZ 81000000 81099999 200
nnZ 81100000 81199999 133
nnZ 81200000 81201839 0
nnW 0 99999 0
nnW 100000 199999 903
nnW 200000 299999 0
nnW 300000 399999 0
nnW 400000 499999 58
nnW 500000 599999 98
nnW 600000 699999 69
nnW 700000 799999 183
nnW 800000 899999 43
nnW 900000 999999 26
nnW 1000000 1099999 0
nnW 1100000 1199999 59
nnW 1200000 1299999 104
nnW 1300000 1399999 113
nnW 1400000 1499999 56
nnW 1500000 1599999 74
nnW 1600000 1699999 70
nnW 1700000 1799999 53
nnW 1800000 1899999 56
nnW 1900000 1999999 96
nnW 2000000 2099999 118
nnW 2100000 2199999 115
nnW 2200000 2299999 131
nnW 2300000 2399999 93
nnW 2400000 2499999 115
nnW 2500000 2599999 380
nnW 2600000 2699999 584
nnW 2700000 2799999 98
nnW 2800000 2899999 108
nnW 2900000 2999999 87
nnW 3000000 3099999 27
nnW 3100000 3199999 27
nnW 3200000 3299999 42
nnW 3300000 3399999 45
nnW 3400000 3499999 127
nnW 3500000 3599999 56
nnW 3600000 3699999 53
nnW 3700000 3799999 54
nnW 3800000 3899999 162
nnW 3900000 3999999 115
nnW 4000000 4099999 45
nnW 4100000 4199999 85
nnW 4200000 4299999 70
nnW 4300000 4399999 43
nnW 4400000 4499999 94
nnW 4500000 4599999 84
nnW 4600000 4699999 113
nnW 4700000 4799999 116
nnW 4800000 4899999 99
nnW 4900000 4999999 84
nnW 5000000 5099999 193
nnW 5100000 5199999 163
nnW 5200000 5299999 75
nnW 5300000 5399999 96
nnW 5400000 5499999 0
nnW 5500000 5599999 0
nnW 5600000 5699999 0
nnW 5700000 5799999 0
nnW 5800000 5899999 0
nnW 5900000 5999999 0
nnW 6000000 6099999 0
nnW 6100000 6199999 0
nnW 6200000 6299999 0
nnW 6300000 6399999 0
nnW 6400000 6499999 0
nnW 6500000 6599999 0
nnW 6600000 6699999 0
nnW 6700000 6799999 0
nnW 6800000 6899999 0
nnW 6900000 6999999 0
nnW 7000000 7099999 0
nnW 7100000 7199999 0
nnW 7200000 7299999 0
nnW 7300000 7399999 0
nnW 7400000 7499999 0
nnW 7500000 7599999 0
nnW 7600000 7699999 0
nnW 7700000 7799999 0
nnW 7800000 7899999 0
nnW 7900000 7999999 0
nnW 8000000 8099999 0
nnW 8100000 8199999 0
nnW 8200000 8299999 69
nnW 8300000 8399999 58
nnW 8400000 8499999 95
nnW 8500000 8599999 28
nnW 8600000 8699999 91
nnW 8700000 8799999 97
nnW 8800000 8899999 85
nnW 8900000 8999999 70
nnW 9000000 9099999 98
nnW 9100000 9199999 76
nnW 9200000 9299999 70
nnW 9300000 9399999 87
nnW 9400000 9499999 95
nnW 9500000 9599999 109
nnW 9600000 9699999 42
nnW 9700000 9799999 41
nnW 9800000 9899999 14
nnW 9900000 9999999 0
nnW 10000000 10099999 65
nnW 10100000 10199999 0
nnW 10200000 10299999 0
nnW 10300000 10399999 0
nnW 10400000 10499999 0
nnW 10500000 10599999 0
nnW 10600000 10699999 26
nnW 10700000 10799999 28
nnW 10800000 10899999 0
nnW 10900000 10999999 0
nnW 11000000 11099999 0
nnW 11100000 11199999 26
nnW 11200000 11299999 0
nnW 11300000 11399999 0
nnW 11400000 11499999 0
nnW 11500000 11599999 139
nnW 11600000 11699999 0
nnW 11700000 11799999 0
nnW 11800000 11899999 0
nnW 11900000 11999999 0
nnW 12000000 12099999 0
nnW 12100000 12199999 217
nnW 12200000 12299999 91
nnW 12300000 12399999 0
nnW 12400000 12499999 0
nnW 12500000 12599999 0
nnW 12600000 12699999 0
nnW 12700000 12799999 0
nnW 12800000 12857327 0
